100000
5421
7981
5229
9210
5002
7097
3318
3144
2381
6494
878
3269
7863
8822
2901
801
3054
2610
4868
1722
9524
401
2913
3926
5081
7115
7305
6556
6209
2627
7303
4956
3994
6970
285
319
1053
8035
4410
9804
8361
6891
9466
3140
1201
8072
5967
8922
4585
8626
6843
3539
7637
5195
7801
5097
6670
8101
9082
2030
1864
7813
863
8735
6651
6482
2393
5817
4883
1454
7738
8665
9584
8668
9819
2776
354
6530
2910
2007
808
6150
7392
3299
6884
3266
6110
1679
9646
5175
165
2221
9404
6406
2587
3750
4859
923
8590
5305
3378
9482
7942
4061
5418
4288
4442
6661
779
6279
7476
4570
6387
3184
214
4875
8441
5499
314
7566
3613
6143
4354
1109
9295
9892
2082
2028
5833
885
8367
6
7765
5333
1330
7098
7052
7495
3561
4030
6622
7022
2587
2713
8914
230
2026
7037
5177
5892
8396
7210
40
7229
6238
566
4275
2600
2690
8458
6284
8314
4092
7023
1115
3150
9067
6266
5853
3008
5204
7940
5260
6855
7762
8520
3415
2070
2656
3250
2453
8472
45
5276
773
4516
104
2067
5446
135
8682
5187
9863
5030
6822
6127
2498
7050
9352
9165
8167
9859
3399
7645
8179
9745
1451
2128
2082
8237
1707
3173
3220
5741
1328
2066
1315
8724
6015
1644
5437
8557
8001
5758
7116
5728
9252
9970
2191
467
2642
2123
4157
4181
9508
9928
744
655
7546
9497
4986
7076
7194
894
3257
179
600
3628
6975
206
3474
9822
7097
8863
2830
2881
4830
4034
4722
5584
6373
2742
7410
3761
3742
1228
8708
6280
4339
6958
2746
2379
1040
553
1480
2402
2543
4874
3467
8356
4379
7505
5773
7104
7439
8448
5008
1699
5481
4353
3178
604
5300
295
8719
5526
5496
8596
9466
4347
6931
2458
3613
619
6308
1089
8245
3501
6622
5081
1642
2135
1281
859
3201
8013
4969
4771
7624
3850
1238
1132
6489
988
8382
89
9020
6057
6741
4420
8086
63
3294
6592
4849
1998
1984
6510
4592
5627
2598
1624
6951
8396
109
5288
9882
4166
4356
9723
5917
38
7215
9044
8308
7698
8215
5986
7692
5912
2414
7704
6183
1011
5061
975
9054
4378
9088
5762
8984
5303
6610
3187
6074
573
9649
1197
8722
9313
3179
4923
348
2126
5039
8413
326
4620
1395
6141
9932
5830
7067
6293
1404
1479
9410
8353
4784
6576
7021
5438
921
7883
679
208
6267
9564
6901
1532
4148
1355
830
6588
5072
7911
7030
9927
3302
6499
3527
5184
4976
2347
3444
4821
4513
1155
5212
6347
4719
1874
7443
8968
3499
2618
4769
3279
7418
1121
2316
5634
1225
128
1507
4226
3111
2151
7919
3364
646
5289
1584
6212
3829
8981
6940
4067
4991
1173
1245
8935
1611
2764
7739
1335
619
554
2801
123
3642
3972
9454
1619
5133
2844
9924
8364
2251
9374
9243
271
6973
5708
1663
537
9023
4491
9916
2453
5681
9982
51
3790
6533
7763
1146
5840
9927
1359
746
1131
8384
7925
2496
8213
6566
3640
1337
2944
6449
5707
6764
2515
3841
7282
1125
2499
5096
3370
447
9397
6221
4919
2536
6411
6198
1334
1063
960
4641
4700
8373
7615
2983
3981
7477
2218
4049
1688
7020
517
8877
8062
3334
6726
4703
6291
4512
9304
8508
8593
5476
6931
8601
6357
3189
5003
6469
6399
4311
3532
9659
4785
5466
7918
3371
9263
1684
2978
1803
5970
9516
745
1182
7768
2658
6237
6741
5356
3375
3875
2292
805
3947
9631
7130
4469
3119
86
4381
6614
2836
5029
3682
2556
3478
6119
93
3267
6554
6719
166
5453
1945
3124
8399
4626
8604
2277
8901
2014
9017
9024
517
4930
8229
3672
3586
4814
7383
5565
6074
4670
7434
2990
3869
5676
3004
844
1929
885
597
9386
2227
2018
8342
5103
7926
882
5449
4624
2758
2511
7336
5265
8770
2339
4812
1103
4936
8044
9661
3789
4103
4612
6020
7708
9023
1804
8562
1141
7043
2758
9581
2409
461
2888
905
2431
4709
753
9745
2932
1811
7172
409
9372
6969
3410
5867
6817
8383
146
2019
2878
6941
4310
2024
2604
7618
4945
8188
3283
5845
6037
9565
9089
1047
1692
7039
6390
5641
9742
6344
9904
4441
5432
9979
1856
4737
7763
1306
2437
2580
623
6497
103
5900
3909
787
50
6561
6229
9994
8831
5781
3747
4721
3259
5340
2118
6752
5551
1833
1002
8327
4008
6080
609
8565
9987
9207
9368
9558
218
1151
88
5661
7062
8385
6589
3882
9876
9715
6855
2548
4991
969
4391
7352
6786
8431
4417
2618
8541
4288
7055
6440
186
953
2925
5836
8309
1446
7245
7928
4688
4397
4263
3509
609
9867
8060
3654
1229
6699
7860
5323
830
6189
8135
7734
3972
1624
9039
5801
6244
7703
4813
5141
5427
5947
5126
2824
5117
4156
1857
2421
8662
4060
8669
9628
4525
1234
7999
5749
3235
1978
6590
3538
7685
593
7976
7020
1715
6085
5741
9482
5032
6880
2125
8547
2606
1472
8286
8097
3404
3060
1858
6091
9826
5012
3554
9753
5285
2665
7574
4340
375
1665
3328
7168
3202
4804
9689
221
5206
1405
3976
1687
9909
2945
4071
9147
431
1311
8457
7109
2431
5172
7334
7655
2622
8920
7347
4001
2170
9600
2500
988
1107
8947
6503
2377
7286
3316
6342
9830
4136
4214
2088
677
4895
1847
4504
4574
7125
847
3003
7863
3792
718
4895
7158
5005
5921
5532
7556
9603
7598
5746
2004
509
9169
9907
9929
7408
207
5767
4576
1580
2923
8866
9729
6753
9414
9099
9717
1567
885
5293
2010
8221
6074
1728
7287
7485
3316
6646
5577
2824
4571
5644
9236
8948
990
5883
7080
8872
4267
2069
3529
7310
6851
1902
6744
1494
2784
643
2212
5222
2049
8442
2716
214
7705
3777
3360
3891
1673
4552
8297
9618
6332
8167
4892
8518
4515
5195
330
2147
2685
7994
3886
2642
5600
4819
8712
1665
513
1086
4689
5544
6248
3483
5015
6813
9469
6444
6003
1698
1980
2699
4001
9745
6328
5882
8806
5847
4695
6070
4306
8488
5723
1077
2377
3079
3238
5908
3169
8513
1015
4264
1344
6401
4993
2718
7028
1163
7967
3001
8920
2441
2005
6110
3632
2608
7715
7054
4180
6457
2634
8629
1292
9163
5333
6436
6041
6721
5071
8799
4169
4879
3869
884
6309
4012
1495
6516
562
293
6339
6245
6288
4140
1170
7264
2575
4050
2229
574
7592
5475
5852
908
5834
5385
8683
3504
3975
1214
8471
2235
6018
4632
7534
179
7865
6614
1410
2971
2018
860
1687
5591
7214
7335
6794
2822
4776
8651
2039
3366
3694
8664
7225
968
694
1919
725
6989
6727
5801
8878
5996
1341
2816
7977
5993
6880
1034
7720
7814
4491
2082
4360
4799
4883
4012
1954
3958
5658
8100
8814
7193
6657
4670
9184
6072
5945
3396
762
4008
3088
5287
7374
1857
1523
7294
2397
3227
2544
6081
2474
9064
8465
2891
73
5383
4592
9288
3361
8133
2827
2021
2964
1317
2801
6420
7563
629
5861
4809
1517
7758
8457
2051
7971
5054
7298
9124
7481
6568
4907
8356
3749
5396
3840
2833
5403
8101
7772
6933
2776
1094
8235
6956
1682
9236
8572
2024
1251
5903
4920
8651
5040
3149
7964
8231
2136
5071
8815
805
280
7186
8096
2449
1623
4890
8115
6182
836
1333
8140
543
5994
7984
9115
4763
4708
2036
6493
4399
3832
4877
3371
9584
1867
1198
732
6449
6662
9754
3846
9995
7758
7806
2558
7974
2031
4364
1174
6309
1245
6687
9070
1083
2736
3834
8692
1749
1846
6037
782
6230
487
6406
3805
5883
7293
5061
1374
3884
6857
5931
1584
9927
8971
2091
4059
1864
2994
2596
8032
7832
6089
8764
3319
9141
150
3585
865
7086
7058
7870
262
2593
3659
7781
3734
4207
7073
5731
577
8435
9705
4856
3895
8564
1434
7754
3778
9661
7117
1003
209
869
2131
2674
1407
7603
1691
1957
2997
7039
8915
753
4486
1397
1957
1505
1853
3803
191
9024
2741
6177
346
4212
1483
1853
3459
2370
5071
8360
4274
7005
4615
5123
7402
5285
4922
5887
7793
7621
1462
9118
3034
4425
9970
3904
8468
6979
5628
8207
2620
1258
9494
1851
1415
5895
7739
3877
2636
3631
6667
5923
7455
848
3366
6833
7046
2936
7811
546
7010
5220
7027
5248
4941
802
8953
2909
7638
9175
8314
5860
5294
1310
6142
22
3101
7015
9825
6025
8046
3513
2162
3579
9196
9286
2563
4837
5787
7470
4794
871
731
3614
5728
8875
1990
9673
739
7991
5669
6652
2762
1399
3921
6932
9647
4304
1384
6343
7044
4912
8192
9837
4272
3481
2137
3626
441
3174
543
7664
5468
5064
6070
3009
8131
4913
9933
4828
3814
689
2017
3059
6717
4374
7737
3124
2100
6117
8748
9593
5786
2936
238
9108
272
2604
3607
7200
7291
9954
450
2576
9244
4616
2728
6391
2000
2910
4767
8316
1503
5696
5974
7490
5489
4270
1120
4937
7542
1511
3258
154
302
2789
9063
8508
1667
1147
8729
6794
2468
9402
1011
9745
3093
4504
1484
7512
6041
9507
268
3443
9597
9904
3028
3324
9285
7204
4120
4667
5980
4150
8253
2395
6220
6378
8895
8645
1830
1027
3891
5366
764
648
3409
6136
9890
5389
6218
3475
5399
1221
7877
3820
5489
3673
3516
6932
4749
4801
7961
4803
6753
2823
5702
6764
3349
5100
6216
4641
7494
848
8811
9229
8465
9651
5899
9569
8006
5643
9324
1149
2409
4130
8094
4431
5294
6916
641
1346
8245
2310
8206
2713
9471
8144
6150
2647
6964
3588
1781
582
5806
4878
6397
3450
2944
8670
8465
518
8293
5239
490
9400
8785
1714
695
3858
2194
3786
1192
1615
6296
4346
2581
3231
7905
217
9617
2325
758
3199
5320
1004
4677
6407
3567
7287
9369
9784
4328
9246
3375
7681
6386
5997
852
9500
1430
4459
860
260
9573
8384
5448
7405
8341
3503
1481
8834
4334
4506
5519
90
6531
9163
1559
9472
2564
9905
9526
9498
6577
7901
2431
4482
9149
2523
9504
3694
4285
3731
3902
7993
2958
811
7093
4628
6385
2379
99
4990
3087
4971
7516
7201
4352
5596
6843
5576
6398
5761
2678
7737
4333
7195
4507
4076
616
7799
4034
9041
9956
9677
8632
7175
5080
2257
8000
7518
2601
1805
1503
3863
6302
2427
1083
9589
2128
1808
8107
5072
8802
9105
2278
5125
318
5040
250
2474
4456
3706
9320
8240
7862
1224
2631
1663
6753
8003
5207
5373
5441
8199
1483
2634
2572
7643
5337
2083
9048
9262
5231
8849
8732
5692
3901
5977
3261
7304
1062
8319
2252
618
4392
5679
1841
6274
954
1784
2847
2591
9554
9599
6532
3097
4435
1356
9914
5613
1164
9289
5615
7578
3340
6741
5587
3397
7116
4497
5538
7118
4834
2360
5251
4217
3436
3035
4551
3852
2667
1250
3240
7581
6563
3854
6906
9254
9448
8309
8809
8934
2634
2151
3217
3054
2610
1007
6135
803
43
4560
5156
3940
8745
337
7697
7985
5617
5721
8109
2
8417
2964
1772
5919
1667
8662
8903
2902
1131
3007
6046
8288
9151
579
1478
7944
9409
2562
6919
3079
216
6585
3521
9645
2162
4755
3121
2551
6178
1475
4482
4886
2035
2440
8212
6770
766
5466
4340
5518
7674
9269
8058
8572
6688
8784
7484
6640
7538
933
7108
3150
493
4772
4563
7514
5176
9666
5463
158
4501
6470
3116
8469
6784
2532
5021
2107
3705
934
2653
494
9914
5762
8698
2723
5158
9007
8768
3976
5574
274
8061
1240
401
6186
665
5851
8202
1522
9808
7351
223
252
1901
3889
2364
8736
7037
3718
8431
7407
4791
4638
3257
9115
6543
2780
2698
9429
8511
4517
2603
1021
81
8297
7511
5796
1809
572
9372
1237
9647
7890
3394
5167
5278
7404
1062
7341
6871
6763
5420
916
9680
5771
6147
17
373
3902
8089
2572
4609
8155
5986
1474
4653
3798
8462
2298
1413
2323
5787
5032
1732
4978
9176
3334
9222
6080
6437
2384
7581
1983
6272
9128
118
7610
6341
1404
9335
5024
7565
9559
6344
7222
6185
3460
1601
1217
6067
1266
6403
542
4930
9519
3818
9735
7327
8966
405
6895
1004
9318
4126
597
2357
7442
2650
4348
4956
6703
4848
3898
6390
7084
5757
7612
4267
6432
5728
1349
8587
9277
739
9181
9866
4216
4621
7842
5371
5573
8723
4077
3098
8831
7055
6213
5349
7047
5231
6019
8420
1967
9537
7801
1061
7637
8315
4690
6981
2945
310
7934
16
393
3119
9472
8345
1417
3480
888
2524
7836
6335
5626
1626
4093
2129
7144
658
8148
8990
1834
9406
6101
7064
5838
9428
5223
4671
6568
8267
3594
5274
7847
8171
4156
2849
1793
107
9565
1528
4371
2606
8348
8474
3804
2779
9117
2069
6247
596
8604
3667
3354
4376
7453
5788
188
7951
8206
3117
181
7442
6644
9979
3277
9972
1218
7981
660
2631
5388
3216
7096
2315
377
1633
1479
9941
4603
7897
4018
129
6737
1622
5601
3136
6260
1298
7391
4686
4998
8632
9256
1894
4814
4753
1799
3712
5669
9523
6703
214
3723
8559
6060
5338
1014
3593
7236
4850
3577
9341
5693
1081
1938
1987
9906
5022
8963
4790
5032
9709
4443
5995
5882
1830
5720
3008
1697
6824
7330
1634
9004
8222
667
18
8531
1465
8883
7056
2475
3528
9843
1239
1941
1049
3349
3321
3869
165
8493
549
1161
6232
7481
322
7955
2774
5882
498
370
7045
5142
7108
7299
9620
2987
3068
7371
7852
4974
9721
9099
592
9312
4821
791
4
5553
5991
4962
7483
1880
8287
476
940
3912
1579
9820
6356
8852
1739
3568
9876
2663
1772
6369
6911
774
9307
5254
7095
5530
9795
2798
5726
1285
9933
8662
618
3668
6226
7330
971
7169
4304
1642
9195
8071
5311
2204
9493
7125
1695
6094
4024
9637
4054
4883
5034
3644
695
1859
1043
7121
5110
1724
6567
1865
1775
2680
3269
6425
465
6297
9900
5365
8269
7043
389
1951
4864
2828
6636
1636
7971
5357
1574
9989
7931
1664
7803
9443
4816
9876
9269
4653
5610
5524
4382
7617
7631
240
1613
188
714
2451
3235
7461
5018
6809
7765
3778
2842
1460
2908
3337
4552
4017
7513
8104
103
430
7836
7695
6940
5243
3555
5072
3654
8030
4284
2882
1077
2208
8757
8110
1072
5219
7689
9469
6234
5573
4890
4767
5841
372
9640
5443
3350
3976
3958
9677
287
3582
8178
2941
5391
6920
701
5363
576
7250
1955
277
3022
5179
1487
8504
1325
4044
5860
7147
1569
5648
6911
1599
373
6070
6206
2610
907
6655
8057
3466
6387
3264
9122
2713
256
6730
5675
2541
446
4740
9357
3572
523
2283
6822
854
5191
2762
660
6172
4853
5084
6665
4990
1982
3437
391
6354
3058
8265
5214
7529
74
1649
6031
4875
8273
1656
5267
2386
1638
7693
207
4515
2291
7356
2024
9388
3028
4715
513
7422
5918
2386
9786
2817
7762
954
7149
5186
9036
4487
1966
2686
5214
636
9704
9429
267
7655
6530
6884
5021
8094
9847
3870
1273
9379
4691
2885
9359
1503
5607
4798
295
9534
3481
5573
5925
5161
7717
1926
8305
587
9410
4285
9101
6529
406
5010
8345
2286
8396
9743
5995
476
8229
9468
2101
7070
4809
9512
4691
4671
6755
1708
8055
1614
3017
7786
7138
775
4508
4522
628
4035
4031
6090
3419
4538
1913
2695
3752
8209
9381
6574
7243
7553
5943
4006
9683
9379
1646
1764
1761
9121
4605
4125
5240
2770
8764
233
4392
5472
8716
1907
3937
7201
6834
5575
4886
100
5900
3802
2485
8506
8937
5272
8479
4848
9487
9998
3977
8475
3739
388
34
6093
5615
4310
6799
1009
5572
3617
7347
2666
5367
153
9229
9676
4758
5346
7299
6200
9291
5546
3422
5427
4501
1186
5966
4170
45
7150
2019
3315
5709
1528
1458
1673
6834
3746
8804
2266
6250
267
8496
9371
3822
6959
5593
3730
3217
52
3839
184
6964
3293
2466
3983
7906
8705
2562
9884
4590
3823
7117
2042
1457
8493
5319
392
110
3115
4136
8268
5667
8155
140
7532
8251
6794
631
5619
1462
9653
3822
6187
3316
510
7741
9983
2144
9791
2604
3304
561
4985
6235
8704
8330
7817
4619
7226
2295
9381
117
8525
2355
7142
9066
5612
937
5859
8538
3830
6165
948
6450
5778
3927
3686
2101
879
8635
9311
2331
3266
1727
8175
1949
4261
3183
8224
5418
5379
5498
2944
7826
5169
3103
9397
7888
4883
924
688
3149
455
7353
7710
5148
5511
9760
2085
5211
1164
4161
5376
1357
7442
2326
4288
1492
767
79
816
8292
2494
223
917
6052
7127
2750
8032
131
5780
4018
4361
7933
4391
2690
8834
4542
7488
6592
1506
3685
1783
629
3062
4104
2856
4500
7009
1697
8842
5569
7706
3378
5105
678
1604
9756
7541
6309
778
5630
6614
5574
6074
3240
6426
4227
6396
8718
6510
3324
2784
2518
7061
4417
3259
5582
2014
2453
215
9834
2189
3187
6344
7439
7817
4334
9930
5395
8304
3503
2133
9081
3830
554
9000
9002
8639
3670
6288
5984
4342
4894
7107
1512
5871
1906
2458
5585
5198
1104
14
6937
8268
8694
1531
5881
6648
6951
4966
6221
7454
3551
4696
3752
4648
8405
8207
6799
9598
4660
7659
9804
4824
9477
6496
5156
8217
4655
3907
5720
7457
9049
6233
3920
6993
9384
4581
2318
4762
9385
5579
668
2362
6076
64
9099
1201
6604
3864
7998
8082
4579
319
4800
7584
8901
3603
8698
4822
6887
9751
2358
895
2734
4225
7209
6613
4413
1913
6583
1062
6357
3758
8459
3501
3042
7411
1070
5676
8617
6703
1925
9053
4492
894
2324
2993
9597
508
559
7726
5252
7373
926
4435
1455
6609
1036
9154
3951
8622
4739
2230
4809
5222
297
1232
2355
7441
6893
7041
5689
1517
3386
5592
7042
39
656
7016
950
7872
4673
8119
2002
3174
3848
8358
8993
1261
9463
9807
9677
3702
6513
7559
6437
6386
2851
55
8102
988
6582
8176
5582
2205
7502
4795
3667
3010
6887
1022
4248
9376
743
8962
1426
2854
5011
2767
5889
3912
1318
3310
6209
3765
2401
2587
758
1409
5190
178
7561
2300
7243
120
7103
49
2698
9268
121
4729
4083
5046
2779
6883
9197
2563
1544
1350
4731
1824
285
7957
5002
9678
9684
1412
8665
8402
5998
4269
1046
4883
8630
8134
4376
4991
413
6105
1192
7697
9659
2456
172
1405
8181
6522
6648
2851
8675
5408
7881
8957
7372
5879
8780
6543
1950
3404
1199
4744
7988
3084
4089
4224
3797
7153
3021
2289
9643
7327
2430
5323
3761
4133
6593
7951
6942
3177
9096
5427
3098
3954
2915
6230
464
7082
4683
8192
5032
7647
9712
285
8934
6388
2328
8338
2853
9348
2423
5423
6527
6432
8581
5719
9827
4472
8715
8350
6031
3754
895
7994
7909
3814
9841
7208
963
4270
4218
3084
2315
34
913
9544
2661
9523
5780
2439
4280
9725
3141
7592
484
2915
3216
6032
1402
2405
4512
6897
7550
1747
6978
6294
6347
3157
8960
6370
2839
8084
1166
6942
119
1174
9810
9866
6162
1777
1376
1361
2752
2432
317
2516
7277
2044
5950
5636
8353
447
4470
220
9568
2650
4712
1706
2492
8070
3119
3701
6800
7816
7717
1235
8331
7032
7026
4482
4193
2542
2584
3548
2141
1355
9991
5543
6700
7861
611
8901
7107
1609
898
5940
9876
627
8528
5344
7380
3027
334
9151
585
84
7574
8294
4208
5505
1209
374
7192
1585
3901
7487
3056
152
3322
3209
2548
9898
7078
5375
4108
134
286
4180
1518
6253
5803
1698
2093
9204
1101
748
402
1895
3158
8580
4023
6009
1221
1065
8904
2799
9282
4010
5164
502
2430
1923
8840
1930
8385
6475
4762
4237
1151
2028
9602
7140
1834
5956
9789
6063
3880
3487
6925
1637
767
9737
5997
165
9035
6962
9458
8985
4785
1194
2356
1925
8008
1717
2781
2184
8498
9818
6762
4693
5403
5054
1091
7393
8397
7607
1728
2962
8270
6169
2322
8114
6840
3032
3171
2562
9424
9050
3421
2965
2639
9289
3309
2736
3376
8494
652
5279
6922
7558
2542
8736
2518
5821
4392
6428
6926
990
611
8011
8302
8827
5215
7732
1661
7410
6669
4392
8672
842
357
4774
1318
7903
6196
8100
7660
507
3321
282
6613
2511
6445
588
7403
4278
2208
76
824
3757
5464
774
2938
3785
9207
1368
6754
7001
8974
6557
7899
7065
9362
4688
7165
9903
7775
5756
1963
30
9744
3750
5996
9773
5337
334
818
7641
8870
7403
3016
1156
8694
7389
9127
8298
6819
9602
2065
3444
1859
3289
6422
7024
843
3604
6134
3777
3548
8015
9685
7158
4530
4991
1288
6088
8029
2064
9182
4053
9483
2755
6521
3004
2511
8728
3479
1479
1219
9696
1959
8743
6283
1229
5990
6270
9632
7831
3355
3402
3636
3484
4549
9798
6099
6623
656
8548
5567
6805
9731
1676
5102
5280
6779
3762
5250
9128
3084
3399
6310
6330
6475
9149
1310
2914
8999
7980
3899
1215
6890
9389
629
8877
5508
4997
7174
3728
1964
3223
306
7773
2655
4658
2415
6083
8204
851
6190
688
9351
3788
3505
9475
8641
1915
3951
1670
8527
8175
771
8595
3737
9948
669
950
2824
2612
4402
4127
3320
5484
3614
7510
3203
6257
7273
9433
9232
8142
1299
875
7337
4299
4137
3125
9043
5978
7788
374
2173
5841
2059
8411
5425
8198
7301
6288
3326
1218
51
8433
6599
934
5125
4317
6166
3747
3516
743
1848
4755
6250
6278
9941
410
6982
4597
1822
8592
5544
8468
5845
7287
2450
3732
2806
5502
8801
5054
6293
9122
7079
5158
4340
6657
2135
2658
7129
1089
7255
8884
8526
2245
4229
7119
3128
7523
1781
33
3081
2723
5042
4436
2665
462
7112
1598
6643
7326
4766
5796
531
97
4299
1296
9526
3841
1431
3690
3045
3337
2218
296
4968
2527
13
9648
3470
3233
2094
4873
9347
4750
2172
6980
3784
5011
7690
1662
7916
8244
6089
2049
9536
5057
138
4192
8361
4109
1324
6411
9155
6191
5064
8815
7182
5967
578
4038
2794
5172
9684
8227
7441
8413
4485
4476
7508
8916
2604
9627
6457
3155
8608
4920
3925
8688
6991
7690
6991
7471
7987
2152
5842
1433
8176
4636
2911
9768
3601
176
6775
2601
4829
6826
5064
3977
9197
619
194
5987
6051
304
7576
4667
1104
9940
814
5881
3014
571
5945
3656
5040
2241
2041
332
9550
8301
5091
3868
2925
9114
7546
3692
4336
3740
8370
7188
9085
2331
2143
8705
7549
2516
8856
4416
2909
8880
9212
7054
574
3405
841
7430
2017
7054
8954
8759
7114
7357
7842
8468
5281
5062
5339
8584
2869
8187
2391
8590
8439
4538
7771
3692
7244
8656
4238
1502
1644
9018
1054
9056
8222
3362
4943
1182
3700
6060
2772
6678
8483
9223
3803
8068
8829
5537
3915
809
2002
7351
8431
617
9938
8660
4738
688
7546
9652
1006
9961
49
1468
51
1163
6038
1333
9469
4409
1195
4345
1776
3094
4987
2431
3306
1700
7170
2748
9253
1597
6010
4301
9197
447
6572
294
3757
8609
5490
2679
3959
8064
5636
3150
366
9902
4464
323
5450
6463
9073
2290
4111
6885
8631
6928
6186
864
1856
8911
7837
8903
4076
7691
9515
9066
3049
6671
2765
7106
4005
9312
1777
5272
7652
3969
7232
2361
424
9295
1401
6515
8764
3228
8457
8828
7400
6568
4685
5754
2678
8362
1950
8723
2424
2709
1729
5311
6428
3010
4715
7297
2515
8454
1786
9099
5454
1218
3817
4679
4424
5152
7268
6839
5537
5504
7997
6172
21
8970
7250
5754
6669
2738
3520
3296
6377
3642
4120
5511
664
113
2662
4858
7905
809
7144
963
4885
8494
9283
2780
8950
4875
1012
2144
2134
1378
144
1604
5152
8485
2878
8244
8415
1001
9589
2838
2412
7103
2976
5034
3455
8005
7304
1152
3221
1089
4477
9787
682
293
6931
9457
1956
9343
8933
2205
95
8432
4451
766
8924
8707
2306
3102
5413
7333
1654
1602
392
7525
6445
5471
6003
1464
785
6841
342
6597
5170
5928
9715
652
2666
3159
4601
5271
3028
7212
6773
9855
8065
8480
9369
518
5829
1441
9695
9012
9269
140
8544
6441
4189
6967
7624
15
3194
6570
1372
1024
2599
8082
8223
7267
4147
2686
4643
7893
579
4950
1447
3218
1171
7646
1646
438
4742
6046
2567
8328
185
8359
7513
4866
1371
1966
2603
8619
2390
1732
7594
1512
7930
1
9670
6224
9460
3075
4050
2094
4063
8451
1655
9655
2791
5384
2710
7304
8220
4640
3498
1096
8440
7801
5853
7831
4805
6861
4089
7148
2146
4701
6794
5425
9030
4635
5631
2962
1412
6370
2075
7046
6541
1987
4305
1845
5146
7984
4720
2636
317
9830
4321
6722
6061
8555
1759
4745
8366
4628
4170
7715
599
5273
9804
6459
2723
5467
4485
2835
196
8856
4262
4669
8825
3407
8845
6045
280
8135
9898
1747
1290
9899
3025
1086
9634
2956
1384
3328
1447
9301
1883
6930
5170
6034
971
4621
5204
9559
4035
3572
9449
3756
7478
9263
621
9561
2286
403
2974
4747
4156
8455
9190
2707
5218
3956
1426
1497
7973
6786
2765
6868
200
1452
5868
1983
893
9908
3655
3872
6464
3642
618
5907
8834
4773
8329
4986
8453
3214
8109
524
1633
2647
1708
2438
5690
7193
5360
6768
2354
1498
1757
8276
1147
9094
975
215
1953
4633
3936
6344
8783
99
406
3964
2842
5293
5523
162
9803
3794
8248
4538
3421
9699
2957
2910
7176
4075
3792
4204
6764
1506
4665
2038
3787
889
5514
4397
9513
6160
6250
159
2386
9090
8105
8114
2644
4375
8003
9697
5484
8658
9204
794
6009
7355
8790
6274
3302
4400
9781
7752
7565
7370
9483
876
9270
6964
1231
1490
879
3259
6253
7889
4275
1072
950
602
5660
5024
2561
6511
5264
8966
2244
841
3989
5310
3095
5378
9042
3697
8816
1933
4454
7037
8251
6484
1038
3674
6589
8133
122
9392
192
4564
8405
6447
6762
3373
8353
9084
6281
6135
7494
8086
71
4062
7893
5977
3322
743
5790
433
1555
4188
8071
2859
1257
3782
4011
3142
2791
6950
9023
7713
5924
9019
8978
7788
5813
94
1872
4240
2656
7358
5748
1520
9926
8822
6034
5809
4782
5322
1644
7101
7785
5154
1739
6187
1041
9649
1953
2072
2349
9217
8005
2073
8754
4561
5042
4270
4081
474
8301
8061
8582
624
8034
6282
227
8039
366
6873
8645
4679
2382
5962
5558
2429
8906
9025
5917
1513
2631
1211
3260
4373
3139
2478
1638
725
1350
431
9716
4853
2392
418
4718
203
9239
3504
725
824
177
4186
9333
4203
1185
9756
2476
2366
7111
5816
9193
3044
6887
3116
8432
7324
4148
9020
5445
657
5192
8359
7046
5307
7850
4462
1086
6935
7795
6158
1072
7794
4720
4074
5325
794
5696
4842
2513
8690
3387
1253
3922
7374
5839
1784
2462
765
9822
6388
340
5880
2106
8090
3028
1101
7979
8200
3889
5449
6447
7862
8699
205
700
1502
3705
3990
3585
9422
7692
9273
4276
1049
5835
8830
8221
9937
6739
3773
1427
6852
9838
8535
1316
249
9678
7008
5541
8455
5127
1182
9693
183
6323
1944
2087
418
2732
6809
863
7833
2945
6607
6907
749
7172
7094
6904
5779
68
2678
7006
6491
8488
670
9159
4761
8730
5696
6477
3362
1045
7942
5014
7734
6037
745
7163
5487
5622
2928
2814
8515
815
4644
1293
5010
4987
713
9333
5306
6768
2034
3053
2289
4091
6962
577
9087
8550
6889
8978
4321
2628
7864
8322
1979
2203
4695
4859
7116
989
1042
7692
400
8048
4854
807
4865
7346
108
9007
8142
2623
1225
1605
3949
7891
1828
1526
3765
1946
5846
3044
9271
1769
3164
5129
5807
1863
1033
6709
565
1741
1378
20
7133
1662
1453
3752
9761
6927
161
1723
6004
9586
5484
5475
7435
3853
4674
6317
4307
9188
8171
409
5049
2210
1169
6265
7448
536
4636
7056
1843
4088
457
6545
9832
6183
634
1999
377
3317
2602
562
3864
9295
1258
8049
5070
6731
5095
3745
5860
2440
7700
8037
4895
3216
8521
9972
6397
3821
1592
8890
4872
8076
6734
6395
8662
679
6137
7379
2537
6013
479
7108
6631
6587
9445
3056
4973
3849
2706
9748
3727
8317
2207
9613
6244
1264
5589
5636
1957
8460
301
5594
4232
9142
4406
6324
3683
8166
7654
5689
4527
8959
5817
95
4495
8069
7979
7364
9531
9092
4957
4615
4978
5876
6494
5685
7646
8725
3301
3081
6393
8554
9428
2161
6071
7758
1707
8581
3536
36
2121
4037
7275
6562
1141
1928
6910
7864
6580
6299
2769
7657
2936
9966
3793
3419
4160
7417
8448
6863
1041
6612
4602
5354
8920
1842
9926
9607
8284
4034
5493
9421
8315
1654
6120
3352
6732
8412
9068
7336
4268
5739
3594
1204
9614
5590
1324
9728
2219
7986
4360
980
2992
9342
1381
7470
105
9794
1498
4741
7334
8567
5875
3243
9931
1611
8301
8742
6725
5801
4471
693
8994
1795
3535
8575
595
8185
3195
962
8492
2625
1022
688
3582
9562
8497
377
7729
5242
4416
8234
4814
4837
9640
9019
9842
2883
6455
7144
656
4242
9179
2029
7150
2869
9401
8461
2671
9906
9419
9099
7266
5615
4166
6711
4469
9257
3847
7868
3321
9222
977
3436
7913
6631
1745
7331
3890
9372
9731
1620
6965
923
2973
9333
7283
53
6524
6771
4925
4943
4499
9787
7323
8434
4298
8528
4913
8336
3717
827
6017
1864
820
490
6238
8271
8484
719
6486
5485
6377
5108
5514
1154
2072
7421
132
6608
9507
5583
428
682
3644
3203
6117
561
3713
1120
4747
8939
8185
9856
308
7520
156
9265
9733
9285
884
2324
851
6952
1872
9021
5810
1742
3175
5943
7567
9272
2542
5551
8324
2314
8383
5704
1264
3959
9966
7726
8110
5954
7174
9402
9293
9057
3839
2931
7401
4094
2849
9263
9645
8962
7698
3442
7506
868
5438
3514
6822
7041
9040
1553
8277
1491
7709
8715
4666
7523
3093
7734
8360
8523
8617
8657
5364
1350
773
2144
8018
6877
6111
5221
1923
8005
5185
6453
4118
634
4682
7493
2326
3443
9529
2227
4432
3022
5188
3585
8148
420
1402
9310
3386
9473
8232
5948
6184
8369
4847
8481
6960
5934
115
1591
9223
6678
5616
358
136
6976
2983
623
4668
9849
403
6661
2750
2225
6521
7705
2157
2792
7253
3017
2163
3221
4690
422
986
7476
1261
9967
623
6592
8973
2811
9811
891
6744
7388
6520
2171
4552
909
8675
3400
6759
3909
6727
4892
8620
1404
9970
8525
7158
5643
136
6697
8453
1386
4672
7637
6734
954
456
9050
8926
8710
3655
9424
8566
2955
466
1940
1776
5031
6306
6656
4880
4003
3822
733
5568
4045
2615
8150
2177
8997
1256
6024
8082
377
376
8648
6746
2661
2980
8102
75
7258
7326
158
8907
498
4542
5141
6558
8617
6228
7666
1256
1449
1840
3483
6311
1644
1917
7029
8505
7405
5514
8895
3329
2225
9713
1444
4951
1307
7123
9705
4665
9188
4023
3937
7792
7573
6608
7364
9940
2074
9648
2715
1093
4263
3101
1030
3356
4512
7864
6666
9885
9444
5050
616
2042
7364
2149
9401
1247
8939
9683
6102
7173
6153
7109
4168
245
1998
4395
112
6565
4526
7263
8653
4250
8465
7006
553
7280
7228
1003
393
8615
689
8719
5608
4372
4906
5230
2180
9413
2155
7835
1002
1779
8721
535
953
6363
3696
1294
9761
3841
7460
5319
6623
6570
3835
4131
5572
9196
5125
3561
7673
7633
9402
2379
1039
5177
8101
4856
56
2485
9064
2805
5952
7640
5323
900
7998
5428
9621
3743
1986
6559
4184
6934
811
848
2638
1543
3764
8167
4269
8486
9941
4168
8080
7435
1652
1289
980
7238
9962
2284
8489
1086
212
3974
3794
6280
5686
6211
1911
195
8801
2537
7042
2411
363
3133
1987
833
7465
1648
2923
589
9814
7628
2832
4794
9644
4390
4829
1038
1708
9421
1734
1399
6672
4287
2075
9025
380
2457
2952
6938
9847
488
495
1875
3746
3044
5012
683
7245
9993
3027
2348
1902
6938
452
4983
7612
851
7003
5068
5262
4444
9432
4530
1080
4937
1810
9934
3618
9997
8749
8049
1703
7464
3774
9664
4690
741
8333
8529
4335
7338
2551
2318
1357
9314
8654
9981
5082
8807
9309
4151
2411
5344
9413
6222
4051
8002
7077
131
5293
4517
9188
750
8007
5633
9976
6843
7613
6118
9437
817
3973
4051
5358
3085
922
8151
3947
2602
1382
8118
3637
8619
406
5129
4900
2063
892
3520
8502
735
2408
8293
7753
2562
4382
7286
4966
760
5425
5892
8695
214
4813
9125
4413
3236
6105
4706
5301
5306
7273
2350
5592
5322
5999
6493
8927
2383
3834
2746
5329
4358
380
2127
9982
8258
2507
4981
5047
1324
2508
6565
6033
3635
7046
3924
7452
2807
9425
3657
8353
9388
6018
6430
5296
886
3261
1935
9252
4631
4757
4982
6860
7315
2569
1655
5793
6915
3547
9539
610
3693
4060
8747
2310
5780
2050
142
6742
3108
1167
7937
5533
946
2990
2683
4322
4682
8679
5807
8378
8891
7356
8504
529
2014
8749
9725
2492
9911
7181
5699
5374
5582
7477
5850
8595
1237
7785
3419
6686
1451
7527
5332
4013
5553
7095
5110
9119
4314
6990
2151
6550
824
9032
8769
8895
912
64
773
7147
9776
1880
1745
6733
5976
2980
2581
6083
168
7643
7847
6129
2040
3265
109
4648
7601
5016
7979
5148
4098
4579
8970
7086
7394
9255
9712
247
5864
4294
7922
1656
7812
8423
731
4084
3398
7350
4390
4143
485
7706
2089
5851
9253
3904
8581
791
7833
250
4459
628
2942
2939
930
94
9066
2988
2906
7987
1727
7460
9749
7500
1605
7433
831
1989
2130
2473
1775
9160
8214
4402
6446
664
8399
7791
2084
4801
3726
1856
7577
1535
1776
2773
4365
5387
330
2124
5884
1489
1344
8786
8535
8333
7339
3617
1141
2274
834
4573
6664
5735
5103
836
1374
2445
3055
8271
3431
7700
5734
2558
2877
43
4565
252
260
1712
8086
8582
2143
6752
6672
7271
6598
9577
363
988
4576
4640
9468
1906
660
3202
3916
8362
6971
1806
8164
2271
4077
5084
7907
9306
6756
7471
7089
7567
9349
6558
5455
4812
9496
3755
6415
3510
3882
5807
3381
5101
850
7914
1796
689
6875
8725
3149
5478
9488
315
7678
3214
2955
1570
9295
5309
2261
6444
4807
552
8957
4646
6072
8065
9694
1706
8521
3119
9177
7515
9883
8213
5576
2171
5836
2335
1891
9760
3204
5539
4093
1174
7247
4464
4983
9134
6417
2520
569
2553
2612
8808
8644
5787
3916
2941
8660
9598
4839
4411
5406
4055
647
8395
2144
2843
3356
4118
7095
9122
2198
8320
4908
1384
4047
7788
4993
5341
6580
8879
7761
5390
9947
2842
2718
3104
3160
7110
6125
7553
3542
9628
4038
3218
2403
8755
2887
8161
8628
4730
2409
2984
6076
6402
3699
4107
8363
9427
3247
4977
4903
8834
7286
496
566
8169
5699
2193
7654
4224
1531
796
9357
394
3040
7222
9949
8992
1241
328
5540
1212
9391
3632
7638
2965
7864
4402
2585
8149
9815
1741
8808
9735
1790
5503
1676
5684
6508
6857
3534
9230
247
1060
8738
6713
1272
9562
2297
4802
646
8456
9743
5695
1040
2207
811
1177
1937
1752
2465
7711
9930
875
4075
8737
6545
2680
4228
8187
5138
5165
7341
4508
2888
4029
6339
6143
4201
4901
2523
4631
6972
2453
570
7410
4206
9440
6038
1255
635
4045
9106
844
7108
7786
3988
5577
7731
2485
5541
4658
8643
8135
2242
8915
879
5038
3842
3524
2419
7283
9103
2015
4086
904
3701
4811
643
6814
7936
8962
9905
9635
4483
9978
6525
4729
933
6579
8389
2139
907
2363
5109
1714
6385
5997
2524
8740
9070
8138
2369
2395
3945
663
5972
8426
4807
2024
2655
2102
4798
268
9728
7735
2405
7323
203
8003
4296
1586
6786
3025
4946
8944
9449
6049
7324
2954
1951
6328
8302
5495
7356
8470
8191
8908
4281
1546
675
8033
1005
3192
5085
6674
2470
3797
3531
9056
129
5933
4152
3630
1315
2392
1619
3184
6897
3261
4236
2645
9261
1704
5059
6417
2597
5511
9047
3762
5483
9028
9365
3330
6152
3265
4807
126
4645
6607
5992
3593
5882
7284
2721
5712
6436
3840
5100
3143
9076
4130
3302
6080
6618
9801
3923
4801
9502
6151
2810
7433
3367
1077
3368
4243
4785
1972
3918
4888
7064
5171
1008
9070
5498
783
2930
6049
4096
1853
1240
8868
770
6248
3342
7145
137
5179
6197
5507
3568
2991
1162
9377
7212
478
7163
1151
6686
7440
6474
2529
7380
7486
7574
4592
3912
2692
6490
5015
3558
9205
5599
6346
162
3543
4180
1477
3385
9169
947
2697
463
513
1281
8290
9599
7805
6269
8478
9869
4876
8536
4942
7048
3922
9959
8813
8880
1262
5305
3709
5018
1307
4803
9516
3661
2270
9578
916
7474
3813
5346
9266
287
8392
6553
5036
3742
5371
3074
2917
5067
9580
3609
1566
3025
924
7463
2836
5838
6107
1078
5289
6396
9375
9780
3382
2492
8522
5028
4713
7904
4502
1869
259
8895
5377
6203
8128
6403
4986
2898
2312
2429
8010
87
2780
2903
4186
5901
5099
2599
5132
9614
1512
1291
5045
8486
5360
82
7814
5140
1875
291
95
6322
1806
7752
519
7864
5860
720
7404
156
2152
5148
5000
3499
8493
856
7797
6560
7435
7152
5287
6746
5662
2766
7521
1617
5727
2058
4221
8529
504
3957
8994
8679
2358
307
8138
1429
3692
3271
4794
7434
9511
8191
6287
2099
6272
5889
6931
8317
8958
1092
8948
8697
9550
975
5851
1124
9940
6607
6125
8805
2139
3636
627
9283
7723
430
2548
9501
8185
7386
9739
7474
9170
2662
6604
7033
5054
1634
3966
5102
6582
3104
2003
2964
6612
6616
7938
6563
6029
1155
6964
8501
5108
8380
7935
4483
3431
9862
8793
3917
4249
4842
7554
3237
3936
3055
6747
646
7078
597
7800
7981
2905
5826
3810
3266
2739
2502
7580
7944
849
4092
7308
6819
5873
5201
3491
3063
6275
260
3617
596
4590
8615
9426
7928
7150
130
5680
9348
3958
3227
3763
4267
2067
648
6812
1768
5642
1513
7771
1738
4696
2672
300
9106
3591
5555
4419
291
1252
8449
8818
2869
3475
6596
6841
9606
485
8199
2281
9740
4932
679
572
5957
5856
267
5885
7732
4375
3446
5054
5914
9966
7719
6459
208
3860
3664
6779
9352
990
3411
2706
5528
5046
9228
6001
7165
6468
3072
7835
9419
7687
885
9091
3399
6018
5143
8051
1537
4283
5678
2910
523
6288
9642
5511
2598
2166
1119
5026
1061
4441
8425
4780
3864
2508
562
8740
45
3212
4679
3850
5965
269
5548
5841
467
1882
3695
7302
9530
7325
1125
9240
3439
9409
2340
1227
4541
8244
2737
6349
6219
2447
7480
1648
5197
996
7169
5904
4025
1112
8591
9443
1310
7848
535
1971
3479
9245
9295
8552
3722
6093
2921
8700
1520
5222
8415
6774
2197
4844
9832
3919
3866
9065
2614
2476
450
8635
5862
2681
6306
7700
6346
9053
5776
1877
889
818
7278
2775
9720
6111
6582
1928
1925
6919
3858
845
2904
1280
342
2212
7825
5968
5134
4284
8093
2039
7558
7364
8460
7463
8589
6239
468
7822
3853
2712
3422
7800
1361
8479
1148
3794
6294
2409
9354
21
6865
1692
2002
3686
1287
8149
6727
981
8547
9529
1392
1060
6409
8651
1556
4665
9656
5101
6640
2435
378
1461
9486
3785
5981
9210
8777
7195
2164
5036
7185
298
2740
3046
228
8187
5097
7540
5665
7046
6191
822
9629
8222
1291
7744
1340
5755
725
771
9032
5046
774
3575
8305
8700
4974
7978
4727
5628
70
654
2152
8852
5174
456
2010
6870
3811
388
1307
594
5027
2760
8079
3383
4829
8178
6932
191
1878
7696
9759
5008
4809
4247
3937
2101
4849
7576
8350
1302
3724
8231
4528
3614
8273
1556
8006
9499
542
5639
4124
4376
7800
4814
7236
1189
8910
6511
4010
1989
261
8356
9080
5210
1661
7240
4624
9301
2483
5246
2971
9067
345
193
1007
5049
7511
9672
281
6422
8325
3229
1960
796
5747
3196
9890
9171
8378
8050
3651
5135
87
9767
8759
3242
8297
1654
9682
7385
2472
2593
806
3476
2104
2196
8228
7897
3753
5174
7771
2769
1043
2577
2770
1591
814
5009
6267
2385
5319
7471
3996
8531
6280
9138
3029
5174
5882
4964
8694
1497
4442
4194
6839
6317
432
4656
2710
591
9830
2090
5432
5843
739
5672
8288
9208
3122
2514
5145
7955
6000
1074
4714
7769
3016
843
9658
1509
1564
1473
848
1630
6433
7283
803
7251
2927
8743
3314
9569
3171
3513
7340
2300
3685
6265
4075
6993
1356
9448
1489
2207
8158
8984
4478
4931
4602
9854
9728
3108
6650
6522
8271
7350
7056
8185
8797
7093
3342
467
8148
6270
9842
9805
9870
2545
992
9007
1123
2323
7687
2725
3456
2801
1924
7417
2300
4124
3961
2365
2989
4676
9140
8776
3277
2795
2559
8058
9308
725
1669
3471
8839
5897
6026
8044
4467
3065
493
529
1309
8553
2233
749
1297
810
5666
6032
7954
241
9965
6912
5585
4194
3559
4096
9771
2449
578
2978
6996
1607
3985
9171
1381
179
580
2559
628
4513
3101
3849
7691
8189
918
4331
346
5903
9005
515
5147
6424
130
7543
3586
1074
2640
2793
3804
4129
1116
7435
8152
6692
9947
2390
4882
2652
9818
1201
6118
56
3443
9317
5723
8893
1788
2896
7654
4811
1163
3230
8589
524
6547
9197
7827
9074
3373
9784
2657
895
2829
6722
8910
7813
4609
6898
8701
3409
9522
7018
4078
9815
2442
5720
1507
1787
8138
9060
9384
2048
8761
7782
1088
1420
560
2452
2880
7736
9797
668
4043
7098
5254
2403
9604
912
4685
9793
3647
4716
2458
5096
764
3032
8131
8225
2575
7999
2711
9429
5029
9687
2311
9796
96
3318
2379
1988
7987
468
3523
8884
8115
4777
7601
80
3732
4221
3385
5772
4996
2690
8260
9081
544
6797
8149
6811
252
7583
7038
7311
8331
8857
3860
1360
4409
1748
6713
8790
4022
3610
5786
9491
5619
1705
3216
1215
8011
9608
5801
4324
5748
9062
8825
9872
7052
5653
9989
16
5955
2559
8160
6375
892
7311
2302
9381
2669
8542
868
736
5855
701
602
2847
2360
9740
6043
8683
670
619
2087
7820
5771
9391
9981
2127
7860
9387
8634
2523
2904
9717
7089
7751
904
1320
4921
425
6494
273
4120
8444
2977
8117
5962
3105
6974
9188
235
4695
2718
8146
768
9571
7663
650
2744
5802
1937
2466
5408
5215
7561
856
5986
8109
6984
171
4182
4764
7848
3045
1341
9593
9219
2354
3071
1124
4110
6744
4213
2183
8238
9602
9525
1373
7527
2170
5646
3172
1411
6841
5172
9668
4474
245
5122
1113
181
6478
3814
1659
7601
4160
3830
2366
1979
7901
6506
4442
7037
1228
4143
8808
8006
4690
6386
3273
5851
2984
2296
5731
8598
5482
710
9838
2999
9482
4441
6871
7489
6303
5336
3611
260
6653
2769
1736
1265
5806
5211
7670
5174
8638
1056
3733
6886
2994
4796
8684
9751
692
5219
9759
1296
2771
5479
4254
7470
8778
2358
6429
7157
2242
710
5274
6491
9355
9372
755
282
8631
4116
9657
5930
1540
5378
3655
5409
1991
8773
4117
8616
8749
5742
7248
9172
8589
1601
4212
4487
3092
9823
3853
2290
9756
1625
8192
2305
6695
5479
7822
8603
6253
1151
8856
9489
4237
3267
834
3747
7433
2550
3547
281
2969
1308
2257
4950
9215
7109
554
8795
6240
9987
6306
1244
6152
2907
8842
1740
19
1603
20
3744
5277
5415
1836
7395
484
4263
1156
4744
7813
826
253
7961
6971
783
2614
4773
2283
2206
5874
7837
9174
6327
3578
1175
9374
933
601
8780
5214
1701
9230
1484
1766
9144
71
5108
5649
5042
5618
7575
3372
1938
602
6811
7016
2620
7078
4988
2392
4749
3623
4007
5617
4108
9184
9611
7852
9543
8075
2527
7122
1196
330
7851
8970
3392
9340
7515
9995
6096
676
6595
9966
1144
7089
1605
6447
8257
250
2669
3119
2896
3713
8481
1705
5060
4290
1170
1776
6399
9450
4512
1817
2172
8658
9752
2436
555
379
5809
6867
9641
8398
2045
173
6412
3116
4540
9626
1880
4574
4952
6760
4233
3584
7207
8019
7587
9369
1000
5720
9743
6191
9356
702
9471
1414
723
836
5445
3369
6913
2312
1443
620
3006
2782
6765
9259
2304
9922
8600
3414
6657
4534
6975
5658
6233
6794
7204
6804
7204
1632
6551
9937
1810
8275
6274
6993
4226
1921
8583
6697
9089
3804
6147
5391
8688
7435
7016
4347
3676
4549
4258
5755
3123
697
3801
1807
5794
135
414
2859
6885
5357
5390
4543
4818
5007
6978
9527
4994
6766
9399
9096
4301
9406
9311
8380
2300
5677
1912
2741
2373
6196
6903
6899
1940
857
4823
917
6991
7032
5198
635
9819
306
7632
9193
5021
1713
1337
3280
628
3694
3605
8046
4010
3609
820
5320
798
1540
2155
1422
6435
1647
9081
6850
7832
4644
4464
8794
33
2814
7703
3559
2084
7263
5619
548
2498
3090
2444
4288
3969
3024
8685
8327
7870
7298
6312
1920
6313
614
3628
4263
9049
8335
6850
6273
8173
3450
6473
1795
1944
7295
2488
89
7374
1384
9431
3010
5994
8703
1217
3859
8211
2736
3690
4398
8635
8334
10
7741
3370
5325
6630
718
5366
3556
5295
1681
930
9346
2346
9015
7462
1833
4156
7618
8231
5983
7234
2097
3900
8651
6244
8528
6753
6513
3858
9018
1861
7898
8409
6074
8325
9663
2839
3625
166
7311
2855
2666
7256
6294
8446
9703
1885
6552
5152
390
6858
3716
8483
7053
18
2691
2271
6025
4954
9555
4386
681
256
6571
5270
4585
9281
6519
5693
4651
4780
1714
9175
5900
6311
5358
3984
3126
9798
6078
5784
1205
2800
9158
9169
1888
1216
706
7230
5550
3439
7872
3853
8053
5104
393
340
5217
2101
817
8668
1207
8623
3647
1529
4546
830
5244
480
2356
7470
8262
344
5068
1917
5754
6007
8728
6213
866
8615
5819
1243
6778
3760
8172
3987
4891
3305
3339
5760
4932
1014
3081
3737
4165
1638
9220
8404
4717
7427
7068
2685
3587
5922
3132
6817
4583
217
7259
9102
7382
247
4562
6113
6333
7765
5288
569
1090
360
1441
1721
4978
7946
6704
589
171
2749
7330
1600
8672
9095
8955
1260
2417
1967
4583
647
6621
7031
7538
3327
9593
7483
641
8259
2601
9575
5505
5726
8392
9253
2928
3291
1423
461
9977
3446
743
7516
9703
233
1756
7945
3435
8198
2751
5420
1438
4164
1662
5368
1628
5890
1738
1498
9753
1445
8571
8589
3894
8250
864
3413
7244
8986
7822
2027
7388
3130
3695
7745
6904
6763
2886
355
8873
3746
4113
850
5648
2508
7199
7021
668
1257
7817
8447
1992
157
4324
4343
6454
6734
988
771
6221
3286
8908
7425
3032
5390
7684
7556
4156
9659
6414
4562
6889
5053
6825
5952
7185
8310
2714
4113
9124
2646
8970
6486
4199
426
1850
370
1099
6126
1784
904
1989
2547
7625
7815
6937
5266
789
9734
4431
843
487
7632
9865
8727
4607
521
6161
2725
9738
1113
3510
158
6862
2404
6347
3921
8291
9494
2679
295
1860
6853
6480
2044
6265
8880
3804
1559
6310
4403
7498
7895
4267
6351
166
7468
9411
9260
3936
3683
5415
9800
8013
2390
4369
426
4322
7533
5098
2520
3644
3828
7859
8366
8338
9564
2356
2233
8649
1835
8552
3813
8551
3811
9820
8985
4743
5709
8188
9775
4815
328
6031
458
2586
4152
8575
7662
1005
524
7162
3997
6326
6692
8506
6206
7466
483
3796
4838
1090
5289
1063
749
7416
5447
9832
4289
8644
6179
9068
9388
630
3637
3979
5666
6468
2520
2779
7518
2745
8822
4655
8457
3994
4819
5203
6024
3474
2030
550
8993
4238
1970
8753
4139
7130
6612
7910
3278
2003
8260
2692
8857
516
4307
9709
4558
4930
4304
7280
6726
3941
2784
8246
5326
2856
6911
1371
8247
7441
8632
4931
2912
4824
7681
9531
5241
7735
1033
2583
9433
1370
773
4504
7811
3511
9703
307
935
9498
6660
8945
9827
5864
2263
952
693
1944
4844
747
1987
1031
4489
3590
7314
3922
9819
3604
9249
3043
4656
7051
7282
6530
9616
69
6666
8480
7098
5053
9470
7647
5586
3200
425
5396
5726
8594
4546
2874
1690
8022
7344
3473
1457
7849
2716
176
8554
6679
1515
115
8363
779
214
6415
7527
8243
4956
9813
9096
36
3718
8663
6540
1873
545
797
3163
8367
448
7031
275
3642
3642
7232
4698
7213
3143
8031
8474
6356
2357
8892
956
7726
2766
9650
6351
7195
7778
1078
5668
3396
2910
59
7002
75
479
1380
9165
4836
7992
750
8123
6655
228
1889
2500
8022
5980
7405
3090
9136
349
7448
7969
7648
3767
6721
3512
588
846
4609
7544
3407
5038
8216
4629
5837
1761
7873
1801
8580
6290
9308
4615
7075
9485
5377
1577
8589
357
2925
862
4141
462
4002
869
5852
6339
5832
4133
4655
1935
4720
1966
769
9032
6239
8155
4795
3722
8283
8162
4432
177
7474
249
9808
5330
6497
7875
9645
9869
5033
8106
7066
1727
674
7470
4372
7921
1381
7443
507
4934
8767
344
7557
6299
8765
6752
6405
4758
7407
751
5192
3572
8090
7730
1215
3695
3094
3546
7828
9935
4584
1673
3095
6594
8015
9524
1845
6019
6521
2972
5716
5190
9493
4157
8957
1031
3185
7219
3343
5603
3771
6935
7896
8041
4153
4251
9473
5506
8695
8768
5941
8864
3152
5607
9688
5393
1474
2123
9937
926
2707
2700
8852
4212
9065
7804
3090
4948
4026
6009
9023
9366
8977
5626
8948
4273
4654
3514
8427
6676
8374
7890
3737
4547
1062
5456
2374
4222
5822
7458
4360
6785
3662
9742
9578
2194
1040
7033
9627
5830
6318
4548
8577
5676
1823
5415
209
4902
4044
550
4801
3944
9311
1193
2693
5340
3567
4700
9663
1699
5611
100
2592
625
1909
587
5422
3735
364
3887
8003
4060
1745
6900
2006
1997
5481
3671
1855
3054
5441
6730
4731
9214
881
7802
8401
2168
8516
9300
6409
9077
4003
99
9811
6426
5905
6656
1356
4944
4601
3104
1714
1000
1764
4915
1390
5988
1974
7405
5828
1423
7543
2838
8277
1656
2188
1017
1643
6963
4615
5083
8791
2859
8708
4707
3500
3145
5114
7968
9673
2092
1821
6509
507
1531
4615
1234
3046
7796
3911
2182
3958
237
9919
1170
5035
1536
52
4116
7774
8691
6752
6060
9132
6879
7202
3052
6195
6471
4322
923
7855
1029
4244
5080
5660
6626
584
9646
1349
1025
7915
9653
1715
247
1869
8198
1950
9859
900
1662
1344
2556
5749
4180
8338
5713
2620
297
870
6476
2385
5415
2997
9522
9374
9440
9687
568
6907
4274
639
2682
7565
9271
7234
2262
3595
4054
317
1240
1191
9231
7422
3673
7589
8639
272
2373
1399
2160
1623
9161
7951
4560
4203
6367
8553
7659
3340
953
2771
916
5450
8584
7520
9915
2903
9274
770
3001
6726
7697
1975
3212
3470
1062
6175
2718
8733
7741
9427
973
7657
9898
4880
7268
1323
8727
4023
1784
4873
723
6902
2645
4499
1277
5789
9277
5232
6213
9309
4483
4707
508
3684
6528
8189
7644
7943
8578
2393
5356
2542
2650
3770
9779
6451
9739
9568
6216
6699
8052
5420
9428
8333
7156
8611
6355
3650
6576
2272
6542
8185
614
9923
455
7794
8110
7057
4800
3860
9882
5641
2937
6361
8645
8800
617
577
4930
1462
4639
8255
3764
7028
1754
531
6497
7992
507
5425
6024
1584
4480
1735
113
4338
3169
6450
9727
7670
1529
3197
3898
2255
8984
5706
6514
4905
4269
8680
8879
6589
5068
7757
8572
6399
4954
4895
7919
1313
9223
6493
532
7223
432
5372
8164
3664
3680
1808
7934
730
7873
4640
102
5225
7999
8618
5733
5622
9873
1942
5798
831
9120
18
6124
2713
1730
7842
8229
7283
14
6668
7438
3350
1296
1555
4469
4254
498
2776
9849
4647
1725
6029
5303
7394
1135
5096
9086
3494
7274
3489
3932
4568
7729
7622
4745
7768
1360
2206
1066
7130
3738
2989
124
2163
655
9997
5883
3748
9135
1042
9410
8091
3706
5590
1703
9252
4508
9946
6123
7387
3598
8756
1554
1110
6339
9856
7835
620
1133
5680
922
2981
7835
9326
7522
1228
7961
1450
5922
7403
3421
8428
6317
3785
8100
8400
2747
9327
4228
7560
9731
696
3270
5617
3836
274
1108
1480
7426
4876
2299
988
9379
5117
8527
6234
1509
3432
4715
3163
8420
4163
6034
9895
2343
5907
7
4402
7729
6967
5613
7390
6089
221
8292
7919
9720
9303
1192
5261
5473
5127
8937
9288
2448
3485
4533
1204
3684
9141
6107
4503
3293
9168
1968
320
3589
9559
3952
5246
3915
2675
6256
632
1466
3771
9648
7151
845
380
8080
9644
2643
9864
445
9589
3873
5552
1222
2637
6053
4985
3213
7590
270
1035
2950
9842
1757
6486
931
1066
8464
8054
6504
6372
2695
9824
5213
6267
3813
136
9186
2850
7248
87
9356
662
6182
8813
1739
4479
3531
8227
9099
4521
5362
6186
1865
4493
8726
2797
6083
265
8389
5821
2604
7884
3874
6257
6778
5966
6207
6928
3087
1710
9928
6084
5178
2665
7010
4393
8762
9041
4729
7599
2546
6186
197
9440
3750
2354
9634
4709
8593
8510
2769
7542
9346
6063
573
336
223
4953
5196
2849
313
4876
5823
9081
917
1486
509
2894
9701
5303
2902
707
7048
1920
8216
3215
5527
9740
2143
4353
2902
2327
7038
5255
8419
6092
7518
183
2702
7434
1467
9274
7980
5288
3495
7014
3191
1770
8578
969
1217
7276
625
7240
4726
37
2141
7891
5816
4695
9847
3016
7857
4501
5434
6257
133
6517
7140
3798
9908
2346
1870
7191
176
4357
9471
8236
4738
2682
7634
8725
6637
4324
2193
2270
5838
4251
2589
5528
1924
6454
4406
6896
4939
3939
5344
3663
8726
5361
7819
8581
8474
2642
9928
2895
1679
3913
8097
6198
2815
7325
7405
5595
7666
2584
1561
3495
5373
8771
427
2081
4685
6386
9918
1379
5004
6656
1739
3199
8845
7793
2470
5119
5259
9421
8356
6895
1528
2949
3903
8636
3337
4838
4111
3313
7789
307
770
6968
7205
99
6488
2668
1974
1617
2796
9557
6000
3463
943
1127
1101
9374
3096
2095
3176
2826
5316
9149
277
4626
777
3906
6209
8259
8938
1721
3111
4966
3400
8147
5499
4259
2602
6402
9887
4171
4673
6809
6976
6886
8750
1131
8724
7765
1613
850
1993
595
5168
5947
646
713
1840
2439
5216
4385
4903
6502
2696
7158
8832
1743
120
9320
3932
137
1317
7737
4287
2029
3098
3668
4269
3099
1624
1093
3625
3220
5403
599
4812
2914
8981
4248
8581
3085
4083
43
4981
7544
4510
7087
3185
9753
9671
9605
6880
5383
847
8636
8261
7601
4393
3088
3074
6848
7034
1350
8051
4273
4906
5130
7972
5747
3695
325
6772
5688
6636
3249
62
3251
881
7136
5340
2975
3232
1530
8567
879
5669
8465
8424
5463
6949
2783
5327
8643
6042
8427
2322
3519
5779
7863
2031
9454
5131
2014
3884
9083
5099
8491
2015
6649
8277
319
1441
8428
62
839
5280
1205
2152
6179
4476
7943
3871
562
2604
499
8635
8109
9221
820
4680
4533
2326
7012
9210
5708
3439
7695
1899
7331
5563
6910
5730
9380
6029
987
5058
1830
3831
7995
7567
3751
4839
9804
6792
8990
2833
9961
9337
2538
2537
3001
8011
7339
5383
1631
1075
5143
2519
8716
475
3142
1805
6483
8664
5525
2476
6446
7155
9969
613
7722
3516
6868
3597
7099
6169
9951
3604
2267
8219
5289
3155
5085
8045
4360
9924
4107
1034
9379
4591
602
7834
9869
1737
8503
3373
6558
5636
9135
445
5595
9581
6226
7218
3544
8361
2637
9611
2149
6324
1775
4759
4270
4764
5383
3511
3523
7700
5758
6164
8341
6226
4763
1135
8464
9088
9222
2652
7262
7577
1308
7530
8085
3526
9867
1015
6467
6726
9620
8523
2793
2513
1304
9896
5962
8096
7918
8743
6242
3268
158
8311
8770
1779
1820
3766
9929
5828
5262
7845
5082
2407
4971
8982
169
8640
8124
4380
9001
2470
1311
6308
3300
6247
8692
5377
9923
9388
9286
5879
294
4075
7348
9785
3330
6711
2479
6691
6429
3737
4788
4513
4159
4372
7574
8217
3195
3845
6711
3207
7966
902
2922
6289
2521
5793
2792
2705
5674
3079
7049
7843
7586
8000
9582
9611
7353
9925
3225
5557
461
436
1595
8554
3929
3311
1769
6103
8999
9196
9561
2017
4368
1705
6334
3504
3700
4443
7201
9956
948
9328
1721
283
2834
713
3852
597
2759
2545
5219
6940
2955
1585
4034
8114
6378
2361
24
5718
4495
5548
8261
469
5924
5223
3493
8593
8910
2219
4628
5272
7373
2118
9908
4004
308
6798
2097
2441
2556
7180
5018
7605
5403
2331
4621
197
6976
5508
8678
6924
4940
3340
1935
1560
6898
5368
3945
3468
9710
434
9654
5269
3310
4205
8727
2539
6217
7883
5227
6208
3785
5403
1781
9963
4249
4263
7545
522
2294
9692
9018
9383
8627
4091
7574
2017
9829
3562
9643
5008
7879
4770
7999
6445
6440
9005
21
6657
3458
1797
642
5168
8911
7642
7329
4603
7744
3319
6651
1284
9281
2427
8030
5373
2332
8352
9512
5740
5467
125
3464
1762
9526
1455
7570
2365
8246
7947
793
5102
2827
6373
682
8260
3
24
212
8126
4242
266
2282
688
9341
9540
4266
4301
8466
7202
6473
6324
1657
8116
7034
7455
5093
4745
638
490
1729
5365
1428
4599
4218
2715
4365
6913
8265
1346
9859
2789
9059
6108
453
5871
7865
3986
4370
1543
5984
3894
1144
6703
9513
9797
3900
9430
1718
4009
2755
6652
1857
3018
5515
415
118
8284
6870
5982
4327
7271
3902
4316
3190
9504
1076
3267
6636
7729
2995
3626
5526
9748
1838
9427
4100
9023
9077
4638
7908
3040
2050
3040
7652
1716
6000
4050
2804
6585
8196
4486
252
1961
7777
9284
9243
4427
7190
2869
2541
9802
9113
3629
6964
7034
2809
8735
7200
8842
3354
8608
2787
8030
2204
4838
6308
8642
1890
6418
8677
9245
6557
5560
9796
7117
2120
5184
739
5839
1518
9880
9576
349
36
5361
630
1192
3247
4219
4713
9449
7213
9087
7724
9903
3582
5606
6410
5539
2052
1849
6415
5167
1833
5838
3027
7396
5240
8431
2997
2083
6088
7272
7762
3808
9638
7627
2724
5513
3446
4031
2720
6649
5381
2656
272
1567
447
2651
5625
467
5186
7725
3782
8653
6174
3312
3967
4139
8841
2982
2897
7394
9609
4867
4965
3801
1991
2327
2504
3673
3503
766
1904
542
7769
7688
6581
9790
4504
56
3252
8076
7127
2716
6373
6645
1508
4572
5116
8682
4572
6256
8102
738
6425
1079
7530
5514
4637
3162
9914
7104
6629
1575
1650
5251
9080
7063
2628
351
2678
685
3272
9534
5947
9805
975
9862
125
1255
8183
6996
4659
4413
2438
6385
2378
8394
7452
223
2523
9254
8213
4303
446
4157
8740
87
6434
8175
4637
6585
4114
5341
8600
1010
9605
8535
6679
5182
241
8718
1046
5465
2148
5353
5618
6598
135
9361
1251
9154
2781
525
580
8751
4093
3035
9764
6953
4306
2189
4894
8400
8446
1325
732
1297
41
3581
2308
2496
7983
138
4544
9920
3000
8521
326
2087
2265
8841
629
2810
3730
4333
2195
3155
9722
3617
1871
572
3551
1766
6430
1192
8615
6777
7373
4596
2815
5210
6111
6309
1926
39
7708
456
4979
4988
465
3867
3978
9973
8008
1052
9739
7447
9945
882
2554
9580
8877
4292
5353
2114
3820
7812
306
9141
4482
6447
9668
4182
8847
4700
3444
2143
3572
4562
8921
7075
7691
9072
4589
9126
1094
8352
5557
6359
4856
7274
1492
1720
9791
7612
1961
5081
4206
3871
5969
9193
9852
6412
878
8185
8257
7959
9985
1183
7405
1931
23
8860
9431
311
4247
4037
9727
1781
3527
4528
6255
2965
7981
5910
7918
804
322
5945
6064
9207
4907
2524
5751
1922
4412
8407
6650
7066
5472
7710
5303
4917
5856
2010
1950
3868
2360
5374
4017
483
4066
7699
7744
6810
3665
8407
4614
2679
7808
373
7756
7988
7732
3924
1367
9530
950
3696
2641
2143
7508
6622
9074
3245
9058
8882
914
1048
6845
4805
4879
4433
9875
3626
6901
246
7904
5206
2820
8208
6090
5149
2466
2097
573
4885
9048
307
519
6751
2337
2066
590
866
8143
4285
4325
3109
2881
4568
9250
1451
3766
1542
4249
1803
9159
2921
7507
3054
1152
1775
7964
1623
2609
1294
3860
2313
909
8068
8194
4556
9287
827
360
136
6694
8329
6079
8155
8224
2262
7406
119
618
7002
1487
2434
8421
1775
5520
32
4310
3255
9300
1862
5779
2028
6672
2388
2116
8516
7946
9595
5699
2771
9723
168
4255
4427
9898
888
2346
8019
3018
2671
7819
9848
2447
4759
7611
2215
1376
4789
2164
8458
421
3894
8540
3178
2559
5654
7331
4791
2934
1862
9619
6758
6183
2646
8688
8580
6498
370
8344
9069
915
9107
1516
3628
8232
6532
610
6097
6038
984
6126
3305
8026
7238
5556
2305
5894
8016
4406
5209
5876
4129
8504
8629
3579
2046
1757
2054
5219
4433
1783
4269
2529
36
328
1404
2201
928
3258
482
3681
7878
5297
7755
1905
5144
3292
8346
4130
3611
4957
7693
8633
9529
3238
9722
7295
7309
7529
1021
4574
8633
7056
2620
5753
2964
4750
6528
211
233
8943
2446
2161
5842
5822
1197
2518
66
1542
8174
3961
1524
9429
8382
6599
3097
7510
60
6366
8430
8525
872
9776
1428
5060
1736
3572
977
8806
1338
9120
695
3573
7422
9944
9853
4276
2284
6698
1143
8425
5730
9630
9499
6084
610
64
1835
1071
2760
6116
1586
8917
6971
4366
8552
1439
5159
7875
8648
8223
9422
3017
7420
7002
8204
9955
2926
9803
4318
7914
6368
5586
5328
4571
6822
985
1807
3602
2989
817
1446
117
9262
8742
4746
9760
2691
62
6539
609
7495
6169
452
8107
8336
8148
5942
2255
408
288
9259
2007
4194
618
5092
5943
4159
2294
3271
3718
77
5543
9107
9090
6754
1069
2199
1001
184
2981
3051
4003
3658
5444
2661
6200
1104
7010
8903
9279
2552
9957
616
8848
1645
4383
4530
6024
5954
1354
1807
8067
8575
6770
3806
8153
7609
2591
2834
2333
5456
2663
3042
5994
8871
9814
3792
9091
9900
6478
1271
6696
379
9380
6768
4427
9967
1251
9038
500
6861
256
3357
4751
23
6402
6681
8505
1060
9613
2306
3738
9223
6123
8039
3730
2104
8110
7239
6414
2797
6901
7772
1951
3891
2027
7463
9325
7426
5021
2724
564
328
4838
6017
3857
4017
558
270
7662
8933
5162
9721
926
7745
5876
7410
2718
4937
8644
5035
3513
2216
2553
4418
2141
518
319
2225
8867
1700
9317
4117
3703
5659
2726
4893
2238
4875
2539
7339
7935
10
4021
8831
6224
6173
63
934
8976
4780
2619
5456
9373
9297
4936
4732
1819
1985
7073
5365
8775
2973
8872
22
6622
4672
4442
1128
5215
7958
6340
5291
99
4919
2031
5767
4975
2885
9410
9868
4501
9198
9776
6247
4414
433
7290
8421
3097
4371
385
5998
2115
1573
5610
2070
6998
5611
2500
6375
7878
6942
1205
9686
6049
5599
4991
2357
6969
3958
4821
2279
1725
2989
8038
356
5311
3067
8994
7529
8999
8991
5120
5951
1905
991
3218
3810
1266
30
8884
5826
3538
1504
481
2516
6767
1342
9482
4102
4167
3693
8384
4564
2743
2360
52
3145
1938
3693
6798
8510
4545
8017
7022
2920
6889
4885
6535
4824
6003
1148
6439
2006
4762
9498
291
9506
1664
4376
2384
6513
4
51
3235
7022
1604
2197
2403
8213
9861
257
6791
6315
6873
1780
4955
6038
6664
5120
2174
6718
1855
457
940
9207
9596
792
6325
9542
7472
5457
5194
3188
2528
3010
8733
5016
4191
3827
1290
867
8950
2473
7463
9048
4201
648
251
4281
5239
506
9029
5324
3000
3451
210
3159
8096
5271
2130
8655
2611
9424
3169
6527
220
1031
6854
1752
4553
4288
6422
8768
6763
3736
2405
1573
480
124
1641
4143
7252
1689
1780
3270
8767
846
940
4814
2714
534
2926
7610
3164
2860
3143
9037
398
8362
802
1519
9400
4615
4752
2409
5246
8857
9994
3521
196
7606
7494
7259
874
2419
1322
985
9333
8351
6049
6369
5029
3918
7859
6143
2697
5025
9206
9300
3246
1161
2344
5369
8058
5554
4485
4717
3157
190
4165
6144
2164
9532
9782
1433
5222
9709
6475
8951
1583
7522
5192
4450
9216
3930
3886
2823
305
4501
4237
2007
3365
6235
6779
5676
5691
8720
7585
8268
2947
2449
645
5683
1605
3798
7536
1085
3767
3544
8152
8600
8766
8677
1286
7982
3084
8718
7956
3571
1256
2544
6036
9929
8207
9222
9936
7720
1495
6491
6595
5686
6418
8865
4352
6621
6286
6092
8062
8792
8886
564
1509
6807
7836
4833
7993
5271
1577
5211
8607
3669
3160
8852
9939
9826
6073
3505
7788
9080
3583
6300
1353
7986
5736
248
9914
4669
5452
5186
6456
2627
1288
5568
2265
2532
2003
3294
65
3398
4376
3492
9479
9540
5394
1186
8955
680
9806
8884
3457
6238
4078
7179
7972
8237
9038
8771
3982
26
8407
2155
1343
916
9531
3878
7504
9244
3404
1637
1106
8356
2861
886
9217
4639
5295
4241
6589
7438
3050
4894
9962
9794
5902
8304
9395
7539
4127
1671
9529
3677
8852
4355
5723
3681
5396
3251
4141
8057
7796
2051
7650
3616
9448
6094
5029
5924
1286
8175
2818
6108
1404
5756
6174
3462
6563
2668
7877
3487
8550
9958
2821
8777
4153
9998
2365
679
8106
4224
8356
3144
8754
453
4748
6397
853
3174
2249
5110
8803
5598
6310
8547
9959
9604
5482
6292
7671
3994
3827
7100
8911
8816
8024
4139
5985
2631
6337
7562
5374
516
6665
3301
6736
2934
7356
8058
5079
4672
4656
7713
4822
4588
8415
1470
7764
3507
1131
9545
6121
2795
4456
1807
8895
4144
3227
7606
7950
2259
885
485
7118
8224
5744
7458
4420
620
2790
6592
8104
8930
7997
7507
9730
250
8503
1525
2334
6815
8734
1720
9701
9379
2294
3413
804
182
335
9333
5388
1285
6817
7928
2994
1666
7829
2655
2290
3310
6029
7138
1369
1795
5022
7145
5398
6075
1430
4710
4349
1483
2892
8085
4912
7069
7585
8404
7887
9979
4306
79
8738
8720
168
9801
7964
6429
1026
8833
8388
7500
3907
9994
8410
2222
1022
7980
2495
4280
2616
5052
8686
3412
1692
3754
3954
109
7077
7441
6385
5286
3634
2020
9532
6426
4146
9315
9831
547
6298
4734
2888
1783
7067
5868
2318
4339
6231
241
9750
9651
7156
4621
3083
7686
4768
5589
8527
2934
7789
2051
7045
3831
9490
5933
6396
1551
3526
6676
2324
7791
1102
1099
8876
9032
6294
4651
8522
3074
9130
7481
8819
174
6533
44
849
4124
4792
9233
5229
5187
4768
7692
9832
6614
7879
4266
5808
5199
8208
6676
155
2317
9209
2905
9573
1476
1437
5783
6188
4213
2182
9136
8697
8665
9695
1718
4219
8446
784
8155
8912
3340
2522
9919
9431
1402
3818
7089
8470
3847
811
7491
7974
360
5265
4757
2872
7708
2230
9552
1714
9127
596
771
4485
3040
3081
1764
9076
7108
2245
305
1637
6544
5426
3564
4890
5181
1626
4835
8754
1509
7650
5389
8053
5472
1752
8453
5395
3706
9773
279
9822
5369
9934
8243
2389
8281
6661
2180
6167
9400
5311
7608
4867
6889
8602
848
9047
3399
9635
3812
9578
3220
4506
6539
1635
3961
1610
6372
6058
9687
1406
9702
2918
3484
4942
5038
1081
8586
5027
7025
6510
1629
2008
7364
6861
1656
2412
1703
5966
2438
4307
6549
9876
4299
6988
8125
3304
6116
7492
3684
4308
2066
4194
7216
2900
1283
3421
6318
5597
7104
4020
1883
3897
1818
9034
778
1730
5227
4550
641
2115
4146
8883
9163
4377
657
3929
9452
5946
8735
8100
7445
8264
152
5258
755
5886
2923
2032
1339
4363
6425
6074
3428
6260
1142
1688
894
8896
1649
1878
1662
5064
1415
1363
6654
4746
3906
3011
8802
5454
4138
7196
599
9571
508
2999
1974
3537
980
8680
7587
4965
6019
7917
9546
8916
1019
9660
7296
8414
2342
8762
7770
2692
2493
5273
1437
4192
7672
1484
6931
3059
824
602
7853
9794
2180
4911
2078
2444
2311
5358
7142
1834
1823
6073
5931
5708
3982
613
8299
1370
19
7692
1427
6469
2383
248
3077
681
9762
5338
8361
9246
3093
8387
8033
5702
8248
2533
7059
7454
5549
7559
3697
1967
8895
9079
1282
4562
3498
7430
662
3576
5243
6876
7538
9228
3273
9992
6646
306
21
3996
987
3916
2898
6484
8855
9284
4765
3518
4911
1888
5549
3216
32
9980
1119
3888
2937
5571
7618
3452
81
6143
9117
2727
4574
6696
5841
5218
7116
5265
6609
8237
2816
9044
3960
580
1439
8650
6868
7003
4468
4174
2160
4585
9432
3411
8817
2846
897
2638
5001
4895
6342
9154
4984
6050
3310
8938
9853
460
9771
6979
1927
6018
4713
1398
3223
4654
2991
2268
491
5852
9866
1178
7519
6466
1923
9838
8015
8555
235
4540
7434
240
9754
7768
7660
195
9478
6816
41
6088
677
1686
9361
1709
9108
1703
4192
3077
3640
3350
7769
1829
551
2248
5945
8360
7298
6672
3196
4280
4726
4994
8322
6574
1131
7342
2857
9699
4604
8382
330
6713
2254
2900
6816
7419
9267
54
7274
9003
2154
548
5986
15
947
6313
6303
8871
6348
2749
824
3445
7409
1489
4790
742
3089
6680
4574
6537
7455
4039
5988
6304
6354
9727
8872
6875
5946
2481
5541
3515
9248
201
179
3469
6413
8621
2354
9831
6359
2313
8704
5938
6874
1955
5627
2977
5737
304
2190
4430
8942
4406
5135
5347
1569
1702
901
8363
1538
1468
6469
9502
9513
8628
1566
2827
3684
2349
3229
1824
9949
3411
9195
64
6637
3714
884
8333
1453
6380
7699
8469
9367
3852
8315
4203
2211
1291
8109
754
3307
7089
744
5719
1245
1012
4996
7552
8654
1428
3131
9775
6501
4230
3040
3534
6717
5416
2526
9706
3122
3567
4300
6747
7509
2830
6136
8421
360
3347
4834
9267
6423
6801
722
6277
3790
2319
2876
2067
6850
1092
7252
8090
1497
8220
8095
3048
3127
7068
4716
3420
2347
1094
1822
6429
2387
8845
1613
5273
6053
2428
4564
4267
33
2911
9008
7844
3403
855
9125
2563
5933
9230
6055
6786
95
3367
3131
2824
5163
459
3932
5976
9383
3376
4687
4402
3910
3003
1576
6914
1815
776
4427
8094
3186
9812
5615
7972
5748
8518
6851
1524
5121
1688
6520
3884
9895
6628
4843
5874
9986
3967
6085
9280
2350
642
9648
1184
7216
4616
3292
9860
4970
9967
6801
9384
4843
9366
6123
5192
5160
6261
3178
369
4486
4302
5708
3478
1429
6261
29
8548
2297
9106
1525
979
2541
9359
2774
6575
8187
6392
3083
7965
2017
9798
6509
2505
8097
8331
8636
7406
5620
6775
3074
7595
1381
1070
9889
4904
3311
8165
3031
1728
6191
377
5223
4570
5418
1233
4447
8464
8853
7981
3714
8885
5018
2680
6143
7651
2665
8268
4583
8690
2258
5855
8119
64
755
7348
1304
3965
5095
32
324
8721
7188
4928
9964
3457
9824
4202
9892
6497
4576
1925
8337
9662
3629
960
6957
2873
4966
5754
3877
3418
8288
452
5454
8215
6246
4717
3822
3891
8077
6602
1654
2667
929
8671
8245
1267
5574
6358
5939
4095
1220
47
3037
2554
3407
3919
8502
8247
4281
8889
13
1023
6264
1900
4602
538
2490
4662
5287
2874
2690
3796
1303
5089
7481
1513
9613
3821
5202
1754
6962
5712
6611
4334
7534
5808
5122
9264
4231
8882
7884
2637
9185
7297
1601
3099
9859
7437
7333
741
7883
942
1751
8139
3608
2485
7689
3606
3502
4941
4442
9071
4284
1404
6989
1170
7574
2222
3157
56
5355
8464
7582
8980
9809
1919
7069
8834
1607
7283
3747
6235
7455
4730
5554
5187
2727
2606
390
439
2636
5069
1158
6040
4064
314
8699
7851
7662
6728
2449
642
5323
7896
1989
8338
6791
582
5646
1603
9930
9547
1747
9529
679
9476
4264
2974
9734
9547
4121
4426
1072
5723
9261
7390
2835
8930
2890
7707
5484
9939
8613
1720
3790
3014
8084
6202
9885
9868
9333
4178
8877
3393
5789
9079
7009
5691
4473
162
2757
805
9331
2890
907
4595
1504
663
8422
9189
4111
8582
1547
8293
2070
9652
6150
4916
9708
3901
2868
3753
8275
2715
539
9796
2204
6407
6989
3320
5847
2535
975
6682
5516
4503
2421
4292
145
5262
5139
2106
9714
3506
8318
7256
7947
5412
8964
6440
3741
9710
2114
1143
1181
3643
6469
8063
9251
5725
7493
2421
8742
6893
2090
2218
8461
2691
1578
5954
6925
8743
6101
5292
6251
7991
1424
3637
5428
5900
414
37
2276
9294
3608
2187
4702
688
8225
5331
9091
7214
9310
6511
5851
2257
7221
6006
8252
3858
4974
4018
4705
4509
5641
6903
7505
1993
2640
8301
7980
522
5674
6446
7422
4177
1581
6180
2903
6242
8753
8249
7763
2727
5135
1587
6079
3282
2420
3090
5811
9189
77
6877
2645
9194
132
960
2056
3240
7756
2059
2728
8357
8825
358
7350
7274
1372
2742
2996
1095
7475
1487
1791
4011
6176
4943
1836
3596
841
6512
1184
4280
2297
7566
5861
6203
8652
3777
7189
4638
6794
4029
1471
9735
7037
6487
3996
8598
6831
9616
9882
7337
3295
7322
6847
5768
5331
1055
1610
7464
6331
7292
1843
4861
4386
5306
1713
5567
3816
3948
9127
334
2302
7152
2062
8478
4784
7657
1419
303
1098
3598
450
3605
3122
5655
8223
3068
9955
1669
1806
8004
4711
5974
8189
8819
6519
5561
3410
6343
6400
9791
7348
4194
5143
946
5858
2296
9764
7631
4959
99
7770
5152
4659
6807
7493
6581
6621
9012
126
2127
2588
3561
4274
817
9730
8490
5475
1949
9209
4128
7281
1707
2725
7278
265
6202
9997
3676
6872
3163
7437
7634
1496
5225
1099
9765
9049
3645
9967
1077
3225
8676
9962
4624
784
97
5315
3717
1964
8206
2265
5804
8463
5564
1014
7704
5428
9584
5423
2702
7599
8393
9942
5245
6132
3307
357
3635
2330
7923
5258
7285
2363
7277
6941
1514
984
4275
3026
6946
9150
1577
3315
1768
6694
5736
2724
6968
1027
8697
7132
7149
9817
6821
4193
509
448
861
6195
5966
1822
9431
7625
8885
8512
6801
7347
9905
207
8618
9240
6859
2527
5189
1136
3199
6750
500
3666
6862
4248
9361
2945
724
5388
9426
841
1292
1437
1877
7723
1545
3559
2786
5338
3403
2688
7388
6777
8560
5973
4317
5384
8846
1240
8892
1422
6303
1730
4749
5590
3432
6762
7970
2040
3194
9335
7390
5839
7178
7628
3424
7588
1401
9069
5069
7477
5624
4476
552
6474
9309
4113
5031
4537
9207
2813
9886
6631
9228
5848
8905
136
2287
5187
1466
6126
4000
2794
5255
6747
7625
3909
1238
4906
6334
1522
7310
6340
3605
5759
432
2014
8234
5272
5891
9735
4890
5688
9374
7983
2266
5099
8610
9074
4802
2861
17
1084
1902
5011
2463
4813
8125
2397
6122
2078
9773
2856
2954
656
3320
3571
2617
5761
1639
43
845
4060
6935
1793
1861
921
172
9384
920
1479
4874
8842
2680
2651
3216
7820
861
2988
1948
411
4263
139
4993
837
5164
9308
412
8644
4360
1155
85
3630
3579
4705
6704
5287
7884
2835
6902
5398
773
2458
9855
3938
9527
1332
9285
1804
1228
8383
6410
5157
8351
7172
6943
3441
9283
3009
8656
6773
6525
2443
8881
2162
1174
2086
3498
7853
5216
560
6546
7061
6638
2359
4217
7624
6124
2986
7232
9485
6852
6159
7977
7794
908
8356
3134
8574
5818
1468
9204
6552
2028
594
7728
7697
6700
6582
6797
1984
3292
7888
5213
5528
3770
470
4270
3989
3478
8322
7102
2036
5827
1171
3466
1287
6789
4393
8314
5480
2527
2993
5525
4615
7248
4580
1095
1295
2430
9133
6885
1248
4813
7168
462
8080
912
1509
7717
4700
7219
4261
5783
4797
4847
7754
3300
8887
5672
2126
4324
285
1612
1760
7872
1664
862
750
9698
7613
1684
1759
5642
5755
7080
2172
1831
5694
6330
3304
5046
6604
6946
1652
9117
1543
8905
8520
1564
9883
5398
7203
4602
4472
4038
3859
1041
4839
9082
6487
6724
4504
7011
5746
7246
3029
1926
6110
762
1059
6018
6777
8445
1399
974
6483
8084
5979
1413
2100
4627
5883
1088
4746
6693
1162
9207
8373
4903
2120
6973
1185
1773
9710
7451
4454
3110
4038
6860
7331
9845
5584
1138
2870
8836
2494
8932
9985
4872
4509
6210
9342
1944
5976
2147
5937
7587
6429
1794
3874
2070
1848
6708
8056
3972
3015
8288
3157
9548
1400
674
2025
6734
4008
4329
4105
8925
7852
5998
3951
5186
8934
9527
1266
8275
4227
3463
549
3758
3330
9698
3115
3228
3071
4847
2241
5393
338
5598
9055
8189
7233
1053
1328
4761
4386
3683
3744
7022
1790
33
2865
7443
6200
1143
9639
9651
521
1489
1452
2409
4843
7844
7063
2098
4836
5104
8089
1194
468
6241
6423
45
8470
8022
1653
3017
1226
1970
1690
4971
4494
5439
6928
7008
1432
1468
6186
7736
49
1441
5717
8786
7763
881
9634
4489
1924
6439
6992
9242
1244
8443
666
2262
7740
8672
3902
2167
6609
4375
1290
1046
7914
9969
5828
6013
8007
5308
5824
8030
5330
2791
4443
5623
2324
7829
6921
4663
3524
5249
2691
6070
4461
5579
9128
8576
3518
1058
8298
9615
4151
3883
1114
30
8899
1119
5002
7392
3288
2917
7002
4724
7538
9718
5358
5984
3466
664
6618
2684
3257
8787
2322
9020
5246
5794
972
2192
8557
875
8895
9675
5897
2855
9401
3072
8209
1907
760
5348
6077
5155
6856
6029
2184
5242
1434
8263
9574
6553
5141
6573
1572
8107
6108
3438
9807
1368
794
3273
485
6789
9405
4329
3661
666
531
7111
2125
8523
4059
7534
4882
8163
7840
7471
4070
2865
2282
3154
5125
6231
4451
5048
2340
779
1089
9528
2783
8286
4553
2380
9634
2317
5903
1099
2402
2013
6969
2289
6579
6095
5285
2903
8005
7852
7605
2388
8703
7968
9213
7599
5928
5249
1697
4087
7749
1286
660
1290
2521
4272
7748
9369
4697
7190
2615
2781
4913
7592
7082
2562
1616
2196
8903
9339
4033
1253
4390
1792
2420
7020
8123
8432
3104
2034
8734
6739
9073
6301
2414
1521
1163
8115
5462
9804
2376
4715
6191
1576
3057
6651
4871
7876
7678
2153
5728
1102
4608
174
2194
9661
1602
2203
6074
8817
7614
8245
5325
8414
9663
6884
8077
3094
5336
499
9994
8068
4710
2104
3311
2029
9492
1438
3467
5485
8074
7900
3041
9981
9862
1928
4947
2993
2754
4722
3335
1853
4875
3439
2097
9577
2909
8340
3898
3838
5202
9454
5033
6157
5808
4341
5659
5210
9834
8374
7677
3163
2909
2154
5908
9674
9340
4648
6702
311
9253
7560
7598
3801
7599
1196
1508
9370
950
9749
9191
9901
6867
149
6539
9259
9596
3469
1436
4940
998
1774
7055
7564
404
858
3764
4324
8002
314
481
4220
3123
6528
1786
6443
9614
1367
9235
3899
4265
2732
6843
4154
7729
2626
8408
3279
3810
6521
1908
8173
3892
9951
3467
2554
3046
7847
7355
7122
2777
5894
1260
3358
1058
1118
9929
5570
2917
8103
7539
3706
3371
8879
3900
9166
6051
2224
4942
1553
2962
5686
6079
7639
5849
5620
939
3412
8079
9275
9081
4496
407
7988
1046
648
5600
9964
8627
166
8264
7611
3175
1075
9552
2101
4272
5483
7644
268
642
4927
5927
3080
1769
2746
4398
8749
2302
3065
8463
7196
5235
9511
9246
7545
948
2039
3861
3606
1266
9465
7733
4896
4312
8769
6285
9009
9623
2359
805
9549
6441
6877
8912
6993
2535
2316
3971
5847
9620
2516
7750
9346
5313
2611
6823
5141
9328
4507
6733
1946
6580
5946
6007
3957
9390
9637
3562
2045
2689
3042
3906
5870
6357
9066
2423
9707
2028
562
9417
6249
9053
1625
6786
2025
7498
6101
1143
3133
3937
7170
5764
1464
6252
6187
408
8933
3217
5937
894
6784
2567
3585
1894
7552
1076
9810
2536
5171
5558
1682
9510
2992
8413
1160
5678
2597
8645
1387
8211
4286
9564
2475
5380
2915
4902
3121
7999
8649
801
6816
1012
9883
2475
6091
3451
6732
2105
6389
3346
8820
6518
1534
1120
4257
419
7006
8381
6456
157
2843
1330
1461
9364
2888
7712
8167
6822
6603
3736
9241
826
8695
1543
7610
2636
1365
1693
6947
3891
4916
4431
2208
1373
3077
2181
5827
9772
7135
5227
3306
3022
6930
1471
3905
5307
1858
8677
245
259
8216
6611
7618
6852
373
1929
8561
7277
2648
5916
6554
2166
4587
131
4199
8172
1585
3856
6429
5494
8103
6403
96
929
3134
9412
2184
7269
112
6211
7843
9998
9067
3752
9598
8819
5399
8893
8452
7658
1540
4992
1156
342
5253
7890
7874
2016
9046
6364
7590
4100
6114
8556
7034
2552
8048
5143
7039
7816
2933
985
5022
5051
3190
5753
5990
4818
8698
9090
6552
5860
7577
9605
7731
8908
7199
8327
5709
1202
1841
5391
1557
5922
4771
3848
2854
88
929
2197
6163
6275
7464
6420
2635
471
8655
8504
7510
4879
8455
497
5816
9256
9785
3057
4124
7169
7011
6508
2327
732
3665
9951
7654
2856
1617
3561
8582
1908
7553
8854
2997
1593
5849
5668
7910
277
3864
8246
9209
9926
5206
7054
8983
1918
4273
479
9346
8733
9865
7554
4067
6113
2187
415
4108
127
6053
5223
3051
8250
2455
7725
1316
7953
5255
5901
8552
2081
4345
5595
9173
8791
4324
711
6420
263
1020
229
3097
8432
1050
3852
3967
6232
3553
3494
8850
2398
4747
4131
3198
7320
5937
2823
9492
6874
6132
9509
4361
86
2059
6320
853
63
8833
7192
2742
7731
4261
5753
1800
4055
1461
2799
4781
2988
785
4730
8103
8589
1573
1616
7297
5396
5920
6123
4744
192
1911
6675
7348
5923
687
6431
6380
5528
3036
2201
5216
3504
3140
907
6535
5935
6092
2933
7695
1540
7839
1340
52
5993
3683
9213
9970
6816
3791
164
380
7838
3664
3747
8601
4315
7272
4073
989
8361
7907
6288
9342
7760
2903
4903
9047
6093
6551
6989
5800
8488
1932
7361
6727
102
6799
5790
6697
7886
4207
9987
4142
637
5457
5528
821
2189
8125
2002
2042
9322
8753
3948
8759
6276
524
5628
5610
4016
9623
8656
8157
8200
4579
5994
2266
6776
5715
6067
6790
2474
9716
4104
6941
2761
8631
8197
3953
5310
4309
8652
8219
2997
8623
3092
3862
7151
7522
2552
8007
4481
8340
9021
370
8114
7610
8024
6767
1742
9349
5993
9372
6619
2768
8948
1078
6644
629
5309
7441
4816
7923
8906
9641
9995
5776
586
4999
4878
242
1375
7728
2256
4230
333
3314
448
2169
8253
6225
3010
8814
6947
5242
2661
4507
2007
3250
4418
8020
4036
8018
6904
3487
1290
39
1568
1395
7865
4611
1013
385
9343
3023
7201
4621
6372
1187
4551
2572
663
8139
8884
4827
9445
2171
3260
609
7839
8797
7037
9078
4556
7596
4947
6222
4463
9110
4356
937
6673
8487
462
5120
9363
7693
5754
9731
6983
5642
2119
6421
5467
3585
6764
5080
9040
8004
697
3570
9673
9255
2704
5979
9982
1111
2977
4690
8654
3112
3157
3220
8077
2443
7448
9147
1508
8033
3206
5793
1286
8083
1266
5141
1169
4797
4944
3970
1315
1793
3103
8160
6870
2085
4772
9156
2133
3185
9093
461
3079
7868
6659
19
2459
7029
8391
4789
6264
428
9544
9885
5750
4981
8039
964
3990
101
7175
5003
7098
3898
5299
1475
2702
1568
3068
1539
329
348
4385
9792
1006
6948
7198
4974
8067
5492
6927
1741
2144
4753
2678
8321
925
459
628
9372
2343
5222
5048
4300
426
5434
1193
1597
859
2907
6671
6855
5618
2402
1405
8305
784
1972
910
9739
1607
1421
6031
9339
4200
4022
8129
3627
157
5120
8919
1171
9989
2310
288
6348
5830
8418
1759
2547
5060
8521
6489
4865
490
5601
3521
9482
6121
5825
7422
4394
9422
1510
3760
6259
4956
6077
1706
6363
8736
634
8372
2355
2794
1093
7733
9189
8256
1687
706
204
4635
1049
788
1302
8187
679
8891
9452
6786
9025
4559
5326
4791
805
8095
2654
6619
3071
8054
680
54
2436
1945
8592
2118
1465
6638
8161
4589
6485
5700
4396
7129
5398
7698
1640
4905
5386
6584
6893
5250
2272
7597
1934
8831
6019
7232
4296
1245
1770
3652
9019
8288
5036
4872
9965
9041
7752
6931
794
3330
8222
5726
5453
2805
6711
8625
601
5816
8374
1059
2504
563
1505
5952
4828
5265
7609
9146
6256
9735
6915
2925
996
6376
5173
5773
4657
2877
4384
3251
6370
7344
6957
1663
7443
5538
1776
2073
9767
3114
8637
3377
2389
318
5289
5450
4237
7127
8063
1170
50
3831
1487
4569
8536
21
4339
4995
2157
229
7693
2731
7023
9487
3658
1149
2465
7545
526
8343
9125
5559
6931
246
6755
9116
4625
9179
5791
440
4686
6455
7238
9053
4523
9068
7724
5800
3574
1590
2734
775
5101
9785
7563
3600
5031
2045
118
6184
6142
7371
9258
492
4895
3408
953
3107
3033
9737
8468
1339
1771
7489
3648
2315
1010
7314
2581
5861
8006
7878
8105
7216
532
8552
9775
845
6084
9418
8849
6913
4591
2029
9114
4853
5239
7040
7626
3114
5086
2637
1217
6585
3933
8542
9947
4013
818
9429
5113
9249
1343
55
6774
3813
2722
3003
2776
6835
3569
289
8575
5847
4837
4714
4247
5069
5666
3702
5932
4327
9786
48
3985
8104
3264
9672
7143
6869
7940
1431
9001
4287
2485
3770
9916
7564
4736
6673
1319
8574
6473
4677
7892
782
1658
3485
4824
5487
9203
9275
9385
9518
4403
4858
4819
7318
7734
2582
8716
6909
7991
2775
598
6297
7713
7615
3351
9919
1955
7004
7587
1245
4301
1666
7416
3003
5198
2985
363
3177
6709
7140
6770
4162
8260
4933
3492
3577
4497
9289
3698
3127
2431
2561
4196
2060
2017
7985
6681
6557
3813
4000
8989
1831
511
5095
5521
7951
2062
2888
2206
2982
2618
3933
4446
5363
3313
333
1131
3937
2464
9962
2306
7540
6536
8329
7952
6452
4601
4446
3392
5080
9013
9409
5770
3023
5309
7098
3891
9405
9406
9347
6860
2305
8633
3740
3632
7276
1875
611
9240
5580
7518
643
3157
8656
4972
7519
947
7794
3163
2129
162
7972
8304
7430
8642
9159
4904
8069
4975
1670
3480
4542
638
3872
2722
467
1458
6104
3304
7806
8614
7588
9908
6319
4899
2695
5184
9
2288
1810
2554
783
7669
1955
4601
6474
5636
7083
7269
9947
8977
9813
7899
5994
1027
8288
5400
812
1132
2414
2713
4779
9767
6543
9444
2889
4747
837
8576
7999
6753
1389
6927
4292
9490
5212
5556
9434
491
5621
2738
1658
2994
4180
1984
6246
7037
3830
5260
3897
6402
4739
767
451
6820
3952
948
1468
6595
8847
8917
3682
5395
3452
730
6204
9080
9207
3914
1194
5581
732
1279
9619
6834
6187
9073
8410
1941
8407
5864
3351
4619
9082
6108
2131
819
7778
7398
6621
3533
5370
5708
8368
6391
5229
8841
5561
8952
5710
1752
5992
7221
9866
1072
207
6849
8972
6847
8561
1986
4685
4177
1896
7202
4609
7842
3637
4260
4770
9189
8342
7255
299
3125
5366
1102
2721
4831
5998
8464
6371
5337
5491
5956
6620
9203
8220
1795
4443
1350
5736
9268
9881
2169
4461
3305
8370
9823
6805
5910
4502
2831
5003
8210
2172
9646
1336
4450
9867
5454
2556
7855
8115
940
4998
706
9336
175
6367
6119
8706
9277
6343
4261
8376
9470
1634
6677
8260
2108
9761
6008
3831
1634
9333
251
8389
8415
586
3341
9222
4714
6065
1481
1888
3767
7577
124
2679
3808
5097
4831
3024
9079
2093
8420
8132
7142
2665
1071
9899
1961
4841
1361
2290
120
4179
7708
3854
2263
4785
4282
6066
2816
3046
6390
4295
7640
7403
720
2838
499
5463
2299
4331
8464
7426
8694
3730
824
4712
9175
2407
5138
3421
9811
97
5721
5561
7824
2793
3506
9159
9404
5517
878
6234
7219
9563
7838
1459
2805
6757
4600
3109
4226
5199
2290
5136
7139
6409
4130
1415
5877
643
1983
759
8823
3127
1727
7672
9249
829
6218
7273
8055
279
726
3292
3622
7433
3827
760
1463
3333
6296
425
574
4816
5294
2050
8738
5434
8071
1401
5767
8809
3974
3289
3901
7512
9592
2866
1997
209
6795
6322
183
1603
8458
2465
2720
2211
4481
4218
1531
9285
5397
4012
355
8136
9217
7019
3584
5576
927
3653
3610
5225
3246
4433
7172
4717
8068
5163
676
9704
4943
5615
1707
1565
6226
7002
5693
5455
5724
7227
280
5178
643
5383
8943
1269
4741
2467
6226
3949
3356
5593
2928
3476
6553
7579
1221
3943
1725
1581
8706
6530
1890
514
7057
5186
8581
1161
8995
4342
197
5618
486
2448
3403
8426
9516
6066
3142
5204
8749
7667
3973
9123
2464
9892
5552
3124
9190
6417
211
9046
8388
448
2532
5321
1759
20
6734
6770
8069
448
8584
8552
5728
8445
9120
2918
7259
3947
2516
3516
6303
6317
6507
4745
9834
2123
4584
1339
9631
337
4836
6741
271
3273
9126
5502
1365
9318
1745
3732
2534
3023
6975
4833
2005
775
4728
5353
3259
7984
5747
9587
7304
8726
7067
668
3685
8621
5886
1633
8077
7059
7357
8930
7407
6860
3972
3875
9152
9611
514
4420
8167
1076
4774
3749
1874
3639
113
1496
773
4097
879
2408
4312
110
7267
3274
410
9957
3584
5064
6010
7509
8359
1222
5917
7847
1604
303
9246
6003
9574
7435
3637
3398
8508
3893
2174
1007
5971
9687
2760
6079
2585
6815
7601
5516
5623
2655
4377
7409
3226
9013
7136
3322
5600
4858
4457
7974
9257
4024
2462
6199
6696
4651
2235
2303
3784
8330
7770
4245
9433
868
3194
5883
6742
7636
6748
2953
7034
8455
3254
8869
1060
5843
1890
8011
8941
6804
350
8373
7130
7155
7770
7603
2318
304
9046
2329
4668
6930
6155
9218
2920
6456
9292
5614
7518
971
6710
9244
8033
6455
2061
3085
1262
2438
3420
2074
5257
8923
7265
3032
7294
6957
5459
8373
9420
217
1086
9796
9513
9562
8475
3095
6946
6131
7891
1616
2509
3387
1426
5989
1226
5923
5397
9049
6383
5510
6582
1781
2107
4364
9308
1861
4488
7879
3965
455
7682
4950
2506
9406
7302
6588
665
712
8926
113
7355
4596
9681
8596
8735
671
4816
1034
1565
3273
131
2632
7087
276
4453
5253
9163
8708
790
2643
7895
8910
9
5608
6260
8544
1951
9681
9416
8920
1019
2098
1626
7512
1636
7642
2508
1630
7092
5303
707
1795
2850
1868
4879
9999
1024
7025
512
7368
9457
477
3394
9411
8659
9756
9708
4674
7726
6394
9611
6750
4225
9348
9286
9333
2509
6130
438
2208
7538
2864
7011
1277
323
1673
7803
9077
4976
6857
9632
8818
385
9083
845
1683
4502
1856
6643
1602
5002
2250
4202
6870
2768
8952
1728
7620
7220
7238
8301
3279
4396
9235
1798
7782
6034
9480
3900
5451
3037
8526
926
6569
4638
6207
9835
7776
872
2633
727
4845
159
2494
3002
9520
7626
8137
771
1354
7902
97
387
6189
46
875
4181
2682
3156
3205
9945
6885
8187
5248
2693
6279
2447
9610
6797
1186
6945
6793
6662
98
3286
5543
7502
3005
9992
9923
8884
3680
5433
1644
6401
4445
8271
5596
1264
1522
8644
8513
2092
7473
9785
4577
2860
6010
7198
5344
2312
639
9398
1913
5010
3149
252
6768
307
767
9028
1626
4760
1479
6825
7205
8105
2632
7954
3939
3918
7318
1313
7432
1385
9083
4532
2193
7984
6542
1726
1985
2226
79
6077
5015
9827
1813
5404
6932
1351
8004
7470
101
798
5807
1858
8534
1842
3053
4227
1081
1128
8567
3312
1171
1250
3505
5187
4036
6318
3527
9295
1021
7032
9224
6815
7443
6273
1253
5377
2038
26
666
1508
2464
6367
6912
68
9776
3277
1867
6672
4987
9551
1283
1541
3690
2203
8019
3299
3179
740
2429
2597
6809
8311
5369
2815
4362
3244
2273
5536
4181
3542
4551
3659
8894
6167
3008
3038
951
3108
5407
8420
3631
2515
190
4397
2379
4566
3667
2694
9777
3663
2876
1886
4038
9869
1739
7917
6508
5727
4665
6604
6332
9211
8515
7045
5502
4770
760
9116
9936
8279
255
270
3629
1067
6487
2165
7136
2501
2230
2300
9930
9828
4495
2316
206
1422
8761
5023
712
7907
9289
7371
2090
1647
7967
1792
2917
1695
7580
5602
2707
4356
5883
729
8051
6534
4783
2452
1321
8909
7599
3107
3989
2301
1280
5671
2068
9754
7438
818
380
8126
9973
8241
6303
8294
9674
14
6928
7332
7098
3369
1417
1645
5529
9045
4104
714
2507
3948
7147
7293
3330
4724
8212
7754
6319
9017
194
4431
6042
5788
8763
9315
2073
4625
8201
1457
7242
5946
5804
2737
7577
8629
9920
7671
5957
9114
1910
2868
3168
7711
2215
3675
1695
4182
538
7227
4915
5892
601
6768
6092
8132
8669
4871
6465
3753
1283
7625
3830
4029
1396
3074
9303
4091
2986
6697
1325
5540
3944
5043
6106
2184
3835
9488
5120
1543
4887
5307
2415
296
2426
8375
8400
8941
1315
9359
8760
7848
654
7891
8536
2807
2141
6798
9485
1755
857
4561
4817
7748
843
3458
5091
6709
4916
9172
7588
2378
6034
6844
8553
3661
9984
7296
5109
1834
2080
5329
7627
644
274
3814
9211
9998
197
9245
4719
73
5938
7205
4001
7723
2559
7719
5611
3770
5874
9005
8737
7419
8530
5311
4110
5267
9501
718
7336
9964
3693
4671
2652
1580
4384
5970
6349
9725
8252
7147
1139
6448
6348
3212
7122
4686
7063
2572
4922
5208
1484
501
2303
7318
7588
9685
2011
5899
8600
1508
5972
4139
4308
9619
2238
2823
1749
7136
2153
7576
5333
9023
450
4462
2563
2115
2854
5075
8922
7831
6603
7685
2789
3988
8310
945
1780
18
5242
4283
7271
1250
1252
1239
4842
3654
7186
345
1544
8494
6339
1491
4546
7243
6659
4787
7746
8525
4199
6604
8317
8155
3532
86
2175
6181
3828
7803
8026
6129
7725
6601
8484
8791
4592
5516
3249
2622
3379
1686
5826
1995
8514
57
3470
8834
755
4099
3008
2852
8826
9471
2191
3734
7738
3187
2864
9407
8316
5721
9565
3718
2857
1761
662
8229
8199
6680
4851
424
5986
1850
496
7837
48
6824
6531
2797
447
646
3255
6858
7833
3071
2033
5492
8233
1198
3075
2357
3535
6023
5676
6187
6737
6550
9753
3145
1534
9190
9467
9417
1316
4712
5870
4687
3989
325
5649
2720
8667
3259
4791
4538
2400
6584
8075
1816
8601
9494
4934
6627
9995
5751
3649
3089
7695
5917
3422
9257
2447
7217
9249
6688
5465
4166
1194
1685
5433
4435
6548
633
1119
5265
355
5370
9889
4868
9920
5675
5459
5849
2713
4502
6223
3849
1443
6155
8693
374
3437
5532
3422
9864
5343
4856
6284
2196
1107
3597
4489
6263
3980
6372
1693
423
5808
9601
9517
1012
9245
3651
8282
2738
4260
4373
5603
9746
5015
5677
7586
5636
4504
6181
3897
6773
3106
926
8672
1276
1005
9669
7829
751
2840
3270
6650
7804
4291
3660
4552
1407
8956
8852
5470
2191
8833
605
2959
4048
9041
2152
3377
3087
6093
3057
6147
6815
1256
3020
8226
3666
7643
4268
1806
4679
6270
8081
812
6998
3263
8050
6199
3279
4321
4140
3340
6459
397
7480
1963
9625
3130
8349
5483
3212
4027
1172
7497
9961
9237
4762
1627
3511
8159
9014
8688
7539
8861
9029
9637
561
6953
3153
642
9525
1095
7782
5650
3788
3575
6504
8580
4698
4002
7137
1423
614
1760
3923
8160
173
4956
7012
5788
1137
2801
2645
6109
317
5324
7025
1412
7426
4129
6132
97
163
1271
1060
5748
999
6033
2029
289
9070
2644
5579
2846
3519
7103
2166
8604
4947
9018
3059
8249
7684
7323
7335
2470
7520
4120
1067
8466
9768
8960
4236
6241
5615
8350
1308
5488
2862
2893
8319
4625
2518
3507
4299
6434
1169
5512
4276
5308
5251
7934
3636
2944
881
9740
1104
9230
9550
5287
465
4978
7097
5273
2541
4992
7732
4097
4746
6644
4306
6152
9242
9515
6737
1498
3554
9864
7647
7484
6286
3621
9248
8974
4872
6466
2164
679
4660
6826
9060
2620
4148
8231
5735
9143
5458
381
6700
6659
5269
2574
6717
4566
6146
5128
7929
5066
9416
175
9757
5873
3320
352
3024
369
1333
8825
1330
619
2601
5440
6329
87
6669
2784
6257
7614
32
4967
5277
655
4302
7475
4180
2529
3288
7661
3684
4328
5308
3780
3868
8871
4912
1890
9893
9345
3045
1094
455
2092
5995
4655
744
1102
6654
5792
2207
9378
238
2990
7390
349
68
8320
5336
5672
1491
2345
6405
5854
3796
3332
7454
2166
7293
9233
420
3183
8273
1767
689
1145
4276
1651
9085
9627
5886
2161
9592
849
5550
1309
1881
9860
980
7248
219
5514
897
6332
5556
2395
4515
1470
4341
9994
4888
6991
7160
9508
2446
4623
2583
2611
1239
7137
9590
8158
1172
9625
7124
2481
699
634
4562
5336
2054
4279
9466
1545
1350
294
8120
3865
6267
9169
8418
1863
1782
145
1839
8976
4462
3121
5222
1553
3095
2676
1953
7116
4299
4478
6541
1346
4334
5938
5711
9860
1298
4588
9764
4571
8659
97
5927
4105
1181
2235
4412
1824
5898
4371
7474
9447
7640
9227
4121
6506
7805
873
2698
919
5075
5033
760
2681
5928
7072
4749
9546
6981
3964
2351
2213
7052
5584
573
7546
682
9513
2946
7769
3955
2215
7059
4935
9091
2570
9331
3716
7391
648
5006
6178
8757
5610
2385
4748
9537
8228
1926
9583
6242
7158
6252
7326
1175
4758
2714
9590
8422
3145
7128
9016
5182
8961
1372
8879
9725
6114
1629
3433
3303
8968
280
6755
9083
807
1565
9437
8408
2360
1628
3739
6341
9280
7178
477
4990
8038
2442
4504
1467
7318
9096
3142
1595
5026
7887
4546
251
5869
135
795
3078
9844
1621
1218
770
769
3893
5020
851
2799
8267
2509
2430
2916
1892
970
4715
1567
4115
9691
5824
5413
5236
3044
8175
9713
9622
5675
4531
3595
3808
7824
6053
9233
131
3737
7358
7329
2771
9273
3246
6589
837
944
2642
209
751
615
1166
5585
9918
7165
1118
848
6909
3537
155
1400
9173
5744
7606
5385
816
4143
7247
2791
6852
3010
6541
3725
3278
3408
744
3876
4350
6848
5487
3626
3108
6527
5198
9927
3262
3641
6749
8306
2937
5354
719
3380
8344
6939
6441
3133
9952
1095
8287
9488
7829
6946
196
7733
8480
1349
3698
3478
9972
2919
7038
5099
6345
1963
91
9901
9201
6246
6762
1344
9963
9424
8745
9487
7016
1192
1082
4322
6186
4036
8351
6943
7868
286
6687
3874
3109
503
7262
2602
1081
6693
7635
9878
8987
8269
7807
5243
9816
5873
9924
4897
2154
3816
4519
6423
8805
8103
850
8780
2403
1800
1063
5771
7404
2238
7573
5189
2520
1217
649
7076
1630
1262
3020
5574
1362
8840
6928
778
2617
2704
3119
2123
55
1608
7774
3097
1619
8959
7111
8092
3625
1714
9911
7876
7705
9275
2101
6516
2289
5668
4894
7626
6569
7434
44
6600
1359
4425
1550
6613
8074
3547
6008
216
3786
7469
6159
685
2786
4556
6188
5962
3047
5177
2184
7128
9775
7446
2516
6856
8131
9986
1203
5145
7917
9084
4703
1819
9378
8544
3449
6398
3139
2101
304
3826
8738
2343
6751
8230
9042
4875
6881
7468
9666
7688
2878
7622
685
3895
7449
5131
9661
8589
8628
6761
6646
6325
2121
9601
614
1938
9532
9644
6968
883
2304
3815
468
8884
8525
1379
9078
7095
1428
6512
3168
4955
5628
8584
9465
7818
8152
5079
1165
6899
8031
1760
5372
7798
1597
4589
1469
7876
8870
9723
884
7627
9299
5077
972
3528
3243
195
3698
2715
1480
6572
2173
3152
968
8854
3490
5932
3400
2274
6661
4037
233
5210
3937
6079
2607
6179
5720
1275
1371
1619
6886
6382
9216
3187
3477
3750
8910
8211
6631
1006
199
6039
6873
5648
2014
2910
3504
1
7102
7122
9534
5109
1054
3237
8392
1144
4804
9389
317
8430
6051
9676
7352
3110
1710
5163
4530
5212
3642
5011
2875
7045
6873
9489
6895
5210
694
8917
8374
6297
6842
1218
8046
4542
9754
7625
7174
4647
9735
4510
7115
8831
5902
3957
8366
96
9076
9539
7146
1839
5360
5728
1257
29
9428
2542
2146
2016
9631
5793
5326
8590
7258
1763
9638
6180
4571
7096
702
4217
7705
4415
3323
9129
233
6676
1440
6521
7019
2274
1170
8169
4167
6054
8966
1389
4002
756
4545
3228
604
8964
8627
7632
5878
7854
1044
4032
539
3252
9323
7625
4724
3480
8835
7094
424
7870
633
7250
6521
8119
9803
3306
5249
9683
4434
7409
8564
2794
5901
8358
1286
3770
5517
9090
7563
5770
9326
1186
1471
6779
4874
2069
2898
5930
6716
5838
7537
7774
4590
9195
2530
5778
3764
1522
8532
4648
4453
1547
6913
9378
2413
6507
1173
525
3417
7509
3874
3489
9338
8051
2312
5566
6888
8212
4468
9705
8313
8471
2111
3069
366
7900
5227
571
663
7189
5629
8457
8325
9692
4850
3799
6517
9388
3120
7555
8997
3385
6779
3577
8646
1258
4159
4038
1017
3968
6067
7849
9418
3899
3409
4120
4129
5095
6039
3660
2148
9968
2032
6113
5778
3528
7891
6121
8378
8143
4179
301
4509
624
629
6899
6078
3822
7178
6028
839
7156
9923
2267
8612
8798
7753
9831
697
5974
7781
8705
6045
1135
9292
1746
4805
2245
7627
4669
4023
7997
3009
937
4759
523
6485
3846
9766
3048
2660
5945
9691
4318
5349
7035
847
8613
53
3569
157
65
8418
9012
5962
1744
7238
3646
9527
6305
2812
6261
9198
3405
1136
3500
9178
3700
3904
6484
3627
283
599
254
1517
7167
3178
1143
443
2398
8860
9180
8073
4393
9914
5828
4284
6942
6289
8255
3009
5408
3185
9007
5349
2430
5786
6277
9820
9539
6613
3334
8955
4784
2125
3483
5464
265
1679
1036
9118
1604
5709
1350
7923
6651
4524
289
608
40
7884
3057
4902
8024
1297
6089
228
2514
6307
8129
6362
5373
652
2042
8893
1854
6758
1377
8340
5260
7755
8521
9554
9183
5810
3124
144
8920
3094
1098
1991
3267
4473
498
8437
2855
3229
3851
2538
5989
663
5009
5639
406
1510
5362
9090
8464
2182
8691
7972
364
6079
2828
4714
7914
6266
174
1787
1990
4341
2815
6257
2143
2695
4931
5742
5807
2990
7209
5022
1473
7795
4063
7019
4067
8176
9105
6877
3210
7384
6629
4234
5583
971
8325
5386
3768
1014
4736
1665
8002
7785
3457
633
342
5889
9794
5712
8408
8877
5025
2553
1944
1319
5515
1219
4026
5517
5067
9719
8690
2852
330
8717
3386
1563
2750
2356
6479
8281
105
7776
6233
692
9643
4632
8625
6117
7244
2321
5724
3258
690
5423
1596
4319
6297
8154
7446
4454
1882
652
4201
1484
6962
7105
9624
2759
7807
6575
2180
6755
4026
1805
4130
3266
9014
7608
9504
909
6511
5347
5717
525
8602
8112
1209
8107
7282
4568
6867
6106
5215
5775
4425
5406
9945
8202
1222
3562
3438
5328
9351
9133
1859
9315
6920
6596
9204
3338
8246
1659
3869
8546
374
641
4694
914
1565
6360
3264
6842
9511
4415
7507
6034
3878
7377
4193
6319
7751
6824
9723
6505
5273
3928
5629
4788
7746
3574
669
5180
9415
1699
6729
5981
2583
7391
8681
6840
6511
4942
1151
2016
2846
4919
4014
1403
3509
2942
7204
6599
4302
9613
9534
4170
2720
5765
7765
9004
6988
3779
3642
2171
7698
202
471
2113
5818
8425
2626
8806
417
9320
1905
6571
201
651
7645
6117
4627
8815
9157
8818
9360
3356
2104
1603
9698
346
3596
6462
7651
8104
6120
8547
5090
8596
6775
5838
5790
900
2697
7227
3628
7091
3037
23
3120
2953
3492
1306
6327
3604
4734
2830
7171
1383
2339
4790
7306
8075
361
4342
8896
786
7084
2926
3064
7232
8011
8699
5395
9863
6759
9588
4898
918
1646
1932
4826
1290
6338
3254
9536
4848
6515
6529
2416
8368
240
3056
6466
1945
6168
3186
8483
14
3765
4614
7702
3882
5807
2409
7740
5267
3225
8332
5443
7151
1160
8607
429
9950
7071
102
1836
9137
8452
9728
4918
2643
3489
7466
6512
8908
6543
6820
6098
6980
3077
9907
3822
7752
461
8935
5878
3320
1884
5410
4600
4916
5640
9179
595
9752
2615
8266
76
7056
2624
693
2553
8939
9390
4376
4254
9200
3161
3287
2465
4982
2421
8237
9003
87
3639
18
7004
3236
9091
5101
3070
5687
332
2663
3982
1943
1375
54
9564
8324
5835
7
4224
9110
90
484
5297
4259
284
5534
6392
1169
5205
254
2722
4363
8553
9283
2845
4540
188
720
3055
633
2890
6167
9435
4260
3079
8291
7929
736
5997
4677
7284
2119
568
9919
2988
4764
6048
2728
7094
7212
6958
1538
1343
6526
1437
4524
149
4459
8515
4431
6560
1285
6485
4694
8289
4093
3494
9950
8098
8285
8787
7517
1901
143
4711
3987
5797
7818
5641
4891
4346
478
8025
5134
3126
2595
1389
6766
282
4882
9937
9868
7430
5394
9142
1572
8526
1368
9309
7667
5760
5791
3342
3244
8493
2360
7217
2275
1211
3757
1378
2704
6344
1663
7820
5543
7327
4996
5697
5955
6551
1366
9749
1027
2909
481
8914
5073
5750
8065
8822
1788
4907
6789
8038
3148
5358
6704
1406
7550
8353
5601
1925
7403
2834
1269
5518
8484
1012
1152
6529
6104
602
8059
296
6855
8340
4297
6331
3858
6061
197
2215
6055
3644
229
56
8053
7482
9220
7779
321
1869
5219
3889
8345
5997
3380
2589
7821
6262
4941
4632
2882
1210
3263
2906
1927
1093
7704
7169
7287
2306
2652
8704
2285
7956
8621
3973
628
3012
8744
163
7697
9984
1670
3580
816
3779
4804
6298
8982
3673
9455
9030
8879
8498
947
1717
336
7528
2280
5752
3069
5169
9043
6150
2188
4519
9731
9579
3551
8863
1480
7832
7197
7824
7896
9992
9394
1588
8110
9533
898
2411
2691
6256
8405
6985
3261
4044
9123
7442
231
8787
6959
5533
6491
2953
5251
9435
1822
6869
4509
7208
7584
2036
8406
6909
1254
9880
5410
4257
9537
5865
5232
8880
4983
2292
4394
9103
5378
3355
7897
5451
2642
3718
659
3674
3207
6324
3537
2263
2765
9170
7305
9254
7957
3779
3037
865
4336
1672
8699
1850
7227
8538
7287
5832
7421
4949
9563
46
4285
5959
6963
4133
3576
4331
9933
3585
2359
765
4429
8309
8510
8382
7762
5464
3682
7670
5880
4621
7473
7587
5442
6930
5946
6104
2798
3881
6649
4903
5363
1711
2055
3134
543
9092
1362
7770
7444
6863
8724
6237
7058
685
4003
507
539
6137
1949
4248
4699
4118
1008
4909
9445
4960
9666
3166
2938
4586
7611
344
9510
8740
7410
4262
4792
6452
182
3131
1105
3682
2659
1684
9015
6653
7514
3844
1994
1877
8011
7566
9728
354
8404
9718
1099
5890
329
4470
4954
3262
6709
2093
5118
4048
1161
8716
7256
3335
3715
3691
737
5904
5352
9744
303
2430
3801
4254
9963
6696
1115
9259
1837
4415
9488
8861
8667
7643
4169
8169
2155
4908
5497
4287
8526
1636
8208
3078
950
6760
2714
4701
8626
7189
1153
1933
410
3743
5400
4430
8021
8284
7884
2861
3404
7098
7169
9920
2836
1834
3862
4219
3831
7927
7688
2695
7840
3106
1134
5666
4804
2519
8025
2787
4363
1789
8566
9785
2237
3583
8484
9993
263
8957
7052
7621
8149
3058
5045
4219
6808
3250
5081
3896
5310
7109
1740
4535
5588
3817
4365
6740
9739
6264
9864
2917
5705
538
5568
3545
8258
243
8183
4272
273
6002
4917
8707
8403
3592
4912
9304
4332
3596
2571
9115
6176
1081
5023
483
7558
3604
8630
689
918
3747
7100
4760
2797
8939
6427
2709
6934
7694
5407
1371
2902
8750
8640
2519
1496
2833
2016
1992
6179
1286
3692
890
8654
4498
773
2050
3163
6635
7455
5809
7376
1127
784
4667
3981
5375
2897
1977
3729
9937
8300
9678
7525
7411
6826
6880
8130
7782
4192
1817
4642
8169
2638
6578
9630
3753
9997
6448
5513
4506
3033
4331
2942
5739
7761
9633
8461
8828
4237
4725
4084
5543
5862
5587
1441
1057
4322
8933
9795
6753
2951
4606
3901
3296
8800
8710
5832
8927
4175
843
7153
7834
3783
724
9080
180
1024
2590
8717
1986
6710
2967
7055
7492
3917
9309
6170
3776
2226
3273
5530
5286
1723
9965
6543
9669
2640
3077
4302
4951
7035
8670
4907
3307
4590
9199
7911
4760
9717
5775
7290
5892
747
1053
10
9660
6346
8351
9684
975
5031
2960
239
8995
607
3311
4406
305
9748
8318
6637
4250
9574
7017
9415
9511
5668
3797
5113
742
2700
793
5155
1501
266
4314
6676
9412
921
1621
2331
4682
4412
2239
8484
6204
9830
7772
4923
5809
2182
7835
6647
9918
9553
1032
3793
3393
1819
4784
588
9653
9221
7579
7586
8847
9394
1670
3199
3063
2504
7222
4935
2969
42
2625
8276
9790
2615
4521
3077
3451
1297
5320
2303
532
1200
5565
9872
6442
4484
1853
4244
1878
5428
9963
1917
6366
8358
7634
5979
6161
456
5316
7708
5704
4740
1718
1817
4398
8716
8281
4048
3683
1810
6367
4357
4078
9247
8630
9019
5329
4924
7124
1735
7384
9972
1578
6661
7852
435
9050
2271
5003
3227
6891
8527
6360
9498
4204
3583
3793
8160
4905
4503
5294
8712
612
3365
9
2659
1207
9212
9325
5632
8244
3880
8390
6992
6679
3454
4544
1788
8827
5337
6459
8232
8972
3922
435
698
9445
5501
3079
9114
9743
7737
4951
8196
89
3284
3369
2702
1582
5867
6251
2583
7116
4661
2527
273
7222
497
2544
6280
4900
5213
9342
2911
5109
7146
9540
8990
3170
1722
8680
9135
9972
9272
8243
2460
3805
4822
1165
2891
1494
3684
2782
167
8866
4110
4897
2392
6281
7395
7455
6902
8182
3330
1728
3105
4118
7955
2342
6229
1449
7975
1612
9697
5643
9752
3158
9493
1412
689
3289
2143
2393
1790
1395
2284
9163
2362
2781
9864
1222
3036
8528
7518
5473
4850
57
4236
8801
5962
6866
8088
3573
4944
6285
883
705
6104
6268
6603
3817
9940
9906
3883
6096
3437
1232
9226
2922
6245
6524
8011
2511
236
9746
1009
4363
4031
5987
9149
9488
5027
8120
6813
9719
8994
1653
4788
9251
8735
8895
5294
6209
6194
9915
7692
2146
2088
3018
7923
9922
6430
4332
6294
4081
2260
4317
4610
1415
5774
1721
8618
5115
9619
2380
423
2578
4639
1598
5389
1121
7535
8834
3879
3726
199
8933
1036
7445
3676
7395
45
8907
8794
1389
859
1162
9216
2135
3634
2072
5968
3213
9020
1437
1639
1396
1427
4459
3679
1144
8521
1888
8833
4614
2251
3789
5031
5986
550
2355
4531
385
8346
784
7502
3994
1592
2082
771
1083
730
1634
7141
3483
2049
9538
7993
2425
1019
4642
747
4981
7787
112
7771
9645
1811
2296
1034
7266
4775
6683
5681
8231
6033
3727
1432
9302
8354
2868
5911
4203
6998
6143
4648
1081
3944
4101
8812
6495
1632
9247
2325
9397
1929
5740
1490
5040
8985
9458
1003
4743
8775
8887
2336
6156
4561
4528
6968
7197
2913
3074
4924
7736
5228
1749
7116
731
5766
6095
6055
7971
7767
8845
2143
3619
5211
3316
219
9420
7460
4075
6636
4535
1519
2546
4370
8805
1565
3610
6236
5832
8676
9693
1102
933
2651
15
4206
9360
3124
4147
2462
5915
6820
4870
7349
1493
4942
105
3034
6422
5075
7253
5251
2925
3204
193
7491
4393
293
9860
1640
9108
3627
5947
8565
3271
865
357
7071
3047
8365
6733
8312
387
4243
1907
1474
530
7040
7548
6891
6885
9327
1007
9420
5809
4640
7351
6273
7610
3943
7871
6975
7200
6128
277
6539
3016
9499
6843
4952
4123
2806
3649
2998
4451
7655
3854
1294
808
3494
574
5837
8440
2897
3374
9820
4818
8186
7195
8290
4262
3577
5787
1601
2839
474
1204
9398
9120
6405
7849
2318
2702
2466
4143
9915
4765
6053
4472
3470
7987
2578
1996
4477
4498
4152
9201
5438
9022
1875
3400
5771
2335
7279
7011
3498
5492
8925
5627
4447
8689
2001
46
3431
3860
271
5561
7663
5316
4182
4806
9237
8330
7507
6694
8746
5399
3818
4761
7540
8754
188
3410
6288
6266
5860
3949
4938
8584
8976
5003
5598
8908
5282
9386
7872
9349
4883
8945
7821
3072
5906
7556
6184
3146
8326
640
6525
3156
5982
3081
9650
2058
7464
6208
7284
720
1639
7214
2
2815
7701
2624
7908
2590
3536
4228
517
4306
5282
5803
3362
6518
6580
3822
765
7880
7604
2152
9406
467
5749
8531
7041
9057
3384
3357
8579
8091
7808
1338
3070
306
6168
6063
4831
9166
2073
6782
6298
2643
7783
3712
7147
8132
6907
6826
6756
6566
3053
4959
3090
9240
7116
8558
3516
2793
8437
4843
4296
3357
5505
295
4174
7115
5539
1413
1953
4966
1170
3955
7084
4268
9087
7451
9500
2555
5909
5787
3217
2342
1743
3246
4917
5345
718
7792
4409
730
7152
968
6254
8808
1927
9683
5130
694
2847
3442
5969
8139
3475
9893
100
8448
7056
9136
6800
8682
9449
6816
6335
3790
1363
1591
197
3317
6779
7348
2465
9530
7316
5933
1048
2219
8976
8415
2528
8639
4537
8785
5213
1069
7947
7828
5523
780
1591
6993
9400
3197
4091
5433
8757
8776
9
1094
3532
788
7458
5096
98
3846
3982
7863
2394
3004
7435
2599
892
3130
9960
9204
1198
791
2369
7821
7328
4194
6845
7839
3663
8871
7901
3465
7150
6328
5599
5946
5101
5686
8098
7789
8000
9219
9491
4567
1247
3411
5070
5521
3132
2522
9083
1525
7484
5221
1616
5835
7928
128
9478
2879
4067
2023
1371
4362
9882
8088
6820
1864
1594
529
9580
707
6301
4586
2858
3583
5409
3974
2777
637
2630
3477
1425
1056
7159
6587
428
3808
3269
9490
6255
8485
2859
7729
6458
956
1573
5671
5631
6197
2544
673
5111
3803
5042
2391
2879
1772
4182
5870
2415
4353
9446
57
7313
8884
6170
7648
1323
2947
5559
2982
6677
2102
9912
1840
9357
4460
975
6271
5898
7688
9610
7927
9010
3229
4983
2205
1655
3063
4104
4645
485
5323
3237
9339
4566
9736
6494
3164
5743
5703
3965
7313
3001
4375
6275
9457
1371
6123
878
5967
7148
9373
3323
3431
3466
7170
4952
288
4000
9212
8310
7902
4942
3441
8268
5730
9671
3620
8027
8450
6013
4667
7597
1416
2026
8920
7842
1660
8893
9812
498
7981
5096
5244
4029
6231
364
2139
1307
7170
3725
8786
8708
9824
6265
4911
2840
6028
5895
620
3089
444
6520
4403
9960
6771
5856
4763
6308
2304
1368
6043
5083
5536
7487
4368
9599
7873
6073
8124
2994
9959
8774
719
6394
4096
9222
5400
3021
6588
4592
1315
3625
3038
795
7402
5710
1139
2969
5516
3027
1502
8901
4542
2853
3306
137
570
6158
475
9445
1068
2602
9623
7367
553
9534
3719
321
1644
4323
1740
8109
417
2439
860
6670
9387
3167
6058
4910
3121
8565
6088
6783
5540
4403
2712
3602
8356
6268
2214
8683
8958
3484
6322
1291
2427
8950
2080
9494
3211
7887
8830
6103
97
9864
8577
648
7202
1062
3394
1615
4265
9300
5300
5149
8771
291
6502
7826
2732
9217
2353
7727
7072
6585
1425
4654
9169
6252
7346
5892
6205
1383
1493
2785
5816
2958
3060
3498
842
7424
4755
2318
3890
4696
2992
3614
2093
7788
9363
7432
7495
4532
7262
8131
6921
5773
4916
2335
525
4375
5423
7850
3950
3250
2294
6605
2858
5706
1489
5170
357
5667
810
4277
6699
8592
3670
2902
8424
253
4913
9607
9008
9065
7417
3922
1867
3311
9289
4005
1253
1565
6993
1752
252
8364
3271
1596
373
2199
2945
8370
961
1245
9340
4436
4353
1415
7415
7687
8200
5928
8188
1233
1684
8491
8222
9960
38
3903
1546
564
9551
2462
4257
5404
5771
2446
5547
228
5400
4859
8820
1706
5640
1902
8977
6758
6446
3221
7551
2374
3903
7011
8370
5851
8875
788
3838
5579
8077
9085
1883
383
7258
391
7060
5762
6139
2824
3078
1366
7020
9174
399
9449
3424
5587
1840
1356
3928
3459
6789
2420
2144
389
5273
299
8517
4745
1586
6637
3752
8556
5217
8332
8884
9541
8823
6275
4875
5921
4888
9757
5400
842
3303
564
9248
9384
7031
2513
2498
5880
2444
2218
9574
1433
5034
6372
5015
5220
8271
2918
7166
12
4214
3321
9773
3369
5219
4679
182
3877
771
5668
6818
2265
9887
4251
2829
5500
2073
2976
1728
7463
2414
2083
1637
6205
7341
4970
4616
5730
1931
6177
4525
3471
1674
553
2197
2383
2621
2729
4295
8980
5285
986
5844
7068
6475
4290
4778
134
7086
8651
5752
3230
4123
2016
1877
7043
5294
8888
1576
1181
8327
6251
6359
2267
8424
1917
734
5918
5612
788
9439
7679
4037
3420
3157
3891
6564
8449
3930
961
5390
143
7695
9397
7872
5820
4679
2788
7855
5160
8544
7178
8650
3720
2199
7133
9857
5856
4021
8925
928
3675
634
1092
9491
7155
5767
8052
5923
8355
6061
3673
1412
821
2399
6346
1524
8170
8932
8354
6027
9485
2282
9347
4921
8189
3740
4811
1422
9230
2479
8632
1267
9058
4364
8805
1944
1958
3318
714
2181
9882
6537
5561
2016
9621
8268
5710
2332
9610
2226
9929
2805
2314
3276
185
355
196
4032
8194
6888
30
7139
4083
4622
3555
4967
6030
844
1925
9679
8219
8390
7393
3479
3544
5922
8538
2653
6980
3444
1675
9697
7498
7879
7527
9984
8273
4599
712
4079
5980
6264
4844
6738
1352
4960
7733
1667
3899
9058
4256
3496
9954
4943
9875
1489
3288
7571
2724
4188
5237
5800
3209
1634
6173
1672
3226
1422
7683
7329
6535
606
7532
1496
1144
3037
6431
930
7227
7238
248
4513
2056
9164
7183
5791
7069
2511
9816
907
896
4525
1523
1025
2079
8249
9693
6147
3248
3718
5547
8191
829
5800
6753
1216
305
76
1325
5592
4640
7118
9394
7990
6545
104
3787
7200
5463
5723
9645
5734
2818
4370
187
1230
1404
7941
8145
9431
4350
8889
7271
81
8044
4818
6324
1854
5208
7956
2868
2478
6925
9886
6539
5708
580
6349
5228
3383
6146
7415
3049
6762
8814
3282
9696
7443
2845
7247
1049
5237
487
5927
3473
5053
9733
1882
620
4377
516
4462
2665
5588
5268
134
7767
2865
6198
6731
243
4727
4386
1444
1462
3892
887
5507
1870
8363
9288
1765
7438
3504
3399
5997
5229
4701
2809
7871
6295
8358
451
5025
7824
9112
8270
1875
4626
314
9355
5942
7718
4396
1967
8121
1617
1738
710
1016
3110
8898
3614
7832
8891
9276
5738
5149
2375
3245
8424
2182
1983
240
9577
2096
6349
564
5126
1884
1288
8845
1665
6710
1084
1934
7227
4931
3741
3160
4368
5354
8054
2415
6602
5938
5161
1266
6643
5592
8568
9593
2097
1615
896
1241
4414
1208
7442
3638
5974
4431
8560
7649
1996
4853
6833
3684
5519
5111
5548
8016
3828
1264
8476
6581
9119
1090
9088
43
4655
206
2173
7935
3936
5441
1707
3735
3689
5950
3846
5484
8144
2434
6846
3794
255
6847
7391
1582
555
4026
6110
8579
5197
602
8947
9537
2023
6015
7432
5982
6664
1106
1863
1261
9010
2214
9357
4493
7626
9669
4852
8099
9954
8337
7096
3292
8261
3611
861
7816
1848
3426
8688
2939
1303
3244
6162
8119
7251
8712
1194
5521
8526
224
1888
1980
1403
7068
543
2516
7477
5291
8450
2812
890
1696
8079
321
5869
1926
2320
7000
4985
6775
5404
1986
5498
9610
9131
9775
9822
7079
9618
309
2619
959
823
7516
4026
5929
2815
5767
4201
954
8470
3055
7601
7716
7339
6959
1427
8714
6588
3745
8284
9696
8801
3333
6038
6410
8487
4256
9754
1185
4274
6678
4544
9808
4302
4074
2164
1312
4013
242
1904
1655
3289
9012
5594
6572
5503
3399
7881
8320
7710
6490
5208
8622
3024
6590
7300
8901
1524
2029
5900
1317
5544
4342
999
7108
2680
5173
1084
391
3677
8390
2840
3965
6235
4992
1047
3281
5904
2572
348
7720
4231
790
1632
8188
8481
432
1492
4012
866
1783
5081
8394
9437
289
3995
2241
924
7370
9674
9565
7816
479
1110
3002
3891
8293
7466
6835
5677
7768
2496
1470
284
4055
7088
802
4389
1059
7321
6075
286
7815
4097
4907
9828
7314
9106
3120
6631
1152
7197
9527
8388
5567
9590
2824
2384
7558
5273
1347
6226
2464
4326
9841
3597
5849
7478
8376
1275
872
472
3187
6236
2142
3676
2823
7389
4092
7615
4950
5234
4023
5472
9558
501
1425
6304
965
5450
6363
595
7145
2675
9926
7430
6835
5497
4668
3737
7489
4456
1239
3115
1712
6634
8088
4351
9954
5104
5870
1143
2466
9559
6954
4571
4184
8014
3467
566
8577
1259
9565
5478
4236
8546
7297
8790
6377
2498
9946
3807
5252
4362
3201
4828
5475
7586
3826
9797
4548
7487
2328
6437
2876
1188
1286
2179
850
4894
9182
4109
6916
4893
6170
1728
7377
8290
4178
5684
8129
4555
374
8
1307
7743
7851
2213
9874
4227
848
49
2852
1077
868
7206
2565
8523
2888
8153
8434
9211
9435
5527
3617
8795
1966
6372
636
9607
1981
4963
9579
1681
3511
4384
4523
3332
4926
1414
4515
1063
1175
2288
861
1290
5511
2859
9805
3647
601
869
2647
374
7390
4896
719
6198
3637
90
7219
8831
480
175
6376
2443
2448
1060
6083
7861
2195
4213
1967
959
7022
3890
7506
3178
6641
9220
1343
3269
8714
757
4219
2381
7397
2797
7530
8848
3640
179
2946
9844
4451
4988
4845
837
7796
4028
6450
2006
1919
698
1333
4924
6463
3171
4268
9834
618
1186
4964
6202
2837
3017
8367
6817
6981
6001
7768
8033
2479
4940
8309
959
1665
7536
4715
1663
6387
1290
3435
2103
6099
29
8946
279
9856
2424
5197
583
9359
2908
2379
6276
1072
9530
7652
188
9831
1983
1885
8222
1216
8726
670
692
9789
9200
4195
1706
6249
4648
3309
2736
367
8328
7996
8594
4714
2905
3815
1865
6837
6983
5249
2235
4890
6137
4062
9569
5149
7165
4048
4666
1567
6767
1826
7366
7423
9107
4074
3414
2591
6491
5721
8888
2623
2465
2513
8060
4306
206
3807
922
9210
3426
2561
8160
859
9595
6860
5715
2816
5371
1203
9080
7721
1456
4275
9638
656
2543
5561
1173
3865
6530
5185
4963
9040
5057
3420
7810
2717
1375
2441
7035
351
6393
5276
1764
2001
535
3794
7165
5852
3772
7590
1871
2938
215
1839
7769
6299
3177
8680
8570
845
5515
9483
2057
646
9462
5324
3551
9681
5733
9476
4376
5893
1982
9078
8086
1520
8582
202
1463
2763
5122
2816
3789
122
2202
5066
1230
616
3706
8359
8595
8401
3887
5423
9372
9553
549
8953
6087
849
5850
2835
3148
1784
4384
9091
8023
3033
5580
9935
3441
2571
938
6321
3523
6717
5135
4606
8568
6702
3621
869
7831
8022
7668
4817
6323
3080
9180
8557
876
3493
543
8870
3254
4670
1542
2961
2833
3014
7592
8239
878
2869
4953
2468
4125
4917
4951
9399
5636
8763
5976
3287
9877
8785
3556
1937
8242
6097
4341
7076
5224
9252
4017
5199
7757
5197
6164
2832
7555
5123
5939
2283
8866
7654
2879
2310
9473
6345
3594
3637
3392
7089
1422
1383
2618
7030
550
3135
2394
1646
3345
2910
9701
1429
7127
1169
2693
1390
4591
5716
7707
1415
8562
9410
4724
6567
8373
7679
4636
1927
8166
9038
8547
7193
3928
7383
2934
348
3701
6727
6831
3846
4738
9486
5649
153
1384
6345
778
9262
1223
5911
6731
9653
18
6413
9913
8849
3877
1087
3823
5979
3603
6015
1866
7483
7362
6824
9350
4219
1158
1457
3439
825
7275
920
5458
8811
9038
4642
241
3174
623
9901
1134
8165
3231
6249
4873
8677
9589
8124
6594
546
4917
4202
8905
738
6116
9239
374
5171
4157
2395
7776
2738
5884
9704
8668
9555
5600
4489
7888
7146
6754
7358
8755
1544
8273
2873
1118
8818
6440
9321
3776
8626
1994
2038
8677
4586
3470
2045
5456
4779
3507
8119
4586
9242
8062
1295
2098
1119
62
8411
5283
9215
5325
89
2274
2291
8334
1714
1551
9289
3784
4042
3763
9433
2587
3738
3201
6735
7267
9675
6886
9578
189
506
265
6961
1730
8668
4835
5371
8883
7441
9137
5365
6883
9537
1753
1589
3360
1013
1904
7750
811
8763
8823
1589
5247
6009
1356
8740
1257
630
6994
4586
2327
8563
749
8224
42
3974
467
5044
1344
2784
1756
8683
3320
4579
9056
364
3230
8454
1254
2468
4925
4302
2075
6209
54
5666
2509
813
700
3640
6548
363
8611
5875
5551
7895
2475
8578
2380
4153
5400
1939
3
8822
3255
4072
1536
9864
288
3222
3407
6941
25
9985
2851
7156
3475
3201
3237
7306
4232
4967
1984
6743
5365
208
4835
4770
9856
85
4980
1771
6778
358
8467
8593
1807
4039
4002
1459
3264
9018
8380
8782
4485
5575
3976
7076
1507
2997
5133
1202
2535
7421
4627
6517
9073
1804
9585
1159
8983
587
3467
5324
4145
5966
5217
3704
6469
4850
7416
1936
3788
5626
33
8513
2720
680
9177
6800
4586
8809
3269
7747
8777
9433
3323
4548
1683
7881
9964
5201
1659
4352
8442
384
8668
9738
8167
7255
1794
9677
7806
406
3789
2552
3178
5484
9551
6955
5818
2790
1835
1923
1807
1861
8722
8503
9711
69
6674
9603
176
3635
4167
9796
239
1223
4382
4126
6322
9831
6411
2882
2948
2320
7326
2593
3769
8837
9448
6879
5008
5130
9201
9508
1639
43
6054
6722
5596
8751
9454
4015
753
9347
1559
926
585
9487
5466
3575
3000
8677
9658
4949
4467
334
1064
9642
9504
5960
7378
1625
2386
6295
4213
9807
7829
1376
1623
8449
5
5499
6764
8487
6775
7780
6978
7504
1181
858
869
1522
6707
9024
5054
4698
7947
6016
7667
5311
1491
7650
2132
3923
1812
5748
8984
1108
4138
5108
583
9833
2695
2342
6414
5279
8840
8068
2936
2967
1725
6203
8087
6782
3568
6890
55
3284
4144
1419
1837
9025
2537
633
3307
6865
6438
616
7264
9099
3083
8979
7050
3331
9493
8274
8549
3779
1991
5262
230
3390
1946
1091
1616
2328
258
9411
4755
8754
484
6425
9433
1193
373
8093
4879
7329
6866
593
689
4884
3389
2141
7204
8272
8588
8439
4154
6533
6819
8113
2737
8561
7052
4727
6867
7900
7024
4334
5342
1470
5627
2271
7029
6289
9784
4146
294
246
5468
4033
4493
5078
291
9836
9836
5712
5126
6711
9694
9243
1110
5523
2650
8577
164
4544
8079
7152
7556
5686
7883
3578
1337
3050
2857
7775
7863
863
4711
8703
3721
4596
2660
2279
7648
9838
1640
7446
9780
2366
8645
6218
3304
905
2347
9338
312
4199
7913
4292
5764
4730
1229
3899
8468
5298
814
5278
623
7623
4726
2750
1414
9117
9125
18
7959
557
1628
8168
5756
9805
6759
2634
5168
8394
7133
5495
3553
3785
5098
1422
8488
5816
1922
9635
6430
1558
6507
9081
5184
1924
9211
1535
6909
8360
7041
9751
5378
2938
8438
2443
2488
6248
6468
120
6855
4805
2053
41
3355
3146
3235
7783
6537
5652
7042
7023
6892
3324
9326
8747
7422
7640
6105
2655
3839
2438
5270
8985
8979
5505
5046
4852
2081
2202
8469
9245
3358
1591
4547
6140
5186
5315
6354
9540
1994
2765
1739
7929
5036
4685
2511
2533
4161
675
2938
3771
5733
6257
3640
3054
7250
6294
2101
6974
5216
4234
5802
9197
6051
2361
8888
9445
5210
1386
313
8373
6272
1529
4128
4639
697
6541
2789
6620
575
425
4514
3110
3208
443
3132
3250
1849
9378
5435
9309
51
8367
428
6186
4390
4838
9067
807
7821
8480
4539
1757
967
6757
6999
142
7289
1720
9575
4107
5796
6831
8405
6737
8258
8723
473
3425
5893
8062
3474
2337
102
7950
4393
2751
837
1805
6527
5155
3566
5368
184
2298
1026
351
2848
6389
4552
9272
4016
6273
9669
9731
4318
8390
1864
9857
7584
6570
6642
4140
8284
3588
259
9661
1154
8830
9488
2029
8724
5505
2116
1616
9495
2308
9963
6903
7040
9945
5986
1393
98
4844
5
3783
7369
1620
6257
1920
1379
9583
8651
1382
598
2787
114
6529
7507
7901
2504
8173
1613
8428
6958
3029
300
5019
387
2023
8903
2966
4875
3724
7036
3255
3055
8194
7860
4869
6182
5148
3625
961
8685
9342
8251
5669
9629
9049
1502
1610
8120
529
8352
7900
9890
8858
2405
7354
9966
7448
2097
9115
2204
787
6712
9261
4653
1203
4107
1622
1228
6177
6158
6306
5944
3860
8071
6472
2834
4130
216
5942
3191
123
4468
5386
8670
7958
5293
5831
3691
4176
865
6545
6663
3324
8677
6946
7396
4989
6047
7
3822
3007
8403
9622
9385
6774
1407
657
9623
1673
8927
8965
8906
7292
7662
1373
296
5391
576
6820
9677
7863
9602
4307
148
1362
9666
5959
1968
6658
5089
104
1510
3419
8427
5394
9401
3617
705
5458
1384
4947
1121
2994
1881
3719
4338
4809
9890
1550
8192
3292
331
5166
5474
8093
4410
9947
9914
5374
7999
3658
9441
6104
1937
8131
7738
2831
8211
3746
1107
4545
1282
9321
3343
1526
8348
7217
1437
4129
8914
8885
7863
592
427
7535
7253
4459
4331
3639
2681
8652
8850
1316
9746
473
707
2708
3191
9265
2832
3760
1023
4150
1382
3860
190
1195
9142
135
9474
6664
1871
1299
9701
6266
3017
8614
6217
7861
8149
5440
5478
3934
5503
569
7903
5415
9495
9073
4350
8976
8958
7333
2511
5978
1991
1527
7166
8452
7203
3899
6250
3918
6149
3545
4211
3102
3575
7007
109
6489
1323
9681
2294
4574
5035
4623
7605
561
2121
6949
6804
5169
2171
7713
1526
9654
1438
8967
3428
5168
2519
7077
7834
3541
4502
1930
3845
8499
1280
8434
5322
5591
7208
4510
9795
4248
7234
2846
7946
4044
6041
8593
1414
9993
5830
1674
8272
4548
5466
5638
2815
4139
8754
2284
6675
3584
2393
5914
6150
9922
2793
2959
4373
6898
5552
5809
8221
7664
5719
8307
742
9595
4235
4738
1738
3004
8936
4780
7145
564
9026
8699
6593
3226
9101
2534
8690
8254
2202
8163
9197
7137
8244
3911
3176
1003
5689
898
7328
1565
6476
9306
7003
6229
8450
6469
5253
3897
4375
2593
2325
3411
6619
7964
8500
1064
3006
1879
250
4628
5062
5372
7528
9914
2288
9060
1584
2075
5288
364
4699
9869
9312
710
7445
654
9787
7034
7702
5207
579
2918
101
9054
3244
4839
9758
5257
755
9813
4305
5862
3167
2813
5766
6644
1629
4662
6003
9505
3736
4174
5224
4570
9276
7215
9149
9997
4663
5101
9772
6520
3368
9214
5825
173
8796
8605
9882
9983
4133
6734
1928
4501
4822
7773
1468
8667
7247
4810
2311
1240
5607
2697
6486
9002
5794
7185
9357
113
8784
2553
5372
4875
4933
2039
4832
1913
8954
8442
9006
9913
3384
1009
8810
2793
156
4771
1609
7718
4335
9217
2580
3161
3267
5594
7817
2840
4276
1427
1399
9971
4157
5830
4948
5773
1904
57
1695
9613
928
1243
3287
1321
6418
8153
7740
8485
4988
948
8043
58
2180
6399
6190
3484
6161
4586
2230
6944
1319
8515
9792
675
3997
6606
9035
5147
9215
1231
9830
7595
4564
5043
389
7273
9397
5737
3052
3485
9215
601
7523
4873
3025
3946
3266
5619
3332
4641
2939
1869
3289
8751
3270
5570
7717
5703
9737
9494
4112
715
8336
2385
9928
7227
490
3608
1231
9214
2132
3040
6818
4379
6288
2337
7522
7408
7598
7865
9044
7348
8472
3138
7794
3380
1925
7395
1035
2066
584
6058
3939
3596
8973
7907
1400
1601
6531
6584
8689
9073
6334
1072
8677
2556
1938
8450
8074
8319
5733
6153
4451
7700
2395
6331
6154
2413
6125
2017
1052
5431
1300
7439
8398
4520
787
9582
291
710
5879
2696
7524
2997
7207
4021
7997
9202
5908
6927
3705
1016
4819
741
2128
5672
9867
1042
3278
2843
5944
782
7174
5600
8789
6192
3830
2782
4158
8264
8019
8541
336
7200
7110
7219
2619
7076
9324
775
9557
9380
5390
3491
595
1087
7563
7242
5301
3194
9919
5161
3773
9625
6162
5705
3689
3021
7895
7167
724
1554
4029
8842
3126
3393
1872
3808
2908
5215
2508
4604
6361
5249
310
1980
3532
9371
8111
8570
9225
4061
8009
4208
6711
3601
6785
8727
1240
2617
5360
474
3646
1485
9996
2184
5700
9290
4763
8634
9567
6528
2232
2810
6884
6424
9931
7854
8704
3961
3822
24
6087
4789
2022
2900
2275
1542
2399
373
1540
8404
2169
7197
1736
9408
7221
4856
1043
599
745
3382
5676
7763
7143
3028
3721
2981
6014
4355
1737
6274
720
8589
5073
73
756
9955
6487
3636
5639
7978
2935
6880
7622
6363
2875
5909
4572
4197
1498
2351
6599
6410
921
6902
8986
8446
6060
8939
1846
8483
9619
45
5239
8230
3838
6624
2562
5433
1668
2656
2932
4767
4060
1982
7480
5582
8035
1004
8981
4117
4227
4275
8200
7277
6022
1415
7246
5871
4824
6933
5115
5261
1061
3137
1701
7068
9420
8535
868
4070
5304
8416
4518
7722
8158
3600
5402
8702
6725
9971
2284
3082
6152
2299
4767
3301
7954
2260
6375
9490
683
6207
3652
3934
1816
5883
9725
1124
5409
4627
1559
5411
8652
3075
4038
4657
1452
4479
7020
2026
3209
1086
5869
2134
707
1897
9294
5246
9197
5217
1704
9252
3976
4171
9046
4152
3752
8401
6873
476
1623
1754
1014
5011
6278
832
174
2082
5710
3193
3705
6882
9127
4861
586
6201
1035
3787
2609
4083
4031
6764
2679
3347
4766
3250
2858
2245
892
4312
7020
1105
6654
3585
44
6315
1058
1547
2526
7318
8842
7687
1054
4673
860
9145
3446
5915
3409
3274
8823
1124
9338
3521
7605
4565
5464
2479
237
8847
6327
4346
1188
8451
4915
8335
2340
2106
6227
4518
7303
7303
826
985
5094
371
137
117
9218
3263
8087
5222
8056
9105
1167
8798
2243
3098
3652
9221
4966
2522
8538
2381
2503
4253
4644
2976
1727
9427
8902
2661
2317
2718
7370
1605
1980
505
4837
2951
1328
7297
1758
151
312
2341
4389
2291
9125
9155
526
6650
1903
6418
4278
3586
4002
5160
8720
6169
9165
9608
2129
2610
5217
7835
4498
6758
1505
5958
9929
4905
3683
5647
1382
7490
930
4633
2065
3817
1905
6799
5847
2039
3454
9589
2602
477
8771
5288
5146
7071
9597
2426
794
8339
5919
9613
1200
9937
861
7107
1144
5510
9111
37
3354
5621
8770
3551
39
1928
7234
8251
682
113
7365
8939
7493
2622
8501
3916
5168
9795
9445
2561
8214
6338
2570
4973
4190
2983
6485
3811
6939
6585
622
9120
2837
4131
2890
3073
6685
5906
1653
6611
3004
1836
1031
5500
8296
5780
3912
1643
5387
5381
6956
8697
9616
4236
7146
4891
1731
4446
289
2651
3893
2363
9319
3357
8845
2858
9404
2331
5448
9642
5397
629
1530
1192
4534
9077
5370
8724
7538
3307
8514
8306
8751
8178
5172
490
4077
5941
860
1843
3459
582
1497
8982
1081
100
8177
2727
5222
9639
2786
1132
4166
9864
3243
3227
8493
2525
4725
9629
5490
9203
3013
5213
9386
8850
3416
9963
8890
5898
6080
5060
5543
1417
1753
4815
2755
4944
3203
7373
6480
6065
5358
6111
2804
2592
6275
1192
3568
9523
8929
509
5317
473
3372
9667
1439
1350
1344
8102
4905
2204
1176
887
8931
9180
3080
6516
9493
3757
2033
1687
1555
6546
8336
9204
1864
7630
7811
4576
7917
516
7516
90
7342
6870
2178
6053
6813
2922
8129
9849
8789
5350
134
6676
1112
8264
9607
1096
3356
4862
8257
3573
192
3583
7217
5138
7943
4335
846
9368
4396
4811
6409
3079
1348
4459
5846
4704
962
1211
540
7119
8646
4757
1253
1147
150
1177
8338
5247
7937
5762
9521
8966
4119
8692
4712
9224
1290
4386
7470
9938
4893
8255
8573
924
66
1650
7307
709
9289
2713
4958
2520
8782
2616
5871
3362
8667
1878
6178
6571
9874
4032
8654
1321
9997
1067
9757
2359
1916
504
4347
5732
9206
2121
3072
5347
1593
343
5475
2703
6266
2185
8991
2167
5095
6729
2385
8825
1582
5579
6011
9844
5956
102
825
5321
947
7783
1045
6730
8962
211
9772
112
1560
7072
5899
100
5064
4690
6482
5074
873
9919
2082
4771
1607
5188
2688
6356
1003
299
9772
3914
8362
8476
8588
9542
7290
1580
685
2253
3938
7908
2414
2301
9219
1775
9955
1610
8511
9283
7122
8209
8724
1773
3690
6319
8176
5192
5776
1983
1107
9568
4480
7438
3355
2542
407
4050
9235
3460
5810
5579
2726
7602
1484
8449
2126
2388
3895
5317
4507
7422
2535
3301
5832
4504
2785
2859
6322
4942
9683
4374
4153
8919
5416
6042
4657
5478
435
118
9441
6710
602
3647
6777
6110
7832
8324
4879
7300
8093
3479
9039
4870
8393
2032
7279
2547
3718
3977
7836
6797
1683
5886
1289
1964
8680
176
1317
332
3586
3207
51
2844
7557
7402
2941
3927
769
2035
2124
2110
6813
2056
9639
6670
4788
8486
7082
6482
6470
5042
8028
1639
8276
9266
4181
7651
8874
2364
3313
8723
6203
236
6381
1340
8038
4651
6245
9308
3747
7970
8679
3497
8624
8047
6931
378
1015
127
7168
7784
925
7137
7552
2710
5766
3233
5222
8759
6251
9551
1289
6694
1707
452
3219
1956
1228
8909
1067
2885
9148
2170
3870
9313
9486
9162
3359
4910
7814
3790
7786
5417
8851
8476
3306
604
683
927
3220
433
9775
6811
8019
2788
568
7568
2390
3984
1372
3797
9683
1895
5060
1827
8841
9471
252
5715
3014
4758
6314
9381
2626
8372
5531
4491
4565
384
3769
1127
132
2831
7343
1555
9897
2753
8545
4782
5437
953
3306
501
8279
5380
6216
4289
7884
1460
8688
36
6588
1433
657
5168
4130
3485
1946
6216
6988
5643
8035
8443
2582
9626
854
6848
2601
9979
2452
9239
9250
4186
3890
3731
6162
2618
8159
676
4973
9468
826
1759
977
7029
2920
5781
2967
3316
8102
7630
3814
9927
7610
3545
5882
7760
9128
5966
8808
9779
7797
7353
8948
9058
36
2761
2383
887
2582
774
1879
2934
989
6384
2767
7579
9404
8362
3804
2738
5396
8656
2731
769
1612
3396
3122
4994
4073
3271
7036
8476
4722
8366
4757
9712
1078
6983
7943
1108
7245
1350
4997
549
4243
7973
912
4170
1518
1918
7353
5406
7116
3639
8743
2933
8564
5919
1605
7780
6661
4186
6224
8009
4226
8076
8917
736
2841
2890
6133
8925
6906
2224
8353
4235
6509
7630
6828
6593
474
8861
2944
2890
2615
2091
4694
4940
5838
6573
6310
3884
3580
5659
2092
5989
4561
761
2373
9898
7079
9938
2812
5994
3330
9609
8788
9662
3562
6372
9293
6931
7754
4199
637
127
4919
3080
1579
9803
8939
8911
6305
7412
1032
9403
3013
3128
6111
6114
9045
2484
3761
6766
9793
7651
3620
9554
213
9368
808
1824
7438
5382
1032
4092
1183
8163
9878
2920
2167
6404
801
6483
3372
2201
1929
7681
2628
1699
1546
2115
2204
1632
2607
2171
3221
2031
7810
3843
7169
6576
5146
1701
4360
4145
579
9363
3475
6476
5793
1672
3046
8562
9210
2390
7128
7480
5239
9855
5641
1921
6837
7305
1177
9978
3962
854
9165
3560
5321
4831
2701
3060
5806
5480
7949
888
7570
5140
3136
169
401
8817
5936
1652
1257
2254
9652
4182
4839
7504
224
8464
6767
4562
885
4163
619
8550
6027
8733
3315
6817
350
2546
2764
5240
3255
6753
1854
1001
3647
8111
5473
6395
5147
9074
5136
9680
1497
6941
527
1327
6949
6491
2740
516
2544
7148
3346
5631
1012
7806
941
6470
4270
633
2277
9117
4775
3083
3513
7908
4010
5068
2776
2973
324
5443
81
1671
4660
3509
5280
1587
4980
3584
2628
2104
3914
3491
3265
7970
1515
8982
7353
5987
2279
8006
9149
4261
14
6338
1701
1419
8632
8730
9518
468
2372
539
7409
3655
5868
7658
3658
2136
7997
1950
1711
35
1171
9943
1026
1850
8927
8458
4483
9929
2662
9726
2037
584
9135
354
8029
9130
2374
4650
5518
6932
8483
4239
9014
444
3317
9417
1490
2502
7025
4916
2894
29
1848
5497
7749
868
7258
1654
324
3863
6518
8113
1769
1531
1407
1618
5026
283
3350
683
730
8280
7817
1209
7884
4073
8776
9170
8678
9700
7110
8459
9470
3047
2681
177
9958
1957
6962
115
3312
3501
743
2493
1681
9048
5944
2373
2316
3819
7613
5865
8152
5731
9559
8767
3969
8351
4272
7269
894
621
7915
7999
7283
5343
9523
8696
7169
9230
3936
2197
9749
2372
289
6300
328
8875
1586
2872
7018
3899
9608
8827
95
3945
9483
9524
3059
6971
3797
5933
7466
1255
8040
7014
5665
9292
5410
3944
6400
647
6542
2795
9113
1073
652
1391
1387
3183
6281
9987
5707
6975
3978
2815
1909
2969
5817
6820
7403
7032
1466
7156
5540
3497
967
7384
3095
6946
4087
4523
6112
6869
9167
3198
5386
8196
3501
7516
5327
6627
634
4485
117
8598
1176
4311
6090
4784
9381
2661
8009
3980
7841
5051
6642
8924
2562
5624
8681
303
6264
8777
9246
1294
9419
5734
2192
6590
4366
6811
623
552
2661
9415
8012
7069
4950
7944
709
9859
471
2008
162
9797
6817
5068
1187
6134
74
7709
3621
4303
1301
1832
3165
7417
5602
6882
478
1325
4962
4592
5082
1392
3155
2770
632
6160
4402
5981
7562
9254
1130
8445
4723
3434
7277
49
3407
2240
1009
2959
6167
5603
2160
2515
3087
6395
2737
8862
1901
9857
8826
5922
3476
6407
2707
9158
5010
5470
2403
9475
4672
5134
8296
6927
9016
4039
6058
3898
9278
8774
7795
98
7852
455
2446
9193
3254
6736
2146
8159
4587
7327
1043
7616
2774
1387
6422
808
2666
4683
3134
6440
4072
6204
1086
5587
1563
7057
6520
9086
3547
3801
9564
5813
1130
8743
2840
5269
4629
3752
2999
8330
8751
9233
7674
5458
6939
2858
9404
5875
7513
4096
5150
9432
8332
6789
8789
485
3780
4830
9722
3042
957
1752
8363
9060
7890
1714
4959
5135
2276
4424
1953
1557
577
8545
2173
2998
9579
3338
379
7873
5712
9224
7255
336
2597
521
7
8970
6062
8745
7915
3965
67
5209
1872
188
1825
5377
8838
7613
4040
9213
2773
6613
964
3666
1304
5579
5186
4863
7390
3226
4731
3366
8620
445
3105
8483
1111
7781
7368
8871
9949
2264
4779
3289
8379
9060
9392
7145
6508
3277
4118
9163
793
1374
8232
5413
9936
4361
6591
8302
2079
6030
1895
6740
5258
9164
2029
8162
8084
5813
3545
3629
4198
104
4434
4876
3216
6521
2668
2067
2038
581
9188
4833
8902
2313
9605
4815
6613
568
1985
716
3544
6160
4726
456
731
9400
8189
5008
9642
1620
9434
7518
362
3134
555
8580
4585
634
1803
4668
9667
6092
777
5331
1738
1763
9670
3879
6871
3850
2748
5779
3837
1865
78
8034
4412
8928
8715
928
5819
3882
1683
7535
3369
9463
8581
8634
3183
5961
8261
2382
6451
2054
4414
5873
4087
1940
7651
8488
3170
1553
5850
9748
6371
7031
1983
420
1453
4932
1513
5129
6886
4783
7606
2034
6669
6096
6888
7834
4080
24
5693
3033
7076
6047
2685
6393
6777
4266
2076
5399
4429
752
6284
5861
353
4963
9173
8783
497
3143
2752
1105
2767
653
8744
481
2037
5616
2779
5089
8084
726
2615
8532
1789
252
3912
1041
9170
9814
3377
2033
2186
7308
240
1198
331
1436
4162
9504
5605
5822
5065
7601
9024
2406
2957
5918
5645
3716
1105
3258
914
9703
7070
8267
8362
313
4347
1744
4523
4718
4209
2822
3991
8153
3815
3532
5061
4352
111
7328
7498
9415
2528
8018
9262
3501
4126
5854
7337
7838
5479
6348
5815
7768
705
6850
1078
9373
1449
6292
2458
3092
9185
2063
6209
8765
5235
1749
4324
239
2571
6646
6039
7707
2730
967
2910
607
1518
4725
8252
2683
4460
4022
1061
1891
9774
8359
2713
170
7822
2827
6520
864
2490
3657
2993
8798
9725
4453
3653
1572
6198
5916
4518
6376
4674
8183
886
5579
3895
5914
2307
5287
8556
6872
8501
3327
642
6431
7060
2297
5273
9671
6614
6397
102
6744
5441
434
5978
8463
4425
7130
6545
6094
8545
5925
1952
1960
2962
3492
9362
6703
2534
8659
6273
8405
5151
6078
8738
549
5463
9468
6810
8782
2125
9960
2890
8319
5811
4450
2975
2488
5085
5241
9395
2096
8477
4109
8881
4885
8122
6856
7138
7825
3583
3560
9192
2581
7161
3461
322
9533
3366
4054
346
5719
3430
116
3865
4849
4279
5621
5521
2631
2749
6549
8636
92
8528
2022
5082
5400
367
5077
486
6648
6891
9663
3540
46
6044
7270
6797
1661
7492
6161
2649
9004
8436
808
5558
6876
3
4746
5895
324
5460
6609
2689
5899
6370
8817
1437
787
2632
122
577
5266
873
4989
1736
3853
4036
537
4306
473
9046
6982
2965
3884
7473
5871
9089
5803
4400
7026
4569
9391
3205
7391
6475
3682
586
1087
775
4969
450
3193
2285
1632
6713
3762
1284
6019
9652
9042
57
5281
2946
9201
3777
9714
5740
6384
547
4020
4190
9033
1820
9127
7754
1929
6580
6021
2973
2028
4688
4066
9754
434
1202
9468
3769
2983
9973
7402
4160
2105
9188
3155
6132
165
6710
7816
726
7732
8303
753
9690
3869
5774
3662
7108
2068
4125
4319
1991
29
9159
1382
9398
742
2584
2272
6196
7005
7829
6038
6540
2237
2083
5285
3901
3325
9866
5357
8546
4193
1213
3971
6249
1946
6901
7043
2825
7893
6015
5150
4613
4434
3044
579
6073
3670
1798
4777
4509
7792
602
5658
8546
5631
2522
4534
3633
2873
4311
3376
4293
4800
2865
5903
7722
1405
5458
5323
1592
9548
1144
6506
6612
4121
5743
4963
1122
9557
7627
6650
6669
5794
1394
2882
542
3545
785
5386
6328
476
6749
5208
9809
9769
9628
5304
6909
5360
9863
8672
2957
6522
8841
6794
1192
3693
5808
3406
3183
8110
4271
4852
4533
476
7555
5035
7296
944
9649
8392
2424
9597
9021
4173
1353
8106
3915
6340
3988
1932
2866
1074
6178
4822
6694
4793
4662
2840
697
4866
804
3340
130
9538
1061
5543
9854
8875
1767
8185
8279
7056
1700
788
5046
8408
2518
8022
6865
7328
7581
3856
1460
6849
8441
8564
5700
2942
877
7560
4480
2708
1857
3386
4282
4816
7796
5471
7168
8869
4481
1852
9676
8695
2996
2918
3126
7870
3633
2744
2573
7484
5439
9571
6934
809
2483
6407
458
7494
6110
6232
2356
7043
3620
1559
7607
4102
9230
3340
4317
9649
2336
6684
8317
1984
3001
9862
7820
8253
2233
6209
2544
4275
5785
1631
8403
115
6297
5351
478
5475
5707
606
5311
8765
8376
1425
37
3737
9291
7355
7218
481
5033
2600
9356
9079
4412
8005
4524
351
7824
8722
4933
246
3261
9215
430
7412
9325
6698
7091
1663
1611
4386
3321
3305
9014
9473
9464
4143
2807
6222
152
5817
2257
8935
4827
6270
9282
9241
365
3422
706
25
6222
2673
2616
4517
6825
3541
2987
6709
3612
2241
8252
4550
8535
1181
6274
2580
3164
344
8090
5370
6468
2591
5779
791
4938
1012
6523
590
3894
8618
2826
320
8647
5431
1575
3152
2327
6411
8377
2400
2649
6686
7101
3148
2817
2909
6966
1284
4412
849
6031
7828
7484
6458
1147
9752
921
5406
4464
4623
4993
2879
1727
792
4636
8182
6477
5991
6538
9541
2519
6992
9389
7603
2029
733
8966
5779
6279
8550
4579
7361
9622
4274
671
8463
704
7271
6463
4707
1527
8811
1077
8052
175
218
8345
778
3497
6503
4002
8813
9876
7644
1729
1831
8080
563
4116
6685
2894
3180
7490
6312
3410
836
7224
9930
1496
1198
4563
9896
4540
2305
1021
2777
7381
4196
800
9134
7332
1345
6529
9290
5883
273
3725
3800
5273
1769
6570
3367
3403
8749
9187
3470
7354
6327
6971
4856
4771
1803
1979
7482
2516
7254
400
8133
2807
3791
2953
3347
9387
3403
6191
5575
9948
5405
9092
9574
9236
8636
5327
4940
5994
412
5931
2599
5135
4986
8486
7849
7763
3316
2297
2719
1445
2023
3003
1767
4583
9576
9606
365
9295
2665
3563
2527
4469
2793
4594
6942
1155
8186
6494
9722
6347
6884
1164
5327
7712
2519
7144
2951
747
8977
1603
361
5787
3772
7725
8394
8299
9179
2223
7827
7122
1524
9591
7119
5235
2289
6161
7696
1087
4699
6397
7972
6659
6109
662
3468
8446
1640
7941
2327
8214
7080
2056
342
7077
647
4619
1039
213
6474
3835
240
2010
1644
5380
2569
6397
4662
3797
2053
9709
9005
2497
2002
6083
9838
8561
2294
9903
2348
1890
7036
1183
1866
603
1602
9026
5387
3859
2211
1140
7948
5553
7553
2417
5386
9661
9604
3318
935
1119
3075
7382
8901
7813
591
8843
7734
5223
2640
1233
9696
8724
8228
3556
112
7920
4129
5659
8852
2192
8141
7596
1563
4371
6023
4093
1054
5421
854
4976
2965
974
1738
8924
7099
6083
6542
7969
1181
918
1740
6471
8896
7123
9674
1792
8539
6037
7355
5312
8645
4478
5046
5442
8271
3646
7313
4678
7579
3212
2173
3031
43
823
2790
3299
2162
5736
9353
5707
4269
1290
1444
1441
8699
9995
6449
1611
5732
7463
9065
8009
6315
3097
7226
7079
8657
7763
4189
5984
7204
2575
1365
6668
3253
2623
3381
3542
2875
309
4939
997
4633
4552
6735
1507
9345
3857
6753
2049
9768
7296
7391
6632
9038
8035
6694
2083
7901
4737
7339
8921
2216
6055
2930
9391
6171
8069
8905
8722
8074
4434
1277
1324
4242
590
4160
9101
6487
435
9587
2464
423
2779
7693
8532
1718
4071
4459
5269
5998
7985
9749
9212
8065
6254
6972
92
4592
4238
1729
8640
8092
8041
8476
4978
8341
7773
5220
4255
3102
6181
5149
8111
6621
1855
8562
2743
2402
762
4452
4065
5987
7096
349
8296
9934
3504
4626
2864
5386
8488
8294
5589
2423
9040
3009
716
4214
8918
3667
9923
2524
1695
1776
1552
3310
6465
6988
1257
4768
692
1806
4021
1304
5293
2637
9748
8330
3742
550
1758
8785
6233
8468
1211
4907
178
4938
4676
8543
2135
1474
6165
6049
6432
2739
2424
8106
2364
9262
6049
5350
7130
3177
7218
4587
8323
6921
9940
5840
9204
5338
5025
533
1510
1861
8415
2816
7760
3200
1044
9785
5197
3523
5638
2687
9583
5954
325
7231
134
2656
8402
4887
4992
4188
2135
4796
1621
5350
4185
7423
7321
2598
5297
5181
6314
1902
3076
3347
382
6137
4749
1365
4806
4163
6275
826
8367
5399
476
9467
8200
9688
6543
9299
9308
7970
594
3770
4241
6402
7106
1441
1059
7074
7702
8237
627
3209
2250
2081
2525
5318
6074
6883
6892
639
9270
145
58
1304
5607
6185
3488
5303
6307
1545
2334
5624
6802
9955
3867
6160
3194
7073
98
4039
2923
3273
5267
607
8943
8321
6069
5625
4674
1771
9732
7349
6256
8264
5113
2179
7852
4336
1689
4671
6767
4974
9714
6394
4544
4100
8675
8394
9007
3937
8055
1899
9122
4807
2540
1539
1615
3407
6043
1537
9886
5171
6992
494
5545
6933
8822
6373
8707
6287
8462
4113
8751
4737
1650
2631
4265
2278
7327
7156
3639
810
5402
9360
6761
5022
2050
6011
1338
2496
4242
584
5087
6455
6534
1262
1659
6124
6191
5646
7272
5200
3958
8795
9885
4631
2461
1123
2972
8875
6417
9789
8833
4380
9976
4949
8918
9959
691
3147
2423
7320
9788
3394
6417
3170
699
4417
1535
979
1181
7757
1224
9762
7528
6801
9710
3392
2748
4408
261
6945
2874
5706
8234
1266
7336
7306
7691
1098
4046
1891
5224
2778
2832
9730
1063
62
1020
5542
9594
6515
599
1086
9162
268
9533
4808
4953
2053
150
2986
1750
7448
9331
4564
4786
3085
9327
9165
3596
2673
6810
6650
1843
5137
7356
5235
3924
6053
414
2042
9713
4066
2548
9135
9935
8458
3893
4718
1570
3604
2398
7986
6435
6997
6886
59
3505
4279
9660
1064
3043
5590
4439
37
9113
4694
8355
9112
3346
7266
2571
1997
9702
1453
7060
5416
4238
2701
3985
2192
7651
68
8953
9966
9381
4637
8455
8074
7267
430
5439
8945
5501
7859
1855
4530
8209
5616
5948
6669
9979
6330
3952
2488
9159
3714
2197
9472
3722
7851
9534
8362
8097
3813
825
4433
9859
2918
6646
8670
8329
4273
5209
7414
8480
2310
210
1621
4409
7659
1749
4652
4975
63
1276
2445
6498
9437
1335
9734
6853
9337
472
1221
4580
9062
1039
4916
7584
8415
3157
1620
6045
8370
5845
9787
873
5964
8799
5173
4455
548
7549
9283
3144
9692
8021
1337
3922
858
7615
370
541
9318
8286
1989
3546
5559
4459
7808
6543
4603
5729
6127
2786
4138
8946
1262
6418
4275
6879
9093
7327
8681
1953
420
8212
5990
5251
1941
1343
1784
4150
2253
9276
5826
6661
509
4326
7149
4962
1380
492
2153
1426
1195
1096
8629
4549
1720
9712
1636
6565
8639
2460
5909
2874
5304
3236
277
4292
9247
8578
8445
3430
2168
8937
9130
6708
5660
2739
3786
5954
1654
2510
1032
3981
3160
2110
5174
8579
5700
5155
451
1301
2560
4455
4301
4553
8261
7976
2232
2223
3060
2899
7273
3001
4354
1069
1289
1680
8411
7127
478
6647
310
2256
2064
9851
9726
6972
5005
244
17
9851
7902
1763
2173
2382
3891
2338
9960
4790
3569
6338
7292
3499
6321
8549
1074
2932
3982
8404
9647
6555
190
9631
6287
8232
2133
5919
9780
7519
1303
5524
3656
9147
8490
6985
8960
7432
4516
3346
3331
8215
9232
355
4785
4936
455
9940
3538
3909
608
1492
1728
43
5871
7912
6829
9312
8997
6245
6089
7302
2670
5717
7528
2606
8837
8643
3244
5838
6918
8297
9203
369
578
9022
3829
8496
9645
1032
4326
5772
6734
3450
2840
5453
8765
3306
6756
1916
3407
2418
3951
5292
7437
5306
1130
5701
6668
4625
8906
4852
1430
8863
3718
3636
882
1253
7843
195
8573
906
425
2449
3052
113
3740
4336
7695
626
9164
4992
2092
2559
4898
862
9287
5344
4003
8441
477
2073
7452
2293
1051
8005
8316
2983
6749
4059
6168
4508
7757
2057
6476
2054
8408
7826
86
8673
57
7428
2904
6559
874
5013
9744
5449
8746
7028
1337
2838
7382
1676
824
6377
9695
4510
7127
5190
7884
7440
6104
2004
7116
2726
8264
8029
7473
9434
4673
7149
2308
153
4832
95
5724
6528
8738
9827
8037
2153
191
2878
1287
9960
232
5783
6737
9906
2014
8029
6893
5114
8707
3146
4412
8309
6461
7466
9689
5226
6706
3712
736
4016
9683
5575
9566
7003
8080
4206
4003
5806
4317
5751
626
3190
5287
149
2314
4580
2603
6553
2777
6373
296
4193
4016
429
189
8207
3204
6574
996
645
9367
5286
4616
233
4732
4786
4657
2640
6365
6730
8063
929
6359
4956
3848
6885
7522
7578
6899
1582
9687
6941
9200
4399
4619
623
9691
8180
4588
696
2188
7487
1656
4949
7902
6538
5793
3152
357
2182
3881
9056
6971
4269
7984
7979
3221
8109
5473
4545
2308
8527
5213
7900
4171
6553
7094
6961
3174
9747
4008
5701
5446
1677
7935
2740
7695
65
4918
3983
9061
3077
5862
6126
3346
9900
2591
3039
3883
6514
6322
4223
7545
8016
285
4491
6358
3956
9771
8639
8755
8484
5638
5737
637
6834
8509
8015
2085
6105
8081
522
6417
3392
6118
2058
9532
6603
9707
97
3267
2248
7258
2678
5410
9534
4718
6142
7991
9519
4644
5276
8365
7333
3280
9527
8300
5537
2386
1475
7630
8203
1314
6956
6121
5670
5737
3447
3400
2171
6939
4742
9732
6212
2295
7391
443
7542
1005
7830
3521
1417
433
2700
7618
7994
9111
1996
9184
6420
3571
1764
7745
8874
214
6124
1465
7131
2554
5552
4693
5619
2537
1465
4564
6317
379
6094
3880
2484
7638
5015
906
8468
9690
362
2468
8459
8034
1613
8275
5893
5674
6135
8417
9258
1315
4508
6422
7805
7576
9318
872
4092
4596
578
5751
197
3004
2341
6844
4245
2593
3339
6127
5291
6493
8385
8933
2954
7423
9125
5404
1007
6814
8766
8510
123
6952
1380
5389
4139
8879
1882
1476
7769
8489
5456
681
8069
2940
3572
2014
5402
9949
8916
7562
4002
4658
5644
5036
8347
4709
604
9037
3982
1596
5510
670
7351
6766
3585
1686
1595
8728
9862
481
4229
3100
4149
1862
283
9023
6219
2940
5638
4079
5260
2084
1935
65
2426
5443
7524
2806
571
7265
2559
7276
6738
5728
3341
1435
9146
3352
7603
9899
8207
5388
7149
4684
4110
6188
4270
1657
4115
8313
754
7503
1026
5179
4602
8597
3490
8078
274
3945
8485
1592
8614
7139
3630
2586
5410
257
2902
5728
8401
2868
6924
5524
4981
153
1932
9556
5604
6175
2486
3937
2515
4158
8286
2581
4402
8529
941
753
8797
12
9877
7115
2731
6574
576
2341
6025
9456
9819
8874
5739
1557
4433
1505
4947
7841
3286
6976
3035
2904
7337
3699
7732
9990
9660
381
4518
4356
3700
3360
1783
6656
6376
8821
3061
8571
9459
1990
917
9638
6421
6325
7985
9096
3729
8998
8799
9636
4690
8327
1802
7335
1827
5570
1206
6015
4318
3249
794
5477
5082
7883
4240
7705
6093
9679
1830
678
4555
5137
4826
7883
4053
5583
5369
1619
8319
2968
3777
4159
7954
5945
5807
7971
8244
2880
1953
5589
4703
5672
5847
3796
9041
5015
2405
2644
1714
8287
7506
6424
8802
6538
8009
1366
4488
9738
2136
2187
1185
6370
5296
5255
1050
2745
1151
3999
305
6283
8691
3996
6009
9137
8615
6187
408
871
4341
7749
6659
8198
9962
425
1646
1382
7232
5704
3756
5648
8333
5602
2570
6965
6742
3681
6402
3444
7544
2982
859
8387
3571
9304
5385
6922
5026
8907
3920
7888
7717
4839
4259
6434
2602
6889
5319
9407
1248
397
5158
1916
5577
1548
8011
9423
1159
9551
8279
5475
2920
8711
6701
2241
2434
2929
8857
9168
2114
7729
9956
3728
9
5663
9277
8293
796
3668
132
3883
6624
8999
6194
2102
7614
3033
2288
4938
696
1549
7773
391
2923
4072
7154
4136
7372
2594
3990
2505
8142
9706
3481
9889
3055
6727
4188
4350
8511
8117
3808
8749
7077
2285
8959
3089
9976
4954
4896
6974
6450
4257
4432
8250
9263
5869
5307
7817
223
995
3139
9748
9586
5043
5317
7418
3965
7281
9305
7359
4360
8192
2350
174
9626
1787
7721
2888
1570
8656
8648
3362
6968
3382
5798
1383
989
4811
429
2343
4548
8283
7225
6662
4509
5107
4270
3384
1481
1785
9597
974
7221
3484
9541
2990
7787
5850
5423
1928
9792
2432
4123
9776
8052
9096
7707
5420
9860
4178
8857
6412
3126
6204
1275
167
8713
4218
1473
6964
3194
5277
8765
3980
3900
7096
9593
5554
5101
13
8829
3605
2685
615
8769
4930
6032
8218
6283
5014
2618
6856
6541
612
6308
8426
7769
7765
8894
4698
3395
1595
7856
5811
7982
4693
2266
3597
7620
135
8566
9323
5520
8992
8798
7672
8298
6210
9472
2553
2600
3337
603
3243
5732
5497
1101
6892
4634
1922
8922
7774
6604
6316
5539
2294
3595
3521
6389
1129
9938
1913
284
213
7578
9678
9835
9378
7624
3815
1990
4675
6659
6458
4151
7740
7535
9069
8909
5372
9836
8608
6446
7002
6891
6895
8181
2009
2358
9773
9500
8588
258
2129
2812
1200
4404
3485
6477
5217
81
6174
1186
7374
3066
5095
7652
568
3543
8990
160
4909
5994
4012
148
2167
5968
9246
6828
6801
7021
620
7533
7512
2395
5195
8609
151
6704
5414
8021
6704
5334
4007
8617
6889
1548
4470
529
5020
2768
7315
4062
3849
8000
1507
2233
662
9847
3064
8905
5174
731
2610
3511
5462
3873
1410
3339
9937
7655
2754
6244
5558
7578
7427
7447
3274
9959
2633
8707
1830
2624
2176
3162
6008
3060
3084
2360
6046
8082
2406
3229
6696
3850
320
7057
5338
4458
1519
8807
1068
6333
4791
9278
7322
5894
1377
8394
479
6288
9501
9358
398
7817
3674
5641
8771
8263
9627
4389
1483
3610
7384
1046
2168
560
53
4876
1909
1656
7231
2371
2667
5655
6778
4386
6690
119
2288
2044
319
4453
892
6459
8180
8193
8357
1192
7152
2876
2745
4411
8523
6171
6840
5142
3060
124
246
7638
5957
9410
8837
2984
5839
2111
6937
1958
5845
3110
9917
4856
3410
6834
3700
164
4721
442
2199
3771
1194
2735
7286
2200
9784
8614
4197
3594
7480
7101
6580
3386
3212
5778
7178
7852
1849
9135
6316
2442
4935
6432
4359
865
8424
9928
3398
6784
5261
9130
7635
7910
6997
1140
3639
644
7040
148
3126
4306
9511
6985
6981
5636
2572
5625
1351
4338
354
8223
3522
1148
674
668
5799
8153
2648
1057
8886
9201
3676
5637
1714
5578
8858
5843
9654
9849
595
2026
6054
2490
2409
8236
3415
1853
8157
8954
1038
6797
7935
5680
1312
3022
4636
6123
7029
3587
916
8824
2798
1428
985
3486
6521
4475
2011
3036
8619
1134
1445
5867
5258
3501
5683
1479
6042
2821
2610
3678
6755
1962
9325
3940
2237
3278
1413
781
8358
8450
3231
1025
4274
2817
5934
9874
8335
7792
9730
3360
5213
3580
9294
7646
5225
3343
6315
9049
4760
6467
8191
3635
7029
1363
970
1724
8070
6682
3333
3495
1531
5504
5152
2927
5422
3670
901
510
7212
4301
8158
5742
1893
7164
1209
3345
7721
7994
2478
9267
9384
4156
8292
9800
6901
9809
9374
8587
7356
3230
6253
2850
7902
1837
7851
7622
4466
8673
7767
6642
3625
1844
6934
4790
5465
9064
3663
7278
8205
1160
7736
7730
8629
9260
6767
1367
8769
1696
2118
6350
5476
9354
6173
8355
8346
1934
1245
7738
674
3625
6957
978
3309
6214
2889
6684
451
5332
7746
9839
7573
8086
7205
9444
6083
4596
2158
2820
4926
5005
6839
5726
1722
3691
1831
6611
9827
5274
6910
2907
4759
8122
600
8666
8189
7994
8085
4743
9595
1084
3424
8087
2554
8006
9623
9531
2870
3305
4087
1066
3360
2721
3987
1562
2821
2844
3832
8745
2931
3427
6789
3763
6772
5573
5663
9416
4817
3485
9130
5421
5009
1039
4113
8894
8322
1316
7549
7061
2772
559
4306
5877
361
1650
2599
4892
8123
2907
5245
5411
8805
7382
2507
6431
6168
4761
7918
1490
2470
2786
2285
1739
2120
3053
7697
4707
9642
1497
8827
3178
9653
1093
9104
2343
5045
9516
1932
5766
7917
91
2987
2298
604
3612
4407
6531
1338
9239
2320
664
9870
7301
1790
9792
4590
3516
4797
8660
2967
8892
298
7628
3899
5
7442
2143
231
668
5717
369
889
7896
9431
2676
1832
2104
5430
8852
4295
7865
6966
5953
9791
7248
6576
9307
4036
5489
8888
3432
2035
2229
381
6806
3700
7708
7170
5737
2322
5450
8575
1753
9646
693
5228
5110
3678
3667
1901
3188
2988
8021
6204
9016
5297
9371
1378
9849
6116
5070
8213
5219
6750
900
2978
2014
2607
1307
8164
3983
6917
86
9816
5158
6021
4103
744
6530
9381
8042
5765
726
5512
7968
8473
9446
8826
424
1189
9779
6772
1750
1829
6561
6457
1528
3746
6340
9714
7297
3642
9448
5318
4254
3806
7326
9378
9389
1370
3004
8142
4039
4776
7076
2581
7011
1444
6692
289
2757
7485
9244
7825
8013
5053
1639
6041
1541
3958
4872
61
2495
1816
4500
2776
6191
904
6572
3515
5506
2658
4291
117
9938
5844
6033
6779
7981
8562
5737
1802
5967
8609
8137
9177
2233
1652
5906
6569
5999
2002
4954
2858
844
2148
2956
1072
1840
7664
8730
5996
6217
5121
4586
2233
2475
657
1111
5086
2080
470
6559
3210
132
858
577
186
4566
7847
3056
1954
9460
6955
5751
6162
2381
9112
362
6342
7097
3576
8696
3077
9671
1346
4736
9584
7442
501
3461
2461
5810
904
6921
2853
8802
2572
4677
7985
4725
9390
5010
2272
3460
5366
9823
9787
509
3198
2698
2652
899
2063
8586
3944
3895
3806
5857
535
4909
833
7363
3657
7614
9589
5739
8999
3461
1033
2005
5701
8310
5979
7555
4942
7659
7717
4856
2892
7951
2845
1415
8289
3022
2842
8484
574
3041
3027
2996
693
6233
9937
1650
4386
4603
5107
2332
7470
205
5472
213
3986
5254
3731
2081
2990
9304
9123
3684
9821
6618
1774
5183
3041
8165
6771
2740
7332
2611
2823
8708
9632
2323
9011
4788
1405
7906
8203
9675
3244
9953
9583
9160
1414
9711
6766
5834
4248
8386
8344
1754
6177
1613
3248
632
502
9849
8631
3106
2713
8538
7465
2170
5902
3338
6696
57
7142
1963
8783
1365
2336
6977
9353
8304
6886
7473
660
476
8349
2501
187
3654
7884
352
3992
2556
8423
9936
488
3233
3632
4799
2391
3102
263
6180
6758
8726
5053
5419
2415
9252
8582
2162
7925
2190
4820
7636
3896
525
9192
2887
6449
324
3496
8215
5732
1045
5525
3760
8994
9265
5428
1777
9780
3601
1411
1130
531
4011
1108
5370
4408
9434
928
163
6881
1257
408
64
648
8129
2473
6370
4802
1172
601
4519
8763
3683
5584
8192
6333
8753
2312
1893
1585
5122
6348
2370
3094
719
2788
3099
11
2843
4525
4279
8540
1488
3079
5698
4180
703
2587
3815
2846
1297
5205
6976
754
1519
6115
7237
4911
8493
286
9269
2024
995
6201
4198
8071
4966
9188
101
45
9359
4714
4444
568
3990
3647
4200
301
4691
3868
1902
6927
1693
3485
9174
7903
1000
466
2208
9281
2455
8167
5227
7283
4979
5222
5185
5530
7454
9585
5949
5158
4239
2270
1417
1480
7803
1900
5648
2692
5127
4301
3563
1136
7372
3936
5561
7721
4328
296
6676
9776
3953
4271
2807
7321
3334
8714
8540
7781
9898
7599
9069
4046
4202
9980
4911
567
4888
9437
5472
3668
1772
6029
9537
7371
5493
613
6962
9244
981
6883
3422
4713
9473
7514
8327
614
3748
9140
7066
2947
7830
4435
2957
9700
7375
9002
7170
3242
1164
5027
6190
9388
583
7326
6731
5156
2044
8847
552
7
1812
1375
6395
8215
1457
8679
2283
8704
2932
1086
6348
152
1344
1828
9029
6325
70
7626
6915
4824
6813
5735
5913
9254
4469
1287
9478
7653
2350
3438
4771
9478
7129
5289
5780
800
9215
2527
7423
1520
245
9295
9233
1022
17
1418
5852
4627
818
6280
7458
5229
3116
2604
8279
5762
7727
6440
9661
1216
791
3980
9547
5147
1112
6308
9588
671
4892
5411
6872
6884
592
3938
9709
1291
3718
987
2434
8926
2707
6133
5753
4108
4488
9701
2491
4849
5953
6959
5719
9115
2172
8467
7773
3796
8521
4194
2697
1091
5959
397
3328
3752
9179
1898
7559
7862
3060
2537
3461
3322
6020
2661
2310
6295
954
1341
9279
6663
4804
459
24
6939
5942
7984
5430
924
7892
388
9458
6887
9811
9861
428
2189
9672
2337
3777
5948
9169
2639
2706
2336
9759
4958
3654
8361
7324
9086
4418
4276
9843
1739
7598
9339
5001
9292
9491
697
7875
6584
4787
3693
9555
5480
815
6853
7694
4878
9672
4242
1522
2563
4150
7101
3315
1325
4662
2772
9742
4804
3477
6487
4015
3453
5105
9868
8854
9289
2412
4874
9299
8372
9889
7264
9504
817
7717
7535
8976
1341
8487
8790
4695
9358
9218
3461
1174
5240
6547
9728
9992
5042
9376
8314
1215
3646
5945
6643
1354
5214
9897
8631
7554
1383
9852
6214
2524
8158
7157
7843
2371
8491
1013
9112
9986
4682
8332
7260
1425
2792
8846
4769
6672
2221
6428
9866
3027
7212
6505
9657
1540
7550
4522
2050
2234
7563
1606
932
5536
1382
1345
9706
2934
1986
7529
9359
8997
9796
3650
8780
9797
6469
8602
926
3202
3714
675
4987
7816
8879
5383
23
2827
6579
248
7214
6284
8147
4867
7412
471
1227
5511
2316
3197
1245
164
304
2179
7995
9432
4858
4438
5772
5405
9372
9330
9998
4775
8989
7683
3914
2596
1142
856
7432
8150
2099
880
8288
3829
1798
7197
939
1482
5447
4292
5719
3994
3968
210
513
8521
1098
5819
168
9440
9790
7852
8811
5137
7473
2511
9659
3234
1325
6763
7685
6332
1033
7684
7885
1796
8614
8301
8159
1161
4325
78
8793
3523
5785
2944
9190
5246
7167
6921
2903
4865
5248
7307
5974
3203
3962
4371
1052
184
808
4555
7440
1879
9571
3688
1510
8095
3483
8402
6520
162
572
8588
8361
2002
7319
2959
276
1991
2137
8807
4809
6774
26
1439
5153
1441
6454
1529
9836
3377
1585
1767
4404
9681
96
7715
3700
8967
8223
6811
4106
4093
1732
7423
8285
7602
3381
7681
1322
5620
8491
9918
1609
8025
154
437
9722
3703
9570
8635
4810
7339
8244
9057
7757
8563
5382
3678
7469
2216
6888
7111
3671
9948
523
6346
6314
2682
6687
2551
8369
9269
519
4838
3378
3446
7306
4593
6868
8221
7394
3602
3856
6039
7803
5595
1653
6616
7692
4198
6090
6136
7506
204
9410
4926
470
7614
2932
3416
398
9717
6701
2175
1372
5812
419
550
2220
4439
5787
7090
7986
1804
5520
2795
3236
4207
2092
8168
9602
9350
8090
8630
9150
2084
7668
5509
1883
8254
4066
746
7204
5571
3739
3226
5450
3911
7705
4443
276
6103
2115
3465
696
2230
8680
4858
4106
828
2697
3843
1576
5421
1701
1249
1211
3387
4692
1244
1257
3370
6848
2794
8800
9505
1863
4607
71
8405
2884
1574
5507
8541
1210
7268
2534
7160
2667
8939
353
9571
3417
4707
1016
5810
4088
9793
6860
3349
6916
8912
6451
667
1123
9854
2475
3865
6484
4455
423
3540
9746
6261
7217
5860
6582
4902
681
468
4497
4310
2335
5907
1086
8745
3239
4793
3650
5607
8267
3971
4605
5892
745
2103
7457
6511
7938
418
1695
8381
8853
7809
7217
80
4632
8390
1145
1611
3715
419
7426
5135
3749
3175
7198
6531
9941
3456
6137
9620
8321
4978
8961
1103
4973
7294
1680
2079
3168
3546
1070
8471
6754
3452
6080
4883
1914
2547
7564
5705
953
6096
231
6596
7023
3763
8002
9368
2916
4468
3339
5358
9112
4683
8677
2374
4829
865
7946
5958
5366
1682
5907
6009
4880
8059
3320
3301
8498
7553
2968
6076
5187
6145
5576
4345
4577
7520
5564
3347
5612
1570
4231
7059
1697
9868
5833
4571
5355
2732
4770
7932
203
8584
7571
9814
3029
6672
1280
1803
565
8654
7382
1316
514
4861
376
305
3835
7425
1495
4156
3364
9184
7996
4828
2572
7713
1290
1489
9821
4487
2877
6854
2456
3869
4142
6973
986
6627
9050
6481
6595
3018
3987
4253
1820
5859
2431
1412
2436
540
4354
367
7838
4597
1762
659
6737
8549
6404
3774
7755
6030
1717
8150
3972
9994
6855
1234
9480
5311
1027
6086
444
3590
6208
2593
9579
9741
3270
3357
7664
6536
1868
1359
7279
5889
7295
4946
7847
290
908
1519
1839
224
6457
9959
7560
9460
4162
1528
973
8981
1366
526
9226
1332
2549
2286
8810
950
6855
4420
2404
1620
3709
7720
9662
5177
5274
2152
5575
2805
4168
6065
3639
9441
9016
2692
4164
516
6668
3638
4839
1095
7228
2565
4924
2489
5118
3660
3765
2347
2018
9985
980
1758
2240
1368
4558
7865
8863
7170
9836
5574
2336
3177
5412
6280
62
6360
6148
7439
5039
753
4076
9756
5339
1138
4794
4295
7424
6952
9914
942
170
518
5810
2442
547
1842
8628
8332
7624
90
1177
4538
4874
5817
379
8906
5064
7108
4079
4502
7115
6146
8966
1635
7504
2882
1370
7515
6659
5722
9920
5228
3056
2210
8876
9644
2829
4525
4120
6533
4884
848
7202
788
1153
2159
3276
4200
3100
7139
6460
5751
6976
1618
1029
5136
396
5930
7178
162
8678
2243
2907
1847
9706
6060
8280
2173
6653
7821
3842
9721
4249
6173
2598
993
7538
7601
6336
7702
7593
4855
2294
4754
9876
5086
2867
1817
4213
522
1938
4603
4930
8342
9946
9915
6230
3958
4961
1264
3845
681
8729
2310
8824
3622
6490
9286
8440
6298
2985
5905
6973
2591
7160
4160
8549
4614
3029
5085
2994
3482
1211
7188
3249
5681
4782
1063
9271
6513
3918
3038
3756
5491
6114
2661
6502
38
3982
3123
7906
3876
1668
1175
752
3496
4342
7911
6637
9320
3425
9324
1566
3822
1525
8837
7581
7097
3576
4512
1352
985
9763
7412
406
7451
9969
7378
432
1841
4512
1010
8014
7921
5274
1661
9520
177
9462
1416
916
8785
3262
4359
1769
4843
7879
9075
8062
2243
5657
9685
6889
8385
610
6832
1211
3871
6817
8761
3428
2949
9450
7855
9454
9863
1063
7499
6502
3184
6248
9100
7330
6749
9265
1375
4477
5459
3541
7195
4797
5971
6257
9073
9040
9903
6273
4250
2582
9430
8119
1966
3032
6842
4815
3222
389
1193
7076
9933
3560
4245
6842
6787
4619
6573
6710
1884
6344
2254
7002
5280
8579
5600
7895
9395
8086
9965
1053
8181
4851
6580
1995
5138
7811
6969
3525
1271
3655
3431
4739
1466
1842
142
8517
5657
1050
2746
864
7496
8833
3815
7124
6670
7111
3260
7868
3956
5302
189
5104
4447
4278
367
4698
5754
6348
3470
5545
7940
5293
4016
2142
6074
8724
1941
6736
5591
6457
1325
7536
13
2325
3658
5399
5463
8957
2210
6976
5974
4981
568
4385
7634
3293
1366
5632
9568
7857
4689
8738
8022
8555
5497
5621
8768
6829
617
5020
5882
3946
5438
587
3114
9104
9526
7627
4849
8065
1772
3160
6105
9961
7047
8437
5666
8578
9122
419
5442
7218
89
9643
3980
7456
7317
8906
4653
9822
984
9858
6244
7733
4522
5749
6733
2118
9872
3058
130
4833
6370
2652
8734
5614
4403
3448
695
4485
8411
7736
1511
4870
3412
3689
1051
5709
7770
5113
6734
9858
3014
1212
7765
2926
5231
2822
7355
7334
9416
4458
3777
7362
5434
3934
7847
3562
730
4672
6216
31
6223
6270
8089
6561
6170
6323
2757
3171
4406
4773
1773
8681
9419
8300
4315
2498
6561
2644
9610
200
4619
8945
6794
6070
5486
7036
6219
6937
295
1531
4128
9201
9347
6808
7790
4928
7348
6983
4753
8296
5017
5298
8546
2840
3119
9818
2778
1103
5401
8924
6976
914
1253
709
6070
782
6126
3818
2472
3929
629
4613
4431
1952
3820
743
466
5893
7848
9366
6055
3668
5824
1393
6849
9533
2229
693
3206
5414
1568
6678
259
5875
5582
4310
8911
4229
1656
5153
7252
9392
6778
4247
2865
3281
4123
6786
3244
3325
2358
7866
9102
4388
8530
5211
3568
3702
303
310
171
4220
8606
6356
1877
1183
4639
3985
5693
3818
1235
1749
640
4058
4742
4316
8362
6164
8145
5218
3255
1612
6426
61
9127
7751
1736
770
4186
2021
9942
6986
7735
2454
5887
6097
6224
2806
5527
6182
5727
263
9809
3619
5564
6057
2933
2017
929
343
933
9922
8697
6347
2236
722
905
759
7016
8000
531
5113
8882
3559
1951
2563
7630
5135
3601
4552
6712
3466
1675
7013
3366
6691
9106
3862
8370
5300
9369
9101
3690
5523
2645
5456
4221
7632
4257
1681
3696
5258
7786
8151
6126
9840
8895
2151
167
9474
5963
9084
1078
4965
2797
8581
2551
1694
6623
1797
692
7238
5219
7544
7272
9395
3596
4906
6458
473
5472
123
9927
6373
6879
3778
7574
6332
3275
3310
5321
1865
2597
249
1776
8523
1901
8037
7609
1787
2271
7498
371
3147
7414
9824
1647
1352
9755
2980
8790
9032
1248
8990
3362
68
6889
1603
8611
1107
9402
7259
8133
9767
1410
5366
6583
1851
9865
6548
5506
2353
1265
4901
6695
2187
8760
1271
3330
8363
4538
2333
4475
5114
8012
6817
4706
7649
2004
5731
7647
7906
2341
2295
9949
2433
4795
6254
209
6948
5005
5853
7799
8097
3967
9156
8922
5667
4618
6230
2862
5071
2823
7615
1221
5386
5450
6024
3813
2335
1819
9243
1229
9549
530
5652
4483
9264
2252
8760
7713
7482
7393
731
2443
324
9487
8340
5870
2423
4624
8877
5955
2909
2183
4356
250
5646
6568
4977
9500
4588
7778
1762
4263
1786
9187
1009
2941
7880
1729
5152
6385
2321
9107
1327
2309
266
6000
7425
8155
339
4620
6019
2747
1658
390
9250
8753
4511
5767
6875
7375
5300
9194
4527
2812
8923
2056
752
3570
913
126
4036
9641
9169
5497
175
3448
4701
8555
8898
5741
6278
913
3899
8283
3758
7612
6528
2239
4897
9850
9766
219
3584
8447
5257
7654
5228
7797
5560
5994
9268
3958
1910
8771
6072
9247
8445
6947
389
5107
46
2231
2716
6895
9122
8359
1433
114
6263
9883
279
241
9935
2919
4271
7984
1209
140
346
8804
2242
8681
4850
2005
1196
448
3777
4058
215
989
7365
13
1706
1356
5597
7072
413
8801
9827
6096
9929
4519
5428
2860
3216
7306
8152
3882
9194
5799
341
5429
6069
7639
2992
3879
2090
5158
7036
7123
8845
1130
6214
4512
5722
6875
1537
566
8428
4459
3775
3821
8067
4181
395
296
8158
5575
2523
2000
3701
3172
1858
3057
5696
4962
9988
9159
4103
8670
4690
3648
7930
7773
4960
1489
6357
5263
1147
9600
9894
4013
8533
3086
9435
3396
5660
8531
508
9004
2028
5867
5024
2184
6906
5588
3895
7902
993
5784
2501
7255
9020
7036
9888
5131
9149
8272
3683
2733
4991
6191
4986
6032
8043
3140
6530
5209
2778
5346
6578
4864
6156
8880
7754
3359
161
4225
5010
9925
959
2904
169
4984
9238
3349
2018
9430
9085
5647
7993
8925
2856
5249
9992
291
3038
9866
9193
5680
9503
3866
3864
9169
2670
127
6596
9690
6031
1125
996
2354
9890
7668
1828
8606
2047
3694
2682
548
5692
404
5195
8843
9135
2412
7685
1884
1907
5176
7937
2997
6130
6877
6662
7667
5414
239
7476
317
9542
5486
597
2769
2951
6200
2323
9028
6945
4586
5393
8456
8305
395
7550
9140
6115
5210
1861
2512
7225
7574
6921
1935
6780
4992
4280
6155
8670
9152
4417
8844
1459
5077
1219
3794
7134
8564
2677
4497
6876
7750
4940
3774
3077
8754
8846
6363
4633
8302
4989
2153
2973
982
4957
3842
3126
6883
6059
5019
4346
8835
2088
336
779
5252
5903
1156
6095
6697
3467
1072
2810
6239
3678
2524
3032
4725
591
1597
9425
660
8354
6140
3991
7517
9837
1349
2763
8886
9137
1033
3639
9826
2158
4929
9004
5763
6639
3908
4837
9452
8867
515
1470
7496
589
2746
24
7584
9795
2297
3474
2332
7188
2600
8554
4960
6565
4758
9288
3486
985
5405
2280
8022
5591
2100
8786
9213
7202
8206
1853
7786
4312
4659
2214
1180
7450
816
7502
9234
9620
4217
3752
5024
7699
32
995
6227
9574
5623
3592
3567
4666
6645
6931
408
5065
4950
7965
5390
8433
2547
9873
2145
638
9074
278
793
5935
9507
3833
7503
2229
3891
4745
4105
8592
4968
4420
1636
4924
7781
8083
1058
35
4651
6699
1544
8622
1063
4960
3100
9043
629
449
7107
8820
7154
7072
2687
5509
6869
7722
5943
2379
1802
4014
6671
4239
9099
9276
7075
2845
5954
9567
2705
1352
5881
7334
5315
4302
2360
8919
1761
8149
3229
7620
9277
3217
1809
6973
5195
5161
1687
3408
7373
3352
4139
1527
4013
4846
4626
4072
484
2285
9499
4608
6877
758
2512
4783
4527
3043
6419
1435
1159
8474
8310
7318
8868
2884
8488
2957
840
7763
1479
2727
5976
5892
5799
241
9312
3017
7832
9423
4449
5187
1338
5355
8782
5377
7726
978
4604
7624
6353
5770
2742
9006
8181
1577
7563
3757
1439
7197
3635
4023
3082
9557
1373
4695
8138
6300
1196
5670
9161
8810
1600
6702
7535
2871
5320
6675
909
5473
9953
5141
4464
1351
8372
2345
2672
9493
5121
8441
9158
5288
1898
7033
2250
2460
3627
6283
1701
3531
972
9350
3445
6011
1751
1622
4417
2160
4422
3995
4393
6608
1688
3741
5911
943
6106
8986
8986
1923
6879
8051
2231
4127
2538
8217
8337
38
6080
4432
3405
4309
7755
4980
3144
804
8886
8272
8841
1352
5122
7402
9584
2191
7684
7697
4338
5504
6580
1373
5645
7356
4847
4209
3318
399
8696
281
2614
9121
4370
6432
1143
1017
3634
3380
280
6579
6971
6797
7341
1241
2326
6646
9044
7218
1764
7102
1595
4700
1591
1687
7958
2466
6706
9231
7933
7418
8116
5664
8042
9801
4245
9557
6964
1866
5281
9883
6011
3938
4161
205
9344
6339
4175
9259
9848
1347
9994
7753
1662
6625
9764
9860
8631
2355
6218
147
4794
6964
2876
2273
3042
6997
1387
6601
9896
1949
4915
5168
8851
2071
7150
2279
529
6725
1362
146
7720
3266
9659
9438
8609
1654
8618
100
8713
5224
5475
680
5219
4507
392
2629
6476
1513
5035
7143
8180
3734
2999
6443
3779
9386
9099
4519
6810
7356
7206
2046
1285
8944
6805
8584
2501
5816
5275
3899
280
6476
6247
5064
4596
2667
2998
6978
9289
7166
91
9869
2987
2001
8965
2006
4454
8013
2309
1816
2887
7656
8429
8793
9381
1960
6621
9549
3086
4632
5670
5061
2361
3753
203
7485
7351
2662
626
6397
2892
3816
7052
1787
5646
2264
8865
6444
4616
932
9686
1043
8909
7593
2471
2439
5859
7185
4195
1174
7673
225
6139
4627
8186
2381
4498
7059
8779
1443
5404
3840
4265
3454
1156
1
805
9094
8277
6153
4057
7224
8226
7148
1409
9331
9766
3805
4532
939
4870
2661
3445
4292
2794
834
1091
3947
2951
2910
9150
5666
6076
3694
3587
6495
40
3741
5257
5660
6077
3187
5648
9034
2001
1703
9006
3327
4940
6998
691
7961
6913
5782
4156
2006
8772
4531
3639
2295
2559
7424
3302
7181
4437
881
7987
6898
7226
8491
3403
8333
5443
93
3716
9971
2622
5899
9295
6702
4490
8335
1899
7342
645
867
3789
422
2668
7898
5336
6604
5240
7080
2865
7639
1127
4422
3465
7964
924
5979
8340
5058
3768
5770
1290
2460
9816
636
5368
966
2740
5088
4080
2739
5354
1723
5509
1956
9399
7868
8241
8953
5784
3458
8696
5991
7697
162
7947
2282
9102
3601
633
1654
8650
8765
6227
3295
7058
290
9754
1188
8261
6636
7404
9153
4254
6090
6721
7787
665
4382
6631
4752
6920
6559
1860
6556
6655
2413
9192
9114
9399
1463
3429
7497
9082
265
8352
9524
3869
6449
3611
6601
8339
8491
6319
6829
4194
7818
6519
5670
5028
2313
6042
6294
8196
9591
4335
8497
5968
2525
9662
9478
300
5119
5600
7593
6019
8041
9249
3857
1974
3386
1047
8610
4403
6738
3540
5833
224
8584
361
6735
7414
8656
2539
6113
3445
7085
9112
1429
1334
5806
3733
694
5319
4279
355
7919
5492
9231
5047
965
407
5123
5547
5410
2562
2430
4379
1297
2387
2412
5780
9707
9932
5607
3850
8989
8216
2506
4442
9018
3869
5577
1984
7437
5207
1860
8759
9278
9985
1623
299
4507
9106
3144
5940
2558
3915
6425
1238
664
5318
6310
5542
1308
2782
7262
8757
2285
9220
1113
1296
7887
3614
5137
2886
1675
9309
9948
3074
1493
506
4968
5610
8184
899
609
3888
6613
4867
4979
4975
2452
7214
8698
5134
4140
7938
8285
7224
7156
3013
1877
7348
7874
4903
5340
204
6542
5353
3762
142
6316
8165
4825
9662
4970
9881
660
5514
3975
2945
6736
5631
5138
5661
5758
9520
8951
7596
8233
8037
6952
9009
4949
6285
7536
1718
7146
4078
2132
3671
8246
7819
9706
3725
8114
1695
6612
8364
7648
6983
9623
7481
1507
1128
1183
3853
2462
1289
7271
3207
6545
7086
5655
1308
5915
1914
6311
8049
2073
1631
3331
7236
114
4269
629
4068
3387
902
3040
8473
2068
5373
7485
1538
3721
1236
7225
5691
9111
9367
1046
4024
7140
3333
4862
2709
4381
3264
8936
6512
4410
5083
822
4461
2500
3293
1298
5049
3886
8412
9298
4452
1462
807
4554
8520
8984
6617
389
7088
9815
9165
9092
8397
5016
1323
8253
993
3855
6643
2774
9082
2181
593
9513
9414
7147
4461
2124
6291
9672
4544
2862
2776
3891
566
1454
4483
1753
500
8974
780
3520
7871
8247
8936
5178
6801
5382
1478
2421
5600
4530
2031
6931
5655
7542
9586
8267
5536
1017
9521
4193
2774
7396
6939
2173
1230
1519
4512
5535
8384
8415
684
8497
8072
566
6760
5923
1418
8998
9186
4837
4083
114
8964
2709
1456
4427
1705
3643
3652
5698
5322
7227
2064
7911
1580
8391
1254
7863
2983
6741
4434
2622
3958
3825
7093
8807
8307
8580
5276
7912
3635
5383
2443
6114
1056
6730
1171
1980
2156
8810
5445
371
1369
2369
4212
6990
4190
9858
5557
7949
7840
2725
9675
8188
3475
7316
19
790
7278
8624
7386
6301
3983
8411
672
1498
7165
6257
4160
2245
9021
1274
779
263
3221
818
2409
6538
4130
1110
9429
182
4927
3859
4521
2928
8097
1502
6421
9581
9543
2360
7207
5760
9210
2527
4194
9591
1159
8440
6258
4736
1386
5485
5448
6265
4923
3569
8000
397
8329
2298
460
477
6823
1955
2445
2897
9205
4435
7871
2488
7913
7999
1402
2703
9235
4649
7089
1152
3707
6812
2459
5132
9640
9836
4555
2945
204
9061
5459
9843
6978
336
1510
2440
5535
1690
8810
6607
8375
147
3369
7130
9622
7926
4806
7074
7628
4262
3665
4780
5780
963
9806
3378
6189
5318
4515
4407
9829
5633
6785
2265
6239
5848
216
5998
3209
8040
2282
1047
33
7767
3018
5827
71
2706
5248
6689
7095
6453
7441
7569
9528
3080
2325
710
3153
9205
647
143
7490
6384
3656
8796
7343
7698
6015
2181
822
8923
2708
9443
8146
4152
6125
3214
2721
1943
4208
2985
6386
8413
8470
4592
2751
7545
8114
3974
8806
7986
6843
1570
4839
3452
6515
5993
5896
9394
592
7415
5998
2339
7845
2458
2194
2080
8421
6290
1020
2614
1845
1088
7403
1278
494
8910
9818
6341
4247
5176
5981
959
7708
7449
2895
7830
3982
1748
900
5810
595
453
6360
4951
8893
4477
3420
5534
5375
5159
2987
5310
6020
9722
4731
7833
9491
8107
7279
2014
5885
5003
9873
9673
374
4648
3303
864
9756
3006
3269
5903
8112
2034
7871
2829
9162
9345
7002
1081
6997
1711
7259
1416
1501
4488
207
6736
8411
6032
9670
3869
8768
4331
1627
3012
1490
5925
5881
8526
335
6779
8539
1694
7945
1080
2900
218
6631
2434
9480
586
9275
1960
5807
3401
4786
3942
5792
5800
4220
5353
9397
5198
6007
8208
9796
9066
9136
9434
6571
8035
7786
5937
2322
2174
8673
5100
2430
9145
8958
397
3431
4828
6091
9078
2106
4125
4851
3161
4180
8392
5836
4278
3027
7783
9618
7529
5129
2510
180
3574
799
4817
7233
5382
6680
1418
4645
7255
2522
1280
5099
8409
4733
7083
9420
196
7780
7769
2104
1721
1019
4544
88
1566
2939
4950
8538
5231
3097
5495
9261
592
4264
1063
2431
8442
4333
884
9711
5197
9999
1291
7598
880
7183
5296
2557
1082
3636
1359
5808
6848
8048
8055
5926
9386
3233
5649
5704
6989
1191
7797
2486
5310
2697
6215
4876
4758
4964
8062
5119
731
297
3851
7906
5402
4106
9286
5099
3300
6126
1975
8084
2456
4506
6420
1456
6309
5212
7250
6258
3730
2298
9153
4321
195
5091
3748
6749
3158
3791
4532
5204
3737
3856
1401
693
7435
1163
7941
6423
9838
6902
3710
3909
1111
498
26
8430
5271
9166
2759
4521
5749
1613
7295
8778
4468
3273
995
899
8053
5857
7861
7535
6956
305
5693
7298
6991
3526
3026
1275
5624
2163
3875
6375
2267
4755
5462
472
6861
235
2985
169
4857
2646
8118
9385
9986
3074
9324
7864
5186
5395
8862
7000
2315
167
3548
840
302
4618
1777
6754
5672
7088
6643
8344
7162
5278
7923
2547
9060
4827
5619
1374
1226
7446
6200
835
6254
5871
5403
1542
3853
6160
5350
1795
3043
7688
3608
4614
6993
9208
2039
3902
9196
241
9622
653
5476
7978
5478
441
8263
2025
4030
4562
6069
3404
2370
4468
6180
5284
8897
482
6587
9139
4597
9436
3463
7306
8058
2017
6711
745
2812
8107
443
9775
1085
1542
275
2097
6709
1709
2160
9536
539
4970
3976
3050
9035
3273
2252
3594
8841
8168
9418
7404
1983
9649
6668
1533
8474
4896
4847
6610
3827
406
7504
8158
2666
7068
1495
4035
4429
2080
5570
9483
553
3782
6846
6070
9114
5450
7041
9840
6180
4419
7724
4733
7566
3564
2347
8758
7805
8920
4373
5953
2925
6207
8932
8176
1976
1574
5575
930
3495
3264
2486
6216
6774
3181
32
2981
4260
5323
9817
5785
7425
2878
6926
53
2597
5470
9254
160
5701
6184
5203
2078
9227
6313
6261
9589
9211
5907
7165
4707
8082
5974
2151
8259
2564
5368
2655
9083
3569
7697
790
6058
7332
7440
241
9146
8007
4461
5716
3514
472
1058
8550
3090
1275
8918
3430
1196
3053
7344
8906
7051
1666
5358
7788
2390
1562
3008
9249
4780
1263
4953
9986
5459
1050
9719
1788
3342
7034
6499
1953
6210
4094
6834
2676
1677
366
6013
4076
8328
3086
5167
5869
5960
1448
4414
1869
1415
8332
3613
8401
2006
1482
9362
7696
5894
9106
9721
6012
6179
8299
9194
7994
403
5579
5295
4994
4418
7459
5095
5792
4209
7189
8894
1993
9283
6035
9883
8469
1821
6439
1801
8908
2077
6318
6684
2498
9946
4337
1150
7853
3440
8313
6138
6072
1875
1144
308
7592
6684
2686
3329
430
1304
4745
8157
1507
6889
7008
4462
9713
6952
1575
1993
6392
6699
2402
5992
3605
842
1407
1023
1770
4190
6747
2649
5669
281
3352
3843
9057
9089
9510
1616
5141
5522
657
3250
36
2496
6932
2862
3556
5073
3573
2299
9851
109
7829
9079
6226
6901
1850
8572
4399
7876
1253
2747
2933
5575
8504
6375
3744
607
8018
4259
4127
9626
5475
8252
5449
8151
4241
7239
3213
6735
8758
9882
4938
9225
4854
5569
5552
4138
9964
5936
1069
1599
2896
1144
8031
5486
3463
427
774
5407
4370
831
4793
7281
430
1644
9145
9145
2624
1706
2434
6382
8455
8836
4091
9156
679
6708
7367
6363
8784
176
5853
7088
84
7766
4555
5375
3491
8218
1703
1644
975
1462
6672
4715
6247
7202
5114
1282
3568
9685
2858
1910
9983
3495
859
626
9262
1271
8933
2040
9030
4274
4286
713
6272
8955
5914
9921
4353
3074
5882
6983
141
485
2798
7710
3601
2874
1115
5075
4610
790
2396
1874
2664
875
3101
2808
1574
519
5118
9990
97
9715
7730
427
492
6087
5991
9019
8096
6961
1904
3954
4266
7141
552
2468
5133
7388
1051
572
1455
2451
2354
2536
4317
8997
7149
1399
4098
7861
1227
2595
4974
9472
2364
2437
9810
1890
3578
8380
437
5615
6515
7288
1764
348
5157
5576
8566
1951
3174
7567
2531
5356
2738
8838
6454
8534
5940
4169
6530
2439
1393
1553
9177
329
6433
6165
4371
7163
9727
8711
2489
7023
8515
4776
2860
3071
276
4800
4418
8472
9696
726
6100
4963
4969
6214
1392
1036
6060
7831
6886
1184
218
5940
129
273
4947
5217
4830
63
8773
2656
1554
5688
420
1268
159
1643
7744
8636
2263
6861
9351
3973
2496
6963
185
4797
8833
8646
6632
8434
2553
1357
1669
8198
1573
3472
2959
9216
5807
2580
6631
6548
7984
2507
5346
4732
9847
6387
5673
8569
2425
3093
9800
728
5351
2540
8312
1365
3667
2398
9422
2913
332
3007
3898
524
34
4085
7746
5040
3100
1286
5887
3619
4872
2998
4312
6160
9206
9292
1880
6821
1558
2241
5977
4115
9003
1782
3528
8124
5426
4282
8340
8584
9214
6742
9458
1362
610
6705
2203
2779
6069
4515
9381
2287
784
439
4334
1292
5287
7343
2501
6734
6721
4975
5645
1985
2309
390
744
2169
4840
5918
1361
6734
3743
1936
7342
8335
3864
1974
2204
1994
8923
9580
1457
9047
9729
4998
634
7632
4123
3538
4229
8569
932
5752
5393
2100
3113
9935
1679
9797
3268
4685
8202
1989
8378
1067
883
1139
1550
2136
3063
4629
1949
4372
1813
5639
6743
204
3595
1370
8097
6555
4585
7785
9278
4770
2146
6697
1060
5777
7802
8629
6646
1956
9266
5788
4072
452
1201
4818
1600
2537
7745
5505
6048
4685
8246
3307
2771
2539
2358
7541
8645
233
8690
7649
9269
7332
9204
2017
8771
4444
658
6710
2307
4895
6216
3894
4984
6968
3568
9830
1301
2435
6600
5111
8302
6976
2096
1299
7933
5619
4887
3385
9246
8133
4770
2596
1258
9699
6556
3625
5122
2368
4071
5994
6306
3834
8362
2165
3670
5936
6841
8638
5857
8347
9937
9155
5185
1987
4192
9612
9591
8973
7226
4924
5339
6540
2233
2635
8651
4744
6939
2782
8323
6035
299
1410
1534
2540
554
1959
142
6200
6777
395
42
6120
1202
7201
5236
7719
6684
2130
8867
7369
716
8365
3913
5079
3493
8806
4947
7040
717
527
5797
9335
8948
8775
8042
8142
9682
4375
2511
5725
8275
3793
7491
571
2301
9691
8638
5260
6166
3544
6092
7388
5068
9983
6789
8953
6672
4957
8862
7605
848
6367
977
5408
7961
1403
9086
7418
9164
9538
9695
6827
4047
7331
6617
2743
1124
5217
858
9370
3278
8181
4529
3527
3605
892
8434
8031
1078
8975
2913
7008
5139
2754
1094
1425
4351
5069
7097
9949
9781
9671
7741
9449
1640
2857
1642
4537
4471
2925
7156
8231
9540
7455
302
5199
2397
1830
5770
9725
6328
5811
983
4736
2635
6136
4742
629
2351
5836
5654
9157
1326
1173
2356
723
9586
9417
9023
7220
3438
6613
3381
193
8321
3598
4590
4536
3473
3397
940
2761
828
6024
2243
9006
816
9194
5525
8621
8194
7124
4262
5480
6221
7372
1474
5322
57
9981
4848
4512
2237
3620
9991
563
6488
9577
5752
5335
1012
9909
1152
3809
6955
3716
5234
3697
9214
3996
5289
6105
7489
4357
9648
3170
19
5738
1546
4364
7913
4501
8581
5621
4769
3741
2665
8685
4014
4536
7782
2402
602
9747
1433
3951
5571
9010
9652
539
1508
2072
922
5965
7344
9158
9491
9726
6630
4369
1423
2834
9297
3125
6226
9783
7741
3246
6238
9103
7486
5011
9639
5156
3827
860
9945
8127
7454
466
8046
9121
4853
683
5355
2978
9049
9153
6955
9442
3242
9506
5821
137
1066
4432
333
9501
8573
1588
3476
6755
9624
4659
9970
2178
4844
1635
5047
4813
6401
1242
7671
4347
1930
8466
8369
2563
2755
7045
7070
3764
685
5718
9649
9661
5047
5888
6797
997
2682
2306
5254
1392
359
814
8848
451
2859
7203
3078
6654
8850
7155
6051
7074
3151
2022
7087
9059
9380
6212
6837
4071
6981
4185
4364
5267
2683
1137
4400
8838
2997
7308
8668
2347
7885
1526
8957
4540
2638
9961
6475
6703
964
6529
2276
384
7697
309
5514
3747
9171
3015
5911
7953
9550
7229
7212
4149
4958
6880
3878
3210
9388
4223
3640
9864
4610
3324
5632
8454
6134
2100
3262
6506
3768
259
3923
5831
5703
6016
8290
1972
2150
7665
7324
9847
6471
5276
410
2182
1368
5336
4940
8504
2015
8346
4076
9016
1784
1837
6411
189
5463
3683
5213
773
3500
2382
5867
2155
5715
1049
2308
1164
2018
4731
6175
8927
7695
5707
1597
2339
3644
2175
4075
755
7261
8164
57
508
6315
4980
1487
6756
4954
2251
8036
4289
3370
3524
5707
6188
8368
4524
8116
2271
9656
7126
8925
4018
9699
4807
1085
1957
2579
969
5506
8526
1314
8744
4454
355
1788
6920
2170
8714
524
3759
6293
8750
3684
5175
1272
6315
2311
6208
9160
2488
5238
5268
9183
5102
7946
636
1567
7456
5882
3129
2809
4472
7433
5637
2953
4293
3246
7689
8812
562
7258
5675
4539
1342
6681
2375
3992
2885
4260
9344
9161
7099
8122
7695
2708
1431
3739
6064
915
77
9853
2835
5911
2953
9194
6864
5016
2516
5735
7199
5603
480
6831
5232
5067
6150
6113
2999
6464
6630
8759
880
2890
8960
1292
9967
7474
6444
1791
8548
197
4429
7273
2094
2380
8915
7860
6757
1609
7002
7230
4664
980
4983
1337
7048
3804
756
8976
3165
5196
3467
4729
6817
597
4797
8073
1026
7555
793
7820
9840
3944
2034
4524
8009
5649
4451
2374
4594
4872
7981
8454
7433
8408
6794
149
602
4678
7131
9942
6668
7383
7338
2748
6330
2966
835
7590
3280
6326
9880
3295
3931
3067
9375
7257
2120
9197
2191
5005
5187
1834
6890
224
7498
5880
1432
8058
4017
5169
2802
8606
6379
5635
8847
9578
5184
4044
3052
273
3415
2695
3987
7561
6083
8659
5626
9773
2072
258
5142
3923
4168
893
3005
4498
4245
391
6683
3521
2320
1865
8964
3456
2350
802
3684
7661
529
2143
8694
2459
1895
5000
1882
7896
6249
2211
6758
9486
8928
9095
7660
783
1277
2877
6354
2151
2635
7749
6447
9296
6938
3978
9797
5479
883
9238
504
2810
3717
6308
5253
7106
2352
8365
8468
8169
984
699
1023
8540
5275
774
7130
2089
6289
2045
1505
6382
4472
6309
9610
9521
5542
4808
2915
9955
9841
2345
1567
4376
2850
101
9124
2391
5630
5352
1970
8381
9948
5293
5545
5387
506
8149
1383
5062
1647
9907
5267
9818
8608
2370
4696
7520
8740
2018
6002
3911
7173
6989
364
8860
4958
4982
6427
2182
1989
1248
860
1061
3368
8152
8436
8090
4829
5240
9559
9534
9069
1738
2207
9134
5820
2489
6370
83
2488
6438
2770
2171
1195
8090
7051
5449
8210
3293
3923
8490
7482
1872
7934
9749
2119
7640
1477
9817
4061
9096
5490
433
6362
2520
6684
3213
5277
8353
5795
4082
6536
2408
2208
1890
2732
2554
3683
8066
7359
1163
7408
7129
5328
1876
2005
353
477
8801
4098
4253
4393
8991
2301
1442
3875
7965
5475
622
4245
2662
631
681
8775
2942
2644
846
247
7011
6740
751
315
8253
7096
5024
5991
2059
8432
9314
8067
8829
5469
2709
2389
621
3107
917
3992
7714
1012
7564
3583
4657
4565
3002
5829
8832
1009
1498
8521
8015
5827
6855
4297
9507
1473
6127
6367
6226
8869
2711
9413
9703
6814
4487
670
4607
89
1634
6643
4540
2211
8643
4158
1614
2457
4488
5358
994
3184
8119
9738
4115
4960
1947
9976
4532
7760
510
4011
8791
6407
6335
2131
1650
410
2418
7043
8102
690
4544
9746
2427
2986
3877
133
9422
1095
6720
6070
5015
9904
4142
1835
5717
3766
3081
161
2287
6600
4437
4823
907
3806
1744
6345
475
8815
899
8002
450
4150
7659
466
256
7960
3754
3601
1537
4704
7708
7448
8102
9472
3554
5308
7671
9374
1564
8461
5266
6090
6243
8131
3588
1389
6334
5753
3033
7958
708
5831
7638
9432
4876
3978
1978
3296
5044
4099
3352
14
1084
4469
247
1711
4615
3664
6134
5127
6696
3172
4986
3526
3409
6355
8346
3805
7559
4280
2183
4887
8596
4227
6154
2353
2751
5692
8302
332
5127
9883
2450
6043
4877
4438
9952
7954
5425
6536
1362
9348
8099
8509
112
9509
3408
2106
2625
466
3788
9034
8887
4611
23
6516
8354
1127
5712
3973
2051
4409
6731
2736
4319
9102
4102
4887
4169
16
5081
1920
669
4877
4498
6234
1582
4972
4199
4228
9230
9301
2210
9904
1946
3931
5667
1877
2683
18
9552
2257
2658
3443
8637
1867
9337
2915
471
7933
9976
8459
3638
4065
515
9123
8962
2966
5980
2914
9050
9322
4419
2705
9996
186
3814
1456
5885
3025
8167
5801
387
8393
147
7001
6555
7702
5338
4187
6258
5708
2225
7546
5628
130
7361
7961
5904
4862
8840
6582
5038
7928
5746
9209
8062
9621
7845
5252
6212
4079
8246
7489
5674
450
1601
8829
5634
8608
7218
2332
5024
4
4347
4640
2755
2254
7341
6176
3115
2620
3466
21
787
5262
9041
4305
9756
6899
3101
964
7702
8323
9282
8785
191
3167
7137
5982
6160
4409
7537
8002
4688
9859
3445
631
5182
6775
9455
2630
5914
5083
4231
1943
7663
2592
5715
941
4773
7282
6049
2197
9605
9518
1319
1896
2931
1523
3124
3683
1360
6026
8994
8052
7477
847
208
6431
9483
3386
7484
5181
5204
3480
1240
3545
9323
5346
9467
5701
7231
6797
6759
5700
6617
3072
4323
3451
7077
2508
9395
8728
2876
9681
3950
1760
5877
3994
6752
7421
7368
3132
203
1299
7393
7635
7186
4106
4523
6848
9127
4181
3568
1486
8294
3876
352
6699
3378
3303
8928
6401
5343
9629
2966
756
5106
6720
7967
6011
9434
9024
8989
8005
503
5201
1170
9226
7518
9536
7117
1779
9765
4141
8159
1752
2395
9343
4396
7771
9500
2039
2877
9731
9266
8991
4845
5269
6643
5356
6962
7842
3350
9212
516
5726
4826
4455
2966
4060
9170
4112
7119
3987
4238
4706
6265
7731
7305
8063
1467
8055
5712
7191
8638
7016
5917
8078
6069
1133
2712
31
5891
4040
8799
414
4109
9558
4093
1148
620
1623
7517
4195
461
4579
316
7412
221
9557
3368
1839
3922
3265
5316
4973
8035
1397
3761
4809
3679
8311
8525
1819
8218
1843
4564
1118
9878
4952
5937
5269
8594
5828
9555
7877
6657
8381
7569
1133
8227
2470
912
701
1834
7371
8915
8642
6935
2100
406
6955
1115
9057
3530
3696
216
9600
9125
7827
5841
5252
8681
9508
8995
9018
9939
9575
3972
2332
5844
8941
9842
9502
4974
1387
6453
3939
9431
9862
1331
9048
4035
3869
4062
3839
8373
7987
9118
3049
9382
377
332
297
7337
6920
7477
5888
9722
8335
6163
2029
363
5065
7315
1112
6819
1880
9230
246
9420
8033
3561
7238
4802
6025
7303
9426
8872
3307
2462
2137
3664
6886
6276
4266
3854
8707
3202
9291
4435
5271
76
7755
6613
6473
3735
2027
8191
4777
6576
5483
8613
7431
8260
5941
5516
223
8608
331
5244
5444
6651
5086
619
6719
7197
1024
7866
1989
5696
2042
9021
64
7109
1130
3190
8042
8381
3101
6087
9045
6820
2325
1737
6147
8100
5836
7747
4689
6478
9173
3389
7093
1
4234
1929
1038
3587
8829
2392
1235
2846
221
3542
2635
4865
3612
6741
9326
7801
2169
5842
562
3053
8553
9087
4274
1798
3212
2987
1149
1906
758
3340
9150
614
660
1447
7557
8707
7159
5543
6547
488
2093
4966
1432
4411
8971
1786
7552
5224
8008
2229
847
7124
7295
8598
941
2237
3554
6529
3307
614
1313
7147
3329
1138
604
4249
5145
6167
1948
5659
7836
7701
3552
4664
5063
5581
466
5640
9593
6559
6965
7532
6076
373
868
9432
8701
292
9171
6892
2400
1652
714
714
1821
2737
4627
2405
5460
4868
6065
3408
4424
6430
6783
5753
4033
2285
9766
351
7490
8810
1021
7929
520
7512
6227
997
3199
4852
1617
5806
6081
9434
4901
615
9420
7505
9481
3503
7367
1838
1075
8716
2789
7448
7618
8181
9053
3860
9534
2037
4569
1637
1624
9541
5939
6095
7852
511
9863
2279
2859
8555
3551
1554
9859
2750
276
8884
2512
2955
4399
5371
5229
4024
8239
8035
8876
5043
4821
3105
801
6987
4960
9635
6786
4295
4668
5898
7682
4865
7222
1041
6355
946
3929
5711
8329
2371
1980
1862
754
7342
2597
9378
3391
6925
3585
3483
933
7898
5034
6321
1387
1139
9908
6233
885
8464
2521
9242
6591
3591
9630
4564
3384
9913
3598
1938
6114
4307
7440
3054
5265
7433
9479
636
928
3801
5359
6764
649
6108
3366
1931
5302
1568
7835
1751
5173
320
643
5272
1227
1683
4812
295
167
3089
8383
8321
5326
7351
1509
112
488
5274
3880
1089
124
4311
9908
9817
2554
8524
1597
4774
9066
146
7979
4316
7309
596
4383
7915
9566
3087
9250
7582
3102
396
6444
3191
6335
8947
4147
439
8092
6677
1262
6764
8698
4123
2471
6388
1793
8151
2852
4606
4126
6540
6254
195
5268
9666
1974
4724
2391
5938
5281
5632
5952
2568
9559
5630
9491
1507
8242
4847
9155
6508
2028
6953
960
1977
4997
9105
3152
5047
6874
8818
3433
6978
6698
4108
8481
7616
2446
3745
3821
9397
2467
4031
6749
9097
9455
8551
1347
6202
1309
3647
8156
6043
5994
6979
4268
7735
4941
3141
6216
2550
1533
8619
5701
2680
3328
1654
499
9111
8688
2865
8375
1152
2358
8101
3216
368
7939
456
74
8406
6702
3776
1312
9793
6358
5928
3698
7091
6765
8086
5057
9546
4702
4391
4774
6515
6627
5741
1555
199
7598
4252
5680
6545
7971
6278
9594
6648
346
3638
6619
5870
3252
1717
6104
9756
8895
9926
4272
7452
6190
5586
1549
2603
8045
7188
226
4199
5253
2100
2420
1863
9762
6614
8331
3264
5751
880
7973
4082
5601
9900
9227
1439
9883
4052
3084
7289
6179
9892
9069
6135
7252
8984
8729
5407
8215
276
3277
2356
331
8960
5700
689
1827
234
5601
7643
365
9834
4841
4731
1387
7459
6997
9265
3949
1529
4019
464
9865
7583
4606
9074
1577
4813
6955
7971
1084
9693
293
7376
9128
1968
8978
7679
4756
9550
1241
9427
7871
9791
7882
4358
8592
2064
256
7406
235
1325
1216
5920
9353
3710
1362
963
4140
9436
8114
6684
1577
7923
9157
4823
7077
5778
752
8701
4045
3548
9958
5845
8086
6378
8980
2980
4669
7020
7172
1343
1714
1859
5311
929
2878
3137
6424
6905
1325
204
1076
4199
4666
4895
648
1381
4622
45
6967
4042
6308
8695
6489
8805
9884
4066
7347
6090
8754
5024
7787
5566
4958
7370
8438
5613
4145
8010
689
8650
8800
7903
2607
3406
8840
6080
3918
9693
5668
1289
3702
4974
6710
8031
6945
9589
8363
6485
8191
1363
2362
8207
7557
2630
9535
2104
1213
3230
1855
3654
900
2033
3381
7381
5199
6401
9695
9003
2
3761
4412
9787
7013
6658
5140
434
7634
8608
1282
3894
7067
6915
2488
1850
9589
8558
9645
4903
8787
4770
3493
8340
9682
4677
4917
4831
8804
5909
5560
7625
6729
6993
5873
1500
1592
9988
8305
1875
2209
2670
5828
3923
710
6234
1807
3261
972
3312
6916
9199
7717
5327
7571
876
2845
8987
3556
9422
2069
4437
4821
2100
2831
2863
9038
2722
8863
3483
4534
3927
1662
215
6369
6457
5638
625
6935
7842
1042
2007
6618
6697
9484
9845
5447
8801
9626
2395
5647
7866
2352
7800
1984
1441
1981
9169
6698
8881
9220
9051
608
8207
7009
9472
3823
9131
2905
7505
522
255
7587
3515
9134
610
4938
7859
5173
2589
1548
6151
8751
7729
2265
8531
2820
9190
9716
5774
8995
2238
7931
1335
6011
4048
9734
1674
5890
860
7105
1232
5699
2521
4318
8484
481
5143
1443
9222
886
8483
7382
174
2602
9284
6639
6598
4268
3279
8978
4338
8703
9726
6410
7904
92
1278
9144
7202
6539
9007
1326
8613
4879
4385
7505
3208
8298
2864
5945
5867
9024
3632
3465
3007
7784
9531
3528
7764
6369
9790
6869
62
9968
7978
9086
6820
6611
9128
9618
6758
3710
826
940
2300
2847
3190
68
572
2806
4068
6043
7442
1554
6455
4501
3002
2648
5747
2913
8775
6612
823
7836
1709
4124
1148
8031
8578
5531
4336
7229
9565
4238
2584
9919
832
8540
841
7883
6029
5800
3695
4356
9489
7418
5377
3591
9784
5043
696
9823
3856
7489
7550
9446
9130
1606
9660
2157
4305
8861
9345
3063
5044
7961
1500
9619
7100
5422
469
9386
1497
1926
9719
3870
465
2098
4642
3406
6076
9215
2911
1315
7772
666
9836
4963
7477
2181
976
4982
1253
7495
2389
1824
1062
3107
2363
9038
1955
1369
566
2824
1874
1373
7765
3908
2850
7251
4451
2148
8658
2721
3582
3571
7253
6644
2649
460
7250
4253
2125
8093
4175
8357
492
1855
7128
7046
8791
1505
4960
9146
3917
429
6731
7325
3376
8631
1945
9528
8893
9841
2635
9173
2984
1843
5279
4110
8550
1563
1082
5543
1166
3625
4977
5841
2623
3085
6046
8819
3013
6454
7451
2668
2986
1114
2054
5171
5395
9773
1862
7028
6547
3755
3670
7986
8465
4172
9390
1305
8544
5581
2346
1232
781
9185
609
7866
3833
1345
8536
3802
2713
8860
4652
3308
4187
2737
8778
2203
1446
4528
4154
9245
1272
3191
4003
4035
305
9314
4456
3218
6682
6400
2090
6586
4588
3952
6965
3507
176
1195
6779
6460
6942
6449
6256
2005
2146
6437
8857
7311
8323
9230
1878
9366
9795
7985
6184
1615
5935
5395
808
3020
3181
1258
6093
1695
1944
9700
5002
2239
9064
6752
5191
6354
2194
220
65
9187
1911
4205
1393
2786
3590
8307
5610
7774
2732
9938
4534
8136
2916
4602
8676
5975
4506
5890
1794
4230
42
3125
4796
4095
591
255
3879
8687
6020
3791
564
5669
7675
4835
2446
3269
7233
8498
6230
1258
1575
8238
2637
950
3534
7999
2327
3418
6240
4470
2469
5206
6554
6903
2981
7906
2853
4642
995
8271
5977
3510
7628
9216
6524
4402
3058
4528
9255
6746
328
2807
2355
2037
5495
7753
1254
6246
7478
4197
2829
2354
8058
9509
8864
7830
3403
7306
494
5243
3722
7667
1633
970
4618
6051
1513
6753
4181
8733
1075
2633
6517
89
1006
1577
5447
3754
494
5493
2718
2503
8561
6552
9427
9398
5815
7578
1124
1792
9292
5876
2216
1382
1706
8106
9778
1954
3032
649
6145
5059
2438
5596
6986
5597
1062
8668
4592
9448
8659
9522
4350
5597
5693
8750
1187
8106
4994
2713
6544
3008
3770
198
7778
7219
791
1968
8251
1509
6421
2460
5656
2144
7184
5203
4369
6793
9962
2416
8641
625
6813
5204
2279
9589
4030
8336
5497
4305
1714
7898
2652
2979
7426
6360
5098
1046
2504
6858
9225
6631
1833
5076
2769
4507
4135
8696
8565
1684
528
971
3651
1222
6974
4625
2559
1950
4526
2781
1740
4727
8203
3861
9216
7847
9660
274
9157
7311
6433
7477
1848
8576
9870
4317
6747
1228
3751
8342
755
3481
3090
1001
5062
9653
6791
6997
6329
4258
6093
1036
5514
4197
6648
3439
4677
9056
7809
6765
4755
3008
453
334
2335
2786
3832
7160
3745
8738
3992
428
5414
6295
3283
9445
4740
741
5257
6083
7688
997
6518
1928
9777
6185
227
1533
1035
5529
1680
5546
285
1661
4543
171
4781
9065
6484
2217
1180
4599
9486
3884
6357
1857
172
7377
8474
4148
7803
3680
7065
2766
617
2273
7298
6902
5093
629
6209
6006
6086
6660
1269
5220
8708
8343
8975
121
9493
6962
4737
7575
7290
465
5917
9621
5483
2669
2065
3389
6897
5450
8396
8579
5447
9182
3456
2448
23
4439
9233
3770
3344
8474
8460
2450
3344
14
3992
7355
1400
2561
1336
4002
1669
3312
916
1004
3334
7006
1676
205
5723
3904
9340
9896
8440
7052
6688
2628
4535
9571
8707
1572
9502
3912
5398
6392
2986
8042
8542
3025
3754
9867
2029
8652
1792
9133
4813
36
730
1526
9192
7214
8563
5148
6113
4443
7239
5122
6722
4939
4100
6233
3128
357
6482
6933
7816
1274
1669
3229
2881
5839
156
4204
3452
9589
6513
7891
8476
6421
8021
7176
9683
6603
1791
1929
951
8436
1816
395
6451
2145
1344
4936
5052
100
1374
4296
1853
1423
8312
4629
2950
1020
1994
4821
4508
6972
5583
5954
4678
7501
4888
2235
7814
269
1957
8867
6167
6811
328
9689
3636
7591
9871
4925
9215
6543
8217
8389
1986
7534
6947
8767
9300
2221
1775
6857
8773
6778
1025
6036
5227
909
134
1764
5094
4512
7262
9408
6172
9769
6110
8008
9268
1085
4308
3867
9088
9409
3855
3817
5439
3704
3825
4615
43
1504
6483
2325
4847
1491
9407
1969
7357
1272
8038
2044
4441
2009
6380
4024
4101
8181
4977
9059
7064
87
2422
9740
7784
7188
2437
5727
437
1510
3027
6393
6686
2845
936
2390
5731
7895
4551
2360
9702
8911
8087
7947
1887
4121
5951
5290
2939
4040
1790
4914
3733
2451
7299
7583
6441
3265
3947
5232
5504
6083
7446
2116
6466
4544
5768
8605
7454
3870
7915
3038
8548
3205
1704
5603
1221
182
4504
7711
3321
5209
8112
6214
2368
5055
2
1853
1921
6977
9282
1102
6684
5717
3263
8766
2250
153
9732
8935
6374
834
2972
2168
2928
2691
471
6477
6310
2304
9982
8709
1354
6476
7542
8395
7637
3910
2917
5373
922
6165
9823
9464
6233
2620
2049
6603
8643
3306
7927
274
643
495
4420
6673
877
6692
2932
611
3079
5251
1415
5717
3935
6198
31
639
6103
7775
7054
3094
501
4350
387
5383
522
1682
4560
846
7050
8831
9318
2583
9305
2477
7910
3076
4623
6935
8768
9573
5210
6180
3334
817
7037
2770
8589
8578
7077
2819
1719
2950
6989
1141
5585
9173
5900
6640
2734
6550
9605
7220
6821
5133
567
7399
4220
3311
9637
6697
4650
9099
4908
4297
3736
9715
681
4401
131
5614
644
1922
1568
8617
3627
5356
3463
1270
3345
1443
1384
2323
4437
9497
2308
1254
6475
1844
2282
2105
7407
9790
1768
1051
106
212
7241
1897
8170
6936
1000
9390
7726
2355
5206
2173
5490
2392
2183
9653
5404
5993
344
547
3604
3335
8342
1489
423
2086
4403
6941
9202
8288
8921
8698
9154
2498
6030
859
7551
1511
2503
1103
5325
6145
8332
9732
1992
8412
118
6529
7212
959
694
5668
9014
5627
8927
7456
7717
7552
1248
2941
9212
9288
5281
5218
2898
3316
6063
1419
3731
6054
1682
9892
555
1255
1105
2260
6099
8743
4893
8582
5560
4172
7404
441
7959
7029
8966
3423
3516
3776
8910
2879
3302
7130
1723
833
5594
7654
5684
4485
5623
9856
9368
2908
8417
3842
7106
2696
2771
6089
8343
1750
280
1836
7602
3186
5753
6312
4527
8959
9706
4206
1666
9398
849
7103
5209
9813
1767
105
103
6319
2418
573
6399
8293
9632
6063
9069
7928
6383
8037
7592
2234
9683
8879
4859
872
6647
8194
3299
5410
6381
1499
8846
2042
653
9722
1798
2271
6877
8739
6728
7609
2866
7443
2180
1223
4155
822
3859
1916
7228
4111
7055
4544
1748
5073
5560
9806
570
2455
4632
7898
1703
8141
392
5072
5747
4765
4327
942
2224
6423
7940
8397
2634
1095
5752
7948
860
7678
9758
6275
5152
3176
293
8633
1208
5123
3041
1126
4007
1162
8943
7047
3462
4049
2624
4372
3243
3101
7424
1911
4451
9039
2610
4181
8468
9593
3036
9716
7058
7377
7709
1508
8805
1382
6402
2585
6348
6312
9574
5813
542
2468
6916
1802
3302
3750
9542
2196
1540
1190
5939
9399
6231
6563
9177
7307
258
2509
1327
2821
9198
4975
5865
5367
8825
7845
8035
7732
7832
2291
5285
7165
6750
8063
9941
2965
1706
1010
9607
4108
5569
7134
7135
6399
3460
9646
8015
238
7271
2591
7396
4081
9608
4977
2296
5871
8636
8596
6306
7011
2800
9201
4260
4966
1989
1780
3060
8343
3857
3327
9619
7828
1182
4181
9347
9988
6002
5147
871
3181
5100
8874
8487
9978
6644
4476
5590
6811
9207
3790
3955
2380
7983
1595
5948
9906
2262
4466
6228
6073
357
1073
8205
1043
6169
6636
9158
1043
6783
9500
1742
2838
5632
2122
8676
3430
971
7148
4774
5846
6522
8
1943
4083
863
5601
9072
1201
8254
3355
2044
2220
2468
4665
1588
8106
9274
368
4876
5615
2879
3188
2015
8666
4435
8456
7176
1986
3195
5258
226
94
5454
7350
9759
1963
9775
4732
4515
8237
718
1118
9494
1933
3245
2067
4000
4175
3968
530
2146
3652
8017
5693
6710
5154
3387
1688
7579
7847
2815
7067
8335
7773
2606
4984
1618
7785
9890
9263
9750
6920
891
4118
2411
1504
3932
7983
2366
7850
6272
7542
7750
5016
2257
3299
5241
6207
5384
2853
3582
9245
858
4227
1284
3290
3718
4987
5492
8696
7594
5941
8680
107
3733
8212
5852
3402
2966
9499
754
6361
6056
6207
2518
6445
3528
9260
2603
4027
8235
8748
3772
2565
7217
1448
1257
3187
2529
4492
8818
2767
1684
8774
2597
3724
5255
3294
3518
3414
9701
3097
1223
2808
6658
2105
292
9669
747
9062
7900
8356
3639
736
4806
5148
2564
7618
6732
3719
9451
6028
2774
7916
558
8677
7170
6365
9967
4357
7513
2334
7532
3882
8174
5391
3363
8313
8486
8770
891
1299
8889
9643
9784
5311
4789
1272
8545
5925
98
557
9806
1957
3002
219
7904
5573
7762
123
8160
3028
8736
8267
7823
6101
6501
5610
9477
6713
523
1230
3292
1512
3805
4161
6344
3456
4316
5556
9930
3989
5940
8051
2938
9698
130
8665
307
1637
6808
5999
545
5110
9169
1736
461
5361
9384
9385
6288
221
6287
9297
7198
9996
5549
4135
7592
429
5840
6535
5799
6742
8795
8185
1473
2308
5570
1068
5294
2873
3305
1932
5359
4855
2333
2597
5646
9139
6949
4292
5699
2761
445
3611
8504
4627
1020
6970
8205
4298
4892
6779
5622
1782
1234
3603
4119
6494
2222
6356
8078
5915
7644
8174
3976
9646
9921
5701
4378
5003
4491
2336
9678
6214
5636
5978
7733
9282
6019
1356
7642
7515
9830
3207
4781
9592
851
8423
951
8365
1738
8888
6873
908
9005
1423
8963
8357
6951
4246
1537
2151
3579
7751
1559
5175
9350
6423
7736
6258
5052
793
6499
5474
397
9978
7372
1768
1575
6417
5498
6800
6788
940
760
5630
841
8469
6847
1016
3474
6830
8263
6199
5081
2906
7752
5633
2621
246
9876
4677
7013
3357
6260
8174
629
7523
5255
6828
6957
3950
7910
2567
3520
4464
2472
1480
4776
51
129
7435
2486
270
807
4065
357
941
2385
7319
5811
4560
7674
1266
8515
8792
9810
8946
7947
2017
4500
2001
2806
3802
4884
342
1513
1458
4108
7896
5205
7223
323
1907
1325
2319
2108
5805
9496
3295
2850
5203
9338
861
4957
1329
4873
5310
4791
2586
3594
6659
8037
4966
6388
7248
6827
8582
8209
7720
3643
1862
5393
772
9317
7314
6573
5385
8472
2701
6275
8287
3570
6547
4922
4177
689
1836
169
9960
3438
3369
5167
3472
3407
7611
3635
7204
9724
97
4335
6929
3135
2316
9024
9239
9042
6237
7538
710
6761
2065
4879
7874
550
7602
3993
1117
3618
2320
8255
1392
3960
7770
5372
9965
2673
243
2501
5695
5149
2865
1922
4565
1369
9388
9806
3714
2428
6659
9710
5227
7502
7532
7336
4933
3793
7743
6054
2566
6744
4662
6478
5354
9584
6526
435
4049
8941
4100
2997
6808
2685
7881
723
5367
7753
5539
8099
5514
899
3313
9274
8493
6072
6558
322
1993
3838
609
7253
3315
474
775
9544
4057
4399
7899
7304
8045
8122
6139
8689
9223
369
1812
9075
7682
8635
7516
9967
5238
4124
8127
2986
8255
2002
9911
6477
9315
1457
9042
6278
842
2403
9192
324
7040
6565
1472
274
6678
9268
9366
7253
5575
8312
6665
6610
6623
383
7447
2301
4899
9417
5011
3469
6777
557
2922
4059
1226
5730
8431
6694
4489
7361
3720
3380
1093
600
6479
9409
333
3597
4572
5083
9595
8428
4969
1572
5447
834
7080
865
8180
3113
6698
4962
3135
9021
189
1370
7098
5796
4600
6479
3806
3633
4242
4821
2727
941
7276
1255
5824
7900
3661
8757
2897
3334
454
6328
9385
4271
4118
2836
8507
8768
914
2191
7841
6433
5862
1720
2787
2333
5591
3943
7605
5050
6537
2153
7364
8785
8178
1346
3110
8711
9484
9377
6298
6623
819
1001
2921
6705
645
6708
2801
3295
7188
3605
4108
9193
3513
506
9544
7633
3533
1070
3640
5248
2600
250
4556
5170
3138
1803
9657
3962
7190
1239
333
7619
9645
7267
6306
9600
9847
8868
3632
4194
4207
1164
7981
1898
3736
352
7769
2797
8400
6851
8176
1676
5628
2243
4725
8814
3084
1417
6483
5855
3418
1004
2516
7564
5436
1496
485
3527
3203
182
7242
4538
2408
318
7957
9375
6809
9728
9095
8225
888
1430
5944
5563
2610
3547
4402
2788
6354
8106
2444
5387
8056
9494
708
1699
8538
4221
8765
3015
6865
8731
9931
3396
1351
1111
8371
8196
4377
6672
8494
9659
1602
7815
9584
6989
4459
4585
8479
9491
5400
11
9760
8509
9710
1214
4583
4038
3067
7774
9404
7956
3993
7808
4667
2156
4831
8503
9037
273
9855
5977
1514
307
3301
4467
5437
3837
6385
7566
2385
712
7948
5684
9246
7591
7561
8108
6716
3243
4188
1705
5808
5041
9100
3040
6446
6224
686
643
3379
2702
1841
8512
4979
1748
9743
2576
5558
2065
2315
787
4541
2092
8274
9958
8182
8567
3499
691
6487
9722
3407
5278
9952
3362
8341
6348
5704
9556
6534
5922
3831
6487
6006
6421
349
8860
9378
3976
8803
4785
4906
5251
5584
9807
6973
2716
6475
2287
4227
1090
7510
1750
9536
930
2342
8059
2490
8073
6559
3354
4556
7236
3883
6310
3234
7215
2062
9700
1475
5206
6285
1830
5970
6225
7436
5362
8039
4019
1998
1777
4515
5284
7721
9046
3907
8818
2660
1400
9385
8601
3477
4617
8294
4278
4051
9078
9185
8867
9481
4534
8612
2887
5416
1072
3167
6761
1244
9008
1636
4005
7412
224
1865
3139
4006
4503
6347
9765
2547
1030
9938
5626
7253
5183
4373
4392
9583
6412
5698
6903
1706
4850
9282
9215
390
7880
6537
7943
2054
6915
3608
5259
1325
6192
1701
2535
4620
1904
2105
9825
5617
6906
8852
6333
9334
1951
7030
4116
8472
2068
4106
6670
4803
7833
6673
6971
5253
2125
1272
677
3345
8769
1104
1921
4735
2410
4935
9649
327
5817
1233
4666
3560
2400
2844
6129
3108
3154
884
3697
4525
7146
8773
1387
2695
353
2872
910
7312
3800
6969
303
5573
2326
2382
1396
7304
4412
5739
9726
6790
9250
3374
8996
6351
7366
367
3441
2460
2742
8194
6818
1033
8962
5091
8881
4553
8974
7974
1781
6450
6839
998
1326
3894
1973
7489
9377
5014
5504
5044
9095
2241
4753
4040
8699
6015
8282
9760
4681
2588
7594
7746
561
6800
2518
1542
2167
3264
3444
6992
2131
2690
717
5004
2193
6073
130
6179
5218
2535
4979
9749
9208
5311
9477
379
1445
5926
6768
5884
8996
3013
4569
1904
7429
5043
3600
4852
6459
3051
7158
1005
7354
1466
6918
3073
9551
2167
4347
586
1761
876
3970
9428
6426
3847
6926
2960
4750
8505
3469
3303
2678
9757
1028
1261
5285
6093
6829
7537
7374
1231
8248
9032
6142
9086
40
4001
4674
9227
5212
3918
821
9958
5445
9570
7324
6670
5035
6285
1300
690
1383
3165
5409
3061
8791
7110
1231
8945
443
7235
9245
4533
9211
639
1337
7576
6111
102
2115
4732
2299
2693
1589
1849
3309
6298
5322
676
7180
9969
9812
2705
6259
9226
1359
1220
7453
6034
6288
9130
243
7226
9559
45
2742
8918
984
1524
6905
3212
6645
7773
9307
2567
6390
7802
2320
9745
4106
8684
8031
8503
9454
7871
7453
6945
8203
530
5839
1871
6410
1941
5879
7039
7203
7835
6130
7063
4740
4925
85
9423
6938
8429
4311
2950
549
657
8658
4685
6026
3801
292
3677
6701
9518
6630
6513
3919
3657
4828
9467
721
7779
9386
9308
7828
8200
7821
4177
5732
1134
7537
7159
1899
9083
528
2074
4634
7155
1871
3447
1162
9609
9369
4067
5340
2481
5694
5663
6036
4008
5148
3587
3638
3120
4422
4051
999
4018
2436
604
689
9672
5303
5855
1076
7792
3292
8551
9778
5007
8763
3013
2359
5676
9265
2469
7656
8635
2894
827
631
5084
6777
6972
3219
1521
3787
2637
9035
3713
3662
4261
687
3465
7045
6961
2526
9447
6910
658
6672
3926
4093
7204
525
9478
3692
6313
5813
41
7528
4235
6195
5152
4102
6342
8477
3224
7157
4529
5092
7990
8759
5697
8051
2469
3428
8274
9109
6849
3958
9937
3396
8205
4663
7303
566
7530
9972
5770
6341
451
1709
8919
4356
4417
2199
2450
7077
1858
1872
4758
3687
8338
2266
6582
3436
2722
8560
2728
5386
5821
5157
345
8741
1767
876
9630
1583
6190
439
9083
7070
6664
2790
7833
7356
9933
7083
3996
3134
2185
2189
3546
3928
3974
7455
2161
4749
1080
5727
1019
7610
9545
4751
4105
2328
4040
800
5204
1740
5992
2279
2084
75
5081
4004
3149
7372
385
9554
4813
2237
807
6959
8078
9544
6542
2360
5416
8617
123
797
4113
3862
4664
9431
3051
349
9563
300
8474
2287
6483
6025
4288
7505
1442
8875
2475
8721
6427
8251
6833
748
7767
253
5894
6959
6907
2594
5301
131
7736
4560
3743
6753
9918
5962
5493
6489
4851
9646
8117
6139
8794
201
5242
814
3998
6158
9128
2774
1681
9512
9705
2584
1209
1986
8570
7989
6491
920
6417
4681
1363
1716
9057
8357
1390
7729
6086
9037
5614
8916
5105
1174
8007
1124
5341
1944
7527
8551
4852
8919
2140
686
1698
6239
1561
7171
3914
8445
4257
1476
3729
6980
6813
5333
8376
7203
2650
587
8081
1834
4621
8574
9422
7090
5780
2583
5293
6295
4367
9073
2041
5954
2679
8444
9126
4459
1688
6386
4884
6663
1687
4713
467
3926
2375
9753
9105
8696
8863
560
5378
8042
2391
6039
908
6110
1527
6268
520
935
7995
4358
3888
5311
4033
1597
3230
5191
5913
5012
7954
1525
9178
639
9669
8019
5728
6065
2959
1615
3306
9939
6159
1357
9025
3217
8147
4585
9351
7843
7626
8915
8461
3497
4598
3590
66
2272
5652
2131
9206
6197
3941
8538
848
2562
2237
6786
870
2652
9738
5845
3692
8865
105
7960
187
9095
1994
7088
1154
5961
6028
5598
2819
7210
4993
3869
6938
6111
9174
5608
6239
1779
6961
6809
1636
417
7600
6494
7741
5971
7718
6076
3968
8041
1379
8353
2000
415
4047
2360
9547
1090
6562
7381
9164
8213
6930
8619
2223
990
7788
7849
9177
9333
3616
7799
3540
6551
7085
1734
2757
918
6695
9438
9398
9895
543
23
395
4239
1705
813
6173
7627
4979
6719
98
9549
8909
4946
8058
2247
4177
9527
8425
4500
3008
5898
680
3221
5916
178
1550
3903
2025
475
4165
4789
9275
2929
3580
8601
4209
8253
2850
8341
4787
7462
8680
5767
2032
9127
2562
6946
3842
4162
9863
1123
240
7223
5658
4040
9285
2235
3302
1840
313
1719
541
2004
6638
368
1683
6407
7212
2719
5173
6191
6464
6511
9631
9802
7686
3647
6773
3500
5242
7021
3518
6726
1678
2420
3547
4329
725
8397
9397
8594
8967
2175
7739
8808
2686
7832
9838
8844
6964
3284
4706
375
8958
226
7746
1933
2917
6863
756
5265
4322
2109
1568
1760
7562
2863
1837
5775
3240
5036
4225
3501
4529
37
9211
3228
7230
5083
4396
3503
2867
6982
8955
695
3041
632
535
3573
2068
7536
7920
3043
540
7804
6822
4188
3741
4023
7340
5077
2853
7776
3755
182
6977
2404
4013
8083
8966
5093
4898
4346
148
7159
9304
7424
7026
1373
5076
8100
6449
2642
9862
4074
541
6328
4760
8678
6589
6145
1805
3521
6504
3290
7841
5513
4742
5284
383
5212
4795
5740
7612
4313
9462
7360
6220
3743
6798
2497
1589
1804
8631
7004
7800
2666
4751
6213
6057
1154
8738
8494
8190
6597
3604
2313
1336
5792
4501
1121
6134
1718
1287
8903
1185
4960
7583
441
613
2979
3293
3239
5591
7897
9308
6211
6419
6261
8101
4642
7211
8718
7748
8965
7888
8989
3272
2018
9125
2717
1414
8338
7365
9760
5621
9526
7211
2732
1950
8800
5283
593
6378
3025
586
4556
5577
7606
9309
3011
6519
4932
2502
2240
4666
2600
5365
6786
6613
1730
6462
8948
4946
5498
2323
1691
2402
2760
8829
3121
9011
6119
9329
8912
1668
2134
5529
3290
2659
4567
9305
9162
6808
6452
3946
1275
4347
1312
5104
3541
1876
569
7616
4183
7125
6652
3504
746
1275
1388
647
4412
507
9769
4007
5524
2560
6873
1849
7283
6980
1587
6712
6137
3398
8226
5129
9780
2231
9669
9618
2581
3835
4113
1667
3711
4388
6040
3055
5262
6607
985
3868
8458
894
4387
7108
1404
8924
101
3914
765
7544
9383
8497
236
3182
6518
2461
9554
689
6252
8771
5697
6735
2497
3100
6375
8679
1730
3471
4761
4830
9912
7398
4639
8371
7120
1484
8745
9261
8510
3533
939
9892
3050
6910
9388
9878
751
6976
5262
3841
3779
6660
8372
5746
5796
9548
5973
237
7988
9692
5185
2475
1010
6016
6004
6360
1398
804
7785
5851
4349
545
9851
7404
8221
8469
8091
1689
8381
542
9607
6697
168
9594
1826
2113
3519
9336
4673
7601
361
4525
9411
6856
8518
7133
2647
3860
4830
6337
5128
5650
9014
3519
500
5580
4770
2295
1394
9254
599
822
5227
7558
4373
2042
5884
4976
1285
6768
2902
3115
3762
7767
3094
951
9868
1895
9953
4752
1788
5226
2484
5300
6834
3090
3169
8728
2875
5067
7532
2580
9063
8295
1804
4229
5493
6483
9388
8753
5140
1617
4066
6924
2274
197
7737
4977
4379
7009
7030
3480
522
7585
1584
723
1138
1266
1054
6721
5619
1185
3804
9456
4393
5164
9384
6655
9406
1090
6491
823
745
5463
8289
1248
6359
8504
6226
1598
6745
6039
3838
1820
9168
1969
8161
2317
6117
8025
6302
5197
3399
7956
783
4273
1769
6977
9169
8574
1016
8775
6792
3876
6089
4079
9479
1065
2209
3114
6374
9600
9082
7066
215
8837
9591
6158
2083
7088
2746
6691
6536
4514
4756
9258
786
7911
8258
3735
9855
6080
2237
264
6596
6800
9859
4563
6034
8553
3413
8682
1703
7140
3772
2153
7913
7611
691
302
1413
2307
2697
1146
5760
8836
269
3386
5318
1078
3438
6773
302
3087
2042
1196
1304
2484
890
8100
7306
2674
2094
7675
5000
7534
5868
3344
5481
2394
7968
2780
3399
1984
1005
9564
9505
8431
5624
8366
3752
8764
7418
4192
156
4784
1727
4752
6732
5876
7216
8066
866
750
4065
5751
5378
4535
799
2019
3696
3682
8409
4808
8137
5636
3539
7149
595
2992
6592
4964
4829
4071
1544
2585
891
9541
9521
5286
8794
9948
3551
4758
7623
8367
9059
357
6573
185
1154
1009
17
8782
7608
3391
4253
9801
9916
7480
6858
6363
2780
5560
3407
140
3606
8713
8752
5412
8182
3786
9159
2423
3357
8417
6224
5849
9030
4066
9608
8480
9226
3425
844
2898
4771
6330
6635
8317
4889
6938
5259
1277
740
8772
5574
8558
5999
4127
4987
6293
1721
119
1075
7164
5737
2050
5669
6984
3304
6304
7340
2609
443
984
7977
8613
7693
3798
4558
5913
5330
6963
265
2377
2015
7523
4124
912
495
4261
6471
1557
3264
4715
4409
9104
7923
8247
9098
813
1843
8131
5119
714
7023
2935
9606
1786
5555
5322
3301
1000
3464
6469
2667
6234
2055
4106
3972
7650
1164
1412
8511
7874
368
8732
4458
5296
4265
246
6983
674
7607
9010
5334
4464
3594
4204
748
5778
8607
101
9067
2253
3274
6859
5584
4724
2461
6001
422
5532
1808
5232
323
3781
3252
5160
5134
867
6560
4663
2973
7697
7068
998
6691
2292
5195
13
3023
6139
7676
3793
2985
189
8911
7986
29
3640
1489
2090
149
8811
6032
632
5394
2326
5082
1595
3601
5767
5106
8442
6642
7771
9224
7428
8663
3270
5455
3031
7371
7348
2623
9599
3147
7264
4893
3131
1564
5148
4350
3493
8293
8602
1263
5990
7727
1514
1772
7144
622
1556
7371
5917
7660
3738
7813
3946
2401
5852
2960
7025
8267
6016
5447
3188
8098
1088
9428
9673
3631
645
3251
6942
6741
7596
9053
7202
4893
6737
5293
198
7981
9480
7385
6493
6138
7824
6474
4779
9291
1088
3784
6205
1493
7519
3700
5335
7045
796
5471
7545
8559
1329
1868
5085
2878
8300
2146
8104
3492
4641
3019
1671
757
8895
5354
4127
363
5762
1013
7528
6558
4290
9914
2733
6741
1806
7685
4876
8673
4849
4138
233
9655
1864
9370
3631
1090
9039
1370
9970
9602
1713
5230
2151
3958
8960
2662
7789
7020
9202
2724
6699
4258
4484
1647
4713
3059
9645
1681
3046
6050
2691
2024
7804
1801
3547
6536
7283
9669
9817
1714
8633
5215
6592
9233
4725
5638
2971
4830
1059
734
2237
5789
6787
5564
1655
3799
3485
8867
2198
6459
4938
6304
3164
923
5241
1823
517
543
8704
7136
9606
3396
1804
6734
7055
5844
2569
8949
171
6142
8193
7194
7167
3121
6827
8466
7226
3703
9367
3482
8395
5435
3840
7860
2796
4092
7712
8551
6695
4101
6300
9664
6116
8324
8974
7599
7270
4287
5865
6062
523
4101
6590
749
5751
3955
6195
4329
7
9899
6756
5584
3992
7488
6171
6341
4576
4662
593
2314
5687
2723
2673
4550
9396
8682
9610
8405
5270
7797
7444
6571
77
4965
8158
7280
5344
3857
2934
6392
3668
4977
6049
9484
5004
2083
6743
5799
287
9682
9723
8304
389
1081
8057
2009
6809
4431
2813
9595
8137
6220
9190
4908
4339
3760
8645
9302
2985
2302
1731
1370
4278
8379
2824
7549
1063
8145
6698
6539
1755
4398
3910
5134
3258
5794
1340
1803
481
8826
9798
3662
8040
5281
6269
9450
4605
7157
8813
5925
7043
7728
7611
6680
5080
3473
3318
5163
7248
6450
8116
2828
4274
2373
2488
708
2067
3900
1676
9901
4392
8375
887
3418
7941
3628
6125
5583
6748
7260
9430
1890
823
6323
7709
7991
6271
2633
1113
3740
7215
8787
7818
6966
5918
7586
1870
7598
2017
5955
2725
9664
9587
1023
2935
6463
3019
8095
6845
4973
5263
3465
2245
7026
4491
1030
6194
3019
4460
2189
982
3330
8582
1378
2498
7786
8743
3809
9217
6344
7879
490
3170
1076
5162
2936
1086
9060
2250
7678
2605
6977
6164
3742
8054
3854
7943
7593
2955
2184
2840
823
4594
643
6916
6177
5744
5399
981
6603
5632
2902
1742
1886
530
1380
8968
1512
7278
2636
8594
6996
8797
6952
6234
5927
6068
2913
5202
2844
8177
9831
7017
6220
3153
2619
123
6853
1443
5037
76
6116
648
6653
7920
8106
9506
5173
6849
1286
3134
9168
8791
8449
2787
4866
9529
3491
790
1687
2482
7315
5550
5537
5317
3071
5655
5223
632
5459
5448
3327
7971
721
6282
3357
7795
7375
7926
8131
8509
4562
1566
7060
4107
1941
1223
2218
6711
6178
152
7651
4533
3805
9475
7019
1470
7198
6757
8060
4026
4535
4967
2270
1610
3910
7520
7455
8706
9160
3818
2763
8830
9490
9610
593
296
4161
1524
9928
9037
7637
747
4627
9549
4689
6847
4145
2147
3880
5782
5424
2641
5715
3959
3326
3745
3685
2796
477
7524
9210
1485
9782
2683
1621
3283
7910
8416
9352
1291
2761
6571
5046
5242
7141
1075
1933
750
8145
7233
7416
5671
6188
6080
991
5556
3106
2452
6655
8079
4813
3873
7260
4945
5090
6121
2546
3030
6416
6973
2016
5426
6419
8003
7530
8818
5546
6823
8468
9841
6997
3419
1671
3921
1091
537
7413
2650
5702
1144
7855
5078
8018
1074
6724
4341
324
6508
9015
5510
5231
9632
7518
465
6873
2950
7914
4278
1799
7207
8371
3265
9025
5047
4060
3855
1501
9927
1516
7016
8727
2463
7654
1421
3205
1138
6442
5590
2789
216
5393
6898
5445
4142
660
2258
9994
8120
2839
6528
444
1806
7164
9959
9965
3686
8325
4754
4637
3935
4862
7331
9036
1016
3086
6777
9907
6022
2262
585
7049
3407
9181
7744
8052
2409
2354
9293
7874
390
3313
7632
6706
3762
6501
2673
932
8338
164
5659
9267
3369
3239
8170
8217
3279
2996
3348
3313
6963
5230
5934
1519
6957
2180
3155
2561
6248
4722
3192
8761
2336
241
6931
9214
8881
9282
9980
4931
3747
4821
7075
6333
7910
9519
1996
9980
2631
3167
5387
7759
9070
6544
177
2263
4291
5080
5495
4229
8790
4656
674
8350
4678
4749
6810
1573
3387
1847
2869
3380
4216
4522
9666
7344
8782
2778
1782
9171
6553
2109
7370
9103
9615
8599
777
6856
3715
6311
8537
176
3258
7370
5776
5837
4682
4030
6232
7384
8010
9703
2607
8027
9373
5244
5154
3741
3652
2653
6192
8409
429
4682
6704
4870
5213
1166
7560
6005
5351
2430
2298
6195
7828
4903
2128
2375
8443
9817
8885
6671
1335
5780
693
4945
5164
967
3359
2621
7438
3483
7968
5062
1428
9194
8492
4286
7460
2609
7953
5255
6598
8518
646
1989
6239
2449
2919
4384
8508
2206
104
2637
5474
5713
3447
6550
4109
5922
4291
8519
336
2044
5204
1863
1596
7651
9876
5010
2029
3185
2025
9064
4328
1884
4539
6660
8565
3679
9675
4674
273
8961
3116
3668
7895
2443
5544
3846
3405
9758
1083
5693
2963
4564
2625
699
24
684
505
5743
2563
7181
7479
9605
9668
6145
5084
7875
7584
6312
7705
8350
789
3309
5949
9349
8683
6032
8896
8586
3831
4218
9257
3083
695
5128
9971
5410
142
1880
4498
2120
7194
4589
3829
9265
9426
2785
5150
4311
671
2023
7470
8310
4642
4385
9813
3372
5242
7259
4920
6632
3652
2626
2992
6299
1260
348
399
1169
1132
8455
8057
902
181
8996
7902
2227
2899
9667
988
3230
8648
8818
9408
8200
4883
1322
9834
9449
1979
7249
6373
1076
8524
3850
1789
5758
5317
2359
8981
7548
1753
3185
3239
9788
5748
587
6983
8481
7042
7399
4501
5083
182
8970
8486
4862
6053
7133
2740
1006
4281
3464
6287
6252
1118
7867
6204
7759
9065
8767
6243
296
3970
3271
1730
446
5320
1686
6883
5565
8306
5528
5553
2057
4806
9459
7457
4108
6005
670
2484
1036
5635
5518
2235
8807
8430
4987
9584
3118
7387
1604
827
7424
6107
767
4536
3589
5743
9011
889
4560
5171
5169
9286
7046
6230
1887
6905
2708
2185
3355
2441
1569
2605
7710
5054
4069
9497
9973
9527
5558
2237
3200
7744
6160
8802
3483
3361
4862
7229
7443
9609
4824
115
9169
1265
4754
5422
3916
5680
7178
6536
9122
7831
6354
4994
7390
7797
8789
8500
279
3103
3184
7202
5144
4220
2761
8460
518
973
9142
6490
7405
4356
6228
6223
4944
6964
12
8659
2301
5790
6465
7834
9717
744
9268
295
149
342
1361
5982
194
9943
4432
6121
124
9780
9213
7293
5489
2373
5572
3063
7019
8694
4736
4940
2390
9886
1368
8080
6636
3162
2940
8343
4104
709
531
2293
6040
9502
581
3873
2250
7247
4760
4656
9537
7734
5925
6321
9220
2035
2660
1906
4697
4103
9993
2618
3133
3712
6405
1085
2729
9540
8048
7544
8532
3224
3193
9705
8451
7761
997
3446
5290
8267
4601
1613
9391
2136
9497
4257
4976
4368
3232
6569
993
2220
7723
83
7876
3060
8340
9872
9963
5121
3776
8292
9259
7594
5107
1981
3513
5986
3026
4286
1667
9566
4435
8579
479
820
1607
7475
3111
9170
5357
7015
8109
2083
487
4694
3672
3104
7089
5949
7224
4701
4685
8510
8338
2536
6864
7042
402
5057
2864
9985
2057
9349
8543
5492
5518
2245
9097
1407
547
104
9684
8246
2989
4889
8091
8119
995
3412
7634
6448
6714
8099
4852
8455
519
6330
7052
904
9689
8875
7974
6280
713
5621
8308
5266
1388
5367
2411
6877
5870
9092
954
5563
7277
4606
5943
397
9681
8883
5917
3985
460
1175
7401
7626
543
2902
8789
7162
8066
8390
6457
799
3716
7445
2705
1800
9383
195
294
3146
3722
7531
7969
4141
4729
529
9604
2880
3753
1672
4046
1820
4331
4159
4592
8269
7851
8721
1559
2251
621
2665
653
1599
7512
2174
2489
3309
6558
8842
8475
8762
4659
1377
1267
2605
2208
6242
2540
7273
3525
1286
1190
7813
4875
1438
9689
5278
9906
7709
3769
7260
702
3735
4469
6705
4935
7318
6506
5705
9690
8778
3607
9582
262
3044
1077
9361
5776
3491
7499
7150
5612
3483
593
8876
7990
7214
7188
2195
5975
5521
1301
3499
8897
8517
919
9980
1008
5181
9438
416
1057
1189
7797
3128
686
8660
7246
8144
4795
9990
342
6395
6284
8028
1834
2850
8415
3630
646
858
9027
5302
4460
6601
252
6272
454
8568
4546
9397
1646
3740
4237
2894
6101
6854
4205
4284
9489
3409
5515
6823
5027
5154
5319
5263
464
6783
4594
9028
591
7841
9683
2834
900
934
9294
989
367
5840
9501
3027
7940
3017
810
3929
3671
6127
9872
8666
605
2154
6461
2210
5565
7399
3848
6311
5906
9283
4347
3429
6750
2444
2426
5501
9461
1720
2935
6810
7255
5371
1937
7298
1027
7064
6290
4780
1806
2230
165
9281
5145
7454
9445
5270
3974
4376
6302
2850
7227
3177
931
9461
6575
6499
9250
3856
7515
5545
5278
2489
312
3910
4775
1383
4658
5639
4617
9109
7379
6652
726
8431
9798
2163
1245
128
5232
5698
7282
7657
7723
7001
8881
7498
2995
1842
3801
207
9410
1754
8702
7777
2860
7534
2400
924
9191
4762
7606
522
9977
4091
1604
375
1635
4318
984
2532
6449
7382
5604
2946
8889
3460
273
95
5060
4446
3031
4545
3049
1686
9241
9762
8953
309
7151
1413
2112
4274
1298
3588
2104
5946
9616
3025
3630
7887
6912
4773
640
3714
9362
277
9076
3723
3340
2055
1340
6219
8436
2775
8179
1980
1763
8188
4313
2149
7244
6696
8390
7352
1037
9945
1456
1110
3124
4107
3277
4438
3492
1886
37
8017
7511
6642
2119
9582
923
5560
4360
2249
7592
1652
6603
4917
5570
7497
10
2524
9768
2643
3772
3751
5741
914
2949
2624
5497
8985
376
4659
8122
8432
6511
1701
4855
7778
9798
5964
2078
9643
8419
8792
6497
5728
785
7548
5406
7474
9399
1097
3081
8037
210
8439
7264
5744
6510
61
1076
8035
5860
1867
1627
716
8850
2532
6700
7370
120
7930
5428
8036
952
3924
2063
3744
4452
9948
9688
913
5730
2466
4196
5509
6808
1504
2176
8169
7723
2520
3084
5199
3408
6953
9809
7258
7527
2668
6348
216
3891
7468
3300
3735
8550
5779
3775
4690
6872
1578
8875
986
5589
8130
4899
4530
6199
4241
5616
234
7262
4795
3158
1443
2553
1404
3768
7643
407
3552
2097
3530
6773
3314
1032
5720
7686
4623
8772
8522
3767
9253
2728
316
4587
4097
8510
1362
9841
7104
5732
5669
9770
5081
5106
3165
3944
5948
268
7177
8452
605
8285
539
5465
8206
7867
3476
6738
1454
9478
2230
8734
7540
639
1050
8981
4231
1788
2833
2334
2706
2036
7919
4378
3304
3200
736
7576
2699
445
7961
6178
3961
666
3401
7303
1143
2387
926
8317
8113
9415
6867
5763
6511
8826
8108
8372
9497
8764
5186
7124
9106
5122
3345
7423
9445
6025
29
7077
4694
2380
3833
7496
2843
6430
7287
9868
7444
445
8111
1363
3790
79
4170
2727
5198
8457
2209
5526
9989
1481
2285
6305
3975
5833
3359
6842
5447
905
3601
8255
7466
6358
6996
1376
5086
5561
8608
7520
2920
7673
8023
4616
9589
4796
3595
1229
9525
5299
6043
6065
4943
3395
9781
7523
7009
8068
5348
2735
9422
9018
6585
726
5980
4042
1786
4812
3596
6263
4599
3142
8654
3843
4814
4806
8145
4753
1320
8581
4218
8538
4765
6327
4795
6219
1642
5040
2896
6756
3954
2384
6447
7720
6247
1604
9733
3383
832
9292
6729
9870
8381
6613
560
7808
5617
8059
5545
66
7861
6578
4108
711
627
3727
6588
9012
4964
4848
5909
3039
4002
6376
3015
3190
7020
8133
8484
4794
5371
4504
1715
8939
2928
1767
6974
3104
5480
3187
4315
7537
8111
1647
133
6259
6143
1894
5307
2231
9323
7309
5035
2285
9894
822
8045
2553
4587
4702
6142
6128
8692
5203
3141
4271
6924
8916
2275
8652
8597
8682
3166
4990
2565
2745
2450
8976
7660
9320
6408
9091
7644
5518
9854
525
9517
1777
247
5798
1149
2106
9828
1518
3384
5556
4462
1890
6957
2584
8771
8168
2413
2227
2003
5956
9205
669
7133
9015
3483
8908
1423
799
3381
220
8889
9469
5689
5065
915
786
8755
6665
2610
3116
658
1711
3800
7695
2792
3195
9898
3484
9616
4032
1532
6703
5368
7032
7680
4324
3767
6767
5840
249
4944
6012
2649
4279
22
9227
6669
2762
2128
6639
3979
1231
8968
1800
5589
2902
9670
3012
4881
5546
7035
7216
5583
8171
3089
575
2191
3241
2913
1828
7645
9925
5837
1826
887
3113
6181
2854
2266
6194
3201
1972
2905
4580
1892
7334
5594
1388
9652
25
6210
9840
4596
7314
3396
7663
376
613
6243
2736
9871
4866
6810
3864
7908
6100
4669
1651
3603
1911
1871
6044
4018
3813
5616
5113
7098
5187
7665
2959
8579
6925
2154
5232
3469
1087
141
9420
4169
4113
8462
8385
9811
9130
5248
8464
7670
8149
9029
9952
4874
8413
2274
9016
5070
9360
1093
5512
5951
9533
864
8209
1002
608
6854
1735
3022
5064
8824
4623
8528
1024
7623
2412
5328
1197
9230
4113
459
896
9528
540
398
3158
7714
2677
2298
9341
1169
7386
6796
1151
1885
973
8689
2986
6300
7291
5877
243
7883
3981
4604
8174
8115
3217
1933
5814
6063
3692
5437
1193
3330
854
3593
9352
4729
5424
7761
2550
8306
9385
3149
7211
9500
5587
4919
5050
4532
3961
5562
1043
2342
6228
1067
34
4310
4355
51
5142
3277
4688
2183
4836
9435
2247
9792
1686
8246
5314
4766
4543
7452
3475
5546
9889
609
8436
7432
3822
1743
9678
4559
915
5029
3126
1062
3801
6672
7363
1221
7122
204
1747
5514
9017
9313
3803
1406
1662
6585
629
501
6031
8227
9002
8475
294
9241
2485
1020
6367
1973
4411
3835
7542
350
2126
3234
4335
7259
9130
1762
5878
3006
9402
150
1871
3087
2649
1282
9284
8765
830
2959
9277
5493
6159
7138
6209
4526
7323
1143
2987
2381
7079
6146
6763
4934
6726
453
6651
4696
7676
5961
7729
2859
2777
4786
2571
69
7177
5205
4583
7462
8452
6867
7030
9480
4871
793
812
8765
6306
9753
9987
7893
1386
9555
5860
9583
6727
4196
1984
9774
6065
3603
6349
4085
2483
7077
2533
6219
9106
9988
1047
4041
8453
8024
2379
3848
989
9813
3731
6100
2516
972
4420
5811
9257
9986
7173
1588
1008
2913
4582
3817
2536
7798
1776
230
3769
1264
1216
9235
2866
560
2135
951
403
4532
2880
4056
1070
2053
3481
6687
489
6587
2990
8377
9754
5442
9273
4624
146
1033
2236
2146
21
8631
6722
3445
3885
6372
3606
258
9976
1369
9945
1629
5405
6414
5224
9848
489
7509
9882
8207
2979
9162
6359
8927
9131
5568
6403
8069
5514
43
855
319
6874
3117
8609
8267
7962
5072
9140
2455
3626
351
371
7900
8139
290
8990
825
310
9307
1459
1296
1620
1629
7631
2854
2475
5807
3686
2003
2092
40
7377
1650
8882
4329
5803
115
3700
5224
201
530
5240
4182
2506
5249
9310
8421
8974
2984
3692
4664
4512
4250
4620
9558
5905
7628
728
6740
8824
7858
7113
8682
8167
9294
1653
2884
4273
7750
1046
912
356
8306
6693
9288
1019
6248
2458
2110
4938
4191
4181
9409
6253
4772
2537
6453
3240
6685
3239
5145
2200
1043
2228
1736
1900
1268
4649
7233
2761
8882
62
3516
8341
7717
8410
1768
4387
6761
8276
5547
1517
8578
7293
5738
8089
3177
7826
8412
2352
5187
583
7916
927
8322
7731
7541
7200
2805
4460
4578
2589
1321
6240
5954
2824
83
1257
9435
7042
3865
3697
7592
9281
8815
8383
1961
1441
1587
1202
9065
1630
2065
4740
9303
5042
7570
3601
4033
9185
7814
9928
3779
8785
9124
6116
8097
5401
8774
6248
9289
5963
3596
3013
2320
7479
5351
4319
4134
2768
6611
9173
5363
39
2238
8501
2353
7082
4578
768
8264
3792
4447
6283
9243
5415
1928
686
6366
5366
4051
826
8983
3477
7541
3115
4522
5826
5949
7901
1077
5891
2017
4321
4019
3371
9500
8070
3352
1671
2091
6038
2877
2384
188
4522
6075
2462
2577
2251
2943
8739
7029
5017
9027
2598
3158
3715
7707
5842
9499
6418
426
6040
7931
6777
2782
3947
8122
4124
1592
4988
5312
1960
1294
1959
9144
6982
8115
5244
8388
9058
6209
9423
3135
2219
7019
5546
839
8275
5596
9816
1920
3727
1571
9058
1102
3903
5760
8856
9538
5791
6405
3042
9625
9454
908
5750
3784
8096
9592
5617
8600
9060
5369
4740
3171
5240
169
335
6841
5229
980
7518
6673
5156
6706
1070
3847
6150
1303
9356
5265
27
4905
8071
4819
399
7005
4946
4870
1727
4590
6252
9837
9528
7099
6728
9712
5661
858
4066
2208
1606
4151
8292
6330
7059
8750
7726
4956
2961
2972
1942
9178
6230
6589
1805
5324
699
8589
8787
5011
3806
3683
1441
9521
1658
7440
8932
4614
7895
7984
5951
5152
1159
4002
9311
5432
5080
6412
9604
6040
503
2013
7413
4164
4885
4465
9376
2375
1746
5608
3161
3196
6438
3494
1239
2135
1141
1720
828
1019
890
1140
5196
946
2484
5404
8620
5605
8388
6837
4341
1002
7135
8862
4251
9949
2368
9247
6740
8332
8289
5623
8590
3248
9325
1407
9668
9034
8857
1347
2836
4599
4937
2438
7795
7540
639
6088
7958
8638
2111
9524
6151
7206
1742
9495
8490
7815
9488
9492
2484
7741
9481
3935
4478
3746
2973
3259
7118
8061
1582
2975
9738
5501
3369
616
9020
6405
2299
5716
5494
3480
1423
7972
8727
6785
494
3429
9386
6187
6366
3556
6139
8747
9983
609
4276
2013
9521
7991
2706
123
6569
5460
5589
3521
4724
1861
3163
4428
1314
4566
3594
4079
1733
8896
5671
5097
5214
4120
9502
2027
1425
4907
8602
4952
3673
6636
8443
1301
1041
9805
4393
445
5930
4584
2081
1973
6338
1184
5994
1230
5077
1408
7185
3313
731
8072
2348
5004
8269
5045
444
2721
6893
4859
5938
4048
710
8623
6911
8795
5818
7417
1294
7172
3583
9761
9126
103
334
2780
4133
5667
8567
9624
2515
9232
7356
6202
1720
4268
9058
3254
5697
6108
4240
8928
5400
4729
5953
2708
7711
7576
4637
8675
5347
704
5055
6599
225
5378
2722
3227
9432
9243
5860
1497
595
6356
6123
6909
8565
8214
1604
6266
3163
8505
3770
8825
906
7067
488
2952
9064
7622
7432
3223
4790
4458
7922
8472
4706
7082
768
4187
7045
6947
7101
1099
4745
2321
481
4964
6831
7285
2610
8329
6886
3789
8674
7067
7126
9481
9610
8465
8328
9397
7523
6724
886
9708
4003
9428
5627
4314
8937
518
3137
7227
9409
7256
3929
7828
9265
960
4643
4504
4944
3191
1841
3808
8107
9469
4973
5809
4007
1907
4367
6035
8223
5866
9400
6560
8386
9267
626
2434
2256
1666
7898
2911
5160
483
3749
6867
3079
5842
5755
5164
1370
3858
7330
6441
6927
7488
6916
9084
880
8959
574
2305
3176
3574
4618
8478
6375
1794
123
4800
5137
5487
5718
8198
7899
4263
7439
2536
9691
1212
4776
7642
6055
464
2062
3044
1273
2967
8316
7758
3692
4678
788
7611
9884
7116
9425
4246
8161
3286
6722
728
5136
8576
893
5058
7954
9596
4727
8768
9050
9962
2030
7071
2259
1479
1449
7862
1467
3676
4376
8872
1893
9041
8741
8753
6710
7202
1533
7745
6053
4127
4673
6045
5381
2568
1971
9977
9891
8424
8299
7844
8234
5444
703
1955
8048
9304
6714
1689
8821
3049
3521
7254
2850
9939
3454
249
4603
1700
9083
8566
4796
2814
9835
6092
4630
6131
1523
6778
1914
2072
9509
5460
7742
8067
8137
7497
1887
4094
7825
7890
8953
1695
3100
5417
5422
6553
7933
7091
1235
2015
6524
6224
6464
2659
4746
5456
4080
6010
9914
5983
6399
2224
1034
9225
6258
7025
7220
9781
1408
1249
4254
6844
4049
7934
6952
5178
5060
4585
9701
7829
6699
4187
7870
1679
5135
5680
5192
4030
2225
6645
3892
3498
1633
8966
8571
630
1415
234
1296
2258
338
3457
3361
3350
9941
9832
1081
6923
9928
2327
2334
3205
5051
8380
4256
6188
2422
120
4670
5711
3383
8960
7206
5828
7639
1399
8235
9988
9349
9222
6932
736
82
65
8735
6050
1413
4582
1751
9237
1787
5954
398
5494
1127
9806
8987
1006
3759
9027
4639
5756
606
7615
7496
7438
3991
9743
7797
6758
6353
6413
6727
1669
8825
982
5331
5692
8370
3752
2058
9359
9330
5522
8462
971
8175
8601
3583
3540
7762
7858
6812
1436
1078
9478
5819
5457
5805
8884
7927
4415
4390
8862
1438
4259
585
4814
6382
6309
537
4405
7114
4527
1048
7736
971
8937
3636
4249
3692
8081
6303
7309
1014
8521
6165
9950
1772
2383
8186
3259
5807
9430
4145
5085
5315
4010
8103
748
9701
4173
2826
2049
928
7969
3720
3972
1294
2053
7749
1128
743
2381
3611
914
3350
3936
7316
7318
7773
7950
9266
3728
5969
5136
8469
9877
128
4583
674
3443
265
7279
3726
515
4175
5317
7262
4073
2996
1420
6368
5400
5948
9222
3258
8595
463
6008
6419
3539
6700
9767
9263
9494
2407
9988
9970
887
4355
5627
9203
6998
7846
8322
440
1944
6966
9797
7492
354
589
2834
9487
5822
8341
1691
1536
720
6520
728
7497
3602
8747
4115
7955
8830
6892
405
115
4581
3488
7107
2047
5632
346
4372
6603
9687
9751
562
6478
5242
1405
5588
5587
8218
9666
1652
6067
2284
4651
3512
9281
9470
1972
2839
4947
8003
8204
412
1398
2910
4936
596
3226
6702
3026
8535
9101
8547
8562
2118
7053
6531
6527
9452
6935
812
5408
2146
4867
5213
7983
228
7063
3491
3421
9011
6380
1004
6750
1345
5043
2130
5529
8285
2361
9587
956
8872
7352
565
7438
2924
1437
2788
8121
2937
1075
5488
500
1684
9429
4798
3925
9809
2615
5585
3256
5873
1002
9597
5001
8493
8220
8059
2324
7061
1171
364
4490
2849
6734
1355
5858
2215
2764
8414
8914
5660
5770
7405
3486
6214
8179
1213
6731
9314
9959
1589
9652
6282
3618
3776
5431
9143
7200
5091
8771
6019
3803
8513
4768
4679
7766
3326
4320
1449
1115
7201
2012
4163
963
3667
1954
6438
9312
2970
9787
6609
2159
5614
9752
721
9632
3834
7060
9526
8127
6688
7284
6783
6577
4751
5453
1768
2116
9983
1038
3686
7167
6129
6683
1183
2478
5568
9594
7752
992
795
957
3708
6384
2423
4575
6563
870
9981
490
9389
7585
5931
9981
9653
7237
3273
52
547
706
9691
9403
9019
4342
5362
4135
2601
3228
8476
514
2878
909
5451
6546
5147
2319
2180
9477
4342
518
5935
2351
7066
5275
4948
8279
941
2024
4013
9251
3210
3006
3149
788
3033
7486
8100
1170
1470
9005
7624
5458
2708
4505
2878
5999
4911
9337
7518
1001
9939
268
245
4000
235
4869
8069
2581
6942
3199
3188
4500
2182
123
9546
6404
4227
3673
2648
3977
204
5894
8829
7404
119
5476
9735
7293
3080
5183
598
7727
8652
103
8855
2537
4262
4381
569
6463
7303
3357
4711
1029
7507
2585
2106
2717
4609
2971
7891
140
3305
8906
4719
7530
2066
2825
1393
507
9216
3674
3390
1041
9964
2831
8875
6514
4426
48
2359
4715
1706
5726
1465
5358
6017
4313
1501
351
1997
4461
3597
1408
9460
5983
2738
2193
4979
9012
7503
9062
8084
5968
7420
1464
647
7096
9893
3336
3483
6755
8877
1116
804
3993
6010
7109
9597
9001
9232
8740
5540
1683
7545
1377
5198
325
103
6468
2986
5932
4046
9188
9693
4204
4197
1680
4144
8757
3817
6039
7371
1511
5262
6702
4233
3771
7942
1175
1733
7311
7091
524
5790
4271
55
4063
2106
5057
3495
1824
2652
4943
3068
9667
1513
6453
6296
2812
4529
8730
7954
9120
3897
6481
2812
3693
9926
5542
4402
7416
3900
4049
5864
4517
7553
1356
2313
4838
2456
9301
2623
7071
4935
2295
5773
3727
7741
1747
5965
6183
5898
505
9471
2167
55
1633
2066
2112
5273
9947
9762
7044
6523
43
2417
18
6423
7656
3447
4740
1125
6634
7520
9459
1136
8928
5185
3292
9562
9947
9789
2837
1342
8951
9858
4534
5315
7029
4561
5236
2457
2379
6465
4005
3545
3597
5422
4320
3161
9846
8380
7934
2573
1620
5329
7551
9932
8764
1401
5609
1121
6896
4016
8488
1646
5560
2990
7028
2983
3643
5225
3952
1355
8730
4233
5473
7613
1851
4673
6978
3849
2969
5375
3511
1338
5714
8015
1817
2390
6848
8740
8462
4023
2549
1474
2349
1931
9038
4549
6777
6941
9500
1609
4794
7637
5713
24
1323
5696
2164
1664
6828
523
7390
529
8493
1594
5797
7862
9077
8112
1269
9378
7307
1397
1892
5270
412
9737
6800
8417
8817
6948
2180
4002
6872
7425
8743
259
1386
8410
9796
7740
889
563
9087
240
2082
4894
9614
7945
4340
35
1132
3877
3542
2498
5475
1847
7884
8780
1963
1123
2005
5000
8491
5251
5110
3147
6349
7428
5276
2005
9249
3457
8019
8744
8700
4696
3937
475
1034
4338
9880
3752
163
837
8006
3745
4447
5612
8222
6208
7357
2440
7259
950
4157
4684
6047
342
5256
9958
8273
2258
703
9133
9508
480
5055
7922
8371
9721
1416
3840
2990
3259
8840
4552
2534
9467
3997
9965
9979
1294
2972
8789
994
5815
2046
8822
2895
4337
6666
5560
7405
4601
2124
4885
6356
3917
2143
4728
5828
4548
4300
5538
396
5959
1925
7581
663
5398
2915
6387
180
9254
5180
9166
2617
3745
1592
6253
5989
4236
4492
5635
1259
7524
9119
2480
301
9045
2282
6428
5524
8656
3480
650
7467
3644
3875
2946
6655
8600
8813
4256
2558
5756
5816
862
1799
9100
9729
4540
1617
1199
5895
6984
2678
8543
1494
2400
5888
1495
1080
5214
8415
960
6341
9877
2158
9985
2843
9043
9951
5381
1577
6849
1222
3760
9955
8398
961
7942
5321
7237
6841
498
1432
1231
7778
1336
5071
6977
8007
8594
9963
6387
3871
6796
5697
404
1890
5994
8890
1857
2778
7127
9200
4520
7769
2756
9683
8321
7837
9887
3384
6866
6697
7304
7071
4634
2297
265
6971
9426
4826
9643
7760
5508
7697
4875
4701
9521
8500
3741
379
3107
8507
8442
4460
6160
3004
837
2255
5460
134
3552
6567
3500
2625
5859
281
6693
9104
2315
5023
3884
7099
8069
6462
7307
2688
5033
3716
1267
3812
41
4673
6579
9287
5425
4433
1142
577
1880
2664
1103
3306
2566
834
2646
9520
4384
4258
3545
869
8354
1085
9759
9942
9220
7501
4855
8392
7619
209
607
5707
2127
8219
8334
9361
1052
5393
517
1033
7641
2229
767
8971
4425
3374
874
5071
294
5985
5221
5656
8850
9383
5391
3
2497
2201
2054
3043
5285
4024
9572
6712
3828
1406
5425
9702
8690
4815
1101
9709
1183
8890
1860
4001
3905
1742
939
1095
3989
2503
1716
6130
7322
8739
4142
6439
6920
3488
8990
7134
3828
1392
7586
9150
5099
4817
6852
4722
8985
9858
6913
2011
8041
2225
6377
5910
8348
5901
6029
2448
1471
7213
3240
8544
5112
87
4257
1442
8445
7897
8871
103
9891
9283
648
3836
2456
2130
5626
1615
9310
6996
3332
4058
6787
7206
2321
4742
3627
659
2044
658
6683
9168
2629
5330
2851
8533
1115
6817
5649
2566
8343
5705
4070
3469
8967
4422
3998
8463
1853
6917
2972
8696
8795
5720
3499
9799
7549
5537
8637
2018
8923
7985
6541
2269
5560
9955
7336
8833
2870
3184
8832
5879
6923
2193
5990
3592
5445
7499
6613
957
7555
8820
2876
1180
1686
2871
4882
2949
6339
7083
2743
7747
5048
6814
1494
9624
3549
1113
3403
2564
5545
3056
7330
8351
8093
2021
3328
1087
6326
624
7928
7621
2026
2960
5180
7619
801
8413
7724
7641
2497
5096
7074
7918
6949
2664
8636
319
8324
3163
2852
454
5668
3056
9687
3366
6549
6751
6203
9405
1639
528
8505
5729
4198
6816
8905
4749
6749
3657
4585
5473
5881
7297
2365
4316
4189
8881
9728
6265
664
4616
9829
9321
2422
8854
3211
7462
3043
9621
4059
7533
7984
2300
7385
8882
4538
2995
506
321
6253
3726
5541
285
7402
9327
217
5270
4558
7080
1116
9022
8499
674
6185
1124
7100
1712
8557
6919
6506
2150
4843
6568
6582
6495
911
2651
9309
2172
4096
9904
7425
381
21
380
8628
1733
4142
5564
1284
5108
9715
1983
2051
8008
8222
964
2294
5485
8512
5716
9246
8618
865
9205
7234
4389
5364
1016
8013
8537
6630
788
6190
9243
9785
8062
522
8692
8382
7432
9390
2399
6277
4889
1234
6745
5485
3360
1958
8420
4227
9459
9296
3944
5445
7369
798
3416
2380
844
8622
875
8274
6142
9987
2086
4139
9841
8389
5679
8367
9084
7761
4149
9634
3390
4907
4169
8698
9939
5540
7835
2058
9720
7446
4002
5932
5063
32
8654
1285
6292
412
8885
2428
2199
2983
6821
2077
5795
9933
7603
5421
5264
4580
8334
7192
2853
6930
592
3100
344
7387
1005
9783
3763
5860
6135
5090
5683
4878
761
2418
4726
5118
8191
2131
9957
7265
1331
5114
1417
8689
2816
8565
9680
2475
172
5853
587
775
6491
6135
3161
412
434
5280
9638
3407
2396
1709
2960
6374
1566
7521
1994
7904
2440
981
101
6064
4553
2399
8585
9365
7582
3433
1054
4249
8944
8011
9994
3510
4642
8212
6433
9507
1787
4587
6190
4301
2611
8940
5990
2194
3350
1820
4075
9950
9618
2748
7347
9581
5047
2677
8928
1798
7189
382
5709
8768
8773
9919
4183
9259
411
8229
6903
3422
5656
711
793
9606
9660
84
944
3138
1825
3832
6407
9613
5633
2952
9441
5648
2566
8404
7653
5580
4732
7417
6033
4640
2231
5609
5807
6377
5790
4735
5962
4221
2064
2610
8684
5734
9098
9478
5017
1620
7187
4859
6540
9469
9518
7847
8496
8022
9091
2176
6044
4629
9785
6578
942
5222
4953
738
4271
5680
1832
5514
7575
1366
8481
7211
7072
4252
9884
8026
7796
182
2563
3941
6933
7415
2709
2629
4733
2956
9362
2567
4464
5220
4064
3257
8608
6161
1557
3067
4395
3520
2024
2718
30
9665
5440
7248
3472
2300
9791
4048
2355
1471
7797
3327
851
2384
3554
9280
4093
7922
8895
1388
3633
7661
6152
845
3058
9006
3338
7236
6663
6725
6980
9043
7472
1364
3296
5198
9896
2483
231
9048
6124
8754
6875
5372
2535
5297
14
5711
6250
9669
2041
1362
3288
8497
6907
6873
4231
588
9000
8903
1469
1326
1504
2608
4528
5600
6870
9853
4185
3524
2812
2422
7993
6333
7096
7192
2065
2219
3650
9005
7489
2175
4944
5660
9020
1802
705
6171
1026
6530
9518
7233
8188
4284
7766
4399
1485
7331
7199
6285
4433
4179
66
3774
6717
7876
5747
2852
1823
3088
8765
9523
1316
562
92
5889
762
4308
5407
8233
7809
2703
1379
259
5417
8511
2847
3772
4902
6748
5745
9371
5048
8655
3672
9420
2113
7719
127
283
8418
3398
774
2783
3349
2166
5567
3248
4400
8095
7486
9325
5182
5656
2221
1887
3262
244
6388
877
6555
9623
1118
194
2500
6805
139
2722
1816
9100
1385
7550
2975
9761
311
8098
6439
7460
5573
3281
563
2249
4100
3195
2439
3894
5310
3369
1656
7440
7390
3955
4701
3821
6887
2023
8613
6691
1455
6833
8096
1731
3914
5100
5994
9851
4229
4950
1963
5392
1773
3392
1119
5292
3481
6685
4630
9052
3215
114
5367
8223
379
4185
5981
5673
7551
7337
9329
6039
7600
3197
5214
5178
1360
4273
757
1765
2763
8349
4584
6959
2959
4135
9569
7691
9965
3173
86
6913
8802
7068
83
5368
9349
6
197
926
2301
2420
5807
7251
6828
6774
7751
2
5856
5777
6094
2780
2092
5394
3657
3237
4704
928
5428
4685
8493
6248
9190
7249
6549
6222
6338
3223
247
7803
7195
7512
6746
4631
9187
2274
1024
9302
5115
7711
710
2177
1082
2160
5067
1605
6433
6756
6830
8430
1016
7718
3336
5682
8700
823
2197
9796
3543
3792
7597
3688
8821
7335
9716
1274
7025
7277
4818
571
3261
5680
4337
6484
4029
353
6863
3355
111
5448
2176
4008
2126
1723
3392
9169
747
2320
2580
9245
4079
9158
7605
2525
9004
7482
9850
136
9936
2483
6635
6943
9866
4466
2398
3006
2097
4385
9073
5645
5064
7578
5514
4817
3302
8186
3479
1775
2767
8504
1832
5445
7248
3003
7482
1776
5790
7618
8424
7555
3807
7554
4961
4869
8010
5359
7918
7738
651
5192
7902
6797
1941
7161
5235
1712
2683
1397
8922
3052
9325
7336
6506
6217
9321
8347
532
3936
4851
5258
2029
3008
7742
4143
1929
977
8402
7880
369
9721
6774
509
9530
1009
7115
5149
4298
6111
6460
3957
8230
3953
2895
4815
1439
8618
1085
6989
9350
1645
7868
9323
1196
1791
5286
874
9671
4228
7649
4153
2311
3085
5300
2893
4460
1228
2621
4428
9962
5764
9907
7235
8740
5836
8783
9529
9533
1770
8213
468
8484
8088
9247
2650
5031
3830
7963
8617
2558
8842
8295
6734
8825
5910
5268
8929
721
4659
9713
7106
8631
5756
7585
1630
3289
2144
8378
2010
6357
823
288
8233
4068
3721
624
6062
6701
290
2576
3459
251
6141
605
3329
114
7374
4938
1865
2100
3019
7086
4569
3691
663
2696
6183
5921
8593
7054
6625
680
5598
2771
2507
4309
2763
7871
3283
6433
1444
7046
6865
4797
7624
8749
1046
6299
641
5095
7768
757
5158
6663
502
4825
1157
2690
9333
7278
8580
8125
930
1939
3333
9835
9000
3373
8209
2156
6712
9919
4937
9066
686
3751
3852
1179
3606
4821
9965
4075
5352
8432
8624
1009
2624
9857
1960
4704
4957
6891
6640
5803
5025
1733
443
3536
2226
3467
605
9353
3303
8916
525
4554
1672
5411
8220
6596
8007
4465
7804
3776
7949
8301
3301
8812
8587
1799
7085
3486
8053
9844
5537
8950
8455
3730
4914
9387
459
3518
7109
1477
3252
6568
2763
8413
6852
4929
4429
7484
2414
6581
4376
1080
9594
2256
3739
1987
8472
6831
2435
4513
5858
8225
9918
4245
8333
7387
6048
7999
4413
7092
3855
6516
9250
1127
9733
3311
6932
980
6177
5840
9397
4360
5085
5725
9823
9345
7038
7892
6722
2122
7494
1999
7067
43
1070
8778
1648
2526
531
788
3291
3095
2892
3514
489
4366
8514
1832
3306
1486
1552
1066
151
3568
9013
5299
7834
5386
8713
413
6067
1490
8413
6349
5875
4734
8643
3664
6259
923
8770
6368
7624
2673
1988
5077
5564
8191
8829
3748
5667
8090
3084
1578
3226
2560
334
4125
4964
3623
4954
6046
2177
8203
6922
4514
6445
9319
3124
8827
5250
7367
181
6919
7270
9903
9710
6624
7156
2520
1102
190
3829
2445
2169
4883
7576
5435
2373
7111
4198
143
8313
2108
9191
6854
3165
5218
7599
9310
6739
5900
2719
7624
2204
1534
5873
6311
2325
6352
5806
4729
9829
1169
3601
8512
9222
6262
9502
7974
7360
8790
4487
5019
2405
2144
9351
4722
8186
4932
9711
3221
5863
9027
2657
1637
4226
4963
1020
4956
9773
9269
664
2207
9314
7093
5372
5547
211
3238
674
6127
650
1321
6137
7919
3510
640
423
9123
9261
8491
1356
1827
2448
9834
646
3299
522
5184
8492
1747
4321
3725
7993
3761
6677
9786
2180
1028
3748
8865
9209
4243
2660
2478
9931
32
5717
7949
7847
3797
4655
2173
1384
9279
2
8149
5377
4344
127
8403
8164
7484
9623
7731
7725
9453
1013
636
7153
5980
6546
7291
8969
5689
9688
6562
6898
5683
947
9496
7326
6265
2200
6815
3513
7091
36
1413
7526
3578
7192
847
8524
2919
1839
1583
4820
6819
2373
363
1708
7023
9975
271
5708
4330
7643
8510
740
210
3088
9296
164
2507
6635
5399
3873
4759
4070
900
4080
8332
7465
6794
3808
2575
828
7711
144
9103
288
5786
7865
5398
3716
5366
6327
2297
3451
5870
1521
2734
2628
2107
8297
8079
7211
7640
1560
2243
8658
1711
9973
3282
7020
9880
7032
6464
8234
5658
7684
906
9479
3586
4131
7953
9764
2231
6310
5018
8908
1564
4955
3092
2917
528
1071
3005
1036
3966
2139
2951
5973
4549
604
155
9788
66
5754
2273
3250
1219
9429
4070
8786
6821
24
7373
1542
2783
1975
4597
1041
7923
4218
6991
1877
8341
592
6569
8446
2935
8415
1876
3116
9911
6299
3946
3360
6445
6641
2686
3630
9964
9783
6426
7403
2340
553
5520
7519
2317
5218
6361
2702
5178
6988
539
230
3434
1881
6695
2885
2705
8109
1050
8122
5981
7540
4423
7700
6244
4508
6664
1354
18
4817
4357
8452
665
4888
8455
4505
4870
7775
547
5605
3186
5487
6018
3927
8134
4353
375
847
5947
5011
7920
9838
4904
5848
2612
5784
7428
5586
7972
7231
7581
9465
6413
8934
8008
682
7173
1501
2937
6811
9791
9934
1260
278
524
395
843
8219
6650
7484
2293
8517
5840
556
7161
9348
3288
6406
5474
2622
9015
3660
107
6338
5604
9207
3454
1984
9338
9726
37
2163
3273
8133
3930
8623
4562
9184
7185
5804
8605
5498
2496
9268
8973
8311
5551
4537
4421
7911
9673
9424
4002
2647
6083
2866
3034
9193
2100
1275
9870
5208
3562
1929
2190
7680
8633
8478
1506
4860
9620
3384
4805
537
8737
2852
6120
5951
1520
8079
9626
6322
9551
7191
5856
9173
7557
5342
6256
8244
6318
2282
1476
7138
4866
5528
3872
8177
6176
8484
2440
5276
6375
9647
2047
2728
8535
780
5970
1139
3378
477
6370
9814
2762
9979
4209
9513
1081
8828
1571
4106
8843
1291
8685
2791
5369
3761
799
7694
8288
9715
3860
5807
7487
2758
1735
6375
6438
4933
3717
9875
1460
460
960
4704
8179
5383
7319
9281
559
8708
9535
5524
2948
2928
4291
3058
4039
7230
1967
6821
74
5974
5700
8316
3206
2084
7754
6584
1811
639
249
7651
1085
8081
8806
1440
8293
2699
9430
3332
6058
8524
439
2709
5293
2871
3110
7780
6280
7612
7522
986
4652
1006
8263
2979
3403
3392
6327
9900
5883
5252
103
3016
2616
6674
2363
5510
4766
4688
3103
3274
7466
856
417
7269
1190
3750
2230
1137
5998
1666
1364
6814
4924
5552
7680
9758
5535
4645
6052
6673
4945
1320
4635
1653
4218
7590
9591
7715
3467
5102
5995
4028
8753
336
4280
1525
5152
1445
9645
5442
8525
4261
17
7553
9840
9485
5368
3935
1222
6568
178
441
2409
7198
2654
839
7076
8061
6728
391
108
583
1627
1586
4901
2204
9350
9506
6509
7651
9950
1928
3586
5143
4535
7325
4596
5197
7165
1260
4288
6785
7182
8708
5565
1968
5373
6675
6285
3011
4976
4336
9858
4067
1417
7163
9294
2093
7704
3786
1276
2823
7871
2387
9752
149
6152
1809
4036
6475
1393
5779
2037
3917
5332
7907
8680
7109
5582
3220
9886
2193
9623
5251
8040
2044
2595
3661
6489
3768
134
1112
684
5588
1162
1587
6475
8136
9206
1799
5458
2285
7944
9448
1662
7017
1077
6738
6930
9494
8588
3407
9861
36
6611
2489
9946
4715
1972
4052
6251
6785
623
4725
6936
2032
1422
5214
642
2069
6957
1586
9629
2940
1220
6329
3714
1006
971
9419
5883
5330
5942
3718
3272
3588
1158
5353
9346
7538
1059
7921
5960
2363
7382
4971
6345
4612
5278
6275
1693
2007
826
4322
9279
130
3606
1489
8973
1386
5286
4438
9209
3915
9537
1112
1097
1095
2889
9415
8260
5810
4844
1073
7086
5471
8163
9884
7218
7660
560
3438
2757
2151
9634
274
3851
288
4482
1608
6914
6443
7616
5407
7249
7844
2323
3507
2717
7137
5347
1856
6468
8188
9324
4179
1114
3737
4210
6282
552
9564
9035
4811
4685
1971
9792
8390
5674
4551
8673
4346
3611
9609
2283
1507
3383
6506
5412
2741
2065
1763
2644
8856
669
599
6047
7252
800
4577
9964
5704
2081
209
9788
1006
7140
1359
3732
1650
9469
7466
3660
1879
2631
971
4689
1194
6388
4666
2324
7405
1857
7235
363
2810
4253
2784
6230
2825
7514
5652
3163
6194
4848
4086
7602
7424
8581
8556
8556
489
2749
1251
622
1445
6229
5673
265
4343
739
7589
6085
3302
1323
9772
5921
2487
8600
6170
8568
7733
6614
568
6827
1279
6176
7449
3103
9475
7478
3801
1065
2254
3820
4497
8694
2330
1073
9040
7703
2994
2464
4010
9996
7638
8431
3620
9868
5962
6729
7903
1480
5381
1679
3112
3870
6741
2418
8347
7892
8131
9494
1903
3964
3519
7233
5956
9967
8171
3809
6634
3506
2284
6899
3830
530
8605
6007
1506
694
4146
6231
9303
8697
5138
5938
328
7296
1502
4566
4575
5727
4833
8804
123
5401
7866
718
7478
3387
6667
3719
1850
580
1673
3162
7887
3259
4160
385
2035
7854
3531
6079
9674
8511
8910
2219
7364
5031
635
4950
7046
8122
4017
6382
1287
5371
6036
9567
5754
7321
5568
7402
9319
1324
6707
5589
9700
5572
6505
5517
4943
8586
6024
8916
382
9628
1038
4224
635
9495
5162
3424
2806
3525
664
7110
8955
1515
3264
8341
2326
1110
4373
7418
8794
1071
2400
9633
6527
4395
206
8696
9801
5303
7035
4464
2286
9920
1098
4033
2875
791
7406
6010
4323
258
1862
5845
208
8172
5329
1106
1769
506
9159
7112
1130
8213
6953
6317
9444
3066
4951
3116
5742
548
7616
4912
243
5936
4585
167
2677
2930
9789
8600
9084
1795
4893
6992
5955
7495
6355
3138
3142
5460
7604
8594
8975
685
805
7132
3058
1446
4627
2743
3290
7439
9520
39
5368
7863
9264
3712
368
4736
2278
3586
3429
8222
1552
8150
7660
899
9260
665
1891
5411
1361
9938
9226
4340
57
7485
1698
3140
2685
6797
4334
4317
6710
9474
7387
4571
543
2698
6431
2533
6957
502
8067
9927
103
8819
61
9987
7045
2521
6187
6171
554
6488
7115
7755
7874
3935
6680
3852
8185
505
1887
4643
4866
2427
1688
8474
7791
9963
2140
4748
555
6086
2555
365
9142
3308
6578
4527
6493
7293
6163
5456
3953
8476
3470
1736
1234
3797
6763
8429
1832
361
5972
6438
3690
2971
7076
1224
2892
2795
8399
649
4689
2067
1699
5286
5779
6133
7971
5116
8584
951
1770
2660
2783
6663
7054
602
693
4491
5992
935
5966
9423
2633
1859
5000
3067
2448
3929
1888
7911
2252
9565
121
1341
5040
8458
2837
9023
319
3803
9887
4001
7494
6290
5228
1509
6780
6195
9876
8710
8878
3876
6811
7627
54
8117
2141
5683
7988
8277
3970
9811
879
9663
5500
9269
7015
7274
8563
5820
9586
4571
704
6119
2729
8658
6377
3236
4699
9107
8153
6043
5256
6931
8000
8490
3439
9588
3946
1710
2637
5185
7873
9907
1629
1368
5038
8230
1822
6671
5365
5039
1369
8610
4717
6770
972
4353
9315
9824
2081
9302
2164
6583
2920
3264
4665
8010
5734
1015
3743
3813
2681
8722
6811
2087
146
3341
6178
2382
2215
8126
6932
1809
9424
9352
7788
5795
9506
5160
8124
8809
3461
8164
7896
8417
1615
5232
1934
4751
6425
8391
3149
1231
513
3350
4158
6371
3258
5414
5033
1211
8064
1710
6669
2665
267
7462
9181
5111
8389
7391
9887
4337
8552
8560
1714
6386
7070
9686
5545
6587
8671
1410
1735
5179
3292
1352
4605
9497
9613
1639
1607
8058
1549
2410
4766
5845
6168
8519
8321
6344
8704
2511
6113
6604
2609
7605
283
4594
8993
9794
7952
598
9083
4328
4007
9
6263
6173
3885
8646
6353
5749
5447
4043
6241
2333
8815
4102
8979
3783
9312
3836
7391
4734
8775
8867
5677
5337
3843
2477
336
8575
7496
2246
4516
8782
9431
7876
8533
7605
5464
7073
5170
714
5186
8058
6597
7899
6616
1601
5822
887
1706
7998
2143
29
29
2451
2323
674
5649
2352
3520
8728
1293
5817
7055
1043
6954
6769
7443
3416
4459
6549
7577
8435
5100
5293
9151
7045
9312
3757
936
3865
2451
7284
638
5738
6828
469
8720
7555
4304
957
4602
9689
7907
6400
4921
33
3648
7908
1816
9425
6519
6576
3580
9064
9094
7556
9892
3278
7040
8329
2069
643
7275
4511
4896
6887
4865
2317
2992
5836
9440
6836
7344
8215
8878
1811
7294
1930
5880
7737
6342
9520
1663
7736
141
4384
3850
129
4264
3840
7555
2561
5370
363
9919
2400
3683
9429
5500
2050
4281
4318
8846
9734
3766
1871
4811
2811
1738
8638
3349
4429
5203
2113
6865
8681
6891
5409
4113
9323
8072
6291
4729
9343
6956
9163
6750
4892
7026
16
345
7172
7659
2776
467
2733
1561
77
35
9838
1384
4682
109
5805
6369
9837
498
1004
2903
847
9718
8894
2820
2953
8510
5339
3416
7592
4646
200
8990
5878
2588
7046
1223
152
8540
8122
4706
5780
3945
6048
9770
6053
3018
8526
6536
1627
699
1281
9588
8759
1777
7881
193
4812
5898
8
6785
177
8746
3574
2387
255
9903
587
5870
4801
8634
5181
6047
491
6795
2427
1420
8221
848
9147
7251
8215
7063
9312
5737
7241
9336
2856
8520
8129
2088
1001
1150
906
743
7743
9966
4141
7308
8079
2970
1403
7031
7932
9981
3351
5162
3788
9461
4987
3558
3373
9569
4452
8923
4318
5993
2054
6412
1801
2173
3194
9232
7575
3144
2624
4634
1736
5723
9079
5667
1405
8271
5628
3748
5193
38
5154
278
5775
9349
1820
5361
1769
1978
3263
6913
4364
1207
1844
212
4399
1934
9963
7661
7346
8385
9778
2310
4952
3354
8066
4531
6847
7172
9252
4177
946
4840
7995
9883
9839
5495
607
6469
8350
7144
5183
4516
1793
137
7361
9835
8751
6146
412
8664
9204
1837
2288
8143
9689
4922
9814
9370
2076
9216
5348
6681
1053
4563
1430
94
4099
9224
7696
1552
7338
1286
8271
9428
8499
4601
3086
9170
6501
2315
8488
1964
5630
9647
6068
8211
4712
7656
3934
540
2816
2237
6752
5188
5223
1525
6747
8990
2602
6365
9313
7881
8364
1071
2903
5737
8194
6843
9930
9732
7865
9488
2480
3617
8288
1865
2649
996
4340
3828
9145
3553
9652
5286
7818
1972
9416
7039
8898
4147
8800
2265
4120
4267
132
5958
4956
8286
3518
4227
1465
2342
8387
2801
9266
32
4584
4336
984
6120
1064
9628
2742
5325
3544
20
795
786
623
4550
8353
2276
3877
3811
7618
6466
2441
1486
9917
7934
2001
529
1407
7845
9404
8806
7442
6764
2387
4589
7461
9795
6172
6227
7962
4189
8513
382
8452
6876
73
8426
4524
1432
8674
5322
20
6462
840
3508
1162
9397
6621
5902
8783
4445
8885
1307
6540
2907
8106
7945
7157
46
9533
2778
1596
926
8130
9092
9929
8675
4921
7299
9941
3114
7173
2890
1596
2832
71
4283
2068
895
1822
4122
5244
7541
1032
3426
432
5735
7027
4480
7400
6923
6003
4191
8357
1559
3070
7231
8995
4615
9959
8650
601
9642
7307
9444
66
6085
2524
7000
5134
4223
2156
9760
6189
3406
3248
8798
5710
7207
508
7506
2278
9595
7158
8187
3906
1386
2644
2787
9292
6918
7559
3739
3333
911
2078
2084
3998
7306
4208
4099
7616
7515
8087
2129
2672
2960
2812
7357
1298
2654
4935
6950
5550
8888
3882
3084
3159
5707
3042
9890
417
83
4804
3282
3381
369
8564
3646
5640
8662
6326
7712
7917
6515
2502
7561
187
102
5459
5320
8306
4030
1188
4296
8523
5725
6676
1460
4569
9011
7757
7246
2221
7576
932
9794
9747
5968
1921
1351
555
9558
4099
1675
9232
8649
2601
4467
753
4475
2715
8340
2378
9703
2730
4287
9786
9447
5813
7292
6490
9682
746
9617
9024
6779
9606
3641
9829
9762
9060
970
644
9386
2037
4045
8137
9427
7875
7262
7361
1595
9185
2356
6588
643
789
6912
4579
2810
9737
4839
9974
9266
4172
2362
9896
1988
1002
6160
1822
8473
2061
4042
7957
1243
8795
2920
1118
7681
273
9302
5356
1610
9334
7825
4318
2416
9381
4310
3672
7751
3777
1356
6312
2809
7929
4369
3745
5293
8617
2113
8748
129
4611
5941
9815
2899
2306
5440
3671
7913
9795
6978
8715
4288
8763
116
6398
8245
5649
8587
2062
4257
5905
6207
276
275
7170
1511
2254
6822
5690
1107
1470
1874
1813
847
1517
6400
264
9125
1800
6238
8672
3161
274
1418
4481
4738
5347
568
6088
9409
7024
2067
6388
12
7456
5924
6138
7778
7522
3240
9933
6586
152
2763
1857
72
265
1373
8012
6954
3630
7965
8434
3278
4371
4744
8150
2372
1826
5865
6330
1007
5321
9089
9524
9705
8870
7730
4319
420
3710
5959
3229
8490
7131
2839
9977
297
7664
6278
316
784
7275
6454
2820
5728
7245
8250
7395
4358
6397
3763
3761
5927
8897
5170
7539
5967
3197
2659
7772
6457
9911
2420
3260
8169
6449
7622
2716
2356
638
964
6887
61
6814
3210
4380
4389
2777
6374
8905
295
7125
693
1186
3153
6962
6372
3311
6995
662
3144
3446
1941
3548
4210
7309
4651
8905
3901
3636
8184
5765
2469
3632
2446
7473
9227
1573
3866
2206
8153
446
2885
5824
4438
7700
2419
4612
9056
2887
2239
2307
861
4134
8523
4249
9506
9197
5413
6250
5123
7979
6937
9009
143
7358
1026
5778
4254
2632
9500
8833
91
3149
3022
1592
8712
2045
1515
7192
4312
4540
739
8585
5495
2027
7911
3085
8424
3397
1884
5869
5117
2132
9193
6526
9293
5891
5770
8613
7754
6473
8904
2262
2606
4654
3156
3473
606
4232
2091
9786
8261
6911
1289
9173
5233
942
2469
6635
2808
3350
6046
7104
6519
3084
8955
1536
9853
7735
5201
1724
3364
8773
1432
8297
1775
3206
7247
7610
5247
9839
2207
576
7822
1332
7832
7947
7550
9882
9893
5577
4145
6076
7338
3828
1762
1724
7866
1904
7358
2094
495
3784
7332
5731
8768
1924
4257
7661
3789
3643
5198
2830
6869
8563
2832
8497
6997
6636
1498
3364
8413
4564
4500
2632
8492
8736
3220
2247
726
3436
3535
3919
9226
6866
3145
5593
8637
6096
5294
9286
8675
9809
102
4594
1290
9557
3141
2403
7382
8028
3122
3319
9756
595
2083
5741
8782
3213
3400
4979
6530
8771
3702
9216
5125
5031
7977
1298
3022
3988
498
3968
4787
4571
4684
6455
8715
7201
4340
3952
4636
5797
5155
6616
8722
2499
4247
677
9791
3666
9665
131
7238
3189
8284
4045
7111
7633
3378
4993
4697
9268
6761
8864
4017
4585
31
7776
6553
3700
2763
8898
7787
1714
6270
1121
9499
2033
2301
7650
3897
4847
4500
9321
9778
9194
8873
9182
5234
3354
4229
4214
5941
3416
3725
9701
8997
2119
3708
9131
373
469
8604
1610
1851
7287
2954
4457
8476
6806
4357
9514
5051
64
8684
7838
7365
8214
9924
2584
6756
516
1675
5160
2239
1530
2088
5846
5329
5327
8860
6703
5438
9242
5614
44
8766
450
2858
6128
4131
5615
540
5855
2911
6313
3705
6806
5438
7458
4769
4441
8040
6746
2286
5188
1551
5757
8665
6911
8140
7019
3921
1179
9106
7023
2968
835
574
1979
5154
1674
1615
9071
9418
1680
8079
6203
981
3338
5491
2547
2760
4523
1600
2516
946
5006
1214
2462
3182
5497
5556
4601
2533
494
7065
4647
5323
1838
7402
6905
4534
3624
9478
7375
1198
7425
3126
6297
9341
7503
9900
3798
8098
3263
2018
3219
5715
4196
7733
6809
6044
1868
9826
3878
4241
1584
4982
1343
6920
8195
8890
1536
5210
7427
2646
4101
3791
1403
5262
2315
7121
462
5749
4533
9492
5060
6405
86
7190
2259
7664
5690
9775
4436
3506
6511
765
4503
2239
1959
1796
8583
689
3582
8712
1162
2558
2297
2342
3441
8822
9547
8724
2370
3731
918
5708
5539
2444
1729
5177
4685
4493
3606
6753
6813
1361
6542
3015
5242
9265
3870
1381
4417
7503
4891
6707
3688
691
3505
3819
8330
4193
9848
8039
4936
7220
8536
7525
3394
7672
2060
3492
5017
2703
2893
9055
7957
8222
6502
2153
5355
4455
7837
4374
8028
9255
625
6573
911
5613
5739
7595
8430
2463
1670
3573
9527
6534
5740
2822
1282
883
4647
1280
6543
340
6634
3614
9557
2581
8392
8495
7790
8566
8287
6647
4136
9544
7901
7029
2161
7227
503
9163
838
21
8727
3862
7461
1807
9269
7201
9032
2591
8776
1268
5255
7464
4381
2711
9331
8488
2594
3952
5131
2287
5760
2453
8313
9979
9222
2911
4811
6104
9366
6519
1019
661
8711
764
1111
5863
1718
6492
8502
9228
3119
4248
1292
3967
1676
796
2743
2914
1591
9057
4438
9189
9517
6053
7080
3575
9234
7176
85
1655
3343
1911
9471
3835
8203
2010
3038
3664
1973
1132
1464
2192
8247
700
6229
6672
2783
5353
4695
2722
1060
138
8136
1970
8724
3789
393
8743
9538
600
3204
1121
3303
3100
7529
495
5681
7628
7305
2804
9782
3492
6883
7328
2213
9306
4679
9962
9975
4345
2321
3142
795
1505
7152
7444
9754
1079
2125
61
2928
480
7926
3200
4124
3587
3923
8615
4861
1855
7783
5950
8276
5960
9045
5435
5972
265
2171
1814
1463
1196
7661
2773
7954
7627
3170
1342
3529
855
1487
5253
9101
9626
5330
3894
4671
2034
2622
9703
6872
4363
7197
4452
9742
6939
3183
3509
915
6564
7109
8892
6662
5087
7715
5500
2043
3777
4689
4900
9646
631
670
7436
3054
4983
7596
9297
9766
4604
7590
2554
6199
1547
3739
2908
3149
3571
4427
2522
6141
1187
430
449
45
5549
7398
1328
2430
7932
4959
9825
5603
7725
8654
6546
5903
5169
8570
3993
3153
1535
8486
6868
4495
5350
1585
9812
1674
1066
3901
2555
5231
2733
3554
8660
7501
410
1920
6551
1828
7859
4084
9780
3254
3414
2743
9360
2602
8492
2142
8858
6007
2823
8097
6118
8836
7692
7558
6473
6951
1311
5474
7413
3222
4099
3535
7366
2274
8602
4599
418
3480
5791
5468
6539
7414
2026
5576
7877
3984
4650
1718
8872
2150
5592
9568
9670
8764
142
1001
2803
3435
9828
1769
2257
1251
2822
7009
5835
1494
1042
4490
8081
3072
7575
182
5196
2631
7948
760
5457
4175
7332
9556
5307
3582
7966
1125
7542
4082
5399
4964
1289
4049
3066
3591
4262
7016
8817
4828
4625
3870
9130
3079
528
7790
3448
3447
1047
8251
5759
4355
9336
3524
426
7902
2178
6235
5965
9170
7305
404
5383
2824
1464
2065
2263
9487
7784
5982
9670
855
8182
7239
9306
3761
6991
7949
4221
9915
1645
4828
5
2037
9249
8020
9847
6633
7085
7987
7980
3103
3478
9349
3611
6936
1944
1497
7904
9213
5436
4625
9498
1256
9675
9430
5586
2068
3891
7048
8658
7939
1388
2679
7392
3923
1836
7053
3821
4778
489
4766
1938
7207
1189
9724
9681
5373
7257
6083
9259
7738
1620
5956
4268
8185
7405
6350
3756
124
9350
7974
619
6164
8489
4492
4342
9172
2571
7455
3142
6110
6762
3913
1372
2774
9967
4684
7984
5792
6189
6535
1281
872
2654
307
9376
3632
9468
3289
3595
1321
8507
518
9419
1205
8373
6258
9901
8481
8072
415
7356
4910
1814
922
3405
3826
4467
9142
8761
7964
5749
975
2413
3269
1159
179
4805
7421
2618
3122
3021
24
5428
7294
7293
740
1762
8408
375
3050
7937
2684
7704
7147
6244
1466
5907
2835
700
1340
5378
3253
4662
7789
7521
2030
9234
9099
9228
6230
4714
3669
935
5228
7341
626
3129
5205
1809
8700
2842
6078
5930
4465
4694
7909
3373
6503
988
1434
4918
6753
3875
2053
3421
6054
5937
5566
9591
5694
1563
6480
3090
7573
252
516
7245
6555
9064
2787
821
4162
4110
2850
1651
3134
5496
5165
8672
36
635
2004
4005
2769
9746
2192
1746
9273
2383
8586
854
2760
7226
4211
1610
3797
7508
9115
3593
2325
694
3494
5965
58
6577
8366
3326
3671
1152
5694
6403
4152
904
9100
2576
7988
5793
7151
8331
2941
6356
2451
7551
606
8133
246
4968
7148
1642
45
1527
5654
9744
169
4014
9143
3271
2397
3465
2013
5245
1492
5820
8297
3337
894
3354
7006
1829
6264
6653
1727
689
9813
8831
8289
5466
9001
2449
1010
6989
4230
7181
360
2546
2813
8823
267
1285
5163
4102
5548
2945
925
9643
4701
6942
1967
1938
7507
4956
3947
7559
4672
3760
8009
6927
2428
5491
1880
3518
9882
2087
9664
3951
9055
8658
5611
2776
2044
5027
904
3316
9289
3852
4649
905
8061
1799
9718
9920
3043
7462
6041
5263
5708
4914
8845
4061
4955
7297
7415
6095
6621
6285
1337
9381
3641
6857
5417
6174
3213
2742
2267
1631
2190
3992
2803
1181
6291
7059
9692
7113
2229
9496
1469
8452
7883
4518
5072
7429
3516
6395
9881
4171
8376
5748
3437
7253
1590
3698
710
2873
1031
748
4123
9597
9213
1522
2019
1280
5401
7631
6068
7857
5933
6616
9479
6888
1798
2497
8530
8388
9722
5963
7006
9763
525
6025
9860
4740
7090
1231
2933
5792
1027
1276
8561
4083
5222
7682
6233
1438
6326
28
6849
4891
6808
3248
919
6559
1437
9050
9090
1503
8259
2068
1135
3508
7816
311
224
2831
1571
7065
6718
667
8612
4450
7115
9033
4389
5892
7725
2227
6271
4477
3523
5215
319
4769
3219
1046
1982
346
8102
2298
3303
6196
6301
3753
8135
1745
2770
7074
3679
2553
2401
41
7702
6711
509
9794
3398
4499
5469
7552
5696
821
1828
1035
7804
8190
6282
4703
133
524
3371
9956
1227
8661
5895
8277
418
5924
9407
317
4257
7213
336
2388
9026
8975
8549
7070
927
1307
3096
8429
2507
343
530
1898
4995
7069
1824
6266
6908
3346
7074
2123
7505
6666
8189
6737
3978
7716
104
7081
5916
2948
8927
2756
6033
75
7249
720
6556
6533
8456
4087
241
2608
2143
4004
9822
6493
5367
8412
4953
3379
9420
2765
7290
9799
556
2749
5070
9103
2827
10
8907
2768
7326
2620
3512
9199
1281
7695
37
6473
7778
9099
9842
2486
6015
7164
3369
2888
8755
336
9498
3017
4638
775
4501
5526
4925
1283
245
7932
3112
8620
7060
4655
984
1725
9143
2103
7176
8222
1931
9866
1873
2494
7174
30
159
9655
8038
2174
4333
8932
4212
6011
2541
3528
2701
6918
7719
1065
299
7287
6537
5316
8496
2131
7857
6707
5711
2093
5523
6117
7399
4035
1643
4637
6023
3679
5967
1849
7828
8638
374
2076
7521
4330
8143
9835
4010
7449
149
495
5656
3077
9265
5778
9385
658
1874
5134
7680
2806
1962
8653
5726
3178
5898
8182
736
9507
8777
223
6646
1761
1073
6665
5640
4409
922
4574
8071
7317
9991
1794
7745
5803
8785
7526
5173
4531
3087
1360
4324
6763
1581
3678
7067
8267
3486
8141
8278
6632
5795
9778
3370
9819
1351
6882
7189
343
2576
8258
4126
2928
7389
8427
7867
5153
281
1822
5137
87
276
2175
3518
1075
3977
6909
289
679
2788
6992
4683
1463
5341
1626
334
3565
5201
8766
4219
1239
2561
8113
2243
1752
9868
2197
3972
4994
6435
9703
4610
6849
7975
4135
6631
1801
9369
9504
2810
1443
9604
3418
8756
2901
499
8145
3977
3215
8874
1763
5183
7434
1191
5491
7448
9409
7187
1507
9594
720
4142
1341
458
1426
9636
4944
496
4942
7803
995
1364
4328
4748
4474
8767
2499
3749
9219
6623
2322
1424
7445
4591
2244
379
9582
3691
7436
5944
3320
5450
9721
6051
6609
4465
8132
4666
31
3882
6402
6759
5341
3273
3586
5816
8313
6156
5105
2157
9844
9830
406
8785
4188
9188
2362
390
9011
4944
2267
146
1875
308
1442
2418
6316
1116
2716
4926
8896
3422
8631
3630
6614
3250
5390
9820
4369
3651
4924
4399
7738
3527
3423
9621
5346
7148
9398
5190
9963
9961
5023
2096
5959
1357
3631
4182
9309
1894
6305
2464
3256
1120
7466
40
1802
1899
6291
6096
2888
7050
9436
7262
6492
8880
2288
2093
1303
5386
5893
3945
6684
1251
1470
546
1663
1321
5745
7199
1984
1089
3553
7185
5251
8658
3516
9759
2817
9106
696
9933
622
1973
5319
6591
4183
3681
7744
3721
2993
3446
6034
9641
3921
1492
9387
1088
9851
6072
286
2730
3934
8094
5421
1442
1850
8812
7490
5
3481
7575
5232
563
3565
4766
5476
2481
1056
6087
4918
9191
9331
3743
7104
9400
7091
1471
9932
3369
271
3761
4586
8786
5501
1025
4619
3183
9424
1847
6238
5947
2206
8650
3786
6598
367
8066
1297
2604
8445
5917
3618
2507
561
4738
7909
2458
3891
7093
2814
5643
5894
1354
5619
3424
1456
8358
2356
2915
2687
3958
4005
3793
1059
1
8351
169
9139
498
1408
277
126
7027
5040
8671
2053
5200
4540
4921
802
8015
1319
7904
7562
7167
9885
4248
7274
72
9422
2570
800
1279
1310
4217
2559
2286
6424
116
5617
7741
5221
1088
7052
9276
5118
8812
6758
5645
2086
8828
9823
7738
8218
1324
157
3986
4718
8129
5181
2403
3296
6477
5185
2998
2747
1037
5975
5600
6897
3294
4403
5650
2852
8015
9295
7600
6309
7552
1149
1639
9112
7047
9422
8526
3089
8058
3948
9425
1275
5972
3250
2791
2536
2653
4300
1494
4712
3805
1218
1679
7298
7091
649
8228
9542
6193
6616
5302
8174
2602
8369
7749
3049
1836
7178
626
9220
8005
5201
4246
6515
3818
804
7395
100
3781
9854
5359
11
7293
4867
5402
2793
4366
6257
6168
9865
32
6126
2827
5389
9041
1617
6744
3112
4620
1531
9262
8455
7332
5300
9392
4733
4128
1837
2386
2278
4406
816
2817
369
1879
5796
6658
6400
982
2403
254
4222
2193
6523
870
8299
3576
2844
9126
6887
3693
2830
32
869
5351
2882
7930
112
8125
3159
2487
4932
4659
6725
725
8674
5699
2655
1560
8053
8608
448
4579
4326
7202
4574
6819
6003
5169
5475
9204
4303
8668
197
1399
6759
5961
3444
6547
3773
6698
362
7401
9298
3694
6252
6854
9370
3206
9312
1814
8425
8864
7698
4352
8312
1217
2194
8123
7024
3341
2597
3367
8357
7329
4136
1680
9401
8315
1962
1627
1997
7093
6648
7514
6056
2011
2781
2800
1466
8698
5876
985
6708
2703
1084
9975
3712
6498
4143
9938
8552
122
5732
8986
1826
6608
2818
862
3878
1869
1852
2338
5873
5092
8237
6698
2723
9191
6290
7167
603
8887
7274
4895
3987
4052
5001
700
7133
8514
6064
649
6479
9337
1213
6744
606
4501
4819
474
3856
5952
2670
8936
3103
8498
8058
799
4546
4959
6679
6015
4433
4918
9862
8668
2727
5773
55
7275
9731
7999
4246
4452
5151
7728
8086
8949
7542
1113
3308
4419
5459
8971
9996
6083
7362
3404
2554
1592
7971
8872
1437
808
4848
1549
9494
8185
387
3143
939
368
6475
442
2920
2166
2940
6649
8595
3600
7980
9962
8587
2423
4711
2834
3499
6055
2819
4952
9363
9570
7203
2476
2270
4455
1116
3595
6069
2336
8358
3514
2505
4019
6034
3289
8974
1881
4076
4001
1868
5084
6756
505
430
1399
9893
4423
515
1385
1630
5470
9589
5739
9364
9622
4818
5729
2562
1155
3949
6392
8475
6119
8134
447
2496
4717
7457
5440
5043
5859
4182
6067
2918
764
6509
7726
6268
7748
7276
6012
7557
5524
7299
5988
5406
202
536
1401
6064
8307
4116
4781
8095
2571
3497
118
1425
8653
9856
1267
4648
8346
6699
3409
2369
2647
2415
3898
2479
8117
3724
4136
6855
5949
9647
568
6354
7889
2706
6988
2929
7083
4854
1812
1947
9758
3144
1915
9428
1697
5845
7741
9565
6911
3984
758
8286
7150
9269
9263
8432
3586
2760
8177
5262
2595
5800
1259
3594
6694
313
1185
629
7375
4241
1039
5203
4767
448
9714
8123
4892
8064
2585
6607
9139
2913
8938
3791
6716
6393
1557
229
6218
2591
4137
2056
1556
9375
8963
5177
6550
9199
3524
7486
789
6910
1310
6905
146
1772
6129
9665
6440
2891
7448
5291
7684
7006
6923
2409
4625
2972
5818
4610
5732
5665
6840
6068
9485
9904
3979
7878
891
7018
2681
2056
3652
9835
9585
9916
8523
583
9364
1413
9461
2701
3381
6704
238
2116
3186
6503
8379
504
5466
2882
22
8818
4531
2147
4811
4616
9462
6046
9281
2381
3403
3579
6624
9039
3642
3770
1644
8631
1143
2917
5470
6403
3137
924
7498
2210
801
7716
258
5459
6499
4982
660
8480
7588
689
9619
3627
7195
4420
6294
7479
7940
8788
1223
8966
5752
39
4378
638
7170
6609
9313
2656
1599
6549
4088
2874
63
8921
3157
7210
8082
1984
50
2478
9457
4452
8049
6412
6887
8619
6808
5888
2048
6262
8791
1723
8424
2758
7799
4797
8733
4885
6147
7037
4243
1403
498
6666
7331
6278
7441
4972
7068
4092
8377
1038
5819
3194
6559
9736
2515
8432
1171
581
4839
5723
4933
4378
6301
1113
2955
9488
7056
1473
7817
1461
1735
9045
2262
5366
3234
4629
1643
6443
1211
1509
8877
3873
4997
6012
9459
1562
1954
9204
3426
1570
7030
7390
386
8583
2446
8103
6845
4941
9855
8130
1365
2834
7421
8108
7398
5147
4492
521
9480
4440
7757
6954
7300
6358
7546
584
1723
8331
1046
2983
8668
4807
842
3301
2223
9352
6007
8365
4417
1528
6465
2195
732
230
4382
5041
5416
1683
4171
7639
6277
2899
9734
8167
9860
1070
312
248
3012
3954
7882
6597
9188
8156
6978
7581
6251
8262
9100
1889
1554
4343
37
8922
8292
4476
6613
7080
6886
6987
5315
7292
5707
8988
9331
585
1275
9275
4312
2370
8743
1298
3437
1047
3730
4148
2215
5134
2391
3584
3767
6152
46
4531
8231
3014
9694
2670
2657
1986
2071
4495
2330
1382
5638
3352
4975
4986
2597
5877
3891
5257
4446
3787
5727
2966
7579
6624
1736
1560
7182
2074
9663
9299
5541
6823
155
9645
6846
58
2659
3737
8738
2995
3444
7312
4802
1330
9557
4306
5381
1058
5502
1917
6776
2000
1493
5025
9893
1907
3761
9340
4826
4803
3998
2396
7143
1387
509
4253
8783
8190
7211
4345
9755
4424
6243
9588
5864
9544
8310
2769
2916
3900
491
3240
4302
8014
842
1108
8801
1025
4227
1940
1272
1042
5337
1955
2219
9081
6168
2388
7604
468
5884
7290
4449
2702
6416
477
8091
8779
5892
1619
7746
6576
5318
1756
2263
7187
2459
1666
7904
6183
131
2472
6066
6689
3999
8630
3563
3714
3363
5496
2111
6573
3428
2442
9074
2784
3859
8080
4534
749
9891
2044
6913
67
3565
3230
9726
398
9015
4692
5396
3244
3967
2056
7976
2746
6986
9530
9227
1151
4455
9097
5311
7214
249
5976
2353
9509
865
1257
1596
3037
5201
487
7116
2979
6281
2654
9267
1108
5509
8536
3708
2470
3837
3877
2432
6580
3450
4921
1396
6264
7888
5038
8345
2085
6430
2011
7437
590
1603
7988
2852
5051
5016
7161
4720
9170
7940
4144
8153
658
4560
2304
4025
2730
7508
572
8676
6762
6801
3094
4784
8982
7522
6697
8827
1679
1807
1092
1102
3354
5875
6482
8187
147
8205
1015
3815
234
6677
9338
7205
6176
420
1418
1281
3380
8166
2143
2649
6438
5211
3148
2802
4976
9450
8111
3037
7712
3082
86
3198
6638
3324
6865
4509
8813
8909
9636
1263
7374
9302
2148
8435
8949
8613
9990
9126
2524
3690
3338
2075
1141
5553
1700
2947
2171
9527
4822
2658
8171
6102
2144
46
803
2959
2359
8926
698
6132
1375
7019
9338
4401
8125
2480
2221
5758
2544
3236
4921
3307
1937
3160
9196
6896
3680
8892
5950
1770
831
7308
9176
4587
2995
4880
9331
8452
749
7433
2675
1399
7796
7791
2250
1770
511
1305
2031
302
8574
3308
8715
8664
7378
6439
5582
7801
9171
6221
4421
3397
8593
6059
165
2693
6937
3630
6430
8852
6267
18
426
2163
8863
1810
6677
5321
1584
797
459
8019
8950
6191
7717
834
3774
8808
259
4431
3476
3103
6597
7029
3301
468
2168
8774
6258
8644
2029
997
1432
4569
328
9237
3843
1310
9127
5964
4758
1480
6240
7726
5831
9045
2414
7346
4603
5267
5209
5449
8636
9398
7831
9750
111
9509
6827
1428
1258
4828
97
7841
9317
3268
6884
1243
4341
8060
422
660
761
9249
7230
1686
3778
6270
51
5294
9924
1877
5088
4343
394
7036
5996
9726
1280
4211
4423
6304
7497
3390
5729
6202
6056
8735
6998
7384
2465
6508
2299
5071
7750
9181
6793
564
2900
5174
9445
3536
2550
9966
1660
8097
4707
2314
5756
9336
1374
5507
2543
3198
599
6065
6971
6361
9432
2532
658
6393
4867
6641
877
252
5915
3623
8295
3663
1884
633
6486
2771
6845
8146
1655
4650
1219
1715
953
373
1006
3504
591
7477
8379
7530
6825
5282
3157
5390
3176
8007
9963
3524
8076
9856
1843
7050
8144
5045
4091
2924
5618
3787
9817
7403
4738
5076
7353
8355
4923
9276
9646
3730
9837
1609
812
1983
111
693
4665
793
1929
2055
2431
6761
6671
9149
3799
1130
748
3688
8972
6877
2828
1444
672
2934
9360
4144
452
1288
1166
1751
1301
8178
3647
8464
7654
8673
3803
4935
4946
6052
3623
8953
7062
9483
2784
5464
2431
9375
9215
3394
7431
1640
6576
99
9805
9751
5080
7383
1957
2484
9721
2735
2178
8213
6549
3336
7699
3940
1768
5805
1591
9023
2449
1683
2975
5805
8184
1037
3340
986
3326
731
38
9516
6214
9637
284
7418
3296
2408
931
1400
5783
9727
4043
2929
6785
4784
9311
4378
1714
844
9828
7827
4551
61
5092
7793
4097
2146
8728
5296
8902
126
8520
1262
8275
232
5671
222
6042
7430
7071
8219
7014
9778
5308
7288
5101
4869
7511
3418
7750
2370
4588
8191
2141
2030
1613
5353
2219
5262
2025
7621
7739
8251
4197
756
6054
7313
9971
3961
3747
7229
8161
8242
6306
3589
2089
5687
72
479
6372
3547
6325
8089
9968
9814
4394
7339
618
1805
7043
2677
8929
883
1316
4530
3681
8079
698
6730
7809
5139
2766
5553
1181
9704
2206
6616
3789
1560
9580
1725
8147
7281
2084
8605
1057
4404
4636
3037
9872
2133
9382
3697
2807
1864
5108
8903
8258
6868
6389
7082
1970
7604
4565
8093
1102
8971
7581
8773
1575
4069
2280
5923
2254
1863
3956
1038
5174
7576
8392
696
4172
3333
8879
482
8824
9534
6873
3630
5096
7835
9902
3082
5398
4950
662
8126
6221
6106
3504
8012
9666
6885
8439
5416
9863
8058
2832
6899
8105
2953
4166
4110
9198
6077
4757
1848
2429
8139
1101
8701
6264
4564
4697
5555
4183
883
3127
2274
5870
7066
1239
9
6191
4561
9878
1830
5265
6070
5578
4563
8584
609
7230
5991
5536
5001
2774
318
400
7247
4766
3030
4019
3914
4218
6816
266
2519
6790
187
70
3153
451
1060
6311
5465
449
2740
9718
4963
1275
2589
7557
6219
5843
1156
9541
4041
998
4103
2510
6125
672
8719
5889
2776
1284
3370
2878
5548
1326
5241
4197
1813
2063
9461
77
4069
9446
3318
4463
7656
6476
3078
5763
5889
1147
6959
7764
8514
9966
4635
4184
8629
1275
6113
6056
5650
3706
8487
9882
9573
3745
2482
158
7500
8269
7477
4378
2796
4593
3249
6463
8982
6371
6818
1421
1944
6617
8783
6505
4683
6448
6033
4516
8641
8587
9354
7406
5773
6459
4821
7492
8371
9131
8543
8194
8781
8782
3441
211
6252
8922
3291
2158
5547
1410
327
5679
5208
1498
3947
6088
5252
4141
8773
170
6936
7851
1924
2099
498
5428
830
7435
8415
4215
5720
3123
3761
745
1723
955
4688
7461
8901
5463
6426
2402
280
9726
4758
6456
2683
6376
6760
7160
8471
1699
6704
6861
8303
108
9468
6711
75
185
2747
7564
1178
6412
9456
4077
3960
6007
524
5108
361
8339
5582
289
3291
4165
5295
2859
4712
9999
3269
7359
2733
292
8562
2549
9847
9954
7137
1344
7108
2506
7274
9778
1240
7092
1544
8446
6159
917
4670
7749
9948
8681
9742
8513
4142
88
5823
1453
9787
6084
9334
1269
780
9375
7102
2798
701
9770
3938
8522
3134
4201
8430
2166
5947
6901
5685
2068
6118
8523
956
6190
3563
7530
8282
5863
728
6708
3665
7691
8172
7503
2911
8877
9408
8711
2720
8080
8226
8478
1389
3893
8469
2144
9574
9302
4396
1894
3366
2371
3188
2588
6545
2389
801
1854
8295
6847
6158
521
8556
1696
2702
2516
7005
817
2162
6364
4811
3836
3537
7975
1613
1472
6095
7391
6619
8937
4986
3750
5652
4128
6230
1214
2090
1875
3
9169
1441
5149
4386
2739
4522
3081
7943
7339
1059
8936
2145
3122
1850
3865
7030
7009
3923
5060
1451
8216
7049
7132
4454
661
4239
7783
9482
5538
3624
8617
3414
4580
395
8932
9468
4154
4838
5044
913
6943
9818
3879
7385
8995
6523
8965
2685
6441
6324
9916
3902
8277
8707
2876
9116
3826
5052
387
2629
8785
8432
5599
512
6972
3500
430
4940
6579
1475
9385
2162
5286
1333
8537
7489
6107
5503
5735
4542
1223
7752
849
3253
5344
501
5987
7076
7451
4496
4879
4496
6038
8944
6902
3384
9943
9984
1268
6711
2071
5872
3230
400
5078
8572
5463
8917
2855
4684
9693
2852
226
6539
5172
680
401
2425
8578
2965
5170
6974
2980
6202
4213
5920
8092
604
8838
1318
2470
459
2686
2571
8598
2152
4045
8691
451
7684
7031
8905
5006
2066
7651
3527
8515
7643
6599
6065
4990
5851
2780
9179
6758
1281
3560
6688
3447
1064
5085
5882
7423
9363
6853
1487
7000
86
8460
550
5092
3214
8130
4343
1557
5929
4138
6872
8709
3581
8889
4099
6934
2170
1710
9969
5860
8816
5616
9750
7957
2033
1332
6019
3448
6364
8145
1834
7159
8848
1537
3446
2699
7453
4412
7741
7478
9114
28
3321
8652
3432
1884
1387
2987
707
9623
8886
1947
6417
4440
8621
9674
7359
682
3528
8202
312
3612
4258
709
3217
8566
5624
7146
5554
7654
2361
7633
3803
5404
5454
5490
4262
8653
9992
9771
1811
5552
2359
4128
7986
3733
4025
4998
9144
7728
1284
566
3764
8982
3558
525
4108
9016
4331
1410
7118
6021
9022
4465
8268
4504
7472
8642
7035
9834
2293
1246
6627
359
2352
8596
3749
9702
2514
8079
2653
5184
6928
3844
3260
3490
7643
1305
600
9405
8658
7079
8361
5676
1376
9481
8763
4910
218
6460
6414
1637
7253
2244
9479
5256
4890
3255
158
6972
9477
8660
9445
5706
4374
2465
2218
2621
588
6437
2045
2395
7589
8640
334
1796
1362
9048
3518
7532
5793
9085
6179
4771
996
7864
512
3826
7555
846
5666
3197
5770
6460
1655
2205
9563
3209
5979
5636
9499
7052
6816
8426
2993
5507
9035
6770
3604
9321
363
9481
2486
3750
6990
4717
8122
7385
1982
2334
9096
750
7091
1639
7903
3798
9827
4242
6663
2462
9437
5258
2842
5106
3977
9021
9968
7356
934
9407
29
7606
8878
1874
6572
9278
3006
4596
6932
5293
1465
4249
1570
3603
3335
5671
4411
7730
9311
6226
1032
3221
2053
7295
6889
8433
9891
7196
738
275
7615
1426
1179
5095
7647
1862
6526
2369
616
4285
3221
3018
414
539
7435
7857
807
9655
9301
6016
9004
1806
8877
5572
818
6744
9725
1320
9255
8636
5818
8897
3054
6468
2166
2487
8119
1469
6878
8663
4614
8693
3316
1778
5789
3465
2184
7983
4519
7007
2708
5115
8164
5911
7158
1815
886
8344
2639
3336
446
5909
2547
5295
1034
6856
3771
3024
8883
6180
7855
5044
8736
237
941
804
9864
8614
6497
1919
5898
2621
9878
4514
2433
2295
1635
4411
9170
3552
6706
7224
7864
5739
1960
1381
8859
2247
9746
1273
3901
1228
5600
8094
5135
1592
7602
3052
7702
9884
9871
265
8976
8178
5295
626
8758
5097
210
6965
7864
7870
8687
4618
6266
2069
3585
9021
1194
6053
9358
9714
3852
2794
6088
7471
7613
2313
7556
2404
180
3052
9678
9106
6756
4392
444
8163
1606
5802
1241
6574
5045
6827
2818
3125
2837
6197
3858
7084
2935
9888
7751
4062
4444
7562
5300
9976
4719
9017
729
2778
5532
1807
2452
2333
2271
2641
3114
6139
1346
3856
8280
2986
5193
7243
1294
8889
6184
8841
2557
1201
9342
2278
4124
5378
6942
3145
6579
73
2049
4302
9750
8711
5292
6923
6308
2589
1367
8732
2167
211
6456
7096
8573
5057
7829
7466
425
3903
6979
6608
1675
2917
1647
8490
2712
1667
7335
5730
8253
9440
3277
4831
8908
3073
3556
8888
128
6312
6710
3879
8883
9477
3156
2723
3046
7428
72
6273
890
1569
6807
3855
5382
8960
9390
3655
6224
4294
4561
1331
2868
1576
7661
4698
1912
5262
8031
2922
4954
8433
5025
4212
7038
2645
2106
3188
8865
7658
502
2787
4083
5328
6339
8660
4288
1088
8072
1980
4964
6084
6610
4651
4716
6741
7052
7320
8314
9821
7463
2561
2840
8547
7680
9209
287
7409
14
3595
63
3340
9205
2986
9015
4560
7906
7519
7018
6185
2957
3794
3172
7303
8650
3595
6844
1282
407
6632
7806
3493
847
906
9589
9020
403
6298
6289
1799
2942
8942
1466
6279
4499
4047
9281
3629
8569
7025
7286
2088
5463
6056
5768
4496
4537
7122
912
8545
6694
722
1309
2438
9153
5122
6854
4001
3038
2055
8836
9940
8639
5148
2552
6775
5127
7967
4853
7251
1655
5259
7369
9466
1315
4289
3784
7230
7539
1315
7484
2532
2033
2127
4437
5204
905
6639
1450
196
1042
4295
1841
2972
1772
37
4905
1613
1899
9379
8551
7838
8642
6472
6263
3020
9183
2967
7614
5453
2854
9462
5628
1772
4115
6598
1904
6730
5493
7248
8616
2585
3851
8294
6314
7014
7832
7417
782
6550
1223
1748
3202
6095
6583
6036
9353
3042
8247
2832
2914
3296
4027
9783
5940
1266
4798
933
5726
7453
3800
3945
308
6653
2308
8178
7667
5816
3508
9683
300
115
7151
2249
4623
6909
8882
5782
6156
991
6046
6246
341
6790
9380
3434
1964
6255
7459
2200
4077
5357
575
5432
8165
7086
9721
3000
2673
8257
1554
4313
3620
3891
3255
6407
7563
9298
2756
3027
4658
8583
8599
5347
4666
6587
3617
2954
1210
1961
3764
5873
3062
9214
1017
8219
3344
2755
4465
7837
4459
510
9127
6085
2410
5050
4272
1837
7766
4225
3138
2666
226
442
3362
4279
2465
8326
6907
6766
1348
4667
6048
7689
2396
3136
6491
2792
9352
8164
2421
7750
483
6446
60
4444
7649
3242
9937
8020
8263
7342
5179
4832
1504
7605
2281
2192
4697
5706
2271
4614
8663
468
5251
6771
8578
8448
4849
4789
6514
5554
3938
8262
6075
5543
6575
8213
6158
7219
8025
9721
448
9722
5316
7144
6428
825
3008
2448
4981
7806
7914
6739
5985
3375
1552
3105
1735
764
8549
2809
9515
5749
944
4947
4034
5520
9658
8745
592
8636
8725
6642
2480
4402
3602
1843
9918
6335
7729
2816
7774
7874
1284
748
8050
1564
4387
9583
7767
3988
6315
5622
6013
9900
2240
4574
5082
1691
4264
4551
7837
584
2394
8858
7154
3922
1214
6449
4255
898
2214
1841
2013
9984
2262
5023
3607
9825
371
8463
886
9855
8332
8226
1008
4678
9558
3334
1787
291
161
9220
3174
1172
2210
5601
9523
9140
5128
8428
4834
3391
2166
4538
7101
3057
3378
4874
2215
6830
3210
2268
4324
1106
9787
5402
7307
4164
9632
8166
9152
8831
6867
7537
6483
862
9463
2864
369
9622
7599
618
9405
3194
931
230
3993
1281
2532
4596
6911
7812
6822
580
4840
4644
4331
2407
2974
3144
8998
987
6914
5095
9926
2193
5764
3648
8260
2433
7333
5189
4026
3187
3476
448
5851
5457
8497
7663
8995
5618
1821
1337
3488
9480
6201
9474
9520
3021
5230
2632
8162
8552
4832
2235
8141
1606
9682
5562
5120
4908
1045
6796
7151
9243
581
1912
5965
8968
5666
4264
5626
1634
3748
2330
8457
565
3144
5284
9629
7348
4515
3803
4603
1093
1851
2088
1665
6700
8569
5428
8725
8317
5066
2650
9881
7107
4717
122
6747
1034
4787
2970
1598
6387
5238
921
7786
947
8308
2823
9165
3359
8359
5435
7300
5899
8389
2145
9569
7271
2469
3846
5257
4786
2625
1536
6357
2277
4382
3055
9470
6831
8682
5132
5334
1088
2309
712
2814
9679
868
7600
7868
7777
5030
4047
564
4985
3873
4658
3446
3529
7933
2535
6945
2095
7748
2240
233
2794
9648
518
1531
4566
2052
6187
2869
6252
3152
1258
2986
4739
6964
2420
7634
5560
4290
7152
4427
366
4469
8263
4947
4316
6064
1775
7571
8048
9653
8864
4964
7290
1279
7731
6412
1442
160
1457
6309
4711
1742
1281
5752
9467
8594
1803
4117
3762
6458
9822
7100
6773
4684
5540
9567
5274
4948
7990
8546
8628
6370
8859
7456
106
1313
663
4606
5964
256
5273
5625
3448
1023
1826
7427
6456
4245
7580
592
1787
3617
969
889
4842
6238
9314
279
6298
9148
5051
410
5501
6739
3972
5375
6934
4662
8849
4158
9768
8774
754
2220
8313
7722
4323
8397
7087
7610
4789
9574
9279
6834
7554
539
1128
163
495
5382
2381
2066
9115
464
9225
3838
2050
1882
9879
8443
7363
7412
9877
3544
6386
9479
6074
6236
1307
274
5600
8043
1398
9087
4971
4753
6899
2291
2441
4247
363
9615
6332
9646
6776
6890
846
326
5940
3699
8153
9758
4721
7476
5984
6124
6361
1910
8625
8257
7531
2507
3936
8679
4574
3932
3946
6030
5454
9070
8192
7457
9907
8775
8048
6778
9431
3408
6345
549
9170
48
6783
815
3739
2241
8526
1434
2634
7290
446
8064
8522
7885
4167
2146
8784
1241
574
6359
5078
1541
4457
8436
8540
8162
7337
6434
7194
6266
1116
253
8500
7185
2088
5362
7576
5321
9188
1007
320
1534
5865
8699
7620
746
6371
1230
243
6623
8795
9782
788
2176
2378
6808
753
7274
517
2646
4697
6303
4108
2356
7494
1554
8737
9801
9331
8673
8152
6617
9306
8391
6148
3581
1271
6736
3475
9232
597
3334
2765
2966
9259
4572
8046
8808
806
3028
2084
682
6774
7739
5051
6735
8704
7362
7478
8019
5039
8611
6772
5813
2590
9831
9629
4449
440
4168
9024
1159
3324
6395
2432
3607
7717
4126
9291
2008
6979
3318
6603
4638
6546
9702
562
4777
3630
179
6566
2798
3264
2557
8722
2102
655
6644
4034
4227
1578
8495
2237
6742
2944
9505
5267
5645
8673
2826
8764
5088
9760
5469
4371
1818
4019
5808
7992
4356
2125
8419
3164
9187
8789
2268
9812
4657
9640
8443
8231
3080
3390
9707
2694
8049
5281
9637
7377
2570
7339
9101
6417
6750
8949
2254
3375
8079
6587
4885
6794
3493
2017
7003
7999
7988
9136
9104
5552
8951
3158
6558
8383
7955
3723
2632
1952
7937
7838
5155
6884
7092
5980
1974
7114
4391
6772
9535
6359
9991
1930
4842
672
4691
9672
6927
8545
2086
9052
3418
8453
2119
8618
8622
8948
6167
9446
561
3540
8568
3820
8735
5744
4457
5483
934
4433
5424
6812
4988
5983
3250
9270
7016
4325
4185
3347
8177
1019
4689
7455
7991
4974
4458
7970
6010
1697
851
3102
109
835
3768
9285
3751
1984
8792
8504
4189
5355
7563
7260
1491
2906
7809
5331
2376
1494
4943
3136
6160
194
3052
5479
3772
7567
7503
8382
3634
3875
7117
4517
9971
6282
9106
4172
3612
5450
8378
5451
4868
3495
530
7800
2335
8948
9382
9446
215
4699
9572
8231
1799
2337
5847
7916
9648
3099
268
1591
4093
2684
9380
7775
2768
2815
2620
8520
7467
5067
1152
30
7732
7984
2715
5487
1003
7547
3992
4770
9189
5578
7673
5189
5120
5492
1473
5122
2644
9270
3745
3440
6394
9759
9546
3601
834
4284
4884
408
9332
6006
7601
5205
4096
4266
6773
4897
8648
1997
8008
8102
6020
720
4888
8719
5074
7776
3106
9981
2794
5036
9452
9162
6137
4005
4398
3262
1250
9135
770
7429
7301
4676
7354
7482
7702
8801
4887
3932
7971
8546
3328
5645
7000
5957
599
7363
1884
129
4116
7585
9335
6601
9920
6120
675
5728
5459
7020
5406
4100
9841
9472
3116
6161
1227
9096
2612
6059
6070
9595
5410
3351
93
5188
8368
2400
9732
7602
4272
9500
6575
855
5126
6497
2014
698
629
9151
7184
6695
261
1309
8033
2238
2953
9412
7985
7441
4690
5150
9728
4456
399
139
278
3781
9397
4070
4482
2362
6751
4274
1063
3961
9641
1605
5654
1025
9710
6863
4301
7409
1731
7719
9337
435
5817
775
6066
5587
4343
1599
9743
5694
3211
1693
1739
3399
2112
5589
4887
9372
9091
8749
3125
4177
5000
1268
5231
7461
5144
2971
9173
2435
9540
9829
5938
1955
8708
5332
6759
2423
7728
5117
3915
3419
2522
3948
8084
1377
8784
7627
217
5304
5725
1393
7506
5751
9163
3134
2174
6550
2925
462
8120
5562
7764
5537
4747
2295
1654
9040
7710
9059
5683
6170
6519
2815
489
8919
2409
8495
6288
3911
3132
7312
7547
5264
1528
7057
4499
3419
6977
3250
5742
317
7092
6317
1766
2743
9695
218
7359
2962
407
7484
1284
5731
6467
7587
8645
8828
6735
9731
2046
8179
2590
9491
2824
4528
2338
584
6661
4279
5933
7258
1104
6821
2582
2750
1543
241
4370
8163
3216
5941
8747
5456
5481
4426
4502
991
7335
4702
1464
3308
6469
3291
9796
4254
9796
6814
2659
706
2005
6461
1700
7593
6587
7594
2697
9034
8249
335
5140
3792
5075
6080
664
4258
8715
5527
5365
5880
6612
1986
7446
3741
8294
7265
233
9366
5937
1611
8614
4656
4018
1278
6800
9343
9669
7900
820
3620
8000
6616
5500
4203
119
7460
3157
6452
9319
1845
5468
6736
8183
236
7183
6065
2619
5172
7781
6229
1418
8280
7473
5227
8231
2630
6039
828
7524
6606
8800
2577
3441
545
1529
9317
4511
9021
3980
5111
8509
3500
7803
5793
9383
7328
6096
2442
6169
5280
3296
8202
4194
6902
1104
4365
5959
6664
1096
8517
4540
9237
4650
1512
7133
4114
7112
6168
3583
4950
7507
3283
7058
7951
7334
5631
9190
5406
2845
4376
8699
6016
6223
2317
9858
9576
921
731
2845
9192
1823
2188
38
3252
3581
8606
6658
5673
460
1218
8724
6162
7482
5602
6334
3248
8274
1599
8576
7597
3118
4656
999
2099
7391
9011
979
9543
7348
2349
1166
882
8836
8464
8233
8716
3755
4439
2677
8019
9812
8896
6225
2491
4931
1624
4330
6606
6395
6029
2055
3773
1548
4779
1219
9672
3463
3994
5193
6054
9935
7397
9009
4129
3482
5309
1975
1928
4818
543
8268
2723
593
580
8304
4644
4495
3243
9103
6926
1292
2224
889
5554
1904
2827
6452
4930
4283
4852
7088
6244
282
2335
1691
6044
6952
4493
290
7430
4728
9619
2238
4476
6653
6736
5537
8184
4201
461
8102
6741
7222
7935
9980
2694
2944
3350
4492
1704
3504
5185
5773
6535
7592
7986
6304
6289
4921
3013
1367
5646
6183
7084
2572
5247
7479
295
4496
8388
1064
4468
2445
2443
6973
8416
2243
4293
3534
2391
594
9210
3334
3873
7115
767
3239
8322
7343
4464
1016
5911
1060
2658
3341
8832
9154
7698
5773
6079
6100
5012
5532
9182
2395
4386
8675
2159
9922
8683
8104
7255
3968
5039
9699
6993
2805
6901
1236
5059
9983
2023
4421
9127
5114
8166
1729
2974
2035
4991
7463
3204
7642
7605
6178
4437
760
9591
1972
4534
1685
4030
7264
3136
2026
7991
67
188
2338
6313
3052
197
7993
783
9245
8207
1910
1264
8747
5788
3626
5355
4213
7013
836
6279
481
3320
2808
7519
4509
7546
4339
4302
6302
8933
2429
5806
1336
7322
1109
9620
8603
9264
2313
2520
5340
5772
2693
1761
838
9780
3913
103
6076
2893
7712
6241
4235
6299
7948
1385
1265
6569
2096
6049
1034
3516
1860
1619
2416
4894
2229
9667
5007
7790
3461
8952
7739
2778
2016
1056
5538
4814
4968
1117
9945
5546
1868
119
6842
5574
722
4839
7165
5715
633
5622
3493
2833
1169
9934
5705
1627
2985
4089
3468
106
9126
1923
3151
5444
9525
1782
7954
466
6389
6381
6851
2375
5813
7715
1798
4404
6224
545
9885
5862
8680
6729
8940
9430
8876
8537
2967
2955
1073
3042
1276
6017
1099
8466
564
7902
8705
5241
5265
9432
3341
6192
9687
5818
2286
7117
528
8985
6906
5601
8059
2689
3660
6015
1542
9484
8538
8774
7361
7448
6856
6986
2267
1172
7531
4112
8365
4306
8615
1094
9301
9346
1189
7803
8274
9053
5054
84
8668
6452
1686
5246
7241
1739
8058
4062
1620
215
5367
5291
4477
7585
7915
5533
6504
2501
7913
3528
5205
1919
9330
6852
4767
600
6687
7093
625
9857
3289
847
6935
7679
3413
1874
1040
1565
3018
3180
8756
1596
4120
4279
3569
3415
8351
2335
2044
4907
8971
451
6546
9100
7538
6519
8636
5536
1118
1933
497
8354
5596
3370
9119
4131
7213
9041
2383
5030
3808
2888
9847
4899
3977
2651
9001
9260
643
4056
2178
3503
8491
3343
6826
9505
3829
6497
67
4347
9869
7088
5275
6525
5909
259
2729
8142
3143
1387
3619
9505
5463
54
9846
2513
4461
6978
5784
5904
1974
4108
2543
6569
7483
6425
2755
4035
1542
2858
2742
7268
3980
2027
2486
8510
7223
5373
912
8063
416
285
7646
8234
2512
3704
4746
6257
3579
1506
1911
4160
7731
9064
4820
6327
3046
218
8258
7953
5073
5143
6617
5967
1148
3100
5489
543
1931
5137
3375
171
1381
5301
7002
3786
8553
5074
9492
3090
1597
6789
9372
3562
1908
4883
1171
8806
5104
206
910
3488
2162
1057
8105
3590
4832
9335
2385
367
9884
3296
6679
1910
4058
4238
5868
3454
7821
3239
5032
3419
6956
657
9631
3782
4126
9394
5201
1610
7364
4347
9037
4259
3478
5705
9015
2577
1261
6653
2639
4705
5597
3215
4059
9515
5871
2952
2030
8276
7602
3733
3427
4188
8807
1354
4029
8236
6283
7626
2082
4001
3389
6199
9200
5061
4985
9764
9571
1785
8064
4759
226
7537
4756
2249
5810
759
3659
5039
5884
9198
9513
9959
1345
3642
3378
7871
7668
223
5802
6764
8761
4016
3513
9695
6569
3782
7587
2910
2997
581
1076
3723
3057
9428
8664
4347
274
4159
7350
4936
8403
3854
6327
1954
2427
194
9091
5482
3221
5011
1983
2861
4614
8448
4063
477
5821
6623
7350
5371
3227
722
8371
5315
1184
8918
571
7543
3847
4006
6522
7518
3713
8045
9518
6726
4961
1674
3770
5560
3199
2851
4199
1939
5422
4170
3876
5478
9780
5305
8133
1050
8325
9284
3398
2538
5966
2214
5288
7457
557
3558
8758
1256
6411
2740
9860
1459
8869
2815
5392
7825
7330
9920
7334
6535
9616
6751
9271
3428
2600
2180
3497
606
1760
8028
2201
46
5720
4834
7256
3945
5028
5768
1321
6938
5318
6010
574
2472
534
7573
6014
4173
3646
90
5552
7208
780
1153
2665
6649
5167
3938
9934
5486
4918
632
9401
6323
1641
5709
6945
1555
2285
6565
3472
1205
1679
192
4164
6177
5650
4522
7456
9492
1317
2198
3233
3573
6339
4477
8704
7967
8639
9641
1866
8442
9131
7137
2329
9376
3987
4972
7507
6645
122
8746
9483
6622
977
2375
7504
9405
4193
7872
2943
3015
230
9956
266
4666
7065
3706
1675
9595
128
8488
9303
1801
8089
5304
696
6180
9212
7350
4997
1015
9650
9580
1386
2337
5161
7593
718
9294
9379
9961
2270
5722
5431
3914
1784
3370
7612
671
7365
566
2486
1587
6863
9537
6044
4084
4057
4631
3327
8865
930
7078
9627
682
8293
6386
6769
4115
4017
7141
9945
3223
4568
1169
1441
7448
912
6174
4596
2828
1223
1458
8155
1601
437
9628
7686
9178
1732
2595
6512
6657
7082
5183
9757
4853
4211
7547
1131
2566
4244
2626
7763
5347
1147
2334
1145
9646
9446
2191
936
4531
779
976
6529
6612
3865
410
3199
4638
9894
8330
2927
6027
4989
3525
8405
6417
7212
3881
7214
458
7765
3620
5692
8647
7221
7680
1703
2359
2386
618
1782
4692
7806
5660
2721
4854
343
9856
6049
7554
7228
8695
7259
3242
5306
4820
3598
678
11
4319
5382
3843
2992
9319
2757
1486
2949
250
5800
2540
1713
3453
6719
2096
3720
5193
4299
2023
8310
9785
1368
4076
3222
6520
80
5292
7159
7491
9821
1445
8580
2787
9654
6962
3778
7707
9528
185
1336
4107
1195
8621
7056
6003
4493
4227
3300
4974
1563
1965
9517
204
5574
2098
863
357
8098
6901
2218
1480
3189
939
5785
2850
4650
5397
8678
4507
3299
9258
9672
5227
7256
2357
9433
6190
1120
5307
9554
2778
759
7296
2870
7752
9186
9341
8017
8298
2774
208
823
348
1831
2213
9355
2930
2801
5849
5370
7725
8441
2300
2300
4113
9747
8730
9916
9109
6781
9479
7290
7857
4527
3246
4798
5461
4427
8664
5538
9647
3245
2652
8525
6206
5209
7767
6931
7225
9392
3400
2384
2545
4997
3982
5304
6861
3977
8384
3337
9645
3618
7406
6079
3088
5492
7005
3620
1478
9350
9422
9869
947
2873
9318
5572
4303
6403
813
6834
6071
2864
8195
8076
4890
6173
7436
9493
2049
7583
2232
1825
5105
3454
2068
8607
3426
1049
4210
6552
7543
8514
4303
1147
7585
5792
6680
3273
5573
3628
8918
6952
4538
5283
4439
3057
9063
8472
6488
5655
1652
6437
6172
1650
8467
3284
5332
755
9484
951
7669
7447
4162
340
2525
7961
3982
783
5332
1039
4111
9485
1450
3631
5669
9027
4692
7599
4721
7698
3778
6060
3938
4266
222
4989
5233
5215
4672
5339
3269
8101
8604
2531
6430
4805
2445
7541
4557
5778
1861
3517
2944
4957
4865
5900
1932
9563
3375
6939
4532
2250
7658
5273
1748
5051
8658
1225
469
2929
6470
1265
2853
5606
3746
3254
2780
1914
8446
4516
2418
3832
7985
3840
9988
4821
4439
8646
426
8044
7213
7065
282
8441
1839
2009
5237
9388
7327
230
8097
4142
9293
7294
6931
3327
7227
1151
5793
8172
3634
7005
5002
4372
3051
1576
1362
5587
1011
2407
556
4717
7780
9838
3208
9106
5827
9783
3858
9438
1419
807
1407
6278
1623
431
9898
7337
911
6747
1094
7753
9124
164
3094
7898
8840
1764
4445
2060
6447
7018
7245
3712
6900
5879
3465
989
8522
701
6397
7243
7030
8310
4470
4065
5562
7976
4348
5019
6946
5168
5167
4162
2783
3073
5840
8144
581
577
6105
9741
3382
4078
9369
1213
7231
4267
2756
9120
7705
8465
6808
1869
311
6605
4547
1232
8586
2973
597
2980
1936
3318
6870
408
1647
966
8412
1730
6815
8472
4565
5089
8479
953
8090
2226
7316
173
9266
4170
5239
7634
2581
2121
4207
8491
5101
8792
3762
223
2275
7146
9206
2649
956
8489
6516
6928
3425
3361
3816
4359
29
6274
3760
8090
7877
1046
8762
9072
9051
1696
4407
8206
893
6939
840
6016
1244
726
7745
5444
756
8312
2796
7881
6250
6135
797
9792
2532
5398
4888
731
6100
768
211
9163
5885
6070
5317
7181
3092
829
9122
6770
882
6167
6628
59
8726
5889
138
3113
602
7594
9226
1141
2540
5837
3491
6477
407
3313
3949
7492
8422
9021
6444
1195
7787
2328
4697
6903
3758
9180
7995
8986
432
6736
9178
9886
1740
5562
7579
1309
2221
8348
8166
2622
3037
6154
513
8439
9933
8285
5312
7430
3388
645
2173
8940
4142
6987
4473
1027
8262
3797
7202
1475
55
5011
2090
2983
2711
4629
4913
2113
2464
1166
6166
1885
6815
6753
5599
4169
1205
1415
175
7598
2546
6201
297
9002
5156
712
4014
1236
8593
444
2141
4938
5561
5562
4830
9529
2013
969
1163
9290
1673
7020
4569
5330
5815
6914
2724
2730
1592
5723
7180
9434
456
3650
6453
3271
5432
5721
2162
5813
4273
6570
9329
579
1486
8971
3494
1394
3555
3681
7031
4786
3701
6100
6354
2332
6821
9314
1289
3291
3686
7186
7952
3300
9882
5413
8262
3517
6296
9662
7740
4467
1334
2120
6574
1502
9043
1851
5642
2887
7530
1760
3348
4765
9884
5897
5144
3369
2724
9550
5345
2911
3576
9481
7786
3998
7957
4545
5385
96
1706
5993
9487
371
2338
4112
7627
6298
3477
5656
4504
2245
283
1428
6137
9747
8120
7002
9715
7719
6104
7619
7813
1178
8286
2087
1421
4963
9070
7150
7465
6081
5092
5927
8480
8124
7459
1137
4791
8603
3332
8897
764
9672
3760
2831
4459
8690
6623
5466
6077
4113
2960
2797
4535
3531
1424
4752
4323
9499
1345
4068
5510
5259
8114
368
8227
7938
4780
7250
3993
5318
2426
179
9515
4974
895
9122
8663
1397
9768
6388
2410
4756
6827
4715
1192
8786
1046
1835
1670
3875
9143
5092
7926
7690
2601
5765
9046
4924
7132
758
2199
2517
6877
1627
8139
9230
1893
8991
1893
3566
123
7734
7208
1846
7549
8084
9114
7690
4519
5778
7941
2467
3953
666
4707
5939
2572
5897
7537
3385
7713
4555
6642
7020
2248
5964
3109
3472
9617
5116
5598
2339
2927
7692
5899
4710
2458
474
7763
7263
3688
4809
3829
1317
7376
4054
5043
8299
8548
4252
9856
5112
6266
5986
2730
5188
7203
9971
3624
7362
1628
5681
3366
7255
6222
4796
1220
9828
3906
3802
8116
4369
1663
9919
8089
8521
6973
2279
7714
748
2425
3630
8494
7066
4886
8542
8435
1605
1907
2242
8995
1331
4458
2734
6369
390
9388
5005
7753
468
6169
5119
3352
1480
5753
1070
15
2147
126
1150
3589
8839
1581
7148
6692
9393
5348
154
8073
7983
3873
3971
8824
9566
4995
3787
6268
2446
8796
3554
3921
9341
3372
6333
9021
6312
4437
6961
3542
5837
9922
729
8882
7013
7106
7538
362
5206
8524
1724
667
846
1437
3087
7834
145
2082
4135
3238
9394
5677
6180
3832
4506
6553
6186
6191
288
5763
4515
2056
2526
4273
956
9436
6430
6960
750
6145
8779
7628
1923
779
5631
3166
3059
9463
9961
1421
1052
1216
3162
9765
7027
4849
7651
3446
6567
7351
6721
9385
8231
7417
790
6174
4209
4335
4598
7419
236
3952
6275
6084
2169
1411
6456
6332
533
2911
3885
9844
9339
1539
6903
8058
3721
1599
1595
3582
168
6549
3313
8140
8602
4326
9066
1458
6979
7488
3540
8972
3971
2131
3779
7605
8557
6063
6822
9134
9223
8252
2929
698
3944
6247
8501
3456
588
5023
6240
145
2841
5219
1986
750
8818
2724
4666
1999
3136
7734
236
446
421
3657
9810
3874
4354
2630
2901
5130
8529
1440
4240
2730
2
4286
4544
9168
9591
4762
9975
3959
2428
5119
962
546
7814
9632
9633
1087
9081
3998
1273
7138
4983
2113
8044
5927
5347
2619
3617
9480
7778
179
9561
6528
1515
7220
1408
460
4603
2847
9510
3280
2934
197
9140
8780
6650
9707
6158
5656
5054
9053
9552
5442
6325
1767
8096
6889
2532
9409
2444
8617
3873
5836
2870
3986
6086
6095
5692
8413
3432
3533
4237
4870
4829
319
5318
3096
3139
1321
9983
9816
1400
2168
4064
5098
4350
5836
340
4413
7311
4292
2457
7833
4914
3933
6580
7165
6512
8308
4487
5916
3209
8293
3985
9214
1583
5291
7707
1867
6237
1420
382
1861
4134
7263
8941
3658
9813
2638
2460
8822
9827
7236
3041
3872
3139
7556
5813
6456
149
6198
1979
7134
9412
5552
6940
3581
1530
5638
2532
2460
3785
505
375
9055
8932
4330
7548
6359
5414
4191
2031
457
5337
7938
967
365
4483
9351
7232
6792
3252
4418
3313
8880
2353
3691
3189
7690
5993
2028
7197
2441
568
7314
5435
8634
940
1966
7842
3214
5856
8659
2575
3836
1024
6743
834
4478
9903
3239
2914
7699
3239
6344
133
4837
4971
7041
6307
7627
1125
3006
5200
4389
1396
9365
6328
1012
2665
6388
1090
9113
9483
7149
9864
2982
6269
6502
4732
6873
5059
9337
6771
5648
5903
4764
3191
2882
7458
6435
383
5512
3193
8822
2659
3984
1969
9803
8383
2633
3858
6823
9752
2002
5569
2511
2686
6466
7173
1610
2446
7134
7804
6701
4504
2026
9926
8448
3739
6360
9871
9223
8141
7191
2392
2828
8873
9417
5712
7984
751
9379
7222
8567
2714
2215
4090
4796
2029
6355
5203
2694
1956
4132
4660
2798
5554
2670
2084
3640
2603
9856
6891
9271
7718
3128
4815
5647
141
8072
2507
2309
1457
9753
973
5480
9847
8676
4699
7450
3914
9152
2066
7932
2863
8104
6624
6230
735
6802
7805
5942
8355
2081
5799
6945
8520
8746
2693
6061
8798
3201
187
1471
2329
4391
4534
7207
6141
5768
403
8107
3142
306
8296
4897
658
5090
9776
1626
3390
7551
1850
18
9561
98
3462
4191
5674
962
4129
8379
3776
4173
2661
8912
7000
2179
8287
2912
1138
8860
7259
9731
2983
8377
7733
5342
8071
619
4969
4148
2059
928
9601
830
2159
2776
4110
3787
927
9540
2417
484
4656
4487
9293
7865
7131
5568
5070
6669
7479
2133
5912
9428
9028
3948
5178
8654
1447
9571
3545
7689
1898
1426
4861
4414
7380
850
6971
1808
5068
9591
7149
6209
6983
8471
8965
3799
3213
8875
1651
9145
650
8347
629
1421
6062
3793
4314
6645
3503
8881
9534
365
7684
6564
5065
151
2590
4118
1512
7891
9095
2621
6863
3360
4226
8475
4402
6237
1345
5827
6238
4467
709
5591
2085
2223
4974
1554
9977
4091
1163
4948
3099
6184
1673
4952
1872
1893
5619
8403
9817
7998
3238
4611
7419
3272
4827
9122
5827
7921
6487
8344
9943
834
6138
7839
6575
3735
3602
7523
5877
971
9134
9277
9125
2524
7695
956
1657
8516
382
1806
9845
7643
7350
5518
1745
908
2355
1273
9595
8653
665
2370
7788
5682
4154
7622
7376
8627
8026
327
458
3020
2165
8753
9354
503
8051
8706
9072
128
1471
8083
1600
163
5696
7256
4982
6560
6493
4758
9114
490
4113
1288
9655
7429
6895
7903
7322
4868
5649
8016
4886
6245
160
2267
3479
9698
1260
8310
1340
1343
5276
6006
7167
9777
6779
3339
7633
244
3485
687
6739
8557
9860
6945
3101
4047
4906
2545
9696
8375
8064
4696
6111
709
3817
2572
5192
3374
8885
4011
3374
5979
9205
9778
5363
1670
8860
8467
4287
119
9193
9544
211
4106
6100
5830
4422
1536
1626
3011
4723
6242
6985
4854
5977
7423
4772
2003
338
3056
8647
2581
9509
1587
4056
1597
3585
2702
8066
7737
8830
1973
2035
667
4797
8853
1872
6058
8030
8766
578
9341
8055
2531
4239
323
3673
712
3731
9224
9811
8584
7286
1889
6885
441
5473
300
6144
8086
1291
8248
7181
2785
1064
8569
600
426
3424
3161
3140
5392
909
1395
7997
2482
1847
5336
5302
5804
6415
3479
8661
634
8997
7025
5423
4099
8470
2742
8207
1794
6882
5104
8033
7694
8229
8140
5109
1831
2366
2091
5877
1717
1915
9494
4276
1273
9706
5018
1849
2279
2109
3425
3716
8813
7047
3875
8258
5173
8725
9191
4031
6284
7954
9000
5823
4428
9375
6425
838
5251
7754
8508
1776
824
6309
5717
8442
8726
64
7022
9334
9737
2752
5509
1907
702
5291
8312
460
1951
5506
253
3318
7939
5125
9169
3045
9486
7695
7583
4154
4271
8189
159
4363
4491
8340
9798
9478
3635
4558
2710
3719
4349
9384
7564
8058
4444
4195
9153
2263
9542
1412
9297
9784
4202
7640
7835
7250
6657
5664
4529
8328
7130
5174
6419
6291
8375
7689
3356
7743
1759
8794
8349
8720
4896
9139
6705
2051
2420
352
5414
5855
1240
9097
7547
5232
2081
8981
6606
3752
9084
5303
1707
5614
96
6389
8961
2777
2641
7663
6918
6803
4660
1860
6958
1997
7543
3812
4485
1042
730
1975
5617
7434
8195
3456
6578
5134
4227
2482
5630
4934
3261
7516
6929
4017
1981
7084
3536
6142
3063
6493
1911
108
7530
792
229
2605
6680
7283
8827
3526
8663
4997
8161
7235
6162
2353
7046
9301
6334
1654
801
9719
7212
2330
1878
204
9769
9052
5760
5755
2517
927
2322
928
3608
9636
924
3069
2939
1085
6347
6512
8863
9302
4613
7590
278
6938
2278
7840
5805
2835
4941
8425
3475
4862
7513
6578
1988
3089
2394
3329
5687
5268
659
9503
1369
9223
1794
2966
4490
2716
3554
3899
9812
3846
4277
3806
7614
8823
137
719
1276
8381
5628
4288
87
1720
5036
6754
2197
7606
88
9736
7347
4655
2791
4952
3524
5279
1496
3516
8627
8774
781
4571
8929
7994
7303
4821
3756
7897
5731
6381
9485
7764
7879
5492
4029
793
3852
5488
5942
9661
8801
2931
4176
3198
5346
1090
5039
4304
8937
4654
200
4352
6539
9941
1322
1576
927
734
5681
4763
4042
2002
2013
7656
3554
9829
8648
2278
4573
6283
9171
8860
2138
7667
2794
7648
1709
6730
3351
8079
4167
525
8504
6242
4982
8124
5747
8737
3217
33
2612
2336
7321
7546
2187
9052
8270
599
1221
9638
1912
9133
3215
5080
7967
4327
9653
381
8248
5275
7571
4041
5173
6063
6636
3806
620
7534
7725
1960
665
6434
7807
4166
3066
3159
885
4630
4033
2540
4568
1706
6040
2250
4163
4654
3439
5866
9692
7441
6749
3674
565
5711
6932
6783
4622
3926
4506
1233
4267
7062
9916
6682
9762
3901
713
8648
4969
7548
542
3795
3227
2953
7045
4096
7515
2067
3577
2978
7530
2338
5413
4273
7612
3168
9658
3189
3770
491
1096
7118
7797
4907
8025
3737
2979
6562
1826
8111
4392
5487
4141
816
6096
1403
5597
5805
313
6482
9177
5085
9123
6141
1191
4746
7801
8681
5424
7034
4227
4357
760
7631
4053
2686
5744
6128
5515
507
3680
8157
8572
4851
6383
6853
6040
7350
2912
5440
923
5568
3411
7482
3842
3769
4377
7479
6203
3041
1756
6447
2140
4589
5149
7042
5716
9519
5227
4110
7347
6437
196
9814
8978
9870
1403
2165
103
6267
1078
793
8908
3119
6897
7228
3263
1579
1961
3263
3870
1156
5560
3587
5830
8230
8575
7906
2861
1221
553
3225
8056
8154
2259
5081
4780
7969
3469
3027
758
2399
3891
9448
4866
6690
9165
4440
4979
9605
5020
7923
6228
7164
8792
5418
8479
9265
2923
9903
1820
5744
7064
3608
9971
3408
3604
4733
2377
3026
3970
3798
7509
9030
8806
8024
9196
646
5034
992
2185
3573
1680
1035
8615
8385
6518
7865
6166
7387
6142
6419
5209
973
4162
5754
2234
2976
1011
6924
9207
792
6944
54
902
8635
6744
2841
5261
2224
6656
8232
7689
9525
5875
9638
4726
5565
3991
223
7546
8847
7613
8462
5745
2702
2820
3875
777
3724
1719
1585
6389
1903
6164
6700
1254
3224
2981
702
9995
8177
9745
7380
9943
2521
2510
2193
4088
3336
4033
4034
2727
5168
3520
5531
7267
1977
5740
5254
3454
2366
2507
5998
6856
1326
8426
2060
5114
9809
9035
8832
3500
7021
2257
6172
2634
2066
1399
8010
7630
3877
6475
1339
1945
1661
3705
6347
2323
8167
7771
5889
4640
7024
2626
3369
4653
7335
3657
878
9721
3168
1891
5797
2636
7048
104
8860
2203
8108
8595
9959
4862
9378
6870
284
5926
1115
3163
3367
9626
7003
3994
5923
392
6364
515
5217
2960
408
6440
1110
5603
8661
26
4389
7963
4621
8381
3977
1583
2735
310
6040
2989
3026
3263
3644
4828
2198
7903
2903
6867
352
9444
7658
9334
6024
7248
5273
2417
7777
7469
3768
6473
9099
1140
1612
4249
3306
5061
3567
1813
3684
8480
4114
6041
9368
9620
7699
9342
9681
9021
2243
8526
175
2298
1369
2279
6326
6492
1673
4408
6678
968
2393
4844
2097
5263
3424
6821
7553
7595
8792
2626
995
6099
1581
4567
7747
1909
2653
3138
5103
1219
4445
3629
6457
6413
4569
7690
1639
66
5603
1255
3754
9977
5126
8072
4667
2119
6192
313
2729
3250
1067
722
6426
2256
3000
1039
2926
6749
1855
1481
1693
6148
3198
7865
7895
1750
1097
3041
3381
8972
1105
7182
8800
3810
2116
9887
5816
779
916
9800
2957
5789
1601
8963
3526
4830
4619
4686
3261
6235
375
4219
451
1007
9251
9664
9235
16
1813
9260
2973
6509
3615
7939
5947
6955
6984
20
424
8294
9618
1100
9366
1259
3442
8492
1955
1300
4784
7974
1255
5585
5877
7316
5603
1449
1299
453
5285
1097
2077
2282
4191
2851
7668
5557
609
4049
5071
17
4941
5942
4889
9033
3286
9664
4637
8150
421
714
3062
3912
2976
4782
8880
9875
4234
5697
117
2015
9170
7529
9614
744
830
5753
325
7200
9550
3558
2484
9701
4291
3262
1416
3752
247
9963
9943
635
2178
9387
5078
6962
4874
3696
2773
6631
6646
3404
8302
9060
3118
4655
429
9938
2673
3450
5116
4645
3667
1209
517
8411
3928
9315
6718
7022
8354
8978
7948
9815
1136
4026
6235
3496
3125
3753
70
5770
3598
9265
3698
9403
9193
9645
1226
9947
4797
638
344
6430
2441
3951
6997
509
1500
9181
4157
516
1310
2614
9030
1087
414
6552
6424
6089
7168
7071
7809
374
3528
4767
433
3841
3999
3929
5437
2118
2321
6552
4677
7721
5065
7098
4395
4656
4856
6335
9806
7971
7745
7538
2476
9355
2065
8643
1852
5383
431
3007
9005
6173
7374
9657
1131
3305
4494
9170
3140
9426
1846
9251
5603
3477
6109
5675
2020
6092
2808
2124
7002
5217
6829
9534
6817
4849
3121
5720
5397
305
5802
1525
2055
3795
2171
6589
6464
5374
1847
3694
1121
6471
6834
8433
974
9581
9003
5467
7931
4893
558
4519
6699
2633
397
2843
7347
6410
7025
7506
8530
9874
5680
3060
7012
4535
9299
7285
505
8079
5346
307
5418
6197
4218
8884
546
69
9068
8799
8507
21
9714
2650
2320
980
2096
6315
6213
8773
510
5453
3049
3009
1816
1481
9461
3092
7440
7381
971
503
8577
3498
3830
1769
2284
6188
771
9910
1430
4134
6899
6363
2191
3978
471
6230
3347
7747
932
7053
1109
7286
9083
9346
5604
5562
8064
8950
3215
5903
5309
1056
7987
5368
9966
2113
2403
9295
3907
2300
5509
6409
7640
2163
4747
2423
7292
7228
3624
1807
7543
2065
7900
9972
1277
8521
4685
9801
3236
371
1891
6883
34
4552
2539
148
2844
4465
4142
1906
7621
6864
6960
767
6219
6885
488
2566
9116
6868
4086
8312
9674
4043
1713
7210
4218
9105
8982
4765
4724
7604
5815
2995
2742
6320
723
3058
8554
1653
8086
1001
1509
3584
7912
8157
9143
2482
9929
9484
140
8644
717
2963
3197
6292
3346
5497
5175
9935
6804
4571
4096
6165
3733
2830
1937
4938
9937
2624
4845
9818
443
161
9412
6810
5224
9928
881
8723
8543
4340
4542
1483
8477
7857
6777
2007
4758
4060
9896
4097
6986
3554
5626
2406
8923
5152
4067
8818
614
7705
2720
9052
3530
4064
4272
6438
6569
7073
6609
3070
5320
7568
6596
8214
5044
4766
5105
8827
877
4538
8593
5448
325
5635
5405
2266
7253
1380
1783
3399
3689
1667
8552
1257
8960
4307
2145
90
4005
828
9777
2172
237
2848
4107
731
7662
3563
5580
6817
5703
252
9535
4267
3622
3531
5202
76
4230
5351
4138
8652
6358
5142
3564
7839
3321
4975
467
9921
8195
2578
2921
6379
7642
3162
8765
3946
8379
9670
1558
4965
4789
2489
5073
7587
6336
6574
8934
3626
1269
2317
3976
4905
9487
1861
5002
6886
8296
1697
1591
78
3230
5492
6733
431
2008
5012
8606
9612
6315
3067
1997
4914
6318
2260
2319
75
9462
1392
8602
755
1678
4568
6540
7816
4803
5847
231
5480
1946
7163
4086
4257
5236
3355
7753
713
6869
8295
5697
8419
7675
3663
2777
9609
3270
2751
5243
9089
8402
931
5254
7896
2121
2603
4685
5854
266
3239
659
6957
1356
7363
3604
9667
2603
385
5252
1315
4278
6016
109
291
7733
9639
3127
2123
7379
1714
9100
2138
8507
343
4439
9889
4066
7512
7974
5213
9669
7539
8216
8831
616
8791
9151
9804
2500
3253
1971
5991
6046
9243
2388
4977
3083
3546
1603
2833
4264
5153
9192
9906
3192
7272
6684
6376
6537
4153
4738
7356
9706
1596
943
6424
7075
2085
2289
5687
54
2471
3893
3098
3200
590
6887
5810
6047
6092
351
4839
982
5115
3855
5617
7629
3873
7764
5853
4415
4972
2042
2553
5214
8267
163
864
1570
1148
9969
638
1432
9489
6930
518
7160
5896
9669
4880
5842
3566
6418
8420
8652
3752
528
5813
4594
6442
1709
2583
7384
6758
9577
9011
7770
3617
9379
8880
653
7356
1474
6876
2628
803
6434
8621
541
2037
6305
1788
5515
451
8321
8890
178
504
3827
8798
9374
186
3891
4955
6707
7888
293
343
4495
6251
3589
2853
5903
2880
9823
3266
1985
9665
5087
7322
6891
2868
4531
8473
4507
8856
8645
2413
2334
1444
9375
4362
4556
2586
97
5803
4148
1740
2092
1448
2103
7165
7874
7487
9250
4438
4210
7697
7345
6378
8668
4212
58
894
4056
1230
763
1438
4973
1254
1748
5633
2898
4553
9674
1024
7384
771
7692
599
2175
5689
6521
6148
6065
2844
9943
6720
1942
6094
1587
3721
2168
1345
6455
7221
2708
3495
3690
4139
7327
1891
9879
3579
5620
3190
7653
3332
540
1959
2824
9923
7476
9427
3768
7554
9241
3135
2453
259
6172
3773
7803
3246
5370
6490
6785
6710
866
669
3400
663
4613
958
104
1344
2549
5686
4714
414
5268
9840
1075
6172
4779
3437
4872
3945
5307
1036
2341
7861
9467
5976
8918
212
1350
9503
185
6063
175
1438
1272
4730
6046
1075
2192
9638
3444
4742
8309
7977
7900
2580
125
2698
200
4864
2046
5494
2945
3253
4228
4555
3368
3117
8514
7645
5721
188
7769
5115
9273
3820
1010
8415
1790
5748
2194
9016
5506
3138
491
4529
3558
8996
1160
8675
191
4453
7367
2375
5350
959
5405
794
1842
8700
9604
5148
2620
598
8576
8910
1563
3202
7192
3636
3190
6610
4064
1241
7972
8035
3682
9608
4041
2962
6454
782
4387
8632
9321
1538
6794
5546
3670
9415
5411
5689
1636
2303
2275
5047
3202
6694
85
416
3284
2919
512
5923
7113
3056
9453
6220
7874
6595
525
8332
6932
3826
7899
599
6213
3356
5056
4953
4006
8578
9079
7243
9412
4755
8015
7522
4302
1054
5366
2927
7132
3382
8568
3903
2034
1512
9971
1600
50
6581
3814
4992
9602
5354
5462
9833
5217
7654
8154
1012
1319
5505
1549
9326
7155
182
6878
8208
8882
6786
6361
7374
1838
4508
3900
4187
7321
4779
4776
3936
2727
5443
679
7772
2759
7549
8713
5103
635
7484
6658
9781
5271
6068
4000
3702
5847
8211
9592
7774
4584
3915
7680
5590
6608
635
8451
2491
2534
1570
1593
9635
4761
4726
4044
7033
8567
5718
3362
2790
2458
3370
6674
2941
7724
2970
2518
5017
8484
8200
2190
8086
4327
5141
5522
9555
3175
6730
5772
4198
1995
1680
957
8367
2199
9862
1411
4374
2275
6916
5365
8343
9157
6835
764
1250
415
8669
5701
6432
2488
3986
6337
6170
1832
4554
5345
3883
4034
2686
6515
1795
8906
3222
5085
8774
2403
4283
7921
5930
862
2099
3037
8036
9810
55
6633
2830
808
409
2751
8042
7902
2304
1779
2869
9283
4974
4329
6869
271
9132
5925
988
9013
7391
3927
546
8824
8203
3951
904
3266
7826
8530
9815
1348
1438
6366
515
2861
3855
9915
7795
1209
7082
9669
640
487
2406
4579
2823
6224
2775
3242
1131
9295
3347
9710
2599
1798
7923
4596
8747
8293
2424
5881
2881
789
7313
7915
2610
6878
1034
3806
6013
8524
8545
274
2884
6601
7132
794
6792
189
3531
9567
1315
9794
1425
7067
5495
6644
5958
7366
676
4666
1228
2917
7213
7512
1964
7120
6124
9385
8523
9442
7534
4032
4791
9031
6221
4256
801
6145
3512
4176
9113
6481
8577
4008
3669
2857
2173
3788
6777
3755
8338
7457
1188
7781
8196
3095
5402
9671
5222
1555
5542
4484
3925
6845
8986
9846
1917
3814
8430
7931
6221
2896
5927
3007
3401
4613
8314
7146
2259
3097
7468
4804
1718
5760
3320
2980
6338
8053
314
6543
5255
8508
6325
9915
4312
2581
1085
5753
5692
1209
2457
8947
9072
1127
7887
3618
7257
1842
4915
3203
9287
5436
2537
3203
4656
6585
8905
5158
8750
2804
431
5479
2235
4735
3804
6176
855
156
3024
7396
2195
2538
5
4104
5604
3758
9851
332
4920
2805
4842
7336
4374
5985
428
5500
8680
1655
9898
8193
9025
7613
9093
2962
4448
1748
5076
4750
1950
652
4623
2235
7135
3575
5359
5929
6918
3661
9222
5645
5785
2237
2077
2768
9652
6311
5286
4842
4271
1048
7512
9863
5580
5753
491
8070
654
8870
9594
2001
2910
1032
2658
7786
6146
7233
5652
9684
8196
3813
9107
9319
3242
8988
3573
7296
3674
6266
6829
4325
4772
4965
9643
245
5396
6944
953
1907
7111
8140
5528
7631
3350
1203
4079
7282
643
4363
5120
5433
9230
2276
2107
8083
6470
9501
1899
2773
1952
3395
6957
3190
682
2517
5157
4043
7545
2025
4145
4379
1008
7624
8378
8894
1510
5595
293
9427
358
7319
123
2686
5679
773
9780
6963
7749
7095
7450
8070
4148
9862
4386
5510
7259
8152
8171
2812
6631
5260
4810
5696
4858
1741
2209
7899
8015
9229
8762
236
9937
1785
5451
9654
3306
1040
4562
1263
2019
7059
5018
8342
657
2898
6574
5551
9559
5255
8053
3057
5594
2827
3325
29
8984
4760
8439
2123
4001
83
8517
696
8530
4740
1203
6460
9760
1446
4994
3872
888
5532
5493
9305
4432
3814
3445
1807
5987
4707
2053
2968
1759
9543
3849
7561
1750
2610
9765
1194
1368
5490
2558
4929
5116
3491
4436
6482
7064
9815
5943
7561
9366
3680
3453
1963
319
3323
6895
4255
3900
4199
2217
9217
8863
5864
7109
2329
6580
3759
73
6739
5138
7221
5082
5036
2401
6181
1588
1387
6646
3937
2766
4761
6817
8112
590
8737
1081
2614
5714
8337
4382
1829
9624
5560
2710
7031
2843
5283
5340
2449
853
1327
32
8287
3506
572
7443
9433
9632
3844
1171
5079
2961
6333
2555
6165
6695
9760
8319
6136
1015
5700
4321
9255
7063
2853
2986
3291
5746
1148
3030
2896
7074
9282
9819
215
3943
544
2291
9689
1364
2560
2132
8080
1617
8323
7592
988
8340
793
2727
7710
1361
5062
9549
2052
9181
6891
1875
2075
4727
4045
1954
3669
6509
5019
2723
6615
501
8739
9809
3938
3104
1445
659
1084
1508
5791
3654
6280
2046
6777
9198
5270
918
3165
4108
2454
3015
2996
1061
12
521
4087
1500
995
233
8922
4961
4895
5617
1136
2700
314
881
1094
851
4411
9703
5929
6433
8156
9309
6393
1318
1735
7851
5511
2627
3776
9320
2782
9195
3302
9789
251
9719
753
3657
8941
4029
8786
5423
5021
8829
7439
3727
7865
6118
2034
6363
1435
2774
9940
7282
1458
4399
1199
6145
1461
6336
6395
1858
336
637
7275
3738
1422
170
2992
7763
9404
7787
7570
564
5287
2712
182
1529
9915
3866
4362
1596
1961
2727
8877
4084
995
1789
403
6014
8596
1208
967
3809
3385
2553
2611
7426
501
8776
1180
9546
1929
5425
1712
9775
8602
3853
1392
8745
3897
3175
4205
6761
4284
1834
5512
4909
9914
8366
9392
9900
9053
8252
9596
3050
9420
4796
2554
1030
2007
5689
5813
9600
5750
9470
269
8708
2477
7434
8796
8394
8595
7697
1051
4791
2601
698
5048
454
8793
1097
5134
8399
5570
4373
9574
7696
4322
2272
6366
373
4360
2128
4117
2282
7082
1129
7150
821
4401
3546
5755
1605
7910
378
7968
6622
6998
2931
4977
3122
233
5503
1052
3575
634
426
5122
7963
6478
2323
2322
1775
4696
7453
8819
8393
5070
9796
130
2718
50
3694
6682
1785
2358
2572
9550
2502
7797
8919
1495
742
3303
6655
9769
6585
275
2244
3048
1958
3176
1982
4787
2182
6933
4730
6672
6334
3992
2337
5081
1538
6449
4290
4708
3745
9370
8846
7573
1280
9248
2660
4825
9850
9083
1635
9349
9273
7337
9086
2495
4079
3024
8401
7552
4953
9530
8144
9768
1917
1288
3105
2503
1530
5142
6675
7541
1773
1325
995
8964
5400
4494
4260
3498
4126
3058
3517
2820
7257
4352
311
4893
9450
2487
2866
3050
8678
632
4651
7554
8894
7466
7464
8030
185
4665
2138
9169
1801
2797
4345
8410
6889
2139
9666
4610
9884
8885
4432
2932
4517
7455
3973
8922
3368
6174
2811
2405
1751
200
6828
3398
7744
892
4528
5256
7342
8750
2421
3937
6304
7645
2662
4357
736
535
7653
3658
7780
6960
658
2007
2382
3452
346
7456
3850
4661
9844
5003
3267
7590
7707
1313
241
3170
9509
1343
2449
7552
4806
2707
8800
9304
8457
9711
5692
2253
8854
959
1736
1859
7815
5599
8545
923
6041
7968
9363
8093
2973
8834
4648
7965
801
2529
3291
249
7958
2259
339
3210
7658
6671
3949
924
277
3643
9097
9436
7779
6171
2634
9247
7935
3658
4327
5742
3544
8375
6782
536
2050
4927
6900
7964
1152
3035
2772
3649
9781
940
9648
9161
7817
6540
6813
3386
4327
6744
4078
7399
3438
8834
7046
5162
1466
81
8491
3289
2667
2736
9325
9579
9712
6190
4744
1488
3106
1986
6877
2308
504
7875
6581
9262
2243
3340
595
1425
2343
9639
248
6868
6282
6196
7140
6627
368
3070
8511
7889
2272
5311
1458
5926
138
7821
6351
1979
7909
6714
6511
1646
9263
4430
877
402
6286
4529
4374
4943
6874
8219
2453
6479
702
1919
6145
3179
432
2195
382
3682
4300
9891
4772
813
578
7169
3337
6094
4304
9067
4976
4653
1957
4732
4225
3390
5168
601
7004
6462
7165
2628
2612
9644
4117
4750
9552
3889
1799
5744
4592
9449
7766
9284
2959
5048
2401
9964
6488
8000
6802
3948
1531
198
2194
2320
3899
5921
4039
4266
8778
8687
2360
8115
7071
1439
376
208
8045
67
2557
6644
5261
1714
8830
4996
2403
3015
1675
6624
3803
5111
2725
7910
6186
5976
5085
6733
5372
4976
5675
6947
7843
1424
8647
1723
4074
634
5228
7557
4717
2839
8220
7081
6160
5191
1873
8399
6244
6511
4251
7169
7651
5359
3466
6366
3846
1407
3862
6969
3360
8383
6742
2048
9908
8743
1637
1786
8348
4769
3556
7758
1399
5633
4515
536
5752
3363
1705
8957
8785
9921
6108
8649
1175
3447
3626
7377
4432
9792
9808
3727
7661
3151
8265
610
3211
6891
468
5972
6770
9826
5922
4601
9983
7458
1113
1963
1129
3159
8462
5695
671
3580
9592
2033
3343
8546
8868
2235
9151
5821
7052
6845
6026
8896
7159
4387
5416
4889
9992
47
7703
4931
3613
9749
4749
3512
383
2633
2109
1321
6876
753
4313
8515
9513
2326
3525
9458
5908
1029
7057
3577
686
1243
8490
7423
8525
5098
8846
4683
5941
1037
8262
6260
2146
224
1575
3019
9645
4908
8988
1980
2582
1375
9398
4958
8471
3996
9414
870
5703
8755
6654
7140
9464
3713
1454
4259
9827
5933
9875
3561
8560
6225
7941
6654
9085
8344
7125
3143
5080
6671
4570
8953
4148
10
6964
4770
5297
1202
6603
3967
6523
6915
1139
4100
7760
9700
9951
3011
7472
6778
4544
5320
6553
3893
1175
7188
9956
2960
9341
8200
7487
6486
2676
7800
8107
517
2683
7568
9740
7187
669
3606
9640
8296
9596
3680
2733
4117
458
4804
9483
8564
7422
8919
1294
4559
804
7359
7159
1465
687
6920
7410
2975
1807
917
1463
7399
4922
4936
1847
6067
4197
2848
8183
5433
9399
5133
3681
8707
1568
9881
1422
1405
9633
9852
4214
8956
8451
4766
7257
7401
5895
1916
6172
8264
8547
8133
3303
5507
6456
1967
8932
3098
8088
4898
9365
4054
1460
9068
6005
1198
4643
3499
5783
165
2916
7253
5512
1432
8921
9646
2226
5479
5319
4311
2088
354
3532
1403
9667
6244
2225
7926
5526
7453
4256
8163
1103
3518
4770
968
4213
1000
898
4078
888
4447
7961
7017
2330
2700
9539
8705
1194
8694
1037
3572
577
970
4887
102
148
8982
7473
2111
9377
7901
6180
2832
2147
2999
3877
4457
5112
7795
1143
6211
1822
9954
6011
642
1283
7595
7210
2646
3056
4734
2203
3782
5638
8188
903
719
5084
1485
5968
5324
9476
2964
4767
1077
4003
116
2955
2836
5135
1956
4789
349
5120
9089
9485
5438
1477
287
7866
4261
4751
6642
2070
2080
7314
6919
7199
1904
8911
2492
4637
9273
2112
4669
7394
3086
8889
2700
1759
4820
8870
1386
4330
6655
9762
6092
2387
63
1337
802
964
401
5822
5607
9369
3461
1464
6129
720
5646
8636
1402
4916
652
9917
5331
4539
9059
8432
2598
2062
1349
2002
5584
9623
7486
9274
7065
6683
435
6400
7796
9886
5200
2401
9033
3516
5228
4175
6480
4372
6986
6540
352
7491
3112
2702
4749
1850
2632
5526
4087
5200
5847
9361
1428
5579
4431
7001
9208
2652
8100
7752
8400
8044
5583
686
9716
2
5487
6300
7872
300
8147
4969
5387
2062
5704
1164
6170
1083
3890
1573
287
5490
9881
5543
6080
7433
7225
9834
3572
7395
6996
4590
5508
7075
5547
429
7926
3482
2395
6858
9539
8083
4156
4137
6088
913
6549
1575
5150
3227
2484
9093
4966
6443
1238
7651
8656
8542
9154
8629
918
7256
4238
7881
3212
8758
1956
633
9361
6926
8459
7514
1513
8303
4128
3342
6078
2404
6874
5724
410
6207
7462
6904
2636
9028
5144
6854
3609
4997
573
1623
7711
9797
8010
8012
7846
7476
5960
7833
8188
6457
5555
7717
8347
7960
6532
6084
9019
7951
2629
6363
1327
7545
788
3110
8357
9593
2632
6215
6547
2437
8761
6098
9683
2983
2975
2136
4169
1230
6730
7377
1956
2681
3507
791
1473
3889
8824
6043
1878
9702
8933
973
8390
4680
8891
8505
6870
7827
7280
7920
1420
3998
6013
3702
8139
5991
4484
5112
9981
7731
3394
409
7667
1150
6935
3718
3720
2934
9607
752
4348
3406
7715
4874
5227
5701
7512
713
1947
6901
154
1630
2658
5229
6195
9301
5684
1079
4081
7721
8898
3518
3405
233
1775
5174
5496
5881
1642
3745
1052
2572
5094
7811
2671
3995
1679
5111
3153
1272
2058
3209
6494
6483
5468
4011
1393
4772
5010
8357
3054
821
3024
1846
1449
2854
9603
6491
9289
9454
3031
2859
2072
3039
4030
7623
2445
7829
8176
3087
2713
970
1767
8136
7186
466
3010
496
9094
6420
5668
1001
9259
771
892
642
2576
6378
6511
7323
7728
6227
6062
3870
5368
4037
8346
2833
9938
7299
4765
6122
8294
5197
9656
3130
6357
6665
4294
5640
6709
6130
2774
9414
1532
1910
8854
6381
5722
1032
7787
4437
8284
4204
9612
1323
637
4246
4049
5272
7748
9987
6239
813
8643
5609
982
4512
8571
8312
8140
357
9892
1317
6326
4924
9037
577
1994
2875
7163
2952
7230
4015
2921
4216
7617
590
6399
9841
7178
6052
1198
7679
5695
1551
8182
1708
5440
7798
9065
748
6001
3851
2010
942
1396
6592
9104
9769
880
5513
7299
6057
4032
5745
8982
3173
8323
9547
5874
8723
9076
5238
5293
2318
1476
9984
4141
3996
9649
3616
1500
9653
6357
2016
554
1595
9599
6236
9304
6442
1401
3549
5099
7513
4502
2888
2086
1739
6529
5397
6508
2369
9474
6031
5090
9660
877
351
9675
171
8445
5239
5665
8867
4524
6344
9936
2832
3515
334
1218
7531
9716
1536
6631
2288
6226
7353
8086
4564
9087
1275
3263
5964
8743
6917
8962
4217
8329
2910
8198
7402
3141
1225
6328
6257
573
3899
469
9017
9026
8525
9090
4933
8864
5360
3677
1601
4456
3678
1021
3880
5516
473
737
2053
7169
1442
8444
2864
7
8708
6913
6401
6702
1391
9099
9783
4681
4621
666
7585
9179
8772
819
9806
1851
2039
9419
9464
2888
5853
7533
1697
6512
2938
9369
8247
5736
5620
6730
5231
130
3484
3252
9061
7887
2834
8163
1519
176
7641
7522
2802
2001
2817
9596
36
9842
8165
669
5589
6563
5183
4150
6006
1609
5574
3900
3165
8883
6435
1081
8729
659
1963
2947
9153
8956
4634
3071
1243
676
9947
5604
6140
9282
8405
6563
2661
823
8224
6569
8056
220
5959
5374
2869
9656
9487
7796
676
4286
1934
3838
4120
5536
3706
4438
8083
6868
5070
7599
6409
3681
4985
7457
183
3548
4992
3457
3356
793
8545
5347
3324
7976
6096
5439
8798
3728
6782
4455
8079
1863
3967
8465
5239
1231
4970
7462
9272
2533
7320
2414
5471
5292
7021
7405
3430
4997
35
1110
6441
5161
6082
430
792
1430
9530
7429
5118
1955
588
6387
1237
8182
4982
7494
9542
7593
7787
5600
1398
4340
8725
1506
4758
3233
1608
7908
2105
7912
7528
2201
2048
8540
6559
1651
3591
4398
9742
6344
5045
7972
8558
9161
9801
2088
1692
1809
1284
8889
3026
6639
6752
3406
4851
8403
368
5521
3862
3442
7613
1511
9592
9732
519
3756
4562
202
5016
7776
4780
2905
992
4878
9739
9329
3407
8790
3410
5294
9821
2190
4457
3491
2986
9774
9986
9284
963
8060
112
8301
7153
4903
3436
8537
3250
4213
5881
7008
6644
5797
5716
6047
28
4817
4958
4684
5841
6849
8889
3919
9920
6684
4346
20
839
4440
6422
2546
6595
7806
8594
3797
8123
4958
1808
2312
7486
501
1933
2155
7924
9932
3265
8573
8526
841
2055
7422
1163
3863
7515
9844
3453
8176
9556
3919
8414
6859
2967
4648
8011
3781
5628
6060
9732
845
7011
6144
8019
9694
1565
4002
2789
3151
1286
9305
4633
2886
2949
2885
4865
3726
8775
7766
4598
5228
5013
3550
6965
6218
4077
693
3492
2381
7764
5221
8140
7110
9048
1210
5237
1095
7348
3154
7503
7460
4343
2353
1326
9591
5394
9127
3692
8544
8031
5834
5900
9249
3768
295
3211
8995
6341
1065
3052
8119
2106
822
5479
1231
8312
1985
8755
4705
9502
7980
749
6236
4406
1522
5886
5041
7734
7685
2647
1843
8182
5755
60
2781
7407
5408
7817
1770
5074
6387
4197
9971
5327
5094
7146
294
3173
1390
6506
8477
3570
7966
1908
3337
7496
4315
8864
7581
5589
8231
5594
9107
1409
6003
7128
7056
3011
6184
8278
8965
3974
5735
8039
7292
6166
8114
9647
9023
842
8216
4557
5661
3744
9593
7597
7267
112
1720
389
4602
6625
7142
1054
7494
1614
3456
7424
6850
1489
3359
2816
8313
3771
8389
5375
5963
7936
3134
9394
3441
2037
2266
2913
3462
9465
8049
8322
6592
5858
5026
863
525
7936
4993
9101
2966
3831
3147
3996
9603
8469
6353
2703
2489
6561
4169
4544
5611
9709
5674
4251
8039
1989
1357
31
9295
6978
6721
5409
8244
8097
1518
629
9164
2350
8791
9516
4302
6292
5399
7187
433
9836
5705
4676
4579
1841
6132
9060
6252
4756
4101
8210
6278
5437
4398
9301
3758
777
5721
7071
969
5850
1698
3254
8645
3036
5854
3461
4569
3285
8555
4118
8458
5695
2684
63
4405
1576
2167
4228
5338
9281
73
7849
6674
9000
351
4629
4218
7394
4483
87
1181
3829
4685
8348
491
3336
2207
4923
1078
9738
3233
2614
8939
2430
2530
5314
944
2243
8032
2055
4955
5245
1180
1560
3836
4884
4703
9797
9329
5831
9572
8494
2095
3023
2275
3031
4605
1871
7860
3454
5477
3122
1405
5263
597
7271
1829
5924
4193
8844
725
3549
4467
894
493
2279
2741
1797
8380
5980
5896
228
7748
7765
9053
4448
8712
5613
4211
6938
3682
7514
1117
3698
1791
8064
6986
3797
476
5701
4821
6584
2398
731
8125
5416
7039
7355
3793
6298
8305
7343
432
3363
9737
1025
2710
5140
8073
4089
3813
7534
22
3763
7744
1955
8784
6994
1141
2151
5514
7843
6483
186
8467
7347
3912
5776
5023
8674
2728
6854
2192
9647
2708
9593
4290
4527
1125
6402
9827
5949
660
7187
183
9566
5664
7460
1314
7088
8660
6183
3171
1845
5149
7324
1336
4249
2886
1804
135
6729
5757
1833
537
2491
6549
3719
6856
9502
432
3754
7450
7909
2842
4412
6516
796
3474
3220
2249
6590
2634
579
8112
8954
8295
5300
4504
9074
9499
2050
4612
6475
6797
3346
3977
2102
8053
6950
5639
8208
1296
7226
7036
4277
4141
9285
2374
5207
4268
1909
7980
593
6573
8203
2499
1187
7381
4175
6400
8955
5059
889
9402
8545
4794
8048
7899
6412
6011
3832
1544
2590
417
4878
2528
1641
7814
8869
5678
3122
9581
2330
7186
7102
6104
9426
1336
1973
8953
2896
8324
3633
9905
3596
4733
7970
5357
3058
2365
2299
3833
9467
800
1817
6830
6382
2656
4645
795
8523
7183
6868
7661
3956
5748
4497
9012
7211
5275
9517
8277
4571
1470
3338
6257
7662
4306
8314
9924
2371
5582
3969
1148
4148
7683
2107
8427
8320
6605
1971
4169
7619
6309
6091
8527
9074
821
6028
5752
4554
1601
4815
6433
4646
9221
8556
223
1976
2321
2663
1278
6367
398
8053
7128
9475
2907
3802
6660
3728
4877
6894
8048
8026
2711
9369
6455
9422
7873
3218
762
5357
9648
2640
4583
1124
62
1953
7723
5392
8925
8944
2114
5206
29
9647
4199
3320
940
2874
1379
6984
5643
9668
3309
6892
9922
3997
4593
5486
9152
1447
1918
1688
8607
1052
4494
8240
8794
247
4246
517
9693
7802
4966
9406
3266
5910
8338
2795
5238
2759
2252
157
3300
1346
2062
1202
2568
9277
3333
2169
6409
1453
9343
6613
8225
3469
9154
6692
7823
5909
9715
66
1142
5576
752
1311
7133
2776
6089
6174
2480
918
4389
4740
6487
7196
8207
9016
5919
3778
3355
3515
5663
2765
1826
1827
6827
7407
7344
5078
7098
2650
8328
2734
3110
1145
4438
6903
1511
1056
7751
7701
9664
5801
6074
2812
2325
4916
8052
5271
1976
904
9128
4394
9529
699
7349
5180
5715
8714
5287
2929
1422
6863
1338
4582
5206
6917
3291
2250
7376
3324
8879
2213
982
7547
8242
8192
9117
8478
9985
3172
6967
1729
6884
1126
9717
1343
3318
268
7529
1324
1043
5799
2225
226
783
5032
9118
5969
8244
7020
7556
1062
2288
8988
3502
5536
9702
932
8163
2671
9255
3772
3149
3545
9864
3628
2257
217
6163
8310
7410
992
3338
7184
7224
2363
9748
2085
1483
4563
5669
5421
9156
1915
2639
2251
9185
8764
8579
5883
9810
7004
4188
5504
8801
5798
7611
6793
4204
9731
7802
6265
3029
9647
73
7365
2736
9248
7943
5162
1903
7958
166
4252
9648
3989
2219
1968
7717
1647
6048
9582
4835
7786
5361
2140
2828
8793
8701
9847
7821
1924
4207
3229
969
1258
8928
5836
5739
7963
8699
725
7879
3275
7449
3156
8654
9267
4410
4532
9156
9393
9459
7425
679
494
9160
542
310
1949
9945
6963
3155
4625
1159
7837
1195
1703
3570
8109
1479
8378
6637
4054
4589
6820
9145
6067
5710
2596
5732
5845
7753
7880
3807
2842
778
8013
2189
1771
8575
3525
7359
4490
4823
4797
6166
3699
7869
9787
3139
6732
8662
845
6730
8598
3361
4211
4661
5725
7936
2655
7688
8512
1394
9789
1150
301
5405
6364
2372
97
4456
7411
9851
135
6579
5536
6959
6076
5915
5073
2939
9724
8030
3381
3459
9775
4802
4308
2670
3982
9712
8636
6807
1882
3287
544
1929
5515
8847
642
6990
9766
2537
5059
4893
421
7126
4834
1690
5155
350
6215
6206
8599
8249
7174
5833
9077
2189
7639
1678
7232
7834
3393
6083
913
3169
2589
5366
464
2564
3507
9348
1206
7650
8508
370
3681
163
7612
3814
8990
8203
2013
9553
1181
5360
3603
2681
4032
5498
5147
4709
8725
5073
1892
9848
8981
5449
526
9483
5775
8877
470
1385
4375
1180
8250
4579
8644
6603
1438
7877
5164
2230
2808
5895
9401
3292
9482
8092
5966
8396
1867
899
474
9842
7742
7497
169
1489
5013
5355
7703
1264
6272
2031
1392
521
6287
8323
5499
7044
2787
3464
3857
5176
8673
5305
7956
5606
5146
6763
3760
4670
5716
7462
4296
3438
6218
7332
2220
4730
3670
4927
8688
7545
825
1609
6898
3236
8107
905
7445
2516
3755
8553
7134
2552
9297
5014
2749
2532
6591
4014
3979
5135
1705
4778
2985
5759
5821
2373
4265
4608
2901
5878
7482
7046
4017
178
3639
1437
4484
2942
6256
2380
1845
6715
6653
650
7983
3377
3748
1765
2829
3650
3305
7262
8778
8502
9873
8800
9355
6815
119
7031
1241
9276
7634
2520
4091
7946
7631
1013
6535
2213
5095
5434
1341
5646
5256
6394
9819
2709
8239
1393
9906
9750
7228
962
4024
5587
5399
872
1222
3240
4077
3069
7179
7222
849
8268
5708
5834
8332
1702
5367
6633
9502
8740
7396
9848
9049
5527
6622
7160
872
6979
1289
1062
3986
2250
5717
5601
3654
2882
663
480
4507
8402
9745
2285
3779
7313
5340
8832
2348
8091
5292
6422
1880
8547
4320
2046
9305
3262
1467
1817
5754
1720
4935
5829
8688
1625
7352
4925
7998
261
1285
4293
9912
597
8908
3708
2035
2123
5750
9624
401
4335
8206
7931
7272
8507
9994
3844
7173
7853
4601
5389
4536
2192
6297
8803
1743
8052
3336
5997
1362
3715
8051
451
8858
8145
7697
9567
4012
9366
5006
1857
9978
8803
2428
6861
8989
9443
8587
4270
1622
3834
5030
2735
8472
1775
9739
5036
878
7064
4350
1275
6706
2102
1987
7315
2395
3975
9822
2641
6014
3112
3240
8950
727
2973
4645
8566
7867
2765
1661
6936
4905
2734
8023
5539
1747
1144
4258
495
7261
768
3258
8791
185
5324
9022
3169
6495
9038
4111
1658
244
7618
5167
9713
1820
1748
4745
801
4456
5603
8359
3563
5891
9864
3441
9182
9236
5354
3789
1557
5173
4184
3966
2410
9143
8688
7774
8087
4412
8374
3707
7594
6673
8874
3649
5369
2374
9098
2819
5474
4400
9597
5341
7738
9898
6960
4528
6594
8491
5552
8654
8531
1726
8234
9318
5588
3487
3231
9856
470
5763
1732
6332
9114
3471
1333
9638
1354
9254
9435
675
7491
662
222
9804
9416
6451
6068
5533
1960
1785
9432
7577
4822
5075
4549
176
5503
7538
7811
9666
3
3317
7226
554
4988
9952
7756
3909
3658
5741
7650
3965
6544
7638
2836
3059
7523
9792
8424
6122
6412
4607
9935
8399
1988
23
2456
8798
6832
4544
3834
2876
6991
7081
4858
6350
261
3675
6801
8994
914
4487
9454
2705
9191
3115
8280
7213
4041
7304
8056
7616
7766
10
7031
2013
3957
4950
5180
3799
1375
3702
6478
1476
3458
1622
7939
1536
2928
8026
4843
5078
1408
7333
3834
4793
6559
2868
2909
7947
2193
5979
8669
1850
1797
9444
1187
1383
4829
5292
2508
5462
7885
2388
2137
8698
6112
9583
9773
4725
6805
5499
9214
6532
1912
8297
587
6841
531
4119
8786
7616
6904
3487
4320
9436
5682
7749
5896
9468
7644
7021
1752
8949
1336
2875
7911
444
276
6471
5205
834
8761
3913
1966
3763
7040
5317
9201
1194
9708
9137
7292
4618
5606
866
8344
5554
161
9117
7479
5208
1871
780
1057
8407
4769
386
5702
4084
8208
1218
6789
8505
9245
6130
4071
9562
7728
2904
7345
7604
2006
7330
2776
2395
5442
1009
6862
4630
3990
7856
6484
3236
6319
9580
5880
8586
6309
9134
7392
3659
7399
9266
9878
802
8833
5986
2427
8756
3622
2503
3705
7523
4600
8813
9612
101
9665
8561
7615
3252
4606
8034
9251
8845
2407
8823
9775
1643
7752
9846
6949
5917
2742
7570
7079
4891
1067
4973
5518
6301
7966
7525
5415
6627
3386
4452
8699
4200
4293
912
8572
3194
5074
3563
4002
7348
3700
8423
2456
4195
5678
4872
1890
1287
3618
6615
8258
8475
7271
7190
6636
4165
6574
1264
1143
9283
5193
5421
3385
9393
4097
5538
1527
8812
6091
5202
52
638
7557
2346
9399
8487
6479
7352
9742
2860
8924
8673
2737
1096
8805
908
6898
7609
1128
69
725
9214
7207
8111
2558
8407
7381
5594
2638
3063
2988
1046
6586
9348
3139
4056
6349
1424
5423
3762
9622
4197
8263
3133
5338
3999
6680
257
4285
9625
6111
9943
7265
7539
2837
3069
8938
7203
7062
5175
8292
4456
1968
9495
1520
7678
144
3329
3856
80
4637
581
2684
7744
7260
9507
9136
3451
3250
4848
478
1659
8302
5362
1658
3177
7229
5451
5114
5424
5117
1965
6930
6011
487
6172
4967
6879
5907
9043
1324
4690
73
7825
5145
1892
2087
1344
8158
5800
5430
223
8912
1618
8252
6578
4983
9409
194
8216
5708
3766
9518
3653
8081
2607
5672
1093
9186
2704
2647
9339
8237
6925
3694
1805
2417
4597
6940
7327
3732
802
3200
6702
9820
7646
7919
2753
1988
2141
7924
1191
8970
1518
3879
6640
3239
8531
6413
9972
2738
5346
1704
3409
7296
6165
3960
7693
4996
1462
6981
5286
1715
3691
2296
2593
7820
1684
4379
5461
4356
3521
8130
6256
9981
116
3058
4704
991
6139
8856
6181
1028
2876
1773
3193
9095
5207
649
7005
2995
7635
1330
1042
1059
1120
1232
6393
9800
7106
8218
8801
664
7360
4933
8916
1871
4365
3134
7476
6762
6957
5515
2014
6920
1215
9775
4761
5222
3673
7495
2147
9646
7226
519
2263
1585
354
9327
7772
4289
9841
4531
5874
961
5447
1486
7579
1427
3361
4416
1778
5012
266
7636
1191
9348
1852
8861
2358
2109
4003
4774
6989
2895
4305
8233
3118
3698
4887
79
3828
9075
9433
6522
773
5397
2689
4661
7491
2140
7127
9348
547
7463
614
8006
7520
3531
3073
5645
5631
5976
2912
6930
1459
5624
5323
5068
6107
4523
21
4242
3363
4303
1849
7654
5326
3755
6646
765
6760
5364
915
941
6835
4948
309
2123
1401
6961
6846
3306
7209
9459
6980
8236
9715
5459
2741
7238
9177
8121
8380
1373
6386
7663
3415
9874
3161
9287
9865
3401
1835
7575
7785
30
3288
3881
7250
7852
3321
1749
3543
4256
9177
7167
6717
5671
7040
5569
9582
9740
2614
5693
8078
3516
9980
9946
44
7627
4526
2214
1104
1956
4653
1038
5774
9033
6018
4947
5489
7430
5206
310
4836
5011
7409
783
864
5778
6005
4854
1329
5801
2418
5836
287
318
7090
4905
6523
1774
8167
5957
8779
1579
8918
6653
7216
7551
1972
8528
9894
6949
246
9556
2332
8359
5494
5470
8665
3409
6387
4125
725
5824
6745
6417
9224
884
5062
4541
8731
752
466
665
737
5080
4858
9097
6132
6659
3430
9841
7657
6345
4369
1753
5642
174
9398
8584
808
6825
5574
4382
9234
2371
1574
6231
4221
1993
3057
7799
8370
6403
44
1646
8924
5700
4526
1814
1155
2642
3617
8662
16
7273
2851
7750
940
6886
7618
254
6920
7852
4208
3073
9948
5838
4310
5010
510
289
7709
7532
8063
5219
7566
9416
6623
3151
1599
6704
768
1409
3282
4592
2852
1147
8688
9644
5191
5682
649
3090
1737
7102
154
6393
7196
2230
8863
5069
1249
182
2464
926
2966
2337
6106
7785
169
7951
8400
4430
2942
8577
9213
2500
6495
1401
2611
1432
7805
6642
7434
2141
1300
2835
2737
258
722
3290
659
9182
2823
453
1109
4948
9465
8057
9611
5100
1763
4617
5486
581
9185
6385
7958
4549
4624
4615
2881
3730
360
3664
9848
3706
9482
3900
6407
276
2095
8640
5129
4733
6649
3771
6607
2278
4216
5234
9308
5458
4822
4183
360
4426
8655
4341
9243
1542
7458
5049
425
2236
8912
3622
3663
915
4603
7337
8125
9461
8493
2037
6339
8015
7352
2951
6676
8609
3831
1565
9673
6746
839
2524
5472
5640
5274
923
4650
3407
934
9313
6910
1756
7913
4797
759
7266
537
1880
4620
5798
2792
523
8083
7110
8846
2790
9387
406
724
662
9803
7091
7682
3392
114
8381
3215
8957
3029
3498
5297
536
9416
1811
5340
8439
1409
2234
6562
4501
1224
8698
5430
6756
197
4117
5592
2458
7333
8814
9163
525
3221
3541
685
6659
1717
5413
4779
9144
3688
2796
9184
7710
1000
2736
2864
5861
7353
7456
1384
7436
7510
4940
1276
5706
3924
7633
4540
6923
9747
3835
2280
9484
2655
3753
876
2033
2428
8747
7331
6675
6224
3000
1813
1387
9846
1593
9490
4839
8813
5704
4614
2011
9558
9419
6792
9841
3872
117
205
5494
4461
8607
5463
4014
4610
7050
4540
6954
6450
1840
2758
7271
6344
9795
4044
6303
4325
4391
7058
4560
2607
3091
4735
1732
1171
2288
8521
2752
5960
6316
7958
4498
6428
1399
5815
5447
712
2961
9557
5203
6242
9809
5571
2439
9244
1055
7573
1216
6876
1037
609
7470
280
1624
9590
2443
4721
8192
6806
2634
6563
9897
7901
767
8567
609
4049
155
2446
754
6207
3333
9140
604
3049
3466
4213
3277
5124
656
2237
394
9746
5541
5119
9873
5022
1487
5637
4437
2931
3354
5609
3713
1830
1026
9214
7684
8212
198
5864
6936
310
9695
1961
9089
2636
5510
4398
897
9070
4321
371
547
106
3863
7694
3266
4618
6462
9848
6393
6597
6628
2235
1850
263
5237
9865
6504
1131
8689
3881
1757
9495
6592
1091
6477
8803
9533
5821
6960
7007
558
4060
3526
5567
8431
6928
3685
5948
6813
527
4016
2400
8116
7556
3125
541
8012
7976
2657
5717
9046
3915
3992
9711
5649
2128
8119
2749
7635
6477
3025
4344
3211
425
6405
4190
969
4005
3481
8340
1730
1417
5190
5785
8844
9789
9778
9234
2199
8778
8201
7813
4170
6021
8840
558
7315
1501
1670
1432
4249
1121
6265
4274
9799
9221
6247
478
9643
5525
1544
9150
9703
385
6827
7320
2027
4893
1098
7805
3567
3175
9100
1272
6908
6077
2186
2957
4452
4760
8479
4500
4656
2858
3156
7345
966
9565
1570
6309
8682
5590
6026
4218
520
6274
5615
5992
6929
4779
9838
7296
8298
3481
3373
9167
6422
9994
9525
3373
1967
4798
2984
4552
603
7913
2876
7276
1565
2014
3687
4029
3385
8876
2062
5581
6697
9475
5566
4188
3482
1588
7905
2932
1737
2443
917
530
1303
1714
2592
4189
1397
1170
1874
8459
3707
520
2747
1983
2066
8397
6955
3885
8270
8984
9981
9853
8042
7977
6364
6422
4958
7482
5101
8652
2045
8865
4367
8137
7136
9966
5379
696
4960
544
1970
5440
5890
6140
1387
674
4135
2851
3822
1014
3734
5149
241
6796
1903
9703
4530
525
9834
2628
9292
2705
3448
1089
7458
8247
4268
3830
3219
5998
9403
7237
5961
5154
6190
2580
7781
6787
5487
3601
4310
3349
5795
7597
5134
5069
5792
9378
331
9828
758
5072
8979
5465
6465
6412
7523
1947
7798
5008
161
5388
5599
7079
9107
2769
1469
1678
6440
8445
2107
5367
9310
6883
9689
1908
5710
2362
541
588
2065
8930
8613
6834
8881
3756
8066
4013
3480
1134
1228
1199
4248
8192
9862
3497
4459
1676
8085
5853
6416
5584
4778
8543
6107
5290
5829
5536
2479
1795
5
969
7227
4072
6543
3889
4994
2046
7110
2108
7445
8843
3347
2351
9297
4704
285
6446
450
1292
2881
3426
8041
9373
9992
6860
9955
4211
7731
3546
6422
6564
9663
2227
489
7379
5982
1011
8032
4048
7434
6961
700
4771
3154
8601
2244
4119
7976
7763
2193
3256
7716
7357
3706
245
1637
7892
3933
1719
3044
6042
8038
1062
2468
785
7048
3539
4514
2413
4726
1083
1820
8617
6906
3809
6398
5306
9970
5567
3638
1203
8009
6116
4627
1484
5393
124
7130
8519
1053
7339
8823
3701
1168
933
1316
5820
202
1911
816
8178
9381
6007
7264
1152
7008
7399
1617
5115
6703
9238
8455
2171
3172
202
1688
1319
1263
3049
2104
6345
6476
1409
4284
4657
996
9139
72
4946
8081
2924
4330
6271
8875
4959
5753
3701
8802
92
1402
6581
4146
248
292
5930
9884
495
7513
80
3849
5552
7940
5090
3076
205
3164
9152
1087
6124
8400
5980
204
9503
9037
4825
8041
3475
5519
3377
4969
1547
4471
9059
3229
6082
5809
917
107
6398
7660
5292
1618
561
1441
5177
8310
4462
3319
8579
9724
3170
6845
6682
5133
2364
1250
2381
5895
9379
4774
3087
2589
2973
9546
4633
4758
8286
4985
7742
8618
3336
3246
6945
8611
8861
4908
8227
4883
3462
6194
8905
8494
688
9877
9659
3292
4192
3924
5939
5380
3272
7412
5721
4518
2379
1144
5011
4375
1428
3379
9409
7802
5799
3881
8165
4720
9303
9342
7267
2069
6429
8713
8104
1135
1466
1512
6952
6214
6088
8030
3516
370
3111
886
4093
9468
3517
7292
6360
7150
3145
7628
6848
4559
2369
1909
8504
9288
6164
5312
4513
5942
4687
5668
4702
3069
9413
2003
7243
8346
669
5720
3003
4787
3278
6686
6357
4439
6027
4742
5377
7143
5205
5118
8094
7608
5214
9660
8501
8414
6275
6636
6051
9301
5002
8465
5200
2876
3912
3308
1669
2959
5516
9081
342
4647
8198
5388
2760
6263
1504
7838
9270
8652
8421
1737
3623
1852
6881
8618
2465
7796
5152
35
9459
5371
9547
4997
1867
3960
4800
6551
488
4734
9267
1898
8629
5510
5533
6309
7753
877
1336
1914
9804
4578
3171
9490
675
7686
4009
8099
7023
3013
8173
4627
5213
1106
2703
1361
4741
9321
8115
9039
357
2315
2283
172
8354
8015
7187
1700
6
1117
9697
489
8880
2425
2181
4462
5029
8850
1835
6384
6665
8290
5062
9219
5438
7510
6702
1881
7497
7587
9714
7832
8891
4776
6988
2101
3193
4970
8608
9098
3924
2138
1384
2201
1570
8014
4401
9844
4784
4384
6937
3950
3256
1916
7218
2475
4011
4163
3678
7199
4828
3611
7191
5745
7054
4627
6590
4042
1342
1497
2755
2220
9456
4843
3578
687
7906
5884
2395
8317
914
4540
9808
9399
1601
7320
8735
2509
8331
404
6217
1910
3329
1503
1198
3281
6600
7302
9595
2629
2267
4037
9573
6809
7053
6159
8153
9789
9154
9020
1009
5243
7360
9653
9143
9735
584
8885
2351
783
6124
3422
8064
4012
4838
4055
2393
7784
4167
7377
7240
1171
4165
8003
3221
1461
8426
8151
6574
9090
6812
150
9623
5973
7253
8247
104
1458
4909
4772
4639
7398
5830
3274
2925
4635
1351
8373
5381
9979
6471
2758
271
8503
5941
1409
8010
4674
6751
346
4162
9575
9106
1447
3331
3576
415
7434
1938
18
8101
6829
1264
6760
3928
1375
2892
5392
6600
233
290
7640
8957
3574
4653
4856
5845
1783
4014
6046
3893
346
5377
9622
3711
9254
2275
2173
9518
6157
6055
1268
500
5467
9632
2462
355
4675
2289
5868
4341
4076
3317
2808
749
954
3833
9467
4395
3612
9489
5194
1632
4583
9299
1424
6373
532
5059
7519
1430
9333
4825
1535
8095
5201
2717
6841
1645
4439
3831
9567
4063
2162
5302
9947
8896
331
6923
7097
955
8262
3473
5810
1451
7599
3551
1515
7757
6463
2497
8569
21
9779
9201
9059
3760
8308
5902
1961
7594
2463
3923
6736
3747
6370
2300
2627
702
2049
1494
897
6281
9691
9125
8428
7696
3700
6124
2283
6934
1761
2514
8719
9792
3439
4493
2624
872
9167
3116
1143
4980
4351
8047
5153
4181
2551
7595
9610
3207
3314
4644
7229
6185
2400
392
8126
8929
3236
319
6928
3621
2538
1566
2540
6379
3857
3028
8441
3627
8459
8097
2729
2224
7634
3125
7944
1679
428
8672
2338
4949
8456
359
6423
4681
3464
2672
9044
6980
5395
9335
7010
1583
1065
717
3850
7753
8433
741
3616
4741
5494
1022
5000
3080
5661
4575
1615
4054
2971
6893
2902
4893
2219
4075
4310
3713
6113
3002
6316
3395
1819
8066
6163
6401
9133
708
2164
2600
2740
7993
5581
4627
6434
3321
8665
122
3793
1553
8801
8082
9757
700
999
35
3035
6015
4753
4613
8948
3596
2316
5192
2854
7239
6375
9815
6542
3537
8946
7475
2311
2774
781
49
3510
6320
1313
933
3454
521
1609
3475
7614
1254
1752
4499
9441
9293
8914
5765
6964
6883
249
4930
6491
6566
5876
7426
8299
8145
7895
2747
4529
7042
9999
4883
286
2422
2380
7697
2012
5055
6483
2620
994
9499
5065
8078
2400
7713
3989
9491
1060
4008
6137
4715
8653
7842
9444
8513
4569
724
2750
5582
5480
5211
1015
8557
845
3090
2844
2781
6575
580
7246
7317
6764
969
6868
787
5866
6922
9201
7527
8680
1301
5505
9673
417
2968
2962
4450
8333
499
295
8126
3081
550
3323
6500
9151
1685
9586
4262
5516
9161
8137
4584
8330
7233
5138
550
4718
6839
298
6900
9659
9011
7982
7850
9245
9337
2953
1418
3938
4693
7319
6037
1497
4807
2101
410
2625
8898
8676
567
4061
9364
6501
9377
9443
6179
3403
2608
580
4228
5122
7296
9174
5102
6431
1373
5448
7377
222
4476
5456
5407
1821
2725
1539
5990
5224
2721
760
4176
418
324
3274
132
5990
8711
707
7373
5451
1713
209
8272
3900
9030
4667
6693
3638
2034
1735
6097
2476
9080
4474
5677
1358
7205
8631
3088
5046
6658
8591
2696
7003
9667
1711
7783
9145
3863
7690
2564
9887
6810
5828
5028
7532
9749
6154
1491
180
635
5495
8519
5690
4706
7056
9723
7473
5860
9421
8301
1828
5169
9473
2708
8163
2363
8009
8522
4688
7667
5973
1818
8668
4438
6650
5768
6779
2741
3982
9043
2549
8525
6588
6063
93
7132
6460
9454
8131
3681
3590
9200
505
7588
4976
870
285
2183
7918
6592
7380
3017
2828
4537
159
9680
7844
5424
3888
4280
4107
7739
2575
8594
7853
1361
4937
948
1467
7066
7616
5063
8737
1626
4952
5063
8352
6981
311
8299
2475
4774
88
1173
4618
7529
1862
4596
5862
6814
9948
469
2059
1499
2066
3554
255
3916
9906
1885
2706
7402
6273
8201
8083
1733
9546
2204
5116
4492
6952
9080
1866
1236
674
3716
4969
7745
584
3012
4347
2497
4203
1861
5589
5757
6065
2998
6156
6097
2350
2685
8767
4006
6270
4972
564
876
7170
7122
7376
2921
3733
85
7873
3593
510
3549
1356
8732
1583
6584
2029
6535
7832
61
9016
9648
609
9838
526
1509
133
7166
5274
5460
5479
6839
3248
2898
6954
6352
5903
9528
4041
9011
9221
4748
7430
5421
3068
5059
4809
9927
2104
9591
220
9974
8095
6723
5219
2590
1047
262
4123
5227
1170
5326
6792
6868
8182
8549
5455
3913
4519
9409
9262
4888
9042
8440
6639
7172
3769
4086
266
8541
5090
2350
6633
2794
1047
6719
6504
3457
2206
4337
7441
1097
6355
1768
4279
3811
5821
9203
9377
8884
6408
1598
850
6333
7563
7364
9212
7725
5064
8386
1213
127
2392
1936
5747
8816
2624
5988
7542
1591
6394
204
2052
7738
4612
5446
9031
4071
2980
8152
7206
4738
1705
7391
26
828
5723
4681
23
6340
1741
2061
917
3277
251
3909
3549
2921
6513
1577
1344
8147
4508
8058
1492
5879
2762
7930
117
1568
3314
2011
5897
9043
9372
5351
4016
3755
6767
4211
6713
1454
4475
3708
4363
211
1259
9894
6316
8540
2743
9453
157
4507
4270
5008
364
8215
1740
8112
1266
5795
7484
7608
9341
8916
3888
9708
6499
1553
9625
3939
6051
6694
9841
1541
9499
3013
6780
4244
5629
8068
5240
9800
3198
6830
2775
4593
2378
5768
8108
6397
6457
1166
8933
5722
4762
8604
5339
627
4002
4604
8029
307
4240
5739
8722
4573
9784
2032
2739
5008
4449
5999
7327
5245
2733
509
4660
7006
246
4482
9083
7533
4643
3994
7575
5281
6216
3748
64
626
8915
8020
2588
3843
489
1426
9266
2060
1490
2153
2470
9096
6436
445
3839
1974
7195
7425
778
6934
1328
516
7250
4742
5428
184
5374
4411
5906
9430
2566
5136
6936
9243
910
717
5112
5319
1361
9542
5415
2680
118
1916
3625
5893
257
8171
9059
2916
9069
2223
4222
245
8986
8871
1267
2766
2517
9651
9802
375
3691
9064
7301
3500
2342
8315
4101
368
3462
4955
9604
9434
5562
842
1054
550
62
2169
3909
6375
1370
7029
9181
2446
4624
60
6129
7374
4275
5554
5938
3050
493
6224
6749
6073
1213
4313
6901
246
3137
2179
3589
9169
8290
7297
7170
1293
7432
8945
1847
5459
1835
8138
5981
3701
3273
2727
4174
8184
5223
9637
2547
7438
4202
4152
346
2267
2629
7737
6427
2052
3438
6260
2889
252
6454
6078
5820
2338
6672
9046
169
6009
9592
9751
6767
7730
2189
5874
545
2210
47
5701
3352
618
8391
9606
3577
5842
3887
8727
1828
3720
4676
65
1929
670
2219
1423
1219
62
854
7686
2239
8171
7452
5707
7234
5814
3326
2540
5606
1509
313
6982
3058
8432
7185
2683
6767
554
5913
3674
9141
1242
6418
4785
5614
4410
3785
5816
1707
9965
3993
1550
8292
3796
8148
9863
3632
8497
9308
7035
3164
4944
9986
5045
2059
6819
9852
3363
9305
2406
3592
906
2272
7369
8591
1333
5237
7422
4079
6970
7064
4564
8784
203
4990
7538
1093
9407
1250
5710
103
4667
7723
4979
6972
5078
2734
183
6995
3895
923
2830
6768
1342
9661
2091
6932
5518
6584
4074
5902
1243
5813
9812
6128
8598
4780
136
4465
3873
4600
1287
4833
6243
7733
8760
9274
5200
1249
8971
6144
9419
2089
4691
5131
7876
1863
54
6343
8128
2761
4464
6953
264
7595
7305
1678
8259
5587
5057
6256
1329
8077
5067
7563
1834
2383
6965
5763
6389
3243
9933
6460
2302
2370
3093
816
870
540
5459
2715
6666
8497
9081
2974
2844
6942
7569
2997
898
1408
4186
4409
6393
4608
7813
3794
8499
3276
2625
2538
7924
4317
7746
7771
500
2978
9136
2532
4725
3217
912
2553
6284
4610
5216
1240
3458
4452
2592
5973
4554
5690
7609
4864
4514
8165
9434
2210
2435
5254
1435
2215
8014
6912
5764
5399
2261
3248
6294
1554
5215
9516
4825
9619
3932
3780
25
119
8072
4877
3493
726
3287
531
9687
7279
6763
5754
5600
1768
3590
8968
1672
7550
8769
8189
145
2258
9548
6603
947
5974
4749
7324
1331
1920
4899
6855
6043
4245
5147
3663
5769
2795
8079
487
4637
4335
9976
6447
6036
1999
7257
6630
194
4986
2579
6117
3196
435
2660
124
7957
3669
4775
922
9071
9520
427
304
6979
3632
8435
7188
7418
157
3960
4703
7458
5953
1361
5462
2288
5711
1642
8360
2587
6585
8299
1327
5512
6797
7274
5319
250
36
2902
6166
6299
9948
5620
1191
2325
2227
1452
6708
9316
846
8504
7685
7613
5760
6562
8585
3908
6773
9828
6901
8995
1074
2281
7070
4253
7103
1320
1710
8085
9378
6107
6862
3993
3978
2474
419
8334
3112
3852
3356
1774
155
8797
7809
5041
1538
2796
954
5905
9537
3596
104
1323
596
9591
1185
5066
9040
5944
2081
5394
7458
1733
8870
4565
4376
7506
6009
5087
8261
7270
8853
7692
195
4119
2020
16
8786
8792
6648
8206
8696
7056
2996
4372
6930
9324
5504
5268
1661
5270
6387
8660
9609
1748
4711
7689
7798
600
8883
8727
7107
1505
9785
4568
9627
887
1395
1700
6370
41
19
85
6870
2049
9225
2499
6206
8639
5143
3388
3438
5673
718
7179
337
4682
8231
6485
8321
5572
9751
2158
7399
3832
3237
642
8139
9863
4027
2864
9524
3422
6776
7532
6072
6912
8829
4901
6070
6387
460
3520
3912
361
1491
8157
9091
3996
6738
9700
1916
9791
9680
6956
1178
6266
668
8380
7525
661
1946
5522
403
1588
6875
2122
9858
8246
3163
751
9209
3502
6170
2912
3374
4152
9117
5805
3651
9571
3968
3350
4241
7000
4958
5783
7752
8875
6033
6970
2244
2840
6819
1286
3225
951
4295
2440
712
3323
2246
469
3204
1006
7587
10
4818
8084
7139
3173
1652
2010
1899
873
7296
1204
195
9388
7896
960
9880
3932
9039
3320
4097
6227
9207
8664
9331
4059
499
8950
824
6291
2973
2366
6657
5449
6285
8742
8623
9886
6165
3919
7356
409
7420
5263
8486
1178
3139
6712
4731
6910
8374
2094
5827
2407
6969
7371
9836
8066
5163
1687
1714
2631
6295
1917
2486
7412
3427
5556
6461
3224
577
9350
1009
7560
1338
7603
5012
7149
1516
4521
7145
9706
9680
3451
4676
4809
7539
1887
3452
3336
3134
7690
1065
6429
7906
7858
5721
6721
1268
4141
7405
4823
6470
8126
7460
2861
3479
6876
4062
177
6578
8705
6810
457
5288
1482
3221
8278
5535
3569
1779
7613
4458
6579
9886
1911
184
9403
1540
1086
6738
1423
9375
3289
1239
8422
7806
8067
2817
7520
5291
191
2151
4670
990
7258
6133
2207
4736
3821
9233
8396
6122
5079
9996
9367
3155
5393
1251
5657
6268
8397
8992
2187
5995
922
2656
9480
3073
2719
6877
8053
3803
7911
9079
6760
8154
7396
7582
9859
8257
9019
3911
5080
4367
3900
2692
9622
1582
7940
4230
2537
1745
5951
6316
524
6943
6336
7522
9079
5629
8036
9710
8008
530
9642
3478
4920
2314
9503
6909
8161
1104
2799
4063
9871
1423
5546
5254
3164
5524
3242
4881
6294
5458
6377
8209
2017
9411
8049
1378
9014
2702
509
8196
1710
2669
5762
3658
3855
6085
3995
8233
6401
610
2220
61
3777
3007
1473
383
6857
5759
3069
1049
6241
9404
8143
872
7697
5516
2444
6695
1066
3551
8343
8316
8742
6006
5399
9327
4383
7209
9525
3609
1743
9369
9858
4061
4097
790
1646
935
606
2542
5908
1233
9733
8382
634
2699
8615
4291
9366
924
7598
8186
3294
1995
7051
1912
2142
6103
1904
3530
7022
3679
898
7683
5534
8338
136
6255
8133
8659
5897
7520
1565
8237
2868
6359
7939
4649
6938
3532
6037
146
9340
4069
8285
7632
2913
2137
3332
7957
6527
6272
6265
6673
991
3828
4993
5716
4293
4758
1558
7999
1278
8184
3183
6029
8238
9698
8785
6616
4784
386
7925
4820
6546
1999
3100
6178
141
6370
7690
7325
3037
609
3570
6117
4252
8756
3341
9357
1179
8039
1170
4774
9736
4169
2935
9423
5697
1324
755
3739
2763
3549
3917
263
5561
313
5488
2382
8682
5093
6445
9893
515
9764
9587
7236
6822
675
908
93
5915
7234
7500
8120
8149
3020
3815
1713
3188
2432
2707
6951
4520
5301
8562
3652
2092
171
9528
4090
4921
767
8104
6841
688
910
3943
9988
1294
6991
9244
1045
9808
6
1873
9356
2266
4025
450
934
9229
9249
7221
1107
1505
383
83
1454
2098
3937
7445
7270
4975
4429
5415
7944
625
4488
6240
7343
3444
2469
6259
2652
8288
484
1665
4285
4993
8721
7843
381
5091
8996
6321
304
9407
65
2946
8786
7301
8866
7425
9406
4653
2267
4805
8313
8111
9439
7312
6449
2339
4664
7441
803
4039
7146
8915
8452
4966
5044
6775
3464
7990
5427
186
2899
6007
5216
6038
3306
9161
3697
6191
8409
6981
2690
3883
6575
4773
2364
783
9846
7558
3464
1956
3398
4037
4816
1536
1658
7337
6409
9509
5186
1014
4483
3298
8191
3908
5595
6596
2091
4382
276
6877
3970
3633
7626
124
7820
6211
4747
1013
4766
6829
8866
9411
2117
8820
9229
8769
9847
463
7820
7175
9689
2216
7775
6165
7700
7659
2695
6644
6652
8869
3607
2371
6869
9582
7810
2316
2655
1663
7753
1052
1474
9264
7454
4011
5617
9511
9676
3101
5133
526
9708
70
4157
7086
6424
6007
4459
393
8072
3545
1590
2330
5237
5869
1385
1694
8783
9884
9334
9247
2000
9821
5171
2156
561
5687
1695
7027
5801
3298
1227
4138
4770
7797
4213
1451
8247
4467
4667
8030
6467
7053
3538
656
3211
3519
2582
3035
8087
6762
683
4795
1269
4414
6317
8493
3422
9000
5264
4226
4794
2053
1004
2039
7199
1052
1787
1056
5395
5102
4173
8817
5057
9565
293
976
4101
9588
4080
3166
6988
5102
8583
7955
9606
521
8457
64
2242
1783
5637
6219
8933
1581
5837
4931
2869
7664
2156
6722
2781
8721
217
6272
8662
4836
7881
2553
1926
5300
3855
7924
4414
4923
8630
2184
7609
6887
1397
8006
3117
8645
6134
5189
9049
4498
4525
4773
6221
2219
3143
8902
7766
8795
3639
6021
2194
3756
3922
5746
5577
1073
9363
9825
4069
4273
1688
8003
5857
5704
9109
1977
4590
3639
5512
52
2120
8892
2656
8128
4300
8419
9295
497
9801
2141
5366
9283
8638
2104
9080
1769
2988
8925
6771
2412
2098
9087
3170
4188
16
685
1236
4143
9610
5239
7247
2245
277
6779
7827
7971
9120
2491
5686
6243
4691
4524
2611
3888
8045
4012
7487
144
9070
3810
8851
5164
632
4870
7070
2648
7559
2580
973
9498
4513
3299
7211
656
4596
9034
568
8445
4668
9087
3832
8824
4148
1115
7163
1912
1707
3386
7705
5004
3321
3701
7105
4402
7984
2834
3307
4588
4805
7233
3227
7810
4658
3791
1384
8237
5965
9113
9470
9180
5469
9651
1146
3472
7505
8176
6570
6782
3808
8810
7134
5129
3873
9937
2039
7949
8364
7309
7202
2096
3403
462
427
7698
3321
427
8708
9534
9090
5364
7763
1510
5915
1031
9543
2771
1856
6029
2558
6121
5084
8231
3855
8250
7677
6725
2869
472
1222
8831
2435
3997
2325
6627
8627
7054
1421
744
126
3023
9332
6374
9851
387
5411
5556
6329
5657
5301
2397
9226
5958
7865
398
3483
755
6577
9124
9310
8718
5872
4734
3805
1997
4930
9017
5530
5766
1901
3973
3750
9439
9687
9860
3190
1381
820
9560
4051
8673
5522
4752
3045
2668
4710
4047
8745
9799
5773
7946
8751
2081
9765
6193
6091
6646
4792
1946
1932
2457
1316
9006
1302
7668
4287
1865
1623
2329
9041
5166
3697
7721
7098
2654
5488
7455
825
2312
7554
5941
1243
879
1179
9528
3800
9361
3921
7351
8832
6925
6757
4022
5495
7525
6137
2094
6155
9783
669
5412
7459
1404
1473
7798
4031
3633
4013
9914
9274
4684
4945
6887
886
8795
3060
9493
9488
2706
8116
306
6391
1859
7777
691
7386
1012
7239
3758
2278
3516
3377
4202
2733
2062
1114
996
4585
8380
4668
4327
9168
2793
2729
8834
8790
4208
2568
3363
9970
8298
4818
4192
94
6169
3167
3591
9078
5537
1175
3454
6555
3139
4411
5415
4769
3976
3737
5743
5369
4367
3743
7231
6880
456
7390
8919
3324
4293
3164
3788
4558
7210
5225
9625
1263
4389
6275
3749
7541
5598
3750
1763
4051
1393
2228
2920
2041
1774
885
4682
6757
1579
7679
9279
7384
1407
6695
9070
1833
9944
1781
3880
558
5331
1523
5854
576
1813
4359
2478
4536
2149
8
1108
8787
821
5994
7881
3811
8419
8140
672
2797
3286
1870
3393
6973
7392
505
5323
8092
7984
1881
9484
1990
6791
6205
6201
5822
2826
981
2355
4033
9707
5645
919
7285
3338
8450
6407
6808
1667
3237
4732
2654
2587
669
5876
9525
666
3344
7423
5507
6334
2898
3269
353
1409
1126
6185
8642
9677
4255
871
3116
2163
369
895
5284
7047
7988
5534
3694
3942
9400
7774
5136
7537
6431
3400
6181
6304
7406
2588
5445
6207
8143
3828
435
2987
5258
2655
5711
5794
7612
8373
7527
8083
1155
233
4315
6584
863
3685
3518
5897
3887
8922
1589
1641
4801
8883
1981
3742
7102
5284
3225
5431
6199
4424
5480
2240
5378
74
9426
3051
2697
5641
3987
2283
6575
4566
3771
6260
9623
8565
2953
7921
8803
7259
7027
166
9908
7075
5137
9290
9236
2034
6635
6793
6734
433
1894
8600
351
2339
7393
4517
1049
8529
9201
2903
8379
1190
2673
1570
9276
3567
3387
6206
6158
117
7846
6049
4019
8127
6512
7182
2770
2401
9074
33
9120
2200
4544
4771
9803
2204
3954
1350
5644
8131
1465
4253
6163
9519
8269
1324
5220
7737
2581
5561
5847
3012
6294
7797
6068
4725
558
7595
2249
6544
5145
1425
9758
9912
5387
4873
2366
6882
6955
2276
7547
2188
46
4382
7784
2739
534
7988
6930
9996
52
8071
2780
4941
1972
7840
5251
1786
8591
1867
7920
428
8493
638
4541
8370
4625
6094
3747
2467
6930
3868
949
9107
3529
1232
7143
1818
5776
8302
1960
5259
8095
5588
758
8955
2057
482
130
2554
2878
9794
1510
8665
109
8344
6746
8017
1346
1576
5919
9153
4793
1081
6443
3753
4687
9565
1075
9674
527
449
1761
9382
7893
4240
5808
9350
3215
3135
8643
2204
8677
1555
9323
6066
5752
9727
8944
8257
8962
1519
9075
1528
2004
7201
9799
4901
8804
6669
5694
6679
5872
1199
8560
5914
6800
6558
7400
1834
1685
2635
82
9088
7859
5927
9111
2570
1314
9724
8752
7677
8775
5115
1050
7660
2077
3381
648
633
7752
2654
3838
9619
5538
3908
8740
9345
443
1219
2327
4827
8957
9330
9823
4089
3593
3782
8604
7055
3817
5658
8790
6416
6136
7077
4481
1414
9813
5703
7208
3364
6203
6228
7118
1301
9672
9050
8917
7893
1358
7490
8945
9893
8077
4074
7306
6381
3330
1663
1717
4074
9466
4468
7772
5350
382
6375
3024
2953
6448
6213
8584
4724
2842
8721
2176
6958
6355
1544
1223
2553
6575
490
2687
8600
1356
8714
9462
5453
2273
2049
6517
1481
4177
7644
9253
3095
5913
3950
6019
4827
9231
1046
8975
8416
19
8554
5077
2396
8225
3679
4151
1429
2536
5001
7880
3962
890
1860
7485
5346
9186
4364
3643
6315
8306
9239
8853
6753
5949
1897
3767
9667
6571
5905
4678
6833
1246
236
2382
9007
8769
7736
9862
1567
2870
2412
752
4034
1973
6537
3229
1916
9901
5738
4341
5575
5653
5418
7317
6386
3855
1471
212
8790
4914
7546
3986
1971
20
6468
1853
9851
5470
5455
9036
3734
8131
4539
5687
3523
7532
6973
1917
9026
558
7225
5063
1154
7651
557
7679
8149
8096
9639
5372
6107
5786
2150
8849
1458
9333
173
6515
7107
398
4707
4131
9151
5834
8036
5322
1549
4670
9766
8757
3972
1827
4668
3300
6224
171
8062
1102
7475
3854
595
8390
4780
5663
3626
7960
636
6257
8238
7383
5781
2234
701
4647
3757
1257
3502
3064
1796
5634
7021
2887
2259
2010
6289
4965
2430
104
1514
97
6973
7835
5427
28
4508
7876
455
7374
7996
5552
692
2581
5568
7383
9246
8831
9285
9177
5937
279
6161
6954
4450
141
5156
7817
9520
1088
5991
8357
8161
2942
2241
8978
8430
5909
4779
1732
8722
7153
6480
4230
492
2394
5842
135
936
2380
2974
6676
4337
8146
1809
1150
8628
2746
2054
6879
3158
2906
7466
7635
7644
6826
2939
4659
9485
9825
297
1533
7553
843
7071
6715
4325
2347
9431
187
1177
9146
4541
3519
4004
5425
5228
4553
1643
4086
2306
3251
7064
4474
3778
3546
6770
6109
8066
878
926
3618
1304
8872
9801
533
8683
5916
937
5445
7608
4858
6454
3278
4286
8938
2158
5373
9200
4225
8677
1665
9184
290
5092
3530
4288
3184
9948
9927
4853
5169
2656
6726
7041
7287
4315
6660
5623
3204
6757
5946
6429
862
6628
3909
117
3582
7645
1175
4769
4554
3316
8619
8461
682
3217
5898
9516
7240
2464
9277
4443
582
6761
7552
6125
5851
89
2406
2911
3963
4863
7109
5382
5726
112
528
5978
1077
1111
3050
2197
6791
6338
327
4291
5601
4383
1819
4534
7126
3201
8116
4632
4039
6073
4075
9576
7961
4273
844
9355
4493
5932
3782
3242
2066
5860
5569
6254
1464
9634
6132
3636
243
1313
3981
7484
4326
7753
5362
132
1231
5692
9499
7684
7048
1479
1390
690
3387
2549
6493
4400
2599
521
5901
7259
3431
584
3872
4005
6359
7712
4225
4703
1171
7783
4869
2637
3119
8230
9880
4009
9931
9365
5020
2534
3706
1870
1822
7351
5732
1083
6899
6059
2010
1237
1950
7507
6739
4591
7103
9895
1076
2787
2929
6099
4087
8829
7972
1032
4501
6189
6855
3621
3377
323
3092
3932
2496
8894
9894
1381
9678
8938
447
4180
6609
123
954
4081
860
6278
8730
7914
7479
312
9218
9086
3890
9438
5937
9237
7725
7779
3621
3368
6358
2279
3744
5508
9481
6474
6948
6592
2194
3780
80
459
7422
7929
4224
474
1496
9083
1556
5325
7682
773
3836
1025
3446
848
7352
4001
3708
1299
1940
3673
2342
5548
2138
4180
4037
9334
1166
6365
4383
7180
7375
383
4203
1901
5075
4335
6179
6381
3559
171
3514
7308
8251
540
8077
9059
9406
8921
4396
557
9315
5548
6393
7676
3931
1535
937
2889
9264
7691
7838
635
3482
3023
5704
7155
9537
2048
4052
9175
3251
370
7136
4764
1193
5875
5085
9396
6148
1272
8028
6682
6365
1395
2244
5264
8108
2028
2626
3762
3762
5862
5839
4870
5049
81
565
9922
2657
9980
7981
5881
8622
5912
7848
7554
9660
9857
5021
8028
8851
5196
968
441
4140
7634
1700
3533
2374
4309
9690
4607
5384
774
6056
960
2295
9615
4709
8041
6302
103
514
7090
8944
9532
6132
2253
1349
3889
1168
6414
4001
9290
1523
1320
3685
5962
5256
9394
819
3250
9867
6300
6442
2034
445
6579
3829
477
1324
9499
6573
3953
9084
1124
7920
745
7156
9046
822
670
411
6247
8263
7591
4783
3170
9180
4257
6701
5343
1073
797
9502
2401
2569
6120
1969
8140
8478
4672
9809
3560
2779
5684
1052
176
7603
8281
9418
3106
8428
7197
2903
5211
6299
8817
458
7589
9880
5600
3783
375
8814
6099
8729
3099
2885
7571
3717
2776
3470
254
4793
5590
8877
2186
5676
412
1058
9860
336
5116
799
9872
7736
1700
3080
8853
2678
7361
7654
6013
8795
7077
4211
4212
1407
9013
401
263
2287
7158
2877
1371
5752
2988
7680
5056
2841
8498
7825
2777
6837
582
7909
5502
3550
8833
6551
7676
2670
5199
934
1253
5713
9474
6595
3520
5301
4448
8938
5323
6164
5795
2716
8945
6441
5164
5751
5190
3965
9702
6795
2257
3794
7364
364
2032
6156
3977
8491
1495
213
3242
6825
5194
762
577
3841
9560
871
9341
5519
3539
4485
3181
2326
2424
3633
1943
4625
4391
4374
1034
720
7569
9577
8521
830
7688
9926
1888
1225
2872
494
7206
1535
5203
8364
4559
4774
8979
8363
5083
4611
4361
6148
7126
7586
8487
3895
5293
8193
9689
103
7587
4272
2994
2304
8370
8464
7913
1331
7432
1040
3012
3681
7827
4342
7510
9636
6449
3050
5095
1879
9539
3481
8899
8502
7850
8438
5476
1850
62
55
9242
6268
3443
1693
3913
8913
5685
4087
986
74
1438
6529
7728
8382
1575
4882
7192
7649
2296
8661
8305
2019
9290
7840
2236
9422
7751
5120
7099
478
6866
9408
2545
5631
1978
5770
2257
7412
9812
8460
3339
2016
1200
7591
7346
3584
767
8390
8550
101
1302
1944
4652
3595
690
1378
4351
7933
1700
2107
5810
2011
7061
5315
2083
2865
4582
1969
7174
7067
4520
7785
9238
2769
2111
4392
6633
7716
9858
6663
4348
158
5320
5986
7242
4713
3386
3167
6579
9498
8352
994
8951
8169
8945
932
8276
885
2877
867
1412
254
5026
4442
337
8920
4701
7066
4678
9346
4474
6290
4052
7714
2071
9458
4924
9183
9431
307
7421
1022
6062
6997
4402
243
1073
2313
5631
2628
2730
474
8554
7119
8476
3955
1560
625
72
1744
9017
1600
9988
7522
3440
8367
4589
7078
5281
8842
8260
7760
8710
1231
4735
5559
2007
2771
5028
4296
6666
4447
2028
9354
3129
2392
8770
8141
4779
8858
9876
5786
6357
5361
1502
6223
8771
2924
2220
1613
564
1810
904
4660
5877
120
531
2120
4550
9755
5033
6965
2313
6697
6002
6084
1877
1186
4790
722
8549
859
5849
6653
5582
2644
6598
7219
1371
8467
7536
7343
821
2280
9853
5034
9828
1981
4762
4363
8680
6868
3881
771
3515
3476
7691
5172
1297
6051
7574
8789
7585
1360
3105
156
3571
9431
1598
1021
294
827
4593
6133
7044
3691
516
5928
4886
1390
3196
3875
8737
4290
8078
638
2925
4408
9573
262
7774
4522
8526
8484
9487
2813
3858
7904
4615
1466
1475
7991
6245
3971
1230
3058
1958
2667
5098
7071
2590
2773
5017
3443
7221
7678
7145
8182
1401
7580
8419
2100
510
333
7702
3435
8951
9910
3372
8432
4482
152
2355
8381
4814
6097
173
577
4227
241
3352
9656
7580
3549
1503
187
7272
9984
5035
3541
2855
161
5152
259
446
884
9835
3682
4079
6842
384
5503
7287
5226
7381
2600
9932
3370
1685
9858
4530
5451
6792
3504
5742
8042
5929
4339
1122
2627
133
7211
1879
9027
4873
3418
7940
1239
9330
7071
313
6013
7761
8958
4131
6334
2674
4900
4833
1125
9402
6927
1868
8864
2091
4916
516
9235
3084
7594
2739
4131
5945
6223
6315
4005
9272
596
1916
1940
6124
7663
2063
4364
7099
3395
3418
3144
2280
6128
1725
6457
1848
9777
2630
8499
1201
408
8925
1365
2459
3799
6183
8664
342
5169
2546
8996
9433
5162
9946
4921
7686
4076
2148
9466
597
227
944
5663
1167
1663
7213
4327
3134
1523
6479
6234
4946
7456
8475
6906
7836
2392
7761
7360
6055
4432
7247
3704
8680
2164
295
5399
2458
8179
2547
265
8798
4021
9934
2512
8749
6385
1694
3438
6625
9861
8043
813
4900
8092
1948
8807
5790
4925
4113
9911
5172
3092
9256
1433
3609
4432
7293
461
4682
215
7901
2441
1002
1610
8633
4518
1163
6554
3579
2802
9276
7939
2512
5788
6990
3013
9162
5878
5819
7390
9639
2801
4107
4567
5973
918
8046
85
9288
7160
9968
3919
2115
412
7066
4187
4770
3947
5402
4788
6271
7906
8752
7799
1878
8846
7877
7770
9985
1950
6672
5102
4888
6039
7949
7860
756
1541
2489
3610
5254
1860
9747
6819
9927
4506
9707
2031
3001
2986
4217
4544
8959
1160
1294
7724
602
5136
6182
4056
8217
8306
6342
4139
4124
3730
6297
2069
175
3448
8192
2000
7185
8105
7837
6646
3202
2807
6273
5947
4946
6623
450
2322
7006
1833
5285
2673
6523
4689
2202
4986
1903
9336
7749
9066
3924
268
7301
6662
7731
7384
8547
7394
7852
7316
7792
6816
7684
4367
6721
461
7588
9774
2130
1210
1616
7185
1154
2962
7007
8177
9159
2457
9804
7856
7036
1199
4507
3464
5933
1599
2456
7162
6429
4023
7706
178
2784
8393
1516
5181
6153
3496
4362
2032
7913
6312
1997
3551
1316
2661
5766
1386
5563
5470
2153
4168
1
4840
2676
3225
1309
4964
675
8014
4513
4783
1412
4317
824
150
1233
5290
973
2689
1996
7821
527
8422
415
8788
943
6834
8
9215
2544
6915
7087
6355
8753
9986
5278
9089
3236
2568
3839
5194
6453
6004
952
8058
8273
9156
156
7386
2647
2500
6355
8681
3143
3678
2487
3940
6191
8127
1797
3691
2463
5736
2601
1978
3878
1297
7454
2685
10
4182
2260
2886
1747
3933
581
9149
5984
830
4467
1594
7130
2478
6249
4621
7506
364
853
1600
1680
5605
8429
1455
4782
7508
979
8873
8179
5118
2668
5683
7545
312
9364
4391
9975
6538
8938
4578
6166
1947
4284
2617
4681
8643
4885
8067
6827
9401
6765
8646
7707
482
2915
2146
5853
695
3362
7476
3459
751
1336
4342
8318
8103
3077
2054
5579
4655
2702
8170
959
2762
2454
4964
5590
2054
3451
7121
4352
5781
209
1497
7733
8312
641
5632
2225
2227
9645
628
4879
2192
2659
1069
4327
2734
1185
1978
9480
2316
9753
4546
1010
3498
218
1276
9781
8574
9275
3318
5964
4578
8451
4707
7159
1498
4230
1008
6334
3904
4982
7563
6107
2303
7939
938
6048
8765
7639
9983
8787
5919
1161
9316
6662
817
3192
6705
7407
1307
4622
8597
4869
4651
9013
1297
3183
8096
2973
1658
1681
8248
5083
2593
243
4910
2664
1744
3828
1157
7819
9804
9875
4446
8449
4085
4398
6633
8371
5085
2631
6115
2684
8282
639
4039
4305
7913
4531
8723
5265
6931
4164
5903
3645
796
5189
6788
9645
462
7561
4479
8349
6480
4383
912
2928
1565
4912
5783
4007
4690
6448
8941
9783
9267
9885
4531
9437
1783
1170
3185
4711
3648
8100
1631
4067
6163
2124
2637
3651
2828
6561
181
9955
2532
9666
4949
7073
4365
7772
9161
172
4070
8001
6992
8437
6832
6629
8515
6932
166
6692
4489
5585
9157
6229
7289
4105
4814
5630
6456
4826
9273
809
1946
7183
4212
9178
2419
1309
7244
6385
3229
2086
1784
6638
9151
1163
7090
289
2131
1542
287
2780
932
8512
2788
2807
5322
838
7295
8427
4791
3663
4352
9642
759
4628
1711
2900
3067
7892
3656
3513
38
1507
6336
5916
5119
7236
7886
822
6926
6106
9358
9467
6783
8184
3255
3309
6696
9828
4462
2148
1582
65
9314
1620
8394
7117
5604
8443
5517
4800
7205
3148
9618
4815
8784
9008
4481
3541
1765
7990
1450
6093
9940
4397
5163
5894
1306
7287
3944
4119
4990
4542
7841
4437
6538
9455
3337
8742
6168
6526
5306
708
3255
7475
5380
4397
1980
773
9787
7698
3012
563
9895
3082
9997
998
474
5254
9272
3524
1924
9072
551
4708
883
539
3783
8121
8278
366
1950
149
3398
4163
4596
4215
4276
1259
3260
2864
8758
3465
2760
2356
6705
33
9922
1428
8044
1261
6984
6037
7021
8018
6461
3699
2767
3167
9696
6986
8604
578
4900
6392
9579
235
4416
774
7409
9498
6184
87
3543
6849
2087
848
219
4308
7073
2745
3055
1872
9354
6272
4302
2625
9532
8699
7981
1985
2909
1666
3724
3882
6812
5253
3409
1455
3684
3756
7073
318
2917
1689
6880
6931
9263
344
724
7693
4627
6217
8621
8297
7188
8040
8298
5752
161
2977
186
7239
5192
3908
7400
8479
1599
3892
7456
4981
7460
269
6181
4741
7455
1699
2767
8336
1892
7358
1116
3746
3210
158
1746
2179
737
7485
6910
3142
3242
8747
637
7436
8808
9554
2584
1209
5518
3487
8578
9403
2830
5580
2409
2416
5883
1517
5785
557
9917
9256
8400
3652
5364
9316
8008
1470
5581
20
8064
7773
9891
8832
7109
5621
3633
6562
2902
1153
1756
7057
1483
766
7843
1050
7821
1921
9046
2905
501
7915
4193
656
504
7302
19
3914
15
8511
6970
1858
3887
5938
7344
7806
5345
5045
7550
7100
5668
9351
9806
8519
5705
7707
6362
9041
9350
4099
571
1641
8280
9740
1904
9949
7708
4186
5518
3153
2663
6941
1298
8673
7605
1577
3099
7292
5646
5944
4753
2465
3546
6436
4417
6622
2218
2171
7162
854
2352
5431
8347
2834
2343
6111
7355
773
2830
8046
5128
230
3496
1307
9864
5853
7562
1339
1626
3427
653
438
186
6879
1127
2991
265
4133
2683
8196
6094
3025
2416
7549
8968
6243
8063
1236
3851
3460
2609
3698
4484
7310
2543
6519
8388
935
5800
1377
7887
8628
5726
6329
3240
9981
6774
4945
1801
1560
5018
4597
8903
8915
4013
3662
5878
2184
9953
6772
756
3249
7616
8180
5611
9636
6548
9140
3877
4651
1422
1218
2283
3825
972
8689
5007
2536
6504
9902
7998
1151
9236
7143
9420
7781
6598
6081
5947
3847
3135
7446
9506
6474
7355
8808
932
6434
2538
5189
5
2753
5660
1532
4311
6874
5486
6110
5654
2382
6538
598
6753
9544
6300
4599
8137
1726
2860
3168
3439
6043
3092
4578
6379
9527
6582
2978
3532
3776
8276
7929
1016
2669
4886
8876
9803
7160
5643
3540
7765
3195
5580
1007
6416
2674
59
8581
9524
8273
1985
5346
8096
9986
7990
5532
9576
2125
3050
4208
4006
6795
6708
7512
738
7085
5409
903
7533
7632
1737
6244
3171
9306
2592
7612
8734
1780
5643
8861
6174
8901
7809
5163
4043
7496
3128
3162
9573
2091
4478
2413
9420
7176
9728
7203
2737
19
3609
8101
6776
5393
9379
9135
4716
5861
8198
4034
892
9519
2644
4952
1279
2048
4475
2398
6460
7690
1054
8563
4855
4874
6384
7251
3453
5334
8717
2349
9721
2446
5049
4336
6569
6701
4015
2507
4936
7551
2459
6177
8403
7158
8357
6227
4219
448
3689
9164
341
1580
4820
6324
8011
2345
1569
4215
4918
4554
9397
178
2115
89
594
3776
9337
964
9707
9117
7000
8603
4385
9690
9758
7352
7311
6075
405
3554
4122
3440
2623
2542
990
5877
9463
8661
5684
8613
5946
6894
4153
198
1127
5219
8549
5826
1428
8746
2907
5193
1378
1820
5102
1643
1627
277
5274
9452
7331
1283
4250
2371
4868
862
1676
6620
1773
4011
5727
2726
6260
4647
467
2917
6570
8771
940
8024
4322
7851
1535
1994
7813
6665
6694
251
5330
251
7303
1644
9812
2645
3056
3830
4795
195
5787
8223
2340
2735
7511
2990
4797
5749
1289
8311
6348
5220
8818
2991
895
6419
9579
801
8776
2020
5816
2904
3
2060
7363
7525
1897
9863
5095
6231
7458
5111
1703
290
2668
7145
4405
7590
6065
3345
7998
6236
5145
7871
2343
7210
642
2034
804
332
7958
3311
7618
3934
8127
4301
3151
1772
9782
3148
252
3822
6664
997
9806
3289
4054
2808
4220
6624
6779
5038
5767
4253
9047
1055
5208
5842
172
5548
1431
4607
9491
8029
8485
1045
9471
8334
3637
575
1643
7090
4268
7418
7956
5398
803
6687
2581
971
8335
1627
1020
6739
6285
8203
7875
5846
8231
7313
1840
1476
7696
804
1864
9765
1168
1765
2562
8782
3534
7747
8974
5009
9017
4032
5804
7803
6756
7796
4348
3218
8332
5479
6281
8966
9308
1465
7233
5131
2686
1395
9824
930
7765
5918
4363
2505
9642
1997
2176
24
240
3973
6303
6618
2294
4887
6400
4175
5259
1669
9631
8662
64
7345
7037
9437
7504
6948
152
6201
5813
8632
6180
9277
6152
5498
7576
9865
9586
2903
4581
7596
2632
7440
8628
1610
6970
816
5876
480
2081
5492
2774
5925
1626
3060
113
2174
3114
4822
3578
540
9413
1345
3654
9296
277
5834
1885
5591
6508
4771
3229
5960
4075
2424
18
5944
3985
8803
8870
5887
8283
9150
2697
3961
9378
7919
9216
9345
4013
7384
6009
785
5781
4921
5134
5599
9967
5416
3300
234
2466
292
7105
7279
3348
8468
8096
8000
51
3429
2402
7839
295
5352
1080
1920
3728
214
7029
7540
3732
7399
7638
3502
8562
9073
8853
759
166
1525
5382
1933
4182
4190
3131
1159
596
1922
3297
3547
8661
3049
363
3878
313
6903
2526
8497
1744
5863
2913
2274
1508
7146
7893
7002
7549
4354
8166
2431
5568
4064
2555
1671
8247
6966
6961
2930
189
1248
463
2307
1611
2138
5394
1606
8472
7967
7460
4692
2988
9049
886
3891
3826
9314
8755
6642
7393
8836
8320
8769
9906
745
121
7050
6029
6873
2445
1962
1139
7833
5661
9803
6989
3684
895
644
4127
2577
3223
442
5645
2918
883
720
9984
1560
5579
6854
9574
1279
7533
4558
2065
9001
6067
1473
2756
671
8907
7943
5568
3364
2823
6137
4165
6530
1793
1117
6466
1816
3040
5636
9413
5162
9477
2077
986
9920
4302
1494
3877
9008
9392
1406
7788
5170
5119
2836
8952
7749
5821
9268
1397
8211
2741
139
8366
8770
5541
8840
8405
2584
8450
2477
8227
9481
4657
547
9831
4725
7418
7406
4870
5726
6487
1346
868
9373
3766
5921
8442
5703
2759
4645
5747
8704
3799
6199
9683
1687
9998
773
8412
66
9646
6774
2530
5591
8954
248
6555
8170
7896
4366
2293
684
9325
4090
9765
763
4564
6032
2709
4801
2363
6420
9696
7471
3501
9181
6299
795
4146
8501
5875
6148
7563
6582
8288
9154
9795
1754
830
586
9287
4410
3159
1193
6290
6816
644
5133
4595
9255
3319
444
810
2795
8423
2730
5425
8367
9316
167
9142
9209
5146
8661
1744
13
7014
2046
4627
7883
7001
905
9148
7263
6627
8801
2760
8387
6849
9111
4881
8676
2360
3511
6619
7718
3347
7046
7097
1777
5221
3941
4790
9495
4108
8821
2966
9429
8898
6700
7705
2491
5001
2125
8855
3974
9444
8269
9918
2180
2887
6285
9257
8491
4146
9252
4232
9923
7665
1601
4944
7291
3008
6453
6849
2557
3088
7851
7570
726
5110
359
6168
740
4522
7609
347
2755
6614
285
1742
1946
7490
9772
1515
3631
2584
7572
5745
9668
7201
6211
4020
9982
4223
2734
7202
3970
6440
5862
1978
2767
7241
7612
4814
6374
4933
2848
9580
4728
770
3027
4046
209
9413
2515
5358
7493
6885
5775
2945
7327
5726
6465
9565
7386
2365
3832
5632
6548
9468
6829
211
5468
7167
5254
5727
8060
5036
8814
7202
2850
6594
2531
7533
4380
3131
9683
1045
885
2507
2740
3004
1998
1688
4523
1352
6177
8091
9871
1956
3893
1863
6478
6176
7762
2385
3904
439
1080
853
8649
3332
9371
7424
9369
9541
6444
4761
6734
1036
8325
2625
1719
9907
4152
7158
7835
9309
5990
1833
6067
8188
525
6781
766
1985
4432
6460
4690
6178
9041
2370
4791
5697
5550
5919
2855
4584
2127
3649
9370
9770
6277
9561
4868
8546
232
4192
3355
3656
9520
6314
1033
6702
7838
6768
4123
6954
6285
9766
6691
3175
9608
1591
3856
5771
4167
5664
9536
6327
2608
5667
5066
3856
3899
2546
3581
969
2553
8700
3228
9711
7180
1433
2870
9267
9719
1722
6635
2940
9519
4483
8577
2922
5289
5089
2742
7135
576
8989
5963
5186
1494
2628
617
5725
3031
9080
1125
8615
4655
6206
3577
2112
9737
3785
7300
8914
2759
4513
9747
5846
5903
7063
4069
8484
2182
8931
6684
7503
3424
4760
4175
1300
1793
4401
8568
784
9184
4129
6017
5582
4378
6266
6252
1773
6167
1547
736
6846
8886
4562
9042
3086
4855
8836
691
9635
6612
5961
91
8106
3120
9888
4472
7240
3584
1003
606
7532
7531
8267
3609
2240
6166
5712
579
6807
66
4519
2800
3976
6554
9057
4638
5462
4653
3546
2918
9493
1462
6497
7476
6170
2187
1932
9602
338
7029
56
3520
632
8596
6593
3091
317
3897
4279
949
7750
9104
2550
8635
2474
5322
8692
8545
9933
682
8093
7107
311
1078
9398
1501
8495
3936
3352
8466
1047
1276
1612
2343
1544
8049
2841
6083
2232
7087
8191
1303
4209
3076
2742
3646
4133
9109
8159
3502
1594
126
2440
6469
7751
9441
6147
6589
3093
6871
5955
3893
1654
3603
218
4266
8899
7908
6866
9810
7087
4909
1434
4645
2604
5452
4124
3299
4443
3123
1129
4222
8627
1915
840
8961
8564
9520
662
6451
1853
4331
8430
3130
3468
6275
8002
254
411
6376
7639
7991
4662
4818
5919
1673
5889
6095
4462
1719
3571
5506
6901
4684
5424
4964
3954
2286
1560
8139
9678
3185
9305
6857
7671
3101
5009
90
1503
8024
9629
8867
4759
3639
9795
1643
750
9719
6611
4365
9970
8773
8189
9916
9852
9076
8973
8714
9164
9093
4266
6958
8672
7052
1342
1946
2607
2414
6275
6531
2143
3540
2961
6280
6756
6821
2047
31
140
8195
1711
9435
3118
4510
5874
5244
2073
1998
5034
8937
8302
8390
9458
975
5520
7685
8603
4790
184
1140
8676
7243
4243
7878
8619
1863
2399
6010
310
9336
4118
4060
480
2670
7910
1229
3045
691
7231
9015
1428
385
5621
2936
2593
8752
8054
9152
1977
3697
1252
2283
5340
5815
2088
2131
2690
9197
5154
3105
5459
172
557
6883
8893
5511
9123
3299
8640
6366
5652
9932
4062
4481
2483
7049
1890
6723
8083
6309
8090
4123
2967
688
233
5839
8755
1293
872
4984
9560
7188
4314
8065
6266
1523
4920
2021
6671
6297
1311
2715
4043
3488
8878
6001
7506
8407
4298
3423
9886
4900
3853
1077
725
1912
5777
8267
399
1473
9939
5164
2507
9117
9398
3161
6487
4008
8124
1515
2121
888
3765
9653
3993
1961
2406
6657
3040
6294
7545
3800
8345
4832
3657
1320
7322
2788
464
343
3911
9870
2797
2861
4664
4323
5045
6261
3909
8850
8247
3038
8843
7062
2987
8098
9616
2635
2714
2121
3565
5978
3207
502
9284
214
3703
8444
1868
6670
7857
7902
5625
4919
4880
4480
7031
8750
2163
9423
6071
9515
6270
6464
195
510
6661
5404
4671
7179
617
9723
8855
701
4080
2280
7162
3944
1760
9170
2011
8217
7367
164
6888
616
4366
7119
1781
5106
485
2044
9548
1445
7218
759
6707
711
9104
7257
9629
2095
6402
9912
5010
5816
5403
4607
3974
6869
227
2242
1206
7462
5552
9442
2640
7141
8224
814
3942
6786
8033
850
2965
3511
3934
6407
8881
7191
542
305
9326
514
1280
7011
3834
8490
8857
4130
4111
8408
9605
5700
2912
7178
8167
7716
3706
1198
5351
2410
9374
4199
3256
8536
9398
7125
6069
8347
1380
4883
2639
5766
1526
775
8155
678
901
1235
1165
5964
2465
7541
4886
7957
6561
6566
916
9918
9613
4706
9253
7659
5469
5736
6802
7453
8242
4355
4729
6758
3605
8417
324
9996
2947
9595
7599
9964
8580
6059
3947
5776
5942
949
2621
6556
6028
2852
1332
8309
8688
7115
9535
940
9992
6326
2995
1594
2898
5085
1663
3250
4017
9293
1783
8496
5418
7390
5469
7324
299
7414
9856
575
7275
4389
8783
6442
3026
1058
7462
9289
5487
511
8427
3261
7853
4429
7154
6710
5160
9774
5398
9148
8310
8208
2660
4748
5750
5835
8239
7448
1130
9921
1037
6242
1208
1302
3370
3309
9298
8832
4852
2325
6287
9541
182
5274
1198
3506
5190
5523
3092
3719
7157
2833
7251
6990
1766
7574
4334
2213
2594
7406
6652
7182
4541
1704
2080
1359
5186
4309
2705
9205
5030
2804
571
5926
9518
4761
8190
1374
1765
3344
4299
5942
2685
1563
6140
5776
9287
2728
3939
1863
6820
1037
1128
8154
9100
2728
9667
6471
9265
8058
6697
8407
2804
2385
6789
8098
6475
8957
202
8965
8235
4775
4513
5744
2003
87
8638
3011
9109
7232
9884
9098
8730
6323
6034
9540
7603
8846
5007
6760
3320
8959
1843
7670
7424
9452
1278
7557
3393
74
5619
1071
715
939
6139
4439
1314
5573
9567
4458
7706
8338
7699
1930
4851
2016
7704
9003
126
5221
1428
816
6843
2619
2376
9116
7956
4565
460
3461
8845
7670
6030
9367
6393
5725
3586
5610
2561
9345
3966
8471
2449
7301
3935
1906
6382
3617
9587
5885
8041
6093
824
3926
3908
45
9216
1524
6668
9727
3154
7616
5092
4484
3809
7811
2889
6390
4391
745
4949
6802
2567
6781
5629
5294
3225
8154
3746
6354
1477
5134
4009
1167
2873
8662
6450
8225
9328
1102
7820
8471
2974
1714
8014
5980
7267
6461
9609
8377
4658
1422
6886
9372
5145
1053
8343
4284
2310
7447
7825
9353
4854
8184
1426
4844
244
4951
9800
9098
5103
2881
6229
2037
3707
3982
8967
2444
3105
5248
3851
7549
7934
830
7495
6664
8012
897
341
6812
577
3691
8754
9564
2484
406
9774
5022
6353
7807
3867
5850
4632
4432
1754
8247
6937
2606
9075
8989
4007
1193
5868
9300
5849
3354
745
6206
2121
2036
771
8967
559
9487
8014
8002
3284
4504
8309
9323
5623
72
2622
2998
9586
4552
7217
3169
1415
3565
298
2994
4564
8471
3338
7118
6759
2598
6030
7496
2688
8746
3837
9249
1686
4024
8799
5386
5171
2744
6362
8266
853
5381
3698
2786
2335
537
2925
5181
1161
565
5248
7379
1915
1164
7877
9070
1207
4887
9183
6179
9603
5116
1099
4933
5842
5702
845
2312
5710
1935
9862
7233
5044
6816
1289
7686
3616
1750
676
3000
9140
1079
310
4447
2093
1830
7704
1230
5562
3394
2947
9327
6372
3726
2987
2111
6609
6580
482
186
859
3995
7305
3696
5560
8959
2292
1964
6897
6819
6245
8429
2933
2079
4553
2379
3453
2756
1016
9193
4176
6741
6495
5448
5382
6111
4464
971
6362
834
385
7648
3983
4708
6118
1269
4257
9200
2679
6409
724
1655
1498
5641
854
9223
4613
831
7028
4939
708
578
8021
9787
8955
8237
9822
3755
6480
5514
376
3899
8582
4875
304
6175
2475
6665
1108
7658
7290
7024
4926
7118
7165
3160
2040
157
7143
9734
7024
2493
6607
1319
6558
8159
8036
4680
4677
7757
776
1215
6253
2065
8579
81
2674
2426
9794
9027
6751
9300
8726
9995
877
8342
5440
6546
2856
9172
6072
6695
243
3454
5103
1690
997
3107
6721
8129
5775
6781
4436
873
6591
4348
5083
2674
1989
1220
6991
442
9825
7271
8304
404
2022
6049
6478
1124
2129
1922
2997
7917
9728
3097
2809
5271
6654
837
782
5591
8425
6902
6961
8355
7243
1566
8676
7464
6397
2430
5916
7569
282
7642
3456
3295
2014
4133
9126
1582
9164
9955
6446
183
948
664
6486
5394
7457
6656
1114
3087
3066
4173
5337
5742
8230
760
1048
2834
4664
1056
7174
860
1934
7488
2119
5026
9839
2435
9154
4051
9183
1189
903
2478
114
1626
8592
1920
9338
1600
4311
6806
9596
1854
7529
6000
7561
3514
8624
803
2412
6791
9789
6919
1599
8671
3043
4369
2984
9997
1604
1035
2804
2216
4970
6807
4060
8372
5529
1454
7797
1822
9691
6591
1445
3021
8407
4502
4755
798
7188
8781
8938
3518
9065
6169
4022
8505
1978
7852
7157
3938
327
9938
3870
4412
476
799
4623
9300
8683
8485
9826
9307
1135
5829
67
1218
8359
5622
6150
2804
6123
4003
5897
8561
6938
9665
2928
5812
4995
7418
1474
8276
9483
6106
3392
7334
9334
4159
753
632
4933
1141
2241
767
3473
552
7710
7565
2963
9846
7977
7638
609
3326
7845
7970
7338
934
1871
4844
6257
3744
9552
7946
6735
7635
1185
7155
4959
7728
4172
9040
9497
8622
2344
7934
8344
495
5181
6844
6630
7729
9823
1571
2330
2530
4854
6096
6637
4189
7309
6819
9705
1388
6425
8987
7428
5616
9214
216
8774
3163
5428
982
66
278
3105
5926
5893
2184
1870
7751
5792
7448
3811
699
3513
5316
7544
2786
6307
541
1203
1562
9962
8015
3331
6183
3824
5440
5285
8082
6009
67
2626
4833
4982
459
1462
7490
9481
1500
5006
9125
6494
5871
8626
7629
1569
4852
4959
6686
3001
9514
6708
3515
4161
3940
928
5950
8089
4034
4658
3372
5473
1455
1752
9867
1141
2372
3049
3571
2006
1275
6347
5862
9698
5943
8899
1127
9132
4226
5559
8321
4985
5928
205
8896
3430
38
4018
9754
9764
3823
8988
4705
1139
6135
6020
8886
1053
7355
8601
1012
7344
8490
230
5221
1702
481
994
3499
4676
6527
3182
6030
7732
8600
9592
8943
196
4318
7764
7641
2516
7982
456
2595
7388
9162
7871
3438
8160
107
2569
9947
9207
6635
4603
1972
4575
8858
2371
8635
3948
1245
7472
1147
4801
9807
89
7000
7681
7582
970
4317
3955
1159
4299
6570
5249
8604
4519
9423
3086
1546
7717
1714
299
6344
9019
1847
8856
5907
4793
2551
6285
8290
604
3446
9354
3993
4875
1387
3060
6645
3639
8872
6092
9034
5707
730
26
6199
4843
3612
3263
5195
4101
1820
2671
3037
5320
7380
8407
6087
2822
407
9564
4837
2789
6523
6070
6685
7621
293
9534
9727
5828
401
8586
5345
4512
9773
9456
2427
1288
4297
7916
5755
3839
275
729
4944
5271
158
5000
6672
5832
1149
3670
6678
5546
5547
6257
3449
4500
3932
4611
3252
6375
5826
3685
1530
8774
8473
6941
7777
3029
2229
1972
6635
5331
2330
2022
8781
295
8984
4119
1674
4036
5174
5696
4080
5760
8209
2563
5074
6271
1510
723
2084
1422
8874
2798
3289
2138
4316
4806
3892
9780
6129
8238
2515
3071
4378
1669
4035
4582
8700
5958
4683
9608
362
4536
5611
9725
6932
9558
6470
2105
9188
7237
9769
7381
4896
7950
5825
9220
165
5418
4562
3572
8193
4591
5670
4769
3284
173
9269
9303
3798
4115
8465
8101
137
7605
2327
9431
6807
6936
2924
3490
7953
117
4237
1992
5197
4966
8318
6419
2173
4187
2069
3318
4182
2271
1643
1016
2064
8584
589
3592
4898
7161
2391
5244
4005
9472
3470
5595
9174
948
8073
2199
3940
2806
9257
8363
9235
4562
9939
3221
718
5780
799
6055
9971
9956
458
3549
8875
7974
9259
9687
2122
4087
5980
1640
3212
1328
5749
3780
2632
8395
1676
2440
749
5439
6551
5489
4252
9623
5101
9872
7243
702
352
8008
7026
7204
2622
5718
9137
9305
726
6426
1232
9595
8590
3561
5779
3592
5363
1031
2592
4571
6042
7178
5269
2906
1724
2570
5599
7329
5758
8415
4959
8100
3146
646
6327
7891
2045
5982
9410
8127
3858
7761
4166
667
8379
5083
7220
2632
1257
2289
1160
7646
130
7586
7375
8894
5034
802
5607
9250
7036
146
3300
4827
7844
7690
215
4180
8751
9518
4890
2469
4415
558
4427
3221
7004
3236
2390
486
6655
302
8620
2131
2703
8541
5529
6957
8606
49
7308
6536
3695
1562
5850
1910
1784
4782
172
1005
8333
2222
77
1952
6271
9095
53
2093
8986
5578
4832
9206
969
5531
1025
9768
5104
2384
6210
5022
4294
5773
606
3501
1702
7747
8498
8563
9205
9102
5047
6137
4843
8810
680
8723
3977
9238
1292
7815
8189
4702
9508
5968
3825
8501
5994
6127
8318
342
7817
3618
4290
8977
3061
495
2780
9847
6667
7511
8213
4912
4848
9115
3931
1349
6196
8655
5784
90
5614
3136
2462
5310
2264
3819
3587
4499
9298
5819
1463
3410
9881
2353
2904
2449
5289
244
6663
6639
736
4198
4297
1210
9905
9225
5815
8466
7729
1525
769
4903
1899
7661
6329
5009
5541
7936
3728
1915
8637
7606
8476
809
6259
3061
3792
9307
7030
1167
7731
6781
2660
6922
4455
5156
8295
6537
3296
8055
3730
8762
4115
3710
3884
3497
3589
7137
5583
6448
5602
9357
2213
8430
2038
557
2636
8161
9524
8669
5058
7473
4808
5801
685
5704
4757
5794
4485
9782
7375
6085
4532
8851
8016
9180
1107
3868
1356
442
32
5174
9399
7189
2736
5584
1115
4542
1199
8422
7224
7825
3483
9854
7903
9838
755
8859
7098
8392
1495
8073
8474
4324
7965
6562
604
8329
2701
5366
3778
3900
640
8474
8247
5803
8177
8312
2952
8985
672
4526
8746
6363
5664
3862
713
1509
8065
8314
939
1242
4897
5754
369
8699
1579
2680
4639
6563
7505
166
3923
3104
241
6742
9280
8346
3898
7969
4597
7694
1968
3211
9934
7912
3456
588
3520
3211
4407
3281
50
1535
8319
4548
1316
1113
1889
769
1779
5730
4372
4433
6345
258
9729
2758
1177
9039
6718
4573
8713
7942
1273
2740
9614
4239
9619
2438
5726
4604
6040
4862
4933
7176
3807
3401
1794
6367
7448
2746
4696
1282
3979
4911
9499
4518
9874
7026
8530
5394
1538
5084
6684
5724
1907
2279
2871
4424
321
3069
6329
1403
7525
2470
6147
6731
8864
5874
2049
9651
2489
9316
6959
7620
6195
1691
6520
5533
6347
5082
5341
5908
8817
2413
7628
621
1001
1277
7058
2478
8989
2995
5060
4771
7036
9600
3427
883
1034
1464
7489
2497
2187
1974
7441
4755
875
125
2597
9468
9421
3636
5564
198
4917
1033
8346
8360
172
2512
3479
200
3112
866
984
2441
9595
1495
7564
5046
5594
4841
7225
2385
755
6709
5840
4023
5262
5474
3465
8430
7266
4255
1989
1646
8479
9494
7353
4544
3213
440
1748
7846
4164
3472
6263
683
7667
8149
3227
8822
3006
3603
7553
3164
8971
13
9510
2820
8961
6077
1884
8535
7295
6096
672
8295
620
9106
9320
9813
1279
8954
3942
4829
5971
2380
2879
2813
3997
8352
6209
4423
4837
5263
7534
204
789
3353
5544
6466
4589
6855
3291
6083
6423
2191
804
1932
4508
5860
7547
9661
454
8971
6920
3186
3829
235
7738
9515
3827
2494
3249
3604
6911
6152
3442
6856
7676
933
6196
7336
3495
104
9968
661
6630
9784
7261
1888
5632
3734
1338
3988
6892
1279
8772
1482
9963
1889
238
4569
2297
7767
9018
9465
504
8809
6554
7018
7118
3752
2188
7674
6530
8422
5812
5477
9027
6569
9891
4405
5210
3382
9859
9362
6409
6427
9873
3928
4639
6808
7426
6884
8067
7620
7862
2962
3041
5585
2899
6673
9125
1500
1479
8232
3069
3963
7161
7884
8661
3811
6063
2671
3492
8872
6736
4834
134
9430
9522
6462
1870
4535
550
1022
8964
3074
9862
9211
7697
4995
3214
9742
250
4819
4809
9430
4714
8382
3658
8742
1571
8209
297
3844
1540
9406
6413
9083
852
4355
5322
5937
4622
9474
643
1616
4427
1685
3889
7252
6042
5520
5915
7368
3812
2149
9013
3880
8285
128
4939
1105
2422
6231
6764
240
2350
3655
5891
7653
2007
9508
5176
663
2170
5159
1285
2614
9064
3588
9240
3111
7461
3240
1404
4753
644
1023
2751
6612
5785
6819
9557
3804
1394
1107
7218
2147
2494
1036
8129
1082
7105
6413
4052
1348
2863
7676
6367
3025
8462
1427
100
9686
4821
3077
7717
7121
7942
2107
1695
9101
7820
7001
3977
8647
6100
3821
631
3821
5407
6675
94
514
4656
282
6159
3360
2725
139
5324
1027
6642
2998
9022
4218
7853
1479
1761
3571
1923
5006
345
731
2477
7735
4889
9910
2261
5715
2215
4639
6542
6860
88
6590
5589
59
6427
7270
5698
2420
4274
6896
5869
5378
2423
1055
8201
653
1122
8091
9113
1485
305
434
5172
5619
2256
8109
4292
7846
1536
82
7532
5613
2092
5921
9926
8683
6320
4123
146
9746
8717
1971
7133
4990
3338
7107
260
8334
4662
1193
1227
9303
6970
7326
4931
5534
7926
166
6276
9095
4949
4014
3731
7347
7734
2652
9120
7713
9851
7856
4703
8532
76
1567
5156
5542
36
2221
9166
6204
2683
9776
5843
9692
2945
1407
7257
8001
1609
8910
1712
1550
2856
2541
9111
9390
573
5730
3532
2542
6592
8000
7153
1023
2679
984
2425
3395
4654
3868
986
4765
3350
3161
4667
7068
6573
9207
3671
7821
1215
9502
1778
9436
1181
1372
7525
5386
1168
9836
9724
88
3771
5308
2215
4347
6056
2399
4003
7853
4765
2981
602
6996
8091
6116
6809
9928
7428
1352
1740
336
7247
8656
1105
8425
7899
562
7633
2060
9818
3874
411
6745
9093
931
6870
468
5366
5616
3067
5486
8418
4201
2724
2073
4358
419
7166
6432
9370
2157
4984
4870
2357
4659
5961
1875
905
1971
3215
3500
3664
1530
4778
3305
7405
6267
7481
7096
7698
3428
3682
2854
2961
8910
406
6887
344
9651
3769
9731
7255
8595
5841
5503
1005
7690
7884
5104
4946
6031
6243
6019
5622
8340
715
1449
6883
1957
1989
1917
4899
2772
7970
3333
5622
4002
8024
2788
4706
5161
2750
1587
820
3924
5985
5610
488
4929
5101
4966
4657
1605
7272
9600
1660
1959
3804
8507
72
4866
3680
9177
3395
3611
7014
3853
763
6756
1892
5185
8005
4867
6142
1022
1503
5043
9267
3874
4466
5438
7865
2886
7364
6861
9787
8163
3659
1072
152
3567
4793
1267
1596
6966
2401
5296
9393
8953
8086
6647
3029
9321
2339
3173
7326
3226
5713
3280
7925
2307
1368
7972
784
1778
7173
944
7481
4312
310
1425
595
6276
7282
9945
8139
6815
179
9856
3810
4364
1239
4108
4876
5706
8515
6006
7050
609
1282
1458
6368
8002
3238
7325
9247
4725
217
9686
7285
3831
4116
324
2477
6900
3246
6735
4904
7135
6252
4693
9897
3302
3032
3934
2503
3210
2421
9664
6604
7451
8327
7274
8951
2259
8941
7126
5135
288
1802
3
1072
7874
7022
8965
1562
5776
8027
9258
7585
4004
7436
4747
278
5912
9168
3937
6809
5320
9314
6792
9270
6032
5833
5544
4844
7675
5861
9181
5028
3198
6742
6440
472
9515
4660
7090
1919
13
6125
7142
9345
3140
2141
7457
8576
1461
3304
8871
3630
4470
3940
3179
3025
6352
237
6115
238
5001
2554
6178
743
2093
4374
5532
9471
495
1777
9072
2258
7219
5970
6048
2928
7084
7184
8728
2281
4682
4157
4966
135
2677
550
7060
1013
4535
758
1169
6381
9481
5610
9813
6339
7991
1597
2183
9576
1143
858
768
1309
1137
4006
8830
7142
5125
9794
7312
4744
784
2702
8584
4487
1766
1108
5571
2228
6370
9607
8032
4123
6175
6770
5344
3203
2300
3227
5681
2558
8935
8605
8213
7365
1396
5417
1425
219
5466
7569
493
4723
2924
8345
5166
5139
8469
9981
6891
5914
9964
1402
5831
2245
3944
1943
3503
9560
619
1735
6531
8812
6967
9350
9453
4980
2298
4445
3185
7156
3064
6404
8950
2863
1916
1475
759
5655
8735
3869
4468
8545
8431
5950
7698
7713
3521
5611
3789
5908
5384
8699
1053
4603
2474
3491
3913
4853
2225
2809
4319
7998
1405
8412
7342
5066
2154
9317
4631
1585
1189
550
5431
2917
2630
6797
1297
9854
6144
2364
1662
676
5567
2635
184
8027
8801
164
6804
2104
3722
8164
785
8508
5514
3406
7615
2334
9447
2070
9888
8862
9853
6514
2559
885
8472
7041
5840
2090
4944
4899
2672
1761
1660
1414
8282
5227
5925
9813
8666
5811
9638
1048
1825
3041
3995
4416
4024
9889
9042
5614
7739
3407
8136
9998
5284
8757
6755
8976
5506
6949
7608
8368
2967
1860
553
3119
6497
7475
6974
6290
4852
8557
5187
1861
5589
5845
9417
7718
1447
9740
6635
6411
1734
6929
7574
3528
1876
9048
4470
3729
5259
2701
3056
759
3732
1622
3036
9030
940
6801
3097
1971
2546
8066
212
3388
974
6919
5493
7712
7577
1600
9069
4913
9625
8615
8391
7159
6513
1664
9264
5661
3820
7813
6969
8437
3608
1455
4943
8768
2782
4768
7970
1609
3818
6436
8093
785
556
8005
9090
8555
5719
2680
462
8102
8565
6321
1139
837
20
9371
8005
6705
6426
2062
1862
4463
7569
8232
6855
1371
9279
4844
6342
8792
422
1448
8374
5488
2745
2202
5460
8985
8015
2772
6258
77
2407
1477
6696
49
4467
7531
8268
671
2209
4630
9985
2238
103
8303
7585
871
5509
5433
5745
5327
9360
4164
5670
5810
1028
5563
3467
197
6169
7678
1531
4846
5776
4048
6457
9306
3728
8798
8942
2785
3717
2751
2746
6062
7274
7912
4936
1926
2207
6301
950
2160
3621
2606
3565
7758
2491
6314
1903
5668
902
7585
1856
282
9778
5226
965
6125
9084
8799
402
9160
5849
9687
5751
9445
3260
3634
5301
1173
6883
7824
7397
6916
2107
7720
4110
8681
4942
7041
8392
7163
4206
991
2353
3368
5881
3136
8249
6453
9442
2774
1194
1085
1593
950
437
4001
5655
6858
7699
4791
8069
3098
6735
6915
4602
9480
2958
6117
9127
4268
8457
8003
1268
9956
6997
2815
3291
6348
2991
2061
3610
2390
7075
147
6599
3750
9883
4242
6199
8474
7244
145
2811
1432
3635
4402
1825
7624
755
3290
1157
8432
8785
3337
142
6468
7514
6190
9433
7550
7324
3086
5268
9700
3525
4636
5513
9491
4871
5756
9472
3966
9709
6452
9019
993
4205
9934
6518
2978
3712
8592
1957
2600
7197
735
9219
5049
5614
4906
8498
9086
5080
5342
2565
9600
7027
7905
3838
2592
3400
3579
6752
1502
8326
681
7863
3588
61
4646
5959
9448
9666
2704
9315
8431
1797
6082
4169
4464
437
606
2118
1217
7827
8464
9844
365
515
6308
7506
3858
5578
5128
8924
5329
4399
9083
4940
1894
1397
855
3311
3262
448
9049
5216
7388
3453
9071
129
6245
4173
1018
9740
4952
1023
4190
6390
2105
7855
6998
90
2486
3584
5596
1400
44
4952
7240
5848
5756
7622
514
837
9630
3636
269
9053
3755
2337
9740
6737
6351
1604
2840
1378
4692
9262
2838
251
6146
5078
2268
4311
8510
2960
9835
6493
9547
9873
3573
8990
1779
8876
6267
2936
6476
7070
8526
5925
7109
6307
5728
3043
9608
9665
3911
3122
3343
8424
4099
1173
6773
6272
5673
3405
3829
7837
8280
3141
7162
1351
1012
1379
7966
1785
1755
9858
7831
7895
7958
8960
8569
5634
7540
1283
1714
5614
7649
3909
408
4475
9527
9380
7777
1137
9523
2763
449
708
9015
7919
5939
9508
7817
7177
3557
8231
5846
7050
854
8526
9172
3579
2184
5827
3326
2555
9502
4090
1197
7792
4058
8240
9626
9519
3454
6616
5019
4010
1104
7888
9092
3411
9716
8049
1494
7209
7555
1152
7949
730
8679
1751
9930
3293
3014
347
9286
1152
6079
136
1954
92
5284
3923
4554
874
5314
374
935
2831
7256
1567
3366
8676
1872
6459
7953
167
7070
5258
7423
5113
7236
6049
5588
9425
9557
5912
5303
7506
8832
9557
5655
2541
7121
2739
3310
6318
6503
8037
7916
5170
2992
9191
9075
7328
7562
8990
3362
8088
1673
9390
7417
6748
1907
1214
136
7436
4900
8383
1376
8080
3579
5016
128
2615
5907
5008
2932
4107
4016
8541
2050
2520
7944
532
1696
9936
4165
7354
4300
5678
5505
3325
7174
1528
6239
5284
2817
8084
4970
3289
1330
9336
8147
4270
4068
7366
1890
6627
2785
4170
3262
7856
6772
3661
4455
20
9743
8366
6485
6805
57
6268
3206
4584
5581
2631
6417
7679
808
3282
2623
1228
4427
2245
1941
5174
2347
3593
8376
3712
4129
7985
4744
4706
4323
5929
9942
5810
1822
1177
3221
5101
9251
7052
3899
4674
7377
8966
9508
6784
2190
2936
4238
2130
2147
848
393
9145
1365
81
1102
6160
4372
1667
5248
4475
132
2322
9127
4030
5284
4950
9856
4792
3778
4105
3927
62
6704
7286
2087
2728
5318
4134
4579
2985
8435
3317
6526
9007
1869
4449
4540
9599
1332
419
4572
6484
1748
1569
9919
7832
94
9086
9912
854
6476
8191
1805
8897
3762
8645
4969
8381
8913
4991
8936
4954
6278
3965
6044
5400
2087
7073
5400
1514
8098
406
951
9140
5765
7219
9103
6343
3555
5209
2432
4507
6584
6238
4042
5720
6101
2942
6168
1646
3066
9673
6420
9655
447
757
9635
8189
4043
4442
3536
6583
1847
2881
7388
6241
2825
2369
5450
2974
7785
1475
9583
9089
854
2367
42
4233
1493
891
8486
7417
6021
1103
6417
6224
4321
8565
545
4058
9276
1390
9657
4000
9903
4094
6191
6666
9867
8777
5542
1603
1593
3228
4350
549
4513
9082
8325
289
9353
1133
6828
4466
1683
274
6555
1927
6655
2636
364
494
1943
5052
9098
9964
2424
9942
7455
1152
4037
8018
5846
4710
4878
1530
7990
6180
8805
4108
9143
6320
3659
7549
1039
9232
1042
6989
8513
6543
9756
3046
45
7300
7172
1387
5388
1768
2206
8122
2452
4677
3799
3875
453
9062
7419
1713
1496
4661
4941
470
5387
6689
1139
6190
1960
6120
5208
927
3918
7321
4133
3189
3604
7508
8464
7263
3992
5214
4372
2858
4539
210
9223
7389
8373
2309
3440
2592
4026
3888
5982
7094
172
9787
3489
9244
1548
4740
5153
3483
7092
7389
5619
5376
4590
8987
4749
9989
8206
7376
3453
7382
1238
1943
8943
2964
1674
9480
546
7228
6586
4043
4326
6522
8280
3277
6634
8821
3626
7385
430
355
5000
1473
7071
5190
7372
5296
4863
3416
3426
4410
2057
5225
5965
2617
201
1879
2357
1628
955
3027
2450
9362
9084
5426
4970
3828
2784
8525
2694
890
1643
1701
3636
3096
2854
2649
5674
3143
2806
7859
4011
8787
6492
4675
6835
3054
1210
6376
890
5547
2274
9454
2440
1974
3559
8431
4036
9766
7688
972
768
9209
8015
3054
4340
5239
8902
9211
9461
4007
5207
9056
818
2805
2994
7110
9262
9379
38
2560
4649
1156
725
2126
9832
3330
5276
3350
6383
2097
6255
5008
3146
1825
6985
384
2155
5660
8146
3694
1695
8061
2635
5671
6769
8024
5328
8785
5499
8905
9430
9075
4917
1989
4288
8367
9012
4271
7486
7408
9523
4516
4184
5195
8189
2291
1125
5892
6261
6313
1146
7301
9721
8514
6054
2072
4386
9563
7035
2409
4393
8175
761
4046
7397
4776
8523
2144
8133
1842
9798
7607
4109
2736
4792
7872
4782
1361
9207
149
3097
926
8013
8034
2182
365
9841
4285
4353
3282
6308
2240
8437
1693
5528
8551
2709
357
2338
2596
8830
5429
7432
6933
5591
1614
5805
5464
7019
7280
7358
3180
2914
1328
3007
4253
6622
3814
982
2439
2132
2572
6840
6250
2480
9919
819
4020
8552
5117
6138
4880
5917
7918
5526
7740
8685
6461
4636
1983
1319
141
4464
5799
1476
2111
7475
4853
826
405
4210
3801
1861
4641
4267
9358
1303
9059
2424
8434
4739
2972
1844
1651
5406
4620
8661
4323
811
5255
3455
8051
5273
7856
39
3174
1747
5373
4210
3622
9619
314
9780
4082
4626
5696
9457
4173
1639
7455
1012
5975
9922
7073
879
940
3736
5260
7667
1654
1530
2728
2378
6076
600
1517
2465
9712
1604
1449
5543
3018
9623
5146
3046
8231
8089
5695
8828
3606
2621
3805
346
383
7859
4815
9231
1414
2444
7264
4619
1226
748
9095
297
847
9164
5768
3462
5881
2077
1806
7096
6814
7501
3680
5377
2622
6282
2939
9870
3035
4963
8609
3004
4580
5196
4985
3904
8774
9863
9302
7500
4752
2164
3701
9748
8268
225
2332
4440
7195
741
9656
7320
6022
1636
1887
8992
1758
5358
2619
7976
8205
2631
3399
5113
2668
5879
2951
9997
164
6547
8171
1398
7009
1196
2756
6170
9843
93
3470
8540
2710
3588
5928
9402
6053
5747
8533
150
2318
732
4163
1977
366
9043
1798
5310
4801
2431
6675
5269
173
963
8408
9269
6950
8637
8944
4560
4551
8144
8564
4896
4108
8958
9859
8706
9344
3318
7797
6987
7188
5731
4191
5082
4397
2105
5341
7855
3618
4715
4200
5020
4473
6747
6499
21
4040
3591
5297
8308
894
7414
5346
520
2334
474
5782
2679
872
710
9548
5232
8645
2074
7607
9871
6806
5832
1804
7962
9458
689
2976
3593
7746
6693
6279
8239
5192
5808
3618
6678
5212
6772
2188
3801
8029
8253
8052
1542
1504
4380
9226
3199
5435
3352
3108
4550
7346
4079
1828
8252
6120
7068
1479
7766
5705
9672
5048
1953
7531
7246
2174
5688
9760
9420
9949
4127
2211
9693
4583
7674
4279
8501
2
7404
2878
9157
3841
1380
8431
2218
9116
595
460
7972
7141
4005
4292
2952
9900
8336
2015
2500
1887
3968
4784
6284
383
6482
3392
7817
4480
8927
8120
2525
4382
5808
9072
1482
6409
9298
2394
4872
2775
4930
7913
4813
6550
5473
2641
3944
5390
5826
282
9521
4066
9973
4134
2316
9639
7526
7824
5519
6004
6078
9821
3018
2373
4727
5591
2024
1263
7835
2719
3652
4512
1083
5936
7517
4051
2676
3518
5045
2909
7112
7492
3546
3369
9758
6321
4932
8106
9579
2315
3692
3108
6508
8701
2846
7439
4436
7907
4190
6114
9319
276
5060
1889
6855
6362
8528
4725
8620
6806
3453
6696
483
5414
4268
582
3557
471
8364
5984
7424
1850
7035
7556
1248
1666
8756
5466
6828
942
7072
4359
6977
7043
7250
5960
9123
7120
1132
7262
5928
8517
1720
6976
26
3254
1460
2398
341
8223
5282
3454
919
5544
4025
8405
7458
4607
5303
7241
5081
2774
1759
653
9808
4275
4905
2383
2775
3678
1174
7817
8557
8852
6296
5898
3754
8971
8002
8222
5858
1107
4220
8627
2788
5100
7925
2225
15
5138
8640
4740
6025
6723
3779
3944
1794
8414
7408
3246
5100
9591
7705
3281
7122
7118
2770
2961
475
9942
6627
7962
4510
7546
4197
3182
9259
8240
8900
4879
5968
5148
2918
4871
5901
7581
8024
6510
7545
7365
1770
4757
5650
5608
6551
9552
1454
3430
9473
6279
8104
7513
3991
8431
3080
6854
3859
7492
4070
1152
3724
2849
8394
8539
1307
1519
656
9616
9008
7977
2719
6680
1285
5240
7631
5658
1343
4838
9793
1396
7872
9838
4743
3956
1512
4392
250
1553
8228
6993
2892
9913
8685
8210
2085
6417
4832
1061
9787
902
342
1322
8166
4097
4785
659
3092
5298
7197
345
3281
7241
7840
54
9874
1686
6372
8971
1368
7465
475
8218
7298
4036
3573
8956
7879
2066
3299
4929
9565
5425
7196
2691
4188
4766
7500
7920
8774
390
981
2976
9060
8321
669
4641
1041
7988
5940
8698
4903
463
9761
9728
4363
7635
4842
2568
8666
1941
7618
1794
3282
9309
631
6969
1135
7650
6248
1182
3175
5723
8776
5237
9705
7894
9927
8677
7036
8236
2484
6833
6455
7579
278
3969
9930
7641
9030
2692
7553
5636
4337
452
7261
7413
3307
8278
1374
5402
6330
495
9099
7265
3335
18
6894
4320
7395
2015
6372
7466
4664
4289
9841
7940
5395
357
8088
2041
4065
8947
3433
2213
5417
7843
7050
6375
5943
9139
94
9005
7048
8301
8824
313
418
563
938
3844
8003
2821
9580
3543
7743
8066
1399
8858
6437
8573
5646
4806
5347
1352
9092
4354
6081
9822
4350
679
6233
1493
5163
3914
8379
7222
3503
3993
1218
9728
2866
3167
860
2525
2558
4383
1639
3967
9190
3170
7674
922
8488
8405
9588
6549
6533
402
1667
6133
5900
9160
6971
2891
5320
2736
3615
457
3713
6190
5052
8543
588
8062
7685
2250
1778
1339
7690
2322
7993
2554
8803
3461
320
4544
4112
2480
3670
2394
858
8408
5935
5159
6260
7175
5013
7614
1319
4592
1684
7367
7835
1873
3292
5433
9111
4849
9716
1270
3081
7158
4517
8922
4007
2348
3211
5825
4431
44
676
4025
3568
2748
884
5993
2434
1411
9686
227
2721
5152
6733
576
862
5421
9283
7780
7476
1451
4893
4494
447
5642
5682
4649
5127
5665
7893
1784
3791
7985
9594
2314
5337
555
7317
4332
2450
1098
5579
7590
3875
2566
5896
2236
7655
8393
4305
8059
9126
3595
9661
3599
4779
7811
5860
2248
5828
5691
460
4854
493
4374
4575
9200
522
6783
8734
1158
7051
5544
3164
3230
2572
6387
1767
7662
4177
1656
7697
6506
5208
9642
249
6405
3979
9414
2684
4732
4057
6702
149
8078
2168
7485
4218
8241
7742
834
7556
1231
4215
9157
5156
7458
6399
56
5302
5818
1700
2885
4077
4549
9138
323
8120
1381
9231
2111
6893
4842
1486
3191
49
4335
4954
3826
7308
4451
1714
3128
7575
4517
9548
1276
5096
8008
9489
6748
4212
9848
5312
9156
5427
7588
368
4696
1583
5448
8344
999
3526
6314
8174
3015
7097
7089
8152
8865
7926
8826
5831
7169
431
7499
4520
812
9846
5485
1586
8657
6949
503
5133
8608
1602
1807
5399
4789
77
518
5920
3016
6399
2764
1893
1350
3789
1941
9309
8717
5587
6294
3448
5357
9356
6874
9365
6968
6048
7767
4741
92
5107
4008
7684
3407
7842
3865
5106
9240
8672
4179
7917
3161
5547
6806
527
9979
654
9785
4392
2446
5475
4499
3178
5779
441
4314
9282
8722
4115
634
3922
3982
1071
2589
3412
6923
1366
8017
5841
9755
4464
4342
5405
7772
4044
3831
1634
5836
8070
8008
3771
534
7379
5645
1324
86
7189
8444
5014
6098
9712
557
4888
972
6369
7106
1288
6922
383
6802
329
4632
3036
779
9557
9239
5048
2630
4591
197
7933
988
1332
6981
6323
9240
3413
261
249
7447
3065
377
5127
7287
4860
8410
9645
2245
1481
6152
958
1954
8011
4150
7786
4056
8429
1099
4400
4334
1191
8908
4458
1390
8196
9193
4616
9727
2723
6526
6796
4451
3818
9273
4375
6350
839
4674
7192
637
8305
9671
3227
9410
6101
1306
6540
4920
8505
7604
4051
2792
7953
655
7847
62
9011
6101
7214
6590
5294
5090
6613
9121
7347
6081
1225
4164
5979
9339
7818
748
3396
3165
8207
9689
4458
6661
5528
7439
1765
9899
2156
7524
7411
4594
8603
6712
9194
3085
9321
6709
3260
7055
7625
1546
1057
8248
535
2076
5449
964
8528
5885
3732
6214
2815
8494
3558
125
3074
3992
1252
4578
4444
2513
5925
1728
4873
2077
6515
2208
5230
7967
2582
3840
8591
1302
8317
8707
5703
4726
7443
7586
4179
158
8399
7842
8859
3064
3222
669
4942
8539
2703
6472
2215
9915
2540
3344
9427
3522
5443
3982
6835
2187
1280
3622
3368
4979
3613
8112
1466
1034
4134
4975
9313
2289
1755
897
1577
2505
5975
7611
1752
7190
6106
7077
3228
873
9556
9658
1889
9665
8183
4601
1404
431
9706
9034
7783
5362
8172
8633
3787
7550
4677
6423
7962
2354
1246
123
5011
9466
4422
2821
6345
2224
6665
7266
7878
6497
1119
5191
6304
3844
1638
6477
6721
2289
5908
1470
7707
8975
9727
225
1525
3135
2863
9742
7267
2776
9551
1121
6261
3960
4658
1772
9122
2237
3265
614
2319
8093
7207
5290
1087
3865
1292
1728
6371
5635
4121
8360
637
3956
8072
6511
56
174
327
6848
3028
9930
2914
4755
2996
3215
7041
6260
9243
5646
7553
2333
736
1189
9052
3709
8419
4180
1334
2547
1017
655
9939
6739
789
3280
7554
6238
7577
1089
5362
8399
7357
5061
124
9031
2106
5173
3647
955
2114
3133
5113
4611
1433
5915
6249
3662
330
1805
4151
7325
5209
7016
7627
9463
9119
4132
5649
8042
4897
6421
3428
4256
595
2308
1266
3501
2507
4459
6718
7438
7622
5300
8175
5051
3384
7504
5972
481
1019
8933
1118
6220
3159
3027
107
6709
3581
3345
4178
2703
2516
1681
4075
8792
4206
7422
1582
2592
4036
5550
8440
2348
6486
2516
117
7407
3145
4600
5818
5438
8410
4884
7314
9826
2276
5862
7614
7131
4300
76
7365
3923
3034
2381
6270
6678
1476
6739
8252
2988
9718
7801
6807
2739
3296
4622
1610
8836
7674
689
1672
2528
7464
7051
5082
4976
6043
4243
341
9473
168
6362
4402
6338
25
3276
9826
250
4610
7880
3105
1950
8015
3011
3828
2213
248
3956
8089
1615
4650
1944
2184
4325
9282
3117
75
7225
8387
1718
877
7298
7287
7836
6302
7385
579
9590
6163
1538
1801
6862
5750
2800
9688
5758
9286
3628
9870
2632
5391
697
3286
4933
7461
2007
5285
9094
1425
4967
4580
2182
2822
4818
3933
4270
6950
4929
5279
9683
3481
5339
3247
4731
2752
258
5650
9660
2929
7613
4686
6174
6020
5749
4210
2777
2417
8486
4781
8515
5205
780
5712
2392
3307
1777
466
3822
9828
7083
9198
8654
1616
591
4760
4025
5353
6680
1588
8098
7771
2925
4760
6143
3021
2202
1726
5451
6961
5136
5688
6563
5270
1355
9591
65
7974
516
963
1753
2605
5154
7497
9110
6797
5145
3887
7184
9830
1879
7078
2066
4593
588
8065
5177
5198
4902
891
970
5897
8285
9816
8664
414
1618
9544
9958
5533
9601
2249
470
2527
1639
5206
9727
9673
643
3907
5144
7269
6975
1141
5459
6877
2981
9620
9957
9705
1438
2482
8678
8070
1186
9864
3011
8459
7099
7347
7802
4289
663
3398
7644
2013
9781
5345
7750
3242
1229
5261
554
8899
3404
1676
5285
9901
5355
5907
2247
8065
4519
8815
371
8017
4358
9625
3339
6259
9616
5194
2969
7049
4877
3616
2257
5138
9419
8507
1882
4532
5653
828
3256
3705
9572
9327
4623
622
2931
2159
2479
5199
9515
8807
6479
3699
698
8938
5839
5187
3455
830
2229
7423
1686
7428
6287
9419
1971
1006
4450
9817
9001
8279
2048
9858
8067
151
651
3301
320
2356
6774
7989
9595
2923
2155
840
122
9084
8564
3189
4023
348
5672
1155
6180
5580
6035
7083
8398
2016
8470
8708
6211
9706
8088
4811
6994
5296
6429
3261
3830
6957
6658
5107
5641
9085
1160
8111
1993
7631
9972
7344
3864
2485
7459
3078
8211
8886
3631
3059
3859
9840
1835
1277
1310
1838
2088
5538
7558
559
8959
6670
1734
7140
6847
6311
6199
7939
4505
743
8182
6409
9559
1167
9895
2079
7945
1845
7850
2325
849
7131
4279
7877
8834
5611
6816
8862
758
2700
491
5572
9265
5093
5168
7438
6937
3494
5717
9226
3083
2596
8843
5685
2915
6360
6702
4322
7191
1454
572
9306
5021
8108
6652
6521
2667
3911
5054
6978
5698
9795
9111
1104
6101
8451
7504
6617
8635
1269
4045
6932
6189
3286
1898
429
4840
8491
7576
6230
7432
9667
6795
7799
2233
137
5322
9554
90
5060
2611
7824
8680
7283
4895
2521
892
70
3201
4439
6036
2936
8636
4102
351
6594
115
583
487
4228
7260
454
4435
1314
814
547
3717
6868
5197
9312
6314
1723
6814
2876
2453
9544
6334
7605
4393
6719
2486
3877
1707
1468
6345
3283
5961
2936
3676
8754
2082
7583
9280
8401
9459
5597
4161
6361
7981
9917
8565
8576
800
1946
7079
2890
1030
3036
1791
9307
8951
2173
6485
1809
519
5731
2785
7556
8614
3487
5065
1441
3511
9750
4769
7894
6024
2283
52
2383
5373
8411
1503
4386
8413
2561
6113
4042
6287
2741
7809
1658
2235
8837
5669
1769
9887
4833
2143
5684
6813
286
2102
9693
2965
5586
9467
7870
118
2585
6285
8474
6127
8005
1242
9998
4875
7451
160
9690
4431
3744
7777
6723
4680
6598
4809
5170
164
1526
654
4242
340
5561
5023
866
3605
3820
9088
4245
961
4821
4429
8301
6956
9891
3157
7409
5826
9010
3858
3555
6443
3533
4552
991
1309
4814
2541
9676
6951
8556
4976
2736
4429
9486
9521
6298
490
5241
5530
4771
6881
2719
9884
2819
7660
3589
268
1232
1470
2666
7716
4116
3429
6313
2318
9955
8261
1567
1161
7508
9862
453
4331
6312
7192
6886
5286
7204
2400
7776
7989
8234
28
8495
3803
2299
8609
2207
7477
553
2764
4372
9005
1034
3497
5387
3059
6863
5918
9895
995
1894
8610
607
5903
3616
2815
5597
7543
4583
2287
271
9449
8774
5605
8185
8758
8460
6343
5646
5332
7790
6246
1498
529
4183
9502
422
548
9839
4849
682
5027
3792
9249
3175
5579
91
1358
4941
9268
5911
6401
6869
1665
6316
6960
5994
6761
911
6126
8098
9350
8435
6342
6703
8753
9136
1897
1255
8615
1236
7538
7170
6395
7677
5129
5578
8452
957
7043
2498
791
764
6936
317
8545
5992
136
7996
2730
4083
4889
9730
3520
1786
5621
9917
635
1125
9458
1387
5601
7876
7936
8860
644
1337
3192
1570
42
4681
4491
1852
9455
7880
8146
7924
3112
8162
896
5913
4617
9461
2562
3014
8928
5585
2509
8447
3734
3970
3887
7210
9034
3620
3067
3279
9898
475
4135
4949
8159
8358
1156
4492
4784
4946
6182
5990
4146
1548
5378
7024
6070
6788
2875
5580
2566
7800
9764
9384
4814
1799
6396
6485
6268
4204
6719
7079
9601
66
8562
3310
9790
126
1335
1660
4183
9342
6165
2109
5704
5029
5133
8870
2705
6055
4402
7343
1436
6923
7388
9287
998
1668
6402
5244
5279
3133
8931
913
6291
6504
9314
1842
3878
3811
9712
3490
7536
3731
3155
3826
244
5587
1687
5764
7564
6082
6107
3020
9377
3687
3905
8650
247
8144
7412
556
8216
2410
36
2492
191
6768
2239
9661
6081
6048
8754
2085
5389
1335
4235
6545
8910
7343
5414
1341
9898
9207
3744
4439
5271
1895
2203
1950
7954
9069
9550
1736
5820
4212
3046
3212
1339
7580
1927
6150
2055
2785
1096
9823
8441
8722
4800
2818
6579
5861
8217
9755
4584
2893
716
6488
7164
6531
3510
4627
6863
1788
6154
9513
1985
7929
6391
9832
2142
3823
8780
1674
5793
9676
5766
9604
976
3065
4581
2392
9247
3079
5048
3494
6476
9911
8579
1059
6416
3094
2267
4001
9850
2606
2782
3072
7759
2097
6004
7535
8680
1641
1176
7188
5838
8683
6603
8165
273
5829
6553
6892
2415
9757
8107
4166
2280
6144
3509
8557
2928
1354
2228
3343
5319
5837
3645
1883
919
9611
2735
843
9106
1776
6308
9165
2311
5579
3900
142
7369
2812
6368
9264
800
6266
8637
9312
412
8707
9272
9248
7097
8715
8866
5281
3108
2669
2370
9117
7960
632
6592
8517
4183
8437
5740
6400
2240
4221
733
8202
5205
8089
1792
7434
2984
2180
8299
964
1819
7625
1118
3283
6827
5775
8387
5478
6085
9933
7513
1450
1130
6069
7827
6962
4619
7196
9637
6209
1555
2500
2773
6141
8600
7967
3291
29
5467
2062
8016
5754
533
3901
8324
8272
2490
927
7997
9259
9241
8985
1292
1342
479
9589
72
3519
1406
1649
8405
2029
4057
6940
3143
5454
9455
5388
6976
3057
1858
743
9519
4868
9375
960
8099
7317
1714
6480
2503
9016
9570
7740
2423
2407
8662
5485
23
1503
8794
8873
7930
1493
7163
8104
4787
6453
794
2698
3128
8332
82
5344
5069
1574
515
5061
1515
4553
9058
7031
3368
1998
1533
267
1262
7405
8845
5773
1767
1604
2397
6545
9039
5875
1794
8095
528
5047
4704
5185
94
6658
9461
5688
5665
7752
827
7172
7855
3519
9040
7486
5495
3075
5169
1101
9156
1611
3550
4509
3018
2864
6229
683
1102
7137
2748
1344
7867
1550
5869
5323
4025
4024
2301
3848
3143
5255
772
3189
7962
1160
7495
1200
4916
9116
767
1308
1887
3038
7171
3400
3065
6472
1474
8470
9350
6998
2980
3466
862
5576
2990
790
8410
6665
3628
2948
6066
1692
1977
3190
8921
8884
2267
8635
3636
2806
2139
5897
8440
5979
9061
7013
4105
2098
173
5896
1716
9192
8469
9567
2400
9910
5677
8278
6867
7948
9856
1569
3372
6108
7489
8072
7553
2657
9064
2372
18
5005
3779
1253
241
9401
3096
8208
5401
9487
848
2803
7616
1724
6163
5127
9130
327
9943
862
2936
6306
7124
4716
6674
7141
1459
6352
485
9583
5917
2519
8793
166
5515
7718
9227
4144
1220
7656
9886
9530
1560
4723
7898
2499
2953
8480
4966
7521
1465
9362
3185
3713
3669
6540
2157
512
2453
9645
6832
4073
7701
4353
6728
6614
1340
9457
6743
7393
1909
3053
9153
343
6396
3597
3624
9646
7779
3959
7885
8554
370
175
7138
4844
7611
6966
3274
1578
493
2592
2681
8727
3716
363
5342
8453
6405
828
6331
9015
9016
508
2282
6636
6780
4863
1520
6981
4386
5708
3365
8341
9198
5257
5677
3618
7972
275
7128
4478
8546
4049
933
2011
8854
4930
9794
3422
5477
4879
3083
1740
6511
4368
301
9482
8914
6845
2920
8176
2197
1239
3544
3786
7323
9068
1012
2981
2001
8066
1681
9874
4520
1839
4888
9733
5748
6327
994
6918
9344
8621
6714
381
9435
2702
3294
326
8700
3141
8773
2276
4219
1115
5553
1481
5673
554
2215
5300
4596
1767
1650
9044
8890
8979
6070
8560
7958
9340
2122
4294
575
9699
1623
4775
8937
1319
5784
4410
1972
1568
7379
8518
408
7120
8236
7920
9560
2739
3213
2753
494
6585
7118
9619
9184
8093
4410
5867
2732
3560
4246
9425
5165
2406
2883
1789
3394
1530
6068
545
4529
5443
3051
2494
7003
5747
4289
1837
8234
9622
4592
6868
1192
7633
3053
8013
7728
7059
4923
1097
4087
9586
8282
2769
1818
9401
5479
1670
2926
8307
8153
7688
5203
9637
8941
3870
9348
2848
4225
7211
4833
4571
2081
2753
2208
9202
7275
6284
2242
3393
4008
3753
4226
744
7556
6801
5918
7195
9226
6367
645
2590
3754
8032
5512
7258
3407
5748
1941
9873
4176
4994
5758
3640
129
2809
9768
7432
8456
873
5303
5443
6781
3383
9100
5435
242
751
5159
6792
4050
3255
4937
2271
8537
3831
7010
4934
7586
950
7713
1409
6295
4994
9388
9230
3365
466
7064
165
4768
6740
2466
8621
7560
4648
7399
4899
764
7292
1476
2294
8803
2409
6732
2096
7335
959
2548
6813
8383
6646
5352
520
1775
933
5826
5988
625
9784
7046
697
8158
880
6199
6072
6286
2353
491
4394
7669
8310
2594
3873
6150
3307
4731
8035
8075
7992
3934
719
3725
4273
9893
5885
6051
1021
5492
1531
7865
2608
1874
7491
2987
3729
7618
2100
824
6715
2283
9279
2251
4346
2975
8550
499
107
7742
7616
2886
7952
4928
8566
4932
9576
8951
7828
1951
3367
9059
2853
5113
3278
3566
6605
2866
8299
2211
2211
7530
9905
7420
7224
9477
3492
1041
9742
1205
4264
552
5727
319
8414
3284
8588
5501
3448
6262
9222
948
1601
2986
6566
5908
6291
3270
356
8731
5291
1455
9219
8746
4340
9521
7539
9944
2204
22
3218
5001
8114
2568
8411
4141
5971
9487
101
5642
6744
6507
8887
6039
4816
1226
4300
9004
6694
1118
4852
7859
7640
1576
5601
3579
8480
9794
2829
5305
9938
2622
4135
43
6628
5337
3773
1846
7977
4990
6985
8750
4665
2878
9124
570
2117
6805
7779
6138
4550
4352
5978
93
6749
6092
5879
3506
7957
2148
7407
7211
3851
5762
1141
1382
5192
830
9327
4422
1712
5574
7203
2638
8267
7087
99
3356
1339
977
5704
7186
4132
283
54
3986
5331
5857
199
6981
2134
1796
8661
7185
1792
6824
7737
9414
4248
8012
5684
3081
9055
8845
200
1901
3193
8651
7299
9823
6308
7497
5767
7955
5914
6816
6448
3372
9428
3797
315
3232
301
4426
9890
4220
350
2497
9928
2636
8512
2055
6877
5042
9165
1827
7325
3025
3794
6355
6839
9500
9710
5140
5425
4559
7385
2047
9261
9335
1277
1322
5043
533
485
1306
1546
4611
3825
2124
3432
9359
9200
3327
3432
8929
996
7319
2407
9649
4458
8514
3354
561
1410
6457
2718
1536
7812
6113
5144
7560
6870
1758
4977
4467
4232
1362
9581
2884
4940
210
6418
15
2427
6708
5586
2824
7583
7245
7594
2231
9374
8802
6433
9797
6063
8946
9891
7878
6358
9047
75
8985
561
6242
9939
6345
8273
4987
1674
6468
9211
7952
4660
806
7454
6454
3228
609
661
1863
7025
1408
6952
4826
2197
5167
6429
8178
9250
3670
5726
3914
8574
5812
7203
6821
4745
8749
1780
5555
3202
8347
3457
615
3354
9635
964
6349
8485
7744
1477
2531
2476
2919
1220
383
7288
2852
7374
392
6411
1014
4391
8201
2288
6010
7220
1038
1629
6593
5327
6460
3235
2305
7035
6496
8894
4643
4074
36
5280
1499
5309
123
2430
2170
5783
4593
7681
5075
1833
8717
6518
4976
1387
9595
9293
7953
3069
5240
5134
4202
9576
3680
7285
984
1606
1618
4659
9725
1086
2488
9777
7793
4876
4030
6467
3509
5798
168
2688
4716
1997
5463
116
5242
5404
5146
4749
5801
825
9641
3163
8621
6533
4999
7953
33
4560
7032
4126
7623
5505
5724
8363
1659
5187
4352
5932
3390
5068
1245
3488
2822
1970
8366
1801
7313
127
1479
8157
174
7700
4644
1416
3181
1202
9964
1945
7925
3672
7905
1695
202
4588
8663
3948
2723
4512
6554
185
9794
9904
2895
9898
4296
525
8169
5385
1406
3846
2217
8057
2154
7018
3772
6977
5471
2888
3413
223
1837
8739
4608
3863
3655
5545
2507
5688
3485
3386
276
3955
3930
1208
4320
5467
3957
4563
6923
7066
6363
8993
5600
3186
1653
9208
3473
2157
5820
2128
4938
2596
6547
985
9026
2992
1984
694
6709
9103
411
8030
1741
6136
1141
4113
9118
9139
4699
1685
1175
7572
2809
2815
8884
846
2622
1681
7105
2313
3609
2122
6620
7898
6064
3297
9786
5142
9420
8503
6569
2038
3315
9560
2019
1319
5746
7984
8900
8697
7352
713
5611
3567
4749
5680
7999
8329
4889
3202
5886
6061
1716
8968
694
210
8774
8510
1349
4336
7902
2898
603
3815
2668
3704
8945
3055
1596
6940
3863
5854
653
6864
527
5356
6801
2799
1946
5452
136
9641
6314
2564
29
3345
1606
84
2629
2954
9124
4647
5471
2270
9348
7192
426
2558
1133
8773
9957
658
3618
7082
2370
121
3696
7671
1412
5446
8361
2024
8462
3895
3136
2355
8191
5813
3418
9609
7944
4225
1670
8089
1164
8548
4709
7433
8589
3830
5893
5767
4250
5882
8921
1758
1927
6223
9351
8554
9702
2491
8541
2751
789
1351
7869
5147
8320
9049
776
2157
9425
3060
3299
9389
3603
3041
4885
7726
42
9623
1378
3356
2607
5505
6888
4911
7895
8810
2980
4392
7959
3665
3792
6771
1432
539
157
3249
6450
7624
1776
5195
7911
9727
3018
8687
4902
2687
4128
7558
3291
2471
4219
9481
5803
9582
1872
6916
5858
6615
5727
3855
3538
5149
3991
5015
4648
8234
8572
6528
1089
1675
9393
6200
7486
6278
8833
1757
9256
564
422
4396
44
531
9906
2882
9761
5527
6526
2657
7891
4466
4352
8187
7481
5251
8697
9324
9294
4979
1859
7071
2799
2740
4018
7571
5268
2881
131
4303
7283
512
7799
1733
4648
1223
5183
874
3440
6262
4048
2939
5454
7690
8856
267
2107
8025
9222
8182
8974
763
3880
4996
1571
5889
1865
6838
7310
6376
5444
3159
2355
5250
9871
4369
5972
245
7718
619
8137
1043
6450
6158
3604
4036
151
2819
4699
6055
1101
5638
9264
6578
3547
8183
8275
8349
4910
8598
7297
193
1816
5859
2519
5792
8903
5084
1951
4468
3552
5055
4959
4053
4875
283
5546
1908
724
8777
1277
8288
2136
8226
324
1459
4092
4070
4470
8405
554
9174
4699
6816
8096
1500
1466
5985
8064
2872
369
2273
6994
9116
1394
1755
5471
3489
2104
2923
8487
7387
4018
1201
397
5380
9976
9437
2336
466
857
929
9926
6384
8387
1667
6717
2294
6479
7851
6851
9609
7830
2792
4302
2904
5479
7263
3226
6091
9893
7599
3647
4402
2741
3497
4054
9125
5037
668
4837
9140
5769
6763
3297
6683
6986
2799
7854
8875
7516
6273
2448
209
4753
975
7101
5886
4748
9388
3309
4411
862
7754
4100
2933
5414
130
3461
7265
8675
3557
4650
619
2112
2012
4341
9432
5677
9688
6990
2111
1007
2584
6070
5715
6984
3899
569
5780
2655
7661
4849
3880
3757
6976
3694
9609
7893
5598
7921
9490
5412
8787
5338
15
9374
6547
725
6358
5860
5742
9872
3524
4065
4362
9421
7264
888
8505
1811
9323
9969
9551
8831
2334
4960
5458
5016
630
5823
8122
6787
5603
126
7215
8059
2232
2441
2682
991
1474
8007
4541
4164
2568
6628
6627
710
3236
156
2201
8266
4640
1507
7062
8009
2323
9522
6620
2707
3473
7929
8392
2474
7111
957
4825
6749
6647
5175
6928
7305
4119
8702
2535
2650
7993
7569
4685
720
2422
7329
5083
4930
2708
5280
2184
7457
7345
4546
4406
8124
2388
6963
1789
8511
3795
9438
1803
3439
509
1275
2689
4104
6591
3561
3958
9192
8323
886
2645
4052
7903
9617
70
7493
557
3511
1926
5836
7738
9060
2232
4559
2193
1016
4159
688
4994
3098
1541
5830
3786
9167
5359
9969
6996
5036
8716
8146
6188
5848
9311
4484
3454
1816
5982
7221
4850
1108
1982
6223
960
3929
7322
8871
3322
8794
5871
5547
2758
4060
1788
1616
9780
130
4086
7330
4254
6595
9385
6677
9763
1909
7327
5373
1963
1987
4528
6488
6633
8397
5513
7481
2276
8113
7220
1709
1422
2594
8600
4422
3596
3872
8580
2235
9711
3500
2383
5890
8438
1051
20
2463
9176
3309
5417
9886
457
8794
1969
739
4219
9264
8996
854
4086
8436
781
408
6855
4794
9690
7945
9049
966
747
8129
592
3687
661
3573
4249
5147
678
5882
2256
9723
3690
1631
7264
1469
938
1569
6998
8653
8264
9614
213
3903
6285
2651
9437
8434
1597
8958
2512
4560
9533
3888
2629
5665
5590
1698
7405
9724
5089
7056
429
1
8566
1542
4391
7759
4745
6997
8371
5053
2620
8215
2790
8033
5595
8362
3654
439
5778
7293
8986
149
871
5450
1285
1087
488
9657
1592
1916
9926
8165
9028
8870
9911
7074
5544
6917
2113
2672
8704
420
4956
5879
575
376
172
3873
8621
5805
3231
7461
4930
8847
3935
2069
9320
2388
4432
3540
6880
3537
5746
2817
5386
5786
8100
4608
3914
3111
7676
8467
4566
5798
3623
1947
499
219
8437
3412
9798
9697
9514
329
2547
3555
6732
715
9809
500
6666
1676
1230
7238
4658
9465
8106
6742
6721
1425
2864
3662
7134
9313
6405
3373
9046
9180
6227
8719
2720
2435
7346
4186
6719
833
2292
1263
2278
5
2630
3157
8583
8347
3831
4570
3876
5980
6225
9949
3406
5937
5751
4888
1207
4139
7380
5302
5617
2182
8733
1373
8279
5849
6887
7515
3903
6140
734
6031
1506
261
3041
3979
1751
5204
8316
406
1526
2422
4182
2427
2462
7154
6008
9078
1246
7828
3542
9775
9696
1803
2761
4794
1689
3694
1804
3584
1161
7471
9343
8414
8903
3500
6521
2331
4202
2760
4483
5137
726
9056
3845
6510
6001
8438
5761
1624
4572
151
2194
3188
5016
1472
1877
3131
3111
7905
100
1687
4109
9093
1910
1411
3116
327
387
5953
5231
1024
4157
9739
5942
9645
2561
7129
3069
6278
9962
9735
1153
645
8746
1295
5910
7433
2790
4479
4788
2288
1006
4582
4078
6221
8386
2525
2048
129
368
7416
9375
592
1140
3015
8271
619
7169
5989
7477
6275
1420
9656
7341
930
7390
6621
5197
4663
7906
595
2140
1631
3747
605
794
8641
1697
3712
6418
1197
8063
8619
7516
8729
2393
4065
6879
2080
4843
7982
693
3627
1294
1507
5542
7693
7841
448
2847
3770
3833
2621
2103
1554
7002
4127
3565
6100
6019
9366
3549
6034
8965
3966
6641
4845
5754
6240
7706
4139
4528
7022
8440
4434
4037
9334
8350
6731
5134
9083
8109
9363
5733
9731
5598
3099
405
9709
4614
6097
5346
5253
1521
1482
5713
4585
2946
3529
7128
2487
2471
3990
2226
3387
4209
121
6096
1910
3912
8258
7871
1806
7858
22
7838
2977
1836
9529
1241
5898
8746
7907
6491
7576
7665
1393
6147
2141
3731
5273
9010
1550
2928
5992
2323
2119
5833
3430
9845
2375
9576
2229
9454
6915
2625
6321
9923
5090
6761
4368
779
4805
8387
9658
4079
7430
2903
202
4310
1855
4865
1362
8922
325
2844
9853
1328
2786
8526
7226
65
5162
9041
5709
7533
3478
9769
9453
5965
1437
9767
7105
9907
4491
6152
823
2394
6032
1202
351
6564
5945
2169
3479
8450
6452
7630
9755
3314
3198
228
5298
2479
5720
1018
2779
4231
2424
9850
7532
6100
3809
4180
6205
6212
7016
8008
6397
670
8145
3589
5022
5048
8640
446
9886
3643
9073
4393
4083
1633
2565
482
6837
4114
259
1024
1262
1968
4483
7008
1275
4702
6349
3015
5077
3255
3273
3975
6366
7040
1816
9296
8087
9187
4095
4605
6881
1724
6668
5701
6028
3369
9780
6830
3731
2058
8688
6816
5588
5872
4753
4081
352
2299
879
17
1178
6022
9533
4558
9408
2305
4087
533
1431
2948
7557
6053
5567
9773
9496
7616
9275
8667
1364
936
5595
3726
6092
7040
3086
7474
7931
4962
1780
612
175
545
33
2881
5440
2969
9344
5603
4179
9780
3170
5764
1121
3169
2593
5596
1738
6797
6098
7919
6793
2966
9277
8825
3684
8878
5371
4553
5688
7056
9481
701
8830
6420
4947
6927
838
6739
6069
5373
420
4344
4392
1859
5855
8331
1395
6091
9438
2962
8011
9272
8253
5685
6271
3201
6692
4986
1960
2085
2831
4577
3582
1039
7330
7997
874
5397
9580
4338
7630
6923
6409
6599
477
2675
742
2563
9530
6394
6688
6119
987
7954
7681
7173
1185
1658
3119
2654
8544
4726
2346
2650
90
6974
9820
1726
2855
7098
8020
1126
6876
9148
2714
8068
5289
2114
5435
6846
6527
4080
1928
5656
9250
2550
4770
6025
9377
9451
687
6808
6792
9329
9233
5758
5592
7316
8425
5457
5509
2533
5931
9211
2662
3884
7359
7611
9544
7396
6595
6740
1796
1362
1772
7906
8552
7060
5487
8619
970
4684
2731
9689
1189
5545
6284
677
7305
3365
4841
6825
6958
2452
7741
3296
579
5452
9499
9902
8272
1124
9813
907
5803
3372
6535
7181
8338
5275
8489
6721
1681
2247
4813
1940
3441
1867
8273
8422
5204
2022
6197
9643
9633
3530
5462
8456
5907
8637
1667
3388
4962
9070
6016
1840
1396
2950
6625
9851
3183
850
1860
8291
3961
9102
5531
3982
6613
1586
8770
364
86
6816
8997
1656
6665
2388
5406
6256
3769
6913
4399
3587
8565
5717
3711
6717
4964
2138
9005
4280
222
6954
2147
5307
5458
7332
1067
9215
1802
8933
1737
5851
7675
4249
8216
1132
6033
3937
5705
4488
4939
7912
6958
685
3063
8467
9377
7772
9468
9187
6794
2222
7637
8500
3695
6136
4402
9623
8402
800
5084
7581
5616
3833
1531
2199
2336
644
1342
3579
3361
8701
2524
128
7161
9720
2135
5922
2590
9123
4364
3755
9596
4706
7124
837
9800
5289
6790
396
5688
3455
2426
5913
3987
8723
6041
2301
4981
1609
9220
2547
2291
823
858
3075
8189
3644
7
3123
6354
2684
7414
8755
8791
6243
7633
9844
9557
6747
6915
9230
5760
5145
1822
4424
1953
6925
3181
8273
5663
7452
3039
2538
9131
2279
325
6848
4973
6573
2681
8962
867
1707
3385
6639
2833
2287
4481
592
6360
2441
6552
2005
9375
6908
8836
1404
4012
1300
1592
5024
709
9962
9947
3592
7329
1941
1312
4572
2494
1067
4892
337
8401
8262
7195
6184
6000
7557
4294
8825
7315
7790
9019
3183
8718
8627
3433
7417
8134
8322
8456
3132
1609
3187
5041
3034
6882
8005
385
6753
4445
7065
508
7553
6881
2536
2772
5077
9106
3086
6712
9812
355
5877
8604
1230
3887
7120
2891
2604
6313
4200
1839
2835
8196
416
7469
9738
42
3681
5286
9499
1557
519
1500
9955
1592
8624
9386
4992
3954
7035
7847
1096
9704
4247
6694
4621
2576
2367
6056
6346
8384
6327
2565
8448
8864
8130
5260
1672
5713
587
5383
3699
2822
2613
9974
6184
6126
660
658
1840
1649
5135
1358
9478
4629
6883
9245
9002
1786
6033
4896
563
7619
4181
909
641
3380
2857
7174
2933
4111
5665
4751
231
5901
8959
7635
9557
6941
3590
8524
5081
9649
9150
5913
4980
4835
4719
826
4774
1778
9125
5265
2228
3673
213
8290
6696
3468
5301
8981
775
3848
8335
5841
7327
3509
9769
976
8253
8195
6400
18
1442
8100
3101
8485
5358
2929
389
6990
8483
2317
8879
2627
3522
8758
7758
5039
7092
6434
5148
8104
7685
9585
4188
9332
6705
110
8153
750
5325
6316
7837
4605
1894
284
4663
8329
9097
8533
7457
2066
2378
8464
75
8078
102
8795
4365
3851
3502
6187
9129
8777
9606
1450
964
3061
4255
7381
791
3603
5451
7244
133
9324
3188
9616
1336
7333
7697
4490
3188
8856
824
4471
5534
370
4266
5012
8301
1859
9622
3660
1120
7823
6285
3966
8583
4093
6533
2776
7107
8661
3309
6518
9956
5822
6024
9060
9770
5341
6216
4107
4961
2283
7713
8999
1350
9606
8706
2044
3537
6276
375
9497
3904
7585
9956
569
7281
8200
8349
11
8824
750
7296
6992
516
7811
1263
9852
1793
9114
547
7495
4715
3929
6099
4422
4410
2063
1555
6429
4329
6127
9458
8823
7736
4932
6683
5362
371
7930
563
4122
7584
1676
5495
7056
8672
23
4814
2961
1889
2620
6609
6059
5073
5220
9808
245
5237
1014
7829
1677
1518
1566
1801
2219
1370
8486
509
3439
4947
8718
305
7681
1848
4175
2964
7846
1598
5483
4587
9803
1901
1258
6217
8120
5231
3486
9968
4807
2987
1518
2735
5838
6938
8491
5497
6428
8603
9904
686
7480
3921
7284
7745
1507
8924
3690
1192
3167
5445
5829
97
8918
7720
1118
7832
8722
2655
3750
7524
8893
4393
2361
2920
628
1420
4852
8497
1984
7830
3408
7498
5641
5284
8070
9031
3838
475
1728
8703
6779
5980
5652
8650
3599
4538
2956
3913
8018
9078
1864
9862
6715
9967
3142
2572
9570
3083
371
1116
1251
179
9188
7141
5490
484
1972
4309
9824
9749
2283
9070
2526
7012
4153
7011
5339
9668
6956
4493
5337
7121
6806
5803
8836
5698
2351
848
2867
7985
7335
9572
5609
7288
6953
7474
4239
5115
6779
5746
9806
8879
3897
407
7586
1528
4777
869
7923
2100
8848
4691
6696
5603
4739
3488
844
7781
4206
9294
6157
132
3337
7468
2451
5490
9549
5833
6419
1415
1216
3009
1714
5126
5742
6402
6009
7939
4530
3495
6625
1674
930
3396
766
8939
7417
2052
2258
5428
6155
2011
8021
6543
3959
2539
8884
4069
128
3681
6550
304
4078
4912
408
774
6616
1287
2444
3574
9475
5211
469
4473
5938
4378
9097
99
7099
2556
3180
7352
5417
7065
4066
36
536
7876
8718
4586
3139
7342
6381
9458
3986
5207
7881
5996
6624
6081
8070
8737
8079
2851
3785
7160
4961
2921
4485
3460
2799
7214
7195
9175
8136
4540
9265
8640
8833
3080
4275
9728
7406
4964
8261
5069
4574
8084
7984
9887
883
7638
8300
8949
4917
5191
4596
3710
3014
9924
4291
2715
5602
6415
4429
1800
7038
1169
8823
8964
1771
9008
8327
1048
5943
2044
1890
9241
4445
5148
928
4502
5435
7049
8408
8322
5199
3696
1445
7553
3746
2862
4503
8321
8064
6208
7342
4259
2668
8275
8392
2427
31
8539
4580
7235
4663
9936
2818
2304
7744
8931
4598
2810
9582
6706
6676
1936
2952
3340
8171
421
1140
6351
3682
5431
8649
8125
9012
7284
7632
4831
6395
1554
4367
8848
4848
9335
1191
4360
2571
5745
6182
6396
969
5314
5819
5252
7464
5470
4130
8608
7788
9976
8513
5826
4016
1794
8391
6155
4247
7844
3825
4615
7149
7205
9997
1653
8071
1431
3724
1486
2890
5949
62
6254
411
1082
6272
1383
6143
5182
9355
1498
7373
5104
5216
1764
6695
4055
6507
5542
1966
6343
6930
4667
4897
1897
5412
3356
1582
7725
4699
5006
1844
3536
2705
9021
4459
2700
684
3078
8415
4775
7383
4728
8641
162
1928
2185
3753
2119
8332
5495
3811
289
5510
33
7476
4907
9197
3035
6012
5802
1488
2353
1689
4118
2815
5851
6864
3165
929
8098
3091
3139
2286
3811
2621
7246
9648
8204
6374
8384
7580
2866
8520
8876
1321
566
5623
4060
7977
2074
5950
3409
2736
7454
7248
5384
6127
9267
4534
4041
2618
8163
7990
5865
3209
7745
6990
2568
4227
554
5298
7909
1332
728
9221
3026
9884
1402
1370
4533
5279
9669
7054
7615
5492
1120
6345
5004
4709
963
3919
9645
3311
7171
2256
6543
7879
7671
9260
7985
5036
6785
5132
2218
772
4285
4440
2612
1730
1878
104
351
2540
3877
8421
6991
2080
1854
3307
9950
2625
9258
9145
9821
4182
7003
2408
2625
2725
960
225
643
6900
2246
1568
9223
5197
1207
5550
5439
4543
6553
6843
1715
4147
8369
2845
3538
6500
5810
6392
5573
8276
5134
55
4666
263
3386
5323
461
9264
3088
1911
1108
1030
7919
6956
2386
8457
676
7592
8609
9427
3851
8534
6589
4732
7956
2243
3886
2020
3153
6858
3483
5373
9881
7468
5545
176
3720
1982
5369
9957
8733
7430
6721
5366
6140
6919
9501
5102
7765
5355
3451
7995
7684
7161
7476
9718
822
9140
6699
4362
7268
8165
3543
4560
9882
5799
8364
5975
789
9645
9281
2178
9822
7419
5393
8750
6721
8697
1541
3167
3776
6083
8188
7247
9216
356
3150
4338
9107
548
1117
551
3803
7348
2009
2238
1945
2158
6245
1979
9787
8818
8209
3826
2661
504
9901
553
4579
1679
3440
6951
7101
8937
7830
5745
1494
4616
2375
6715
1604
7938
4450
1214
1063
2720
6946
1759
7171
2713
6540
4250
5889
1073
1810
7327
737
1414
3107
9464
8718
4615
5774
7134
8533
8280
6241
7677
9016
4726
3166
8739
3342
686
5386
1813
5373
205
6539
400
738
4978
506
3434
8787
775
4835
9591
8793
5245
6084
556
2981
663
1598
1356
6167
8752
1802
2877
5836
2352
6918
3727
5427
9109
5342
7191
8964
2610
7710
3709
2848
4121
2311
5278
4489
4681
7742
4078
8
2862
4417
3478
5389
6369
6266
7577
3373
7175
5649
8291
3915
1514
7444
7631
6098
5130
5808
8441
5800
7418
4472
3906
8788
2063
2380
9238
9699
9186
614
4688
8753
7850
6111
1477
8080
6489
9813
9430
2172
2111
4773
4451
1702
9219
6738
3070
4721
129
5013
4443
9243
4147
9963
5707
887
9207
4859
3739
493
2582
3473
732
2168
107
2020
1757
7843
8443
7171
8791
1272
6377
9688
4680
5176
9019
3389
1828
7091
5730
5179
6090
8117
8059
4644
6337
9440
4708
4899
6753
8080
8161
6302
7528
3707
9191
6637
178
5248
5528
7148
6253
9
1373
2654
7758
6872
5241
9580
4381
9470
1476
4693
4692
7826
768
3877
6685
2701
7851
6206
823
8151
7637
4438
7977
7270
4640
5936
1017
401
6195
4624
331
8963
2137
1535
129
897
9155
354
5680
2225
7973
4151
9058
3921
5453
966
1459
1986
8848
1205
6340
2294
8362
8247
7222
3046
7133
629
6738
9848
2796
2850
2006
2366
7590
2801
2592
8683
2012
638
5753
743
8281
3916
9360
4844
2866
398
7379
5326
728
9272
8761
416
4336
1474
2839
9981
4761
170
8648
7193
2735
5624
1483
6114
9430
5075
9143
1614
4533
8759
27
1018
76
7810
2031
9146
1058
7580
3230
492
690
1058
6216
1863
9682
6784
912
7536
1352
3361
246
3448
6161
7918
9446
3740
8687
5161
6867
4210
5230
9518
3730
9592
6980
7664
6080
2785
2628
7229
5627
6101
8376
9038
4452
5438
2002
1097
2078
5424
2323
5323
2560
6983
1758
9259
551
6585
983
8098
3070
180
5571
1663
3428
8700
2335
8836
9225
435
1905
7259
4398
3776
8504
9094
178
6948
6315
5343
5561
8221
4790
3975
4148
6044
1730
8412
158
5014
7041
3315
7631
416
5471
6787
7233
5940
9197
8073
3396
4256
7794
6738
5055
8382
7681
3468
5794
8986
8666
8046
8220
1332
6225
447
4054
6105
2190
4924
5327
9881
8075
8494
5964
4437
8402
5248
9240
9084
1920
9747
6693
6494
7231
6472
7011
4423
3631
5615
2992
6249
7748
9284
9684
5563
4483
6007
6138
4772
2262
8370
6456
7465
6665
8218
134
1807
7694
5174
6628
5264
5058
7880
5838
613
6591
2322
6866
4099
3621
7329
8487
6936
114
6105
7940
9703
8393
7538
6949
4452
7450
9564
2410
6612
8728
8754
6703
8696
7183
1319
3854
5574
9331
2970
4452
5102
6286
5502
4732
9303
7137
968
3523
1140
5216
2831
4500
4493
921
8719
5587
6654
9880
8892
8763
6664
2055
9619
1440
3301
3981
1889
5969
6693
5861
5535
9672
7673
2039
2341
1187
2885
7121
1109
6165
5974
7568
547
1537
2984
3002
110
8797
9643
9094
8449
8367
6776
1339
2131
6704
7993
9823
4480
4971
8416
7
7447
3809
8177
8544
4440
2018
3464
6161
7230
817
9232
6335
1857
8321
6754
786
5724
512
4735
5280
3250
5262
5469
9616
7938
4843
1883
8637
2518
7805
2195
4557
8250
8769
2140
4134
6024
4544
6374
9559
496
4850
2697
9762
5540
9789
5702
6543
2266
1543
6820
2502
3251
725
3396
1667
1202
9526
182
4604
7877
6732
7990
4457
6958
2091
2691
2462
758
8004
1111
2673
1077
7479
2698
1710
2777
724
7960
3398
2488
3204
7828
6336
332
6363
4495
2802
9732
6924
4801
5942
9760
3825
9982
7045
3118
3926
6475
1157
3269
3807
3840
8650
2245
9976
763
4894
5057
3525
4649
2837
1662
5203
7108
3195
6800
3219
2366
4803
3240
5196
3191
2334
5564
4945
9904
8196
1593
8462
3365
433
6690
7336
5076
8356
8874
1224
4553
5875
2488
4936
5599
5467
723
882
2950
1858
5468
2590
8787
8777
1423
6267
2253
5421
2725
985
8512
6748
9197
5844
399
4620
272
9227
981
7036
3816
55
682
517
946
9621
6701
9272
1241
5703
2702
4583
9309
2121
5821
4766
4448
2366
3597
1120
1059
1858
547
4256
1486
5316
6160
4214
8531
9255
2530
4945
3364
9047
6591
9433
1263
8302
7617
7097
3321
1787
5638
9961
5634
6854
7216
2877
8859
2187
6993
6944
4748
8644
1584
2183
4761
2836
5560
7885
1445
2321
2589
9097
9391
9896
6312
4496
8487
4434
3000
5297
2340
914
3045
9768
642
7551
3266
3269
1142
3755
3104
5540
3311
1750
2548
2560
2573
1914
4858
3641
9411
7139
3371
937
9696
3598
291
2470
6580
3552
1415
4695
2175
1735
2070
2413
6543
5252
4286
6076
2277
5065
2528
2745
1091
3899
3375
5582
2629
8982
1832
4960
6705
6281
2326
1420
8112
3127
8252
4731
2680
1371
1453
9715
6021
3155
9088
7370
9378
9590
879
8373
9069
6828
7594
4534
9281
6040
7872
106
4495
3794
9159
6115
8862
370
9124
1866
4405
4823
8279
2493
9187
2252
3343
1338
2319
7094
8207
138
361
4349
8202
7678
7032
4554
6980
6983
5218
2854
6858
5179
4127
1864
7913
7733
9719
4163
3615
5539
7380
7977
2647
3564
7916
3827
6065
934
2157
915
9124
6354
4080
579
6912
1835
2883
2017
2879
7417
5954
7576
872
9295
7840
3615
2902
7219
9051
1785
7860
7581
4087
8097
6176
9079
5291
3097
567
3583
5279
8570
6134
1203
9657
2502
9725
5773
3088
8167
5534
4998
3475
8415
8083
2640
1174
9454
206
359
1685
5098
2716
1331
227
9058
1166
5900
5711
6313
852
8925
8073
9747
778
7666
1315
8288
695
1301
698
1563
3909
2959
7255
7980
9013
7981
3064
8431
4446
7403
8497
3293
7104
7860
8325
4756
1676
42
3532
6630
4550
1436
8794
157
460
698
2962
8374
7933
771
9422
8480
4293
2914
8880
8261
3479
6064
5340
317
2536
4954
2812
1911
8931
9430
8472
5114
4353
1745
4075
5406
1615
186
6423
5021
4293
4279
3189
7183
2154
1351
1006
4100
4117
3564
2096
3444
3199
1398
2688
8370
9093
5385
9084
787
90
1773
4465
9949
2055
27
3499
6991
6669
4019
4627
6069
9620
7008
5740
8659
7536
9011
7043
3507
6499
8667
7058
382
6453
4378
1539
604
8164
4982
5131
6604
6262
6920
3164
4324
7632
6077
2930
9424
712
1704
5928
8666
2282
1551
6406
6247
4639
3493
7361
1342
9223
7992
1136
9586
223
4962
4781
3586
5392
1919
4241
1763
4582
1366
5957
8828
6058
6945
2921
6791
6261
462
6901
6146
9307
3328
5359
9653
613
288
8815
3193
3398
2446
9810
5309
5459
1899
8330
6507
4296
1880
2524
6466
9011
2434
4588
6222
1925
427
2136
2311
2523
6755
3466
5828
6901
6091
3975
9452
5447
5204
5672
4568
7192
4646
478
1602
7442
5451
2473
8253
3272
2532
2776
6498
5090
8146
6188
5585
8017
5026
8682
3349
672
1170
6594
8559
746
9930
9302
7585
6898
438
4865
7605
9669
9981
3580
2432
7098
4149
8206
8949
4264
5376
8230
7304
9452
1722
7906
7776
366
2993
3826
9995
2195
6255
5791
9451
1996
4862
6299
6959
1841
1476
845
6485
608
9593
5961
4713
8270
9244
523
8669
9330
3941
4965
8682
2463
7404
4419
9237
2847
8543
3072
9770
5364
5012
2832
9639
5913
3480
6942
1630
810
5709
1816
874
1232
9633
5360
8731
2030
1883
2016
9488
8780
7369
8900
1796
8658
8888
875
7055
7179
2180
6012
6134
3190
5715
7197
5596
3210
8311
8861
2136
4419
9303
9243
7551
3131
9761
4640
8285
441
3945
8277
5097
7759
3400
9489
4887
2298
4353
2928
9133
9186
5063
820
4267
9096
1652
7913
4227
6499
1143
8936
6470
9552
7129
716
5414
1237
4328
5948
5294
7237
8695
1541
8462
1851
8038
3697
5912
241
6443
9704
2833
4828
7058
6001
1653
1036
232
2694
9061
4897
1045
6396
6250
7354
9961
6797
3191
3761
8767
5855
8562
4962
5988
1281
1020
5167
9826
3867
1209
4033
6804
6800
5081
7201
1636
22
9759
1813
2916
1694
3348
8247
7942
5078
7389
3390
8875
17
2968
1526
2186
3970
2999
879
8319
4187
422
1495
2854
4301
8591
3210
8281
6105
7092
7192
426
9618
9170
7801
7599
1489
5737
6813
5488
852
7904
145
6645
6095
1531
5053
5146
2293
1683
8851
2351
7211
3114
5744
4635
5867
1867
7636
237
7857
1018
910
3216
5384
4168
4313
8709
4686
5655
408
8493
5294
2248
5187
9290
7173
4197
2793
4419
1688
8592
1382
7010
9979
7269
2305
244
3727
8136
9983
7456
8646
6385
3379
5130
5685
8782
704
5235
1093
614
4153
525
2503
958
4458
1108
3738
1080
7721
571
1322
8622
1023
848
8627
8712
2386
1489
4002
3448
8413
4088
6305
2402
5449
5286
8517
287
248
3390
4341
6619
4230
1504
1741
5150
4512
2136
2855
4318
7022
6849
3763
211
1566
448
2243
2946
8220
6269
9016
3900
5725
5892
826
491
6620
438
8422
7684
6215
7746
203
9579
6377
9537
8942
9578
5398
9267
7221
648
5370
9204
9175
8115
3273
6407
7527
5023
6907
8129
3137
2119
3
9238
3266
9886
6218
4598
762
5225
980
6289
3199
8317
9515
8487
2349
8211
9122
6858
1007
3580
6003
568
6592
9276
9433
7808
3019
8968
8428
3911
1213
3477
2056
198
1390
7675
3136
2838
575
8465
2840
4540
1932
3732
3150
1923
5779
7653
1042
9016
7125
4605
7971
9674
1108
386
9042
3120
7598
5143
5711
5890
9223
2613
6555
2975
7531
1438
2482
8746
5387
3434
6545
5121
5120
6841
567
8203
9987
5053
7752
4942
1891
5314
7043
1025
8655
7203
1252
2349
7682
9915
5087
9139
772
6766
8851
204
5190
8107
8114
9380
7902
607
2063
2310
8550
1928
265
8931
7426
4694
5540
7846
8172
9130
2442
9822
8247
3381
3718
4291
2237
8577
1651
7089
1392
869
9646
4986
2537
28
5738
4023
6438
4798
8732
5902
8319
9875
6193
3519
2972
8016
4233
7656
7703
4706
6654
1281
4227
1502
1522
1064
9034
9794
1741
3669
7008
1355
8531
3476
4379
4201
7391
6303
9843
7682
1680
7416
7528
1386
7985
3237
861
3460
8536
6047
3732
4708
1556
4302
1623
5469
6452
3902
4227
782
7978
3635
7961
9002
730
8853
664
7096
8848
2223
6674
1385
1306
2325
8373
3615
6926
8807
3853
2449
8775
4087
4974
1528
867
219
4652
3364
2113
2140
239
5227
5943
537
4917
4432
9915
8096
5359
9920
2472
91
2783
7772
5983
1639
7188
5254
4682
7191
7861
146
6734
5640
7983
1482
776
7167
4073
8361
5228
8520
5249
9018
6070
4671
9665
8035
114
3315
9791
5630
2700
5302
3547
3358
5047
1718
1508
3705
3811
1306
4960
9967
3697
8378
7801
4822
9264
9698
3013
4254
7205
6188
3703
6580
7958
1487
6479
7451
2234
1767
3436
8728
3350
7281
5904
1235
3888
423
1136
4376
4694
6465
173
1062
6662
6353
583
3630
2501
5360
2837
6165
3465
2037
9541
6426
1052
3877
5803
1251
5706
3937
4825
170
5254
4840
8927
4407
7488
6045
5100
2221
2944
6788
2177
6277
241
1517
8778
5952
5286
8978
6363
5650
3481
5945
1864
210
4790
6097
3964
1905
806
5882
7374
207
5657
6618
1411
1481
6360
5568
8652
8030
1207
6488
618
5078
9482
8671
6788
9810
1842
854
1617
3538
2156
1416
2448
3203
9423
9662
3825
632
7116
3339
4809
2153
8201
4003
5120
7688
797
5195
2526
4270
4014
8303
3030
7731
7782
5939
5276
3916
2966
9066
6671
9079
5462
5140
487
5858
150
3889
6549
1114
6208
2963
422
143
5982
4222
5093
2195
3961
7572
548
8371
5598
7324
9561
7988
4885
2350
8450
8192
44
8767
5911
3817
907
6626
5452
4084
255
6773
4157
6156
1288
6907
3594
9595
589
6762
8110
744
7714
815
1390
3075
9440
1777
7080
2789
326
7838
2663
8813
4729
1101
4961
5997
1454
6138
1345
8529
7783
1095
3785
9640
5655
6042
2130
6217
1748
1636
8173
3602
2225
5209
4584
5479
3467
9923
9552
6690
680
5770
4587
3398
2298
2721
9313
5207
4667
7035
1021
6131
9884
5638
4527
1110
2438
847
1913
9992
9430
3566
6341
6782
237
5985
8076
5087
1397
8052
9528
1376
2439
5610
9999
8100
6240
8679
7734
5967
6204
1131
536
4261
5124
5409
7897
7523
7464
7085
6019
6
9918
8543
9200
5674
7264
2215
2401
771
3719
3176
5869
8141
6446
9810
8722
8956
402
690
6092
7669
1668
3556
4827
5795
4050
5126
4961
3519
3173
4681
634
4917
774
8236
9794
5046
8549
6105
3619
9680
9724
7023
5529
9577
9511
1498
3400
1576
6440
7967
1636
4286
9750
9803
9141
5383
5002
5286
9683
838
9597
9382
5657
7049
9496
6442
3662
4990
8796
2002
1197
3434
3072
6426
6770
6094
2797
9318
6911
7308
2367
5105
8245
9704
475
4404
5732
5483
9785
5653
5397
3993
5231
5124
7335
7895
8849
8400
9655
9099
4812
7948
7697
6401
2840
8332
318
6259
5316
8525
7037
7925
6502
6907
8278
2485
8624
1375
9833
1448
6224
6596
6663
9992
1705
1172
507
9913
1732
3613
8120
6852
6254
766
7219
4863
7325
9500
8561
2787
5144
4857
6048
7603
5560
7169
5535
4709
2276
6662
7820
5480
714
7303
6027
980
1826
2898
7876
6569
5464
3670
2730
5736
3306
8624
6718
5301
415
9771
7711
5900
8777
1167
9962
1770
8866
723
8903
1544
3966
2025
8469
83
3587
1799
9474
6906
7755
8272
3630
8549
2879
3732
4943
213
4728
6770
7353
694
1329
2716
9602
9451
4442
9618
5553
6547
5915
154
9219
8310
126
3851
1137
6749
76
678
4924
278
1984
518
7776
1336
7954
5106
99
5112
6464
742
4027
4071
5703
6731
2208
5551
3247
6902
1172
3361
3820
507
7120
2628
3683
2450
2707
5954
1260
8253
3233
2504
1785
8145
7488
4891
4754
1995
636
3940
297
6552
9189
8128
8888
6503
4832
1768
4998
6812
801
6793
1179
1490
3841
3171
4322
1936
4018
5716
4768
6888
7026
9185
9391
1365
5612
3510
7246
4484
6291
8771
9781
4987
1934
4088
595
849
5208
9664
9044
8110
9271
3833
2078
8161
4240
1403
3008
5644
7604
5192
1789
775
5217
9931
6520
7672
3934
4371
1876
5
3446
9011
7449
5210
7954
1086
38
2371
1437
1570
3387
2468
6760
1587
2791
7182
9954
6554
2161
7353
886
816
6324
5152
9522
99
6569
4027
7112
683
7493
4558
398
1384
6978
4984
4485
5875
3036
7608
330
1358
4076
4003
5849
8664
1579
8841
6149
8607
5335
2558
4102
5860
1716
1172
8940
2719
8772
4390
1594
9893
2007
465
4834
1105
9422
2588
7010
5496
3853
9180
4941
8863
9307
9213
6516
2377
2411
1084
7138
7306
871
3764
5808
2816
1558
7887
9774
6803
4785
8328
9256
2617
7172
3094
4525
6070
7357
106
5389
4048
2942
9333
8690
7436
544
9821
5316
488
5777
2526
6980
6334
3581
911
5765
1193
5813
7857
5692
334
5854
6605
3463
691
3114
7594
653
5711
5074
7905
6491
7456
6785
6128
4044
7142
4415
7981
4114
1940
4382
5904
4287
7116
3660
6494
7624
4088
492
1547
3084
552
7978
858
6881
2361
1119
9988
5637
4847
6138
6791
4617
6010
5224
7962
1995
254
3575
1497
4078
7723
6219
5056
9229
8315
6134
2938
4469
3353
7618
1628
9746
8121
3026
6922
3665
4629
8043
9333
7202
6471
8570
5696
1965
3901
5901
3984
3177
8118
8389
2445
9770
6570
5312
8151
9305
1745
4553
2891
2660
8489
5381
8689
9004
1023
7205
931
4967
5399
6480
2445
4545
9902
798
3246
9489
5883
7659
4013
9784
3892
3783
2848
7633
2897
5394
6081
7863
7636
2975
4971
4804
7401
4028
9290
7191
5883
1000
3433
7645
1376
2441
3756
1788
2441
2919
3704
4326
5581
1721
93
3028
4361
6348
5720
8623
7452
9053
4658
3458
5177
7286
4687
4745
2171
9701
4457
938
7264
1701
9214
8855
9603
2452
9153
5222
923
6425
8245
9159
7537
6189
1222
4308
2177
8768
6280
2812
7261
338
3659
6426
5548
8206
4504
9313
237
2463
7084
8816
7958
45
1572
849
2010
9673
7244
7917
7047
4656
492
8141
3847
9714
7731
6264
5426
2124
8083
9425
2159
6714
7037
7929
7983
5186
7422
8236
1133
1915
5043
3109
3697
4184
2186
4408
8311
9340
2692
6972
7955
1340
340
9242
4939
9513
3275
9781
6842
4465
6094
530
1356
2388
1413
8428
9582
1976
4174
1180
8130
8358
8318
4090
4397
2647
4046
6514
6011
6585
1080
9680
5093
6946
9651
1038
8212
4877
9456
5170
1733
3569
3061
723
4886
2006
6738
4495
4873
3160
1277
2733
4858
54
7942
4338
3960
7356
1365
9867
4044
4020
4222
3441
7845
1226
59
9119
2810
4370
5526
8228
2219
6399
8026
3048
5764
7253
8296
3540
6938
1577
2762
5331
2002
1631
7330
7185
3452
3471
423
8514
870
7306
8022
4159
4491
6287
240
4478
1963
101
1208
7220
93
3273
1039
1614
7185
2526
2811
4461
9071
3343
480
714
8119
1457
4019
394
4050
2399
6216
5837
2636
6594
6433
5586
5975
7636
3337
4544
6993
9359
7677
7681
6973
7199
7009
4829
3243
4398
1313
2618
803
5534
5333
9661
9273
3055
5694
2675
150
1461
8393
3887
8552
4354
5349
8073
3903
1164
4587
5155
3552
483
12
1242
9030
1568
8785
118
87
1228
9176
109
116
4319
4435
714
761
4495
4424
5545
6449
6127
7700
2411
9019
4298
3525
5459
5224
1464
2894
8317
755
6495
4018
9539
9271
322
5167
4411
8217
4918
8873
5340
6118
7784
4262
2647
6019
9954
2737
8094
7311
452
5104
2384
5256
8967
3050
2457
4529
5622
2607
7398
8454
3774
2765
2973
8614
2905
3826
990
5875
8408
201
6173
6548
4571
2283
1897
9936
1402
7294
2763
3248
1595
7442
7304
8254
4788
4763
585
5395
7038
3903
4392
835
9774
2667
8086
4845
8844
9667
6881
1108
2930
4663
6580
2202
4446
6075
1457
6084
6403
8842
8048
2442
5581
5641
1625
4281
8537
2375
7050
4998
5390
5192
6082
7393
3428
9733
6091
756
8109
1557
7987
345
4989
4153
8258
7630
965
6855
6957
4863
9119
4870
172
698
5847
722
4545
9331
6538
5471
7727
1436
485
1614
9103
3497
8888
1421
9370
1205
5653
6470
5722
4016
6024
2708
3123
9513
8613
6988
269
6646
7224
6584
9779
7411
9029
2692
1904
1232
3975
2938
3792
3787
9318
1732
5374
6980
9303
135
5214
9242
8079
3856
6657
8549
3463
8295
8025
1113
2316
3062
2156
5769
1115
5473
5722
3287
6173
9860
4082
3163
4355
9481
1370
9671
5369
2806
7785
9559
1856
8277
4582
9884
7408
4556
5784
4378
7512
9583
5003
3955
8292
1238
1388
2588
1492
3725
7538
5666
1022
7342
9905
7394
2080
212
8664
1990
3155
8852
742
4537
5681
9492
6131
8546
877
523
6085
6993
9980
4637
6931
4143
4904
2475
2873
7103
1644
674
8718
1035
2261
4205
4053
3253
3328
32
8909
9899
3972
4717
4366
968
8180
6520
4093
9691
4904
3453
7587
8665
1504
3304
2168
7376
6124
132
3087
2937
20
674
7274
2943
4706
4315
7656
7481
1948
5549
6201
7017
2303
2383
5360
4202
3697
8900
7326
4659
5035
6651
5780
8226
8073
9720
804
8790
1110
6060
4690
5889
7210
2707
7187
3099
8344
7760
8937
7225
6237
2882
3139
1261
9884
3695
2279
964
3041
5917
8390
5532
8496
5709
9612
2828
6698
8675
4295
2424
6921
7669
9637
3681
1730
4291
6161
6942
99
2572
2121
7576
4648
228
3117
7414
6063
7177
9342
4561
2370
6985
4616
2678
6772
3349
2761
8235
7585
7448
7175
2222
1284
1445
3046
5952
3227
3840
8014
2940
5145
905
1466
9100
2267
8318
8463
5047
7654
6072
4008
7110
738
4155
4267
8407
452
1404
6827
991
5095
9942
7826
927
3247
9656
4907
8990
2192
8517
1449
1776
5424
2974
6500
9499
1807
3756
7857
5826
3285
3994
9666
6149
7257
3464
29
5569
7729
8944
9927
5972
4489
9450
8733
4416
6805
4318
9064
4984
1258
8912
7763
4965
6005
5997
8172
9504
1395
8315
557
3842
4482
8359
3896
3449
5360
6332
630
8175
9263
5641
6201
3403
9001
657
7980
4500
2487
7288
3454
7395
528
1758
5159
5324
3406
342
8181
8376
2819
6010
470
2067
6457
8851
8077
9287
2902
2050
944
6907
6913
574
3833
7697
3798
6877
8111
8189
920
4036
177
6484
5203
5166
6430
7966
8565
3689
2764
3017
9197
3808
6978
7216
6163
3956
6689
3018
6531
7087
2583
9274
960
9850
966
293
4239
5752
6136
7593
4945
3767
9958
7238
479
2580
1872
4837
6175
7025
6114
2904
1845
8946
448
7478
7747
9013
7061
4254
7296
2994
8344
4392
7690
9123
9365
3878
3327
6131
7422
7069
440
3388
7105
1465
4912
9719
9164
5648
8320
5538
2508
8087
8682
8566
68
3719
2928
3849
9726
760
8467
1912
3283
539
6964
7105
9975
7086
5736
8827
4969
9258
4629
1756
6944
5194
8887
4440
574
4554
5754
6111
7452
3756
7994
4847
8283
6091
5740
3471
342
1635
3074
2471
85
5245
2084
348
2953
728
9293
9728
8102
9559
921
3608
5546
3951
38
5405
3999
2700
4255
1020
3133
6234
7225
5952
1581
9297
1786
979
4885
751
9433
9563
9688
8828
8392
964
2718
4293
5748
4645
1543
3224
291
2901
7272
3168
1778
9998
748
8001
8348
286
8594
8112
4021
1689
2750
4445
2006
1563
2536
3814
734
9408
6182
890
1562
3445
5226
2183
999
4772
1331
2668
1065
8561
7582
461
7844
4
3049
8395
9299
6441
7132
9590
818
1471
9418
4002
7321
3152
6447
1081
2559
3028
2476
6868
4484
9822
94
9636
1011
4321
9564
2098
3809
5038
9734
3610
3746
5931
362
1825
8340
8145
5495
9498
2891
6605
9328
3090
3429
3253
9491
4923
2394
1750
2200
2050
1444
6066
3371
217
9319
7322
6768
4935
5214
3151
7700
1375
2039
362
5715
8333
2672
1827
5162
1627
2253
311
8487
3899
2477
1285
2975
1284
7711
8067
8366
5985
8458
6870
9806
9662
8911
8415
6498
6920
5939
1331
6151
4923
3767
7598
385
312
6298
4984
3978
1044
7163
722
9153
3063
120
5088
8634
6229
8590
2454
5458
9449
5852
6680
5838
2006
4724
8079
8088
8899
2208
1132
4963
4756
8319
2628
4570
4431
4507
6244
9061
8461
5740
6443
6470
2542
6145
5969
3393
4518
6030
2824
6532
217
6326
2455
3346
2774
3174
4907
1567
2319
7611
4582
5737
2668
4351
4010
5919
1429
7732
4493
8757
7206
1438
4263
7803
4307
2646
5152
2802
1901
9686
4207
4745
4430
2462
5841
8421
9003
243
4510
2852
3909
1640
9809
1832
5793
310
2640
3516
4870
6666
1104
1689
2820
8779
884
3587
1642
9527
320
6582
375
550
604
14
4468
3647
4571
8145
4139
9808
7397
3463
4264
8717
2408
1272
4909
2303
4789
8910
5237
1813
1919
3964
481
9144
4222
2004
4749
6396
4513
2740
6489
1126
7664
1629
6538
9092
6147
4374
8582
8066
3354
6216
3629
3296
3559
2719
1759
1422
5443
3210
7235
7341
3781
6507
8378
6070
8989
375
7667
8229
7743
243
319
37
49
6100
7818
7742
7140
3526
6616
9212
8992
3431
3670
8603
3412
600
5118
1039
7615
7972
3464
9775
1821
8344
6010
2186
832
8362
358
9306
9530
6706
594
1966
337
9387
2018
2951
4112
6671
2588
3878
9425
541
2365
7244
4772
508
2140
1185
7090
9699
3329
3596
8771
9834
7436
778
3416
6663
1379
7250
3582
7561
5021
2210
9324
4367
4004
8831
2521
3333
3284
12
6547
7658
3246
6077
2733
156
3718
7102
7992
297
9156
1371
7071
4989
6990
767
8539
925
3122
1854
6725
9973
6191
6234
7888
73
1004
50
1629
1094
9963
4358
3400
6458
3418
8530
6661
413
9079
8234
3851
8568
1894
6258
1699
5696
5391
7920
7447
191
8652
8695
4767
5909
5903
1453
2002
5095
5772
860
7829
2135
9734
8651
8611
9859
8418
6793
544
9240
8059
8425
4776
4477
6768
4617
1481
2072
6037
2633
6189
4424
5906
7699
4440
1752
7705
8469
5002
5445
9656
6912
9303
3912
7780
9156
1495
571
9381
2177
919
6816
5738
4203
5714
3449
2897
2208
3924
239
3408
1403
9205
2576
4414
8116
1648
6161
4957
536
2216
3188
1695
8595
9967
1893
5617
4556
6176
3225
2927
7089
4811
9575
8000
378
1634
9255
4670
1437
1644
4794
7855
1028
1213
1415
5262
1724
3803
94
554
4307
2356
8
5827
9478
339
7768
9819
4637
9482
4447
2333
8206
7839
5655
6413
6687
8999
6339
1017
3313
5866
2683
436
9235
5480
267
2815
3098
5093
6677
4618
4461
7742
7126
9136
303
8029
2446
904
9502
3418
1307
1701
9671
9709
7469
3747
9524
9461
711
7076
528
2545
11
2773
4128
2010
5221
3173
6138
2534
9052
4510
6102
9202
7091
3833
7010
2749
1551
1315
1466
9482
4272
1254
1722
722
1925
3216
7123
2444
466
1698
7315
6440
1155
2231
7735
1585
7646
9320
5953
3291
8187
2018
7032
8450
2251
2556
6753
1447
2605
2161
7800
4060
7737
4159
8301
9631
9775
5630
7131
3689
3099
1001
5335
3766
2961
4419
4577
1360
3838
6621
1396
264
2684
4666
9504
5616
3508
6376
7384
2368
6167
7237
966
3406
6058
4573
7364
6157
1397
4234
2747
2036
9536
3640
58
7294
4602
2885
2095
3080
8511
9160
9119
9068
3184
5787
7241
4147
4215
5249
2747
3437
9401
9878
1385
8378
3811
1489
4887
840
1768
2214
4000
133
3837
8242
7537
6974
3676
1633
1095
9441
937
4570
5231
3107
2123
1556
736
3587
4987
1600
6673
2497
5059
104
887
3098
5652
6702
9797
9356
9141
8416
5048
5475
1706
3320
3418
4869
2446
5335
4343
1646
9703
7076
2516
7903
9501
1706
4543
1017
973
6251
1101
2526
7366
1993
56
3333
2384
8197
6073
9060
6952
14
4000
6614
706
6632
1516
1063
1473
6873
5185
6820
7713
1161
2368
4678
5942
8751
9264
1286
6527
939
6427
1368
9748
7232
1927
3051
2792
9162
8009
1605
9379
6041
6019
4705
6964
9931
6944
4506
8111
1026
3870
3010
3828
4583
9559
4907
6872
5046
6301
9337
8008
1210
8813
2660
4312
1133
8462
7954
6486
3261
6387
8035
1423
2286
5064
6724
9254
1128
4891
264
2710
2092
4470
2178
5864
4558
1941
1352
8385
8491
1832
4171
1061
6598
9292
9687
8454
9782
4840
7234
9123
5284
7662
9762
9074
7928
528
2393
8042
5336
5292
680
4387
9432
8056
5940
8260
6982
4549
2694
9798
2963
4131
8825
5213
7101
9481
6136
6383
11
7465
5860
8315
1175
2301
2637
1273
8704
5090
6260
666
9568
370
3167
4443
6193
3118
3231
9686
539
713
7584
7066
879
5418
5951
426
6852
5575
3805
6269
5188
8093
4940
914
7917
7386
8618
4906
1193
5540
1609
3616
2346
9702
2466
8849
2083
765
5166
4598
7988
2809
9121
9849
4434
8544
9577
733
6659
5478
5194
43
2510
3200
7367
1540
8888
7309
7302
6372
9831
6518
9726
4950
9741
6601
4049
5447
4555
8981
5850
3561
8084
6708
2067
3273
8950
4698
6871
8053
1867
4503
3438
5005
6736
9930
5721
551
3764
6938
2440
2151
395
15
5504
1711
7398
1499
606
3861
6617
984
8718
7619
3452
5935
510
4501
9888
1617
9902
4188
129
8663
1976
8893
7791
2276
6804
1742
4901
5274
1459
2448
7258
782
7633
5766
6013
5472
8290
6224
4164
8886
1592
8244
2485
9004
8776
2192
5439
6444
7852
1033
3452
3895
1803
3261
6479
4886
1648
3260
6348
5908
6168
7710
8333
6705
1132
5475
7168
1141
8029
2695
1011
6624
1452
4651
5461
1494
7159
2211
9038
406
6175
5589
5723
6535
8932
7686
3951
8224
3243
2364
879
8567
5274
2724
4830
1908
2951
6986
3342
943
5887
2120
7480
7348
7262
9214
3655
3646
6077
883
3657
3504
941
126
1066
1592
4969
1850
4675
6697
7762
512
1542
7858
4527
3987
231
1679
284
8719
4109
3931
8914
6846
3104
8083
5457
8732
208
2853
5946
9036
1506
3051
1560
7953
83
4500
9653
3780
8207
2013
77
9439
1718
7678
7761
4023
3897
1926
7825
3649
9942
693
1139
5677
4338
5468
3875
6899
2430
7630
2780
5665
6928
1652
8230
6321
2104
4767
5545
5730
3831
1314
9434
172
6000
4917
5318
5756
253
4363
2909
2515
8048
9116
6316
4658
9792
697
3930
4376
4568
7213
6006
5179
8936
476
4317
9117
8387
8639
6674
5652
7662
4166
3029
2669
1073
4054
6997
8300
6425
7241
2025
2077
5525
1631
5826
2816
7016
906
8039
1802
4308
3176
6972
4946
9792
5032
193
6291
6248
3196
2058
8859
9292
7497
5993
2275
2107
8146
9531
4770
6928
8368
113
7967
6696
4596
275
2032
9286
3046
7183
8427
6928
4006
1474
8819
5734
7669
754
3748
355
8579
310
9568
9146
2953
8453
3740
7222
1194
4129
2627
3342
3891
5901
9553
1503
3883
4494
2446
5505
5875
228
3874
9070
8376
5932
1357
4124
4050
8759
6726
5146
7036
7498
4905
4208
2095
3556
5957
3668
9735
6449
4291
7523
2230
748
6662
1713
4644
5269
7144
6922
2230
3778
8393
1894
9818
9911
7421
4568
4218
2677
5906
2
9154
4849
8138
3880
5594
6196
9248
5863
3732
4803
535
4141
1312
5619
6145
2461
6730
6854
3232
7819
3808
9593
1783
5424
7208
1683
1539
978
558
2284
2369
3702
9066
7843
3672
5524
6388
6852
9699
4107
9724
796
6769
4456
8294
1074
8881
938
3837
122
3336
3415
8733
562
6777
3742
4120
9066
454
9309
4640
7345
2066
8696
6915
549
9618
6095
6637
7577
6064
545
4386
8977
9094
2576
4700
8697
2004
5934
5020
5320
8249
826
3034
9890
9649
7992
5079
874
5076
8281
7082
2671
2610
6019
3464
2118
7033
1569
5939
9112
1233
7617
7483
8092
3395
1149
8716
2364
1954
144
4795
9964
3601
9858
7723
431
4433
5626
4571
984
2819
6540
8339
3399
1796
3036
5112
752
9253
7986
8778
2786
694
8440
3658
7689
5398
7789
1831
7495
3207
8767
5154
577
8836
3516
4311
1028
5932
8558
1607
6936
5033
6440
6021
2832
1068
4982
123
9805
9713
4484
5310
9720
7298
2700
8620
56
1153
8124
7801
401
6546
9682
461
4372
4232
7198
6128
9250
9712
1485
9697
5528
8162
6835
5879
6134
3483
1421
2024
2490
2511
88
593
5224
9468
2864
4638
2734
4902
3220
7896
690
6472
7204
9166
6391
9315
9672
1521
7389
805
9542
7773
4377
6465
8225
8451
3599
6826
2260
7513
1660
9344
7767
8747
8250
1506
6804
5114
3585
9831
7998
7129
9623
4608
2308
5859
5255
3233
4002
8228
6283
4105
7304
8432
9338
7753
6630
9504
9678
1638
6325
7944
6455
8441
2731
9090
8820
6912
2335
5035
4196
2903
2015
8414
6478
6244
4019
7864
3814
1793
1684
2168
7088
633
7396
9190
5758
9998
181
8997
9476
7242
5059
8887
6889
1230
6636
6136
4967
159
7881
5301
5063
3679
6786
6032
7474
5563
2264
3707
3714
7881
2086
9522
3905
4894
5453
2211
1322
6415
354
2749
8246
4150
2771
2928
372
4930
6078
9439
8695
9310
9637
1937
6222
9334
8892
573
9785
1781
2341
5158
1607
5306
2594
8754
326
8501
8637
6813
5664
1617
7362
1437
1947
68
1405
1574
9937
6050
7184
7017
2726
3181
1989
2738
8734
8336
2090
8422
2778
5337
1297
404
6636
49
9571
2599
1582
8369
3271
2915
3347
7346
357
2912
3194
8648
4732
8481
9976
3485
5064
9934
4147
9895
5990
4554
774
7550
9977
8916
2776
246
6090
1141
7351
5544
7317
7832
8361
7796
4306
3765
4601
3316
1681
8388
8809
5362
868
4025
9681
3982
2918
8984
4978
6013
9034
7945
7316
5420
6040
8861
4911
9494
4863
8668
8918
2972
7529
1983
5100
5177
3371
455
4190
2019
3422
5815
7006
461
6107
2017
2626
9314
5286
5246
1533
933
2549
761
7598
9996
5051
6334
2448
4601
142
2317
6505
1535
917
2901
239
5931
3169
4074
9243
8803
4799
7109
2384
1972
2299
6439
5497
8332
7486
3798
5492
4944
4432
4147
4812
8742
9444
9324
2014
8922
1799
7537
8276
8321
8764
2521
4317
3054
4163
6849
4958
1790
3699
3892
6894
7443
3936
5810
9665
6434
5419
6435
5098
1116
6531
6938
2417
478
8469
5822
7406
2406
8595
3519
1888
4076
2909
6016
7017
3868
9089
847
2926
1643
5914
3796
9325
4188
9282
4998
1914
3026
8441
1340
1958
7291
816
4100
6634
1055
9442
1475
8282
8383
1512
3206
6505
8796
2750
6979
5762
506
4351
8864
7524
7987
3301
245
8662
8982
3335
1003
6015
2356
8405
7669
8041
9189
2849
5420
9435
7260
2885
5322
2774
3452
3970
9586
4529
1063
8941
1660
9749
3479
9220
8263
8479
8269
3917
9284
3421
4363
1123
6849
1009
6315
7361
501
5630
8746
7130
2855
7754
4814
9231
3863
3224
9103
6363
6531
8645
7072
661
8113
8536
3043
2806
7192
3495
8784
5446
929
1228
6263
1766
7945
5254
9961
7151
6299
2638
6055
13
4086
3021
2956
4759
7833
504
4707
7531
2190
771
3871
7358
2556
2242
7094
5620
3797
6688
2101
6208
6404
9676
5480
3942
3778
9801
3365
4192
4631
3101
1673
6898
1596
1172
3889
6667
5396
6030
8338
3810
3565
2799
4749
9133
5464
1661
1931
5499
4827
9375
6568
7145
3949
7219
9914
1119
3675
7093
6306
2193
3870
4889
892
7269
427
1150
4705
9176
9371
7418
1806
2945
3240
2699
4292
6622
9302
7589
177
7961
6306
2801
6378
2333
2183
2528
9082
1341
1259
8563
301
1647
884
8499
2057
3250
9893
8364
9279
380
4235
1239
1380
6034
2943
5689
2127
9888
5232
1766
4176
9723
9158
7903
1964
4699
3552
8499
4648
9769
5394
695
9039
4194
6811
5673
4466
367
1323
9110
2753
5615
8626
6683
7412
3216
525
8309
8390
2
1075
8906
2005
6806
9655
8179
2691
9217
3527
8421
6032
9645
2646
1550
6727
3966
6836
3641
7102
2668
8662
7625
1404
5667
2010
6780
2408
5733
3287
5420
4143
5335
9235
9118
2775
4605
2196
8163
4948
9411
8869
4084
9734
5757
7929
2449
4290
7584
2407
1423
1312
1691
8604
1223
9112
3739
8808
7293
7783
8902
7784
9169
7685
9452
1877
4437
5150
9791
809
4247
8564
5872
7833
3014
4205
6783
2808
4378
907
5733
6151
4510
6866
7182
4928
5961
9987
3973
3911
8757
1837
8146
8008
7960
4232
4819
5409
7796
1838
7099
7735
8825
7536
7999
4273
1375
3122
4392
9366
7271
9648
7854
659
3459
8236
7131
9160
9000
1375
6364
4599
8224
9451
3946
9582
6839
2006
1811
8294
2785
8648
5414
2459
8841
9158
7504
7174
9925
282
5807
9719
8720
459
8540
3464
2146
246
6219
4265
8288
8581
6118
7723
6633
4907
4957
7984
4274
8450
1773
4495
4155
9307
6468
8072
7659
97
2305
6700
1498
6181
5937
7915
1014
2708
2983
1461
8255
83
1992
5809
9919
6616
8753
8448
442
4911
7900
9774
1605
7731
201
4705
918
3163
47
6478
9232
2148
2903
5703
7951
6383
8001
7008
9456
693
5999
4662
2930
325
69
8171
2642
3634
4671
8613
7613
4554
2161
5867
8424
1149
8033
1655
7149
4908
1694
8889
8354
5085
2816
7095
996
5471
5553
990
8354
9044
874
8447
4286
1030
9428
9618
8226
7558
1874
8537
5171
6089
649
8158
7869
320
3156
440
2484
7576
331
4996
9345
9018
161
8696
7026
4222
3207
3888
8404
9146
5208
9220
3520
8966
4270
6467
6611
2048
5482
9700
4175
1372
4556
7250
929
5027
170
7917
1515
9291
8093
2082
6283
4387
6077
5534
9327
5059
5344
1523
6609
3185
9332
150
4520
7693
6384
2078
4966
3863
9629
834
654
5526
7868
830
7814
4543
3444
6937
2687
245
2106
8772
7912
9883
5946
1541
4687
9882
6604
945
1059
9938
1432
627
3678
1855
217
9059
2396
6859
3751
836
6182
7298
6723
7010
6438
1421
1728
3539
7923
7875
2556
9015
5693
5249
4030
51
9285
8160
7873
8042
6601
3001
6552
9370
7849
1790
8361
1728
6963
5678
8700
4595
5071
8921
819
8240
4368
9368
9583
2545
7860
9451
3329
9923
2476
7124
9437
7870
2561
7813
5131
4592
7636
198
2197
8493
9795
268
2563
8077
3146
3809
3608
3703
8009
7260
8354
4553
9584
1804
9273
345
297
741
7578
1667
5435
4520
2903
6953
1982
2368
6898
6478
2524
9022
6747
9182
7120
1359
5075
1809
4883
9830
6601
9652
685
6309
6262
7663
9815
7104
818
4974
5324
6520
890
2785
4457
4109
4266
270
249
9010
4274
7125
9438
3855
6914
5603
5103
9813
3160
8038
4814
4668
6215
3472
3203
2585
5848
4389
7844
5281
1900
2089
4396
9536
4056
8428
8222
9551
8204
7772
4040
2432
7348
5605
6331
6262
8564
2301
817
3200
5514
6906
4822
2910
9756
118
4559
4101
7001
643
4487
4731
6404
690
777
2312
601
339
9421
9965
9598
1653
242
5005
5740
6732
942
7535
1397
4107
3669
5214
6055
5723
7462
2427
4700
2828
4883
4475
1014
4222
4756
6912
9149
9976
8107
7096
9402
1208
657
4224
4940
677
5635
8946
4286
665
6440
2035
2934
7425
1659
5543
8691
5835
1458
5905
7815
5657
3454
1301
3139
9063
9341
1439
705
7350
9831
9289
4837
3989
4625
9609
5744
4209
8860
5245
6557
3243
33
1815
1988
828
3062
5339
7038
3179
7977
7338
6437
8627
6896
8328
9009
5297
5393
6603
4304
4291
1420
2805
9190
2696
927
1744
2000
9344
8917
5129
5810
9815
9115
4858
7572
5563
3466
3807
1904
6503
6880
9059
6464
9164
7499
9587
1808
2523
5776
9757
3194
8960
2662
4180
78
7664
156
777
2241
6280
2898
7943
3126
6022
9666
4237
1631
7928
7662
2540
9302
6890
928
379
8173
3568
7998
7008
1204
5204
7354
2674
8706
232
1269
5458
7633
2794
9753
5514
1426
7976
8971
2061
5925
6230
4914
3855
675
7128
6281
1215
2554
6582
1109
4125
2985
6767
5040
7776
865
2280
1834
8857
5847
1343
6627
6795
8868
5978
582
9850
6931
1280
9404
2806
4334
3276
8628
8464
2492
5338
3917
1722
5549
7483
1578
2160
4256
2348
8075
3764
6405
6289
3929
1426
2338
5963
8849
4258
1043
181
7869
5094
6192
3377
2445
1978
8789
4214
3683
1826
8162
2640
9447
2334
4837
3312
7123
6713
2511
9537
826
8575
8654
6409
4847
784
7609
1958
3237
9603
7479
7054
4529
2637
2837
7574
1742
3848
5333
1781
9806
3432
8948
6064
5419
185
5983
6018
4397
2126
4496
5464
6744
9604
3737
6907
1001
1085
4224
5217
7608
5035
692
8335
9344
5563
871
4798
7350
738
7780
4297
6246
3628
2651
1838
9700
8469
8878
3904
7065
8942
9580
8598
5720
7140
6567
3412
1493
6429
2605
2669
896
780
5257
4462
9166
7565
3691
2695
7828
115
2985
9894
1475
1602
1146
5734
8308
3443
7067
9732
3042
7603
7129
9781
2310
191
6752
1513
3091
6123
1733
9302
4101
5386
2593
1640
6697
8244
5536
2628
418
9149
1643
7372
4166
6052
850
5883
8578
359
5618
480
851
6547
5774
3044
3977
7260
1892
3022
6864
8116
3448
5659
1791
4628
5224
8889
5681
5179
8597
2918
9504
6892
9689
3287
7459
7845
1451
8622
6952
3972
1863
92
2273
980
8356
833
273
1330
378
5610
8511
8566
3576
1878
721
2141
4829
8219
7930
8534
9133
2612
2033
8599
4163
2881
3602
3903
5347
3745
6642
2529
2109
3509
7238
9600
6299
9323
1126
4342
9642
3302
3127
811
5772
9589
7224
8257
4193
9813
7556
2569
4192
4688
8437
2913
355
5680
9924
6503
4058
4004
7314
7264
6360
7119
2156
773
9067
218
7668
9763
4378
6857
8021
2724
8194
8627
5538
898
5377
9506
7273
3635
5867
706
2018
8459
6252
5158
4063
6525
6706
2
7238
611
659
8076
8594
4464
4107
8878
7484
8325
1254
5754
3459
8784
3562
3727
2017
7541
3964
8681
5041
9589
3867
1690
9293
4888
2916
9563
3366
4533
9813
4785
991
7393
3674
4138
779
1745
4651
5287
4654
368
5588
2968
8932
1696
2762
1423
4590
8439
5784
518
5436
7933
9253
1271
4602
2710
6573
4647
8262
1235
6878
777
2677
3383
241
8599
6153
2064
8262
3880
1548
7970
3335
470
512
2151
3933
3597
5322
856
6474
6797
8481
6619
2736
5948
1435
4939
5161
7179
2606
3511
7384
5879
2344
3667
7471
6653
1919
6685
6743
5437
79
7189
1675
4657
556
6068
56
7953
1255
9220
1265
6719
9456
401
1674
878
203
1071
4174
906
5410
9683
1938
6056
3275
8754
3387
6232
1708
6649
4764
1338
9101
5455
7496
7858
4233
4184
3940
506
6985
6113
7784
5301
9556
9594
481
8110
7927
6979
4261
5933
4696
4739
4235
9262
7628
1198
6514
8910
1556
1447
9338
6033
8942
8549
2407
6513
4941
5652
3804
9365
2311
1044
302
178
2459
2886
6720
4256
3047
9237
9507
9022
6481
3677
7701
7468
3302
5740
3620
6450
6076
4289
6416
5306
1209
241
5
5241
9705
6591
8402
2443
8886
7857
7362
9697
2863
8609
2302
1894
1395
9346
462
9251
2772
2395
6473
328
9550
3509
2433
6493
2332
9250
7447
4597
9577
6872
953
8313
8549
3691
8017
7453
2626
1650
2092
1173
2242
4623
7864
4274
2508
5991
8972
1287
5038
1930
1094
6901
4902
3152
7706
988
6493
3499
2987
9857
7429
4967
4217
2067
6239
7467
199
9691
2954
4693
8232
5788
7990
3232
3250
2617
2427
7026
2067
6522
2720
2489
8674
9977
407
6766
9293
2668
8927
5396
4310
2566
550
9354
4260
860
8591
4972
3059
2986
8229
5326
1939
139
3953
2415
7929
9536
4011
5126
7065
1192
3438
5520
5586
7795
4690
4035
9259
6700
9463
5875
3504
9121
3446
6354
6041
2801
2851
7336
6949
3068
8437
9343
1961
5474
1783
4124
5747
3482
2070
2923
88
5058
7141
3833
7107
7536
1371
8140
4878
4608
3317
6248
9275
441
7865
1409
6812
4377
9704
4055
9954
6503
8242
4781
8341
4344
771
9945
99
7505
4702
4938
5596
302
8226
3490
3522
5880
6171
1773
5554
4151
3700
1244
2064
8475
6858
568
1162
2391
3855
464
2623
1819
28
49
9928
1460
129
1044
7462
2712
814
6867
7338
5691
4652
7582
7699
6974
2309
9104
2854
1197
1817
8222
2914
6048
1526
8158
2806
8299
5372
5307
3876
4151
4798
4427
2265
4424
1818
9904
4695
6425
5233
2672
2011
8655
5947
3867
694
9846
5273
890
7009
2804
7993
3418
2784
6651
5270
4576
2032
7397
4259
1281
4936
847
2477
8808
6712
217
7238
1669
5288
947
3468
7139
4951
5262
2168
7202
2004
407
4691
4742
8495
6110
8272
3428
1170
3764
9906
3314
5780
4114
9983
1173
5270
4892
2186
7880
9291
7444
6818
3286
4819
4985
6042
6659
6549
9936
5264
8695
8909
3410
917
5725
22
8090
8472
1975
8964
7293
6151
2265
9156
763
5512
7469
3383
2066
5576
4866
6634
6843
4326
3420
7336
2449
9846
8233
6625
236
3737
8310
3782
400
5870
7276
8716
1426
3438
1360
4473
2656
1516
1232
6056
2452
3308
3841
6663
866
802
5498
2817
9454
7445
933
9738
5722
2775
5774
1702
3262
539
7825
731
688
1390
962
3809
3946
7114
2785
2551
2410
6554
5301
8819
7901
8919
8796
7430
1029
2678
8575
7131
6365
6010
7844
9185
4035
549
2808
9373
1571
8990
1907
7952
5827
5699
7288
1352
1261
9735
54
3386
5883
3553
1583
3466
8606
1748
8184
280
2175
2376
6569
3166
9561
6989
5279
9644
7174
1997
2684
3018
7712
3982
7871
7807
9856
6767
4997
1946
6210
2924
9131
2212
526
2818
7636
8553
6169
3344
7752
9265
7670
3848
8730
8582
7202
1325
9268
1359
5551
8495
8765
9658
5163
4065
5359
5636
3746
1682
6736
3408
1668
2551
4546
6446
9352
3353
7407
1130
94
1737
9292
8926
749
1237
6808
4429
8633
8760
570
3737
5962
7867
769
1777
138
4812
982
7741
9847
455
2736
1171
7775
4168
5308
5606
4620
5830
9506
9706
6743
3480
3498
2022
8565
7858
1604
3262
9558
2646
9401
3036
8346
8238
28
7604
4263
1216
172
6431
566
5085
5069
1080
2735
8087
6856
2713
1563
1912
4090
45
9956
5680
4043
8253
6596
4933
4111
2016
78
5383
3181
7592
5565
3448
4886
2085
9841
1429
2930
8788
7863
9055
3854
6822
623
3729
9132
8325
4033
4705
9672
5452
4895
7042
95
7277
2561
8189
1801
5509
2453
6278
2075
8264
2797
6802
3592
9704
2783
562
6688
2457
9601
7391
4620
4737
2333
6725
5848
1307
3222
3277
9303
4315
7081
6676
9069
5173
8715
3673
1297
4850
8265
7737
1844
2402
9297
1931
3079
4372
7425
1157
9549
4114
860
4436
6436
5952
3283
2168
3337
7307
8025
152
346
4607
469
2668
686
1378
5226
3775
7002
1319
1580
3540
5135
7583
9629
1193
6792
8510
3269
4487
3266
5958
8223
8504
6773
6803
2926
2240
6812
4725
4915
196
8856
5062
4948
4328
5562
5000
8363
4136
3151
3647
3571
5413
9192
8431
9190
8103
8340
6986
5228
3800
5024
8332
3264
2335
5170
7571
3816
8831
6555
2735
800
340
7816
4926
4317
8197
9667
9928
8367
8257
1542
8293
571
1245
6636
9237
1207
7199
816
2298
2236
3292
4873
1286
2987
6090
4767
2164
8128
9922
4712
3014
3037
2164
9459
5047
5147
3396
2646
643
2469
5642
1976
4250
2815
7435
6648
8528
3672
8718
386
8106
4401
2921
3859
6333
7299
8269
4406
3500
6345
6386
6134
3955
4140
8784
198
9343
7390
704
5189
3226
7286
2231
9809
1533
4917
3989
9251
196
7977
9507
1535
7265
9213
4758
7049
9296
6990
2365
7571
6991
3506
9784
6221
311
5582
2075
8207
1689
1039
1761
4361
8834
1935
5097
8168
7383
8341
3149
8662
6862
2755
7972
8463
5690
2179
7329
4079
8811
3568
4593
3989
9297
3851
9601
2885
8599
5538
8925
3181
5177
9363
5600
4431
4172
2553
5457
5535
1526
2307
325
5054
4010
9165
9578
9582
8876
9901
6840
2187
1603
6699
4173
6706
1226
7062
6703
1173
5773
5588
9003
7653
5253
6873
1576
8855
8189
4878
561
7620
7832
5281
2635
2958
9137
3803
9989
2546
1592
3045
6960
8758
2410
8584
6662
6214
4559
9305
5381
4756
3253
5787
8776
2896
3979
3695
4286
3650
7037
653
466
7781
8764
2469
4203
7035
5763
7403
7606
2571
998
1126
3560
9711
8042
5874
5866
3739
2039
7852
5260
46
6216
6221
3752
4445
2882
6470
6943
835
4833
3356
3989
7346
6778
5299
477
5266
2489
3010
8645
1175
4690
5584
4235
2541
7046
4865
9719
1842
8164
2749
7231
2836
3814
9341
4492
9868
8396
8243
9912
6690
8452
5718
3891
9931
1334
1381
3540
6104
8805
8563
3594
9023
4800
9997
9139
2982
4153
5975
7826
3268
6121
5952
5516
2366
9339
7078
7827
944
601
5471
842
5258
7129
861
8279
330
6727
962
1741
948
7250
8873
8498
900
168
1999
6134
9177
8301
1691
9748
8737
5172
7611
3197
231
9682
8480
6848
9042
5278
408
3292
1002
7137
7422
3428
1274
2574
1117
1575
4131
8842
6460
2730
8594
4683
503
9512
7794
4864
7457
1736
4714
2661
4546
7411
8006
2172
8934
8397
4938
1005
7282
271
6896
5957
7840
3900
9063
5103
1978
7062
2639
2093
4206
485
3762
6449
2496
541
1094
3337
7443
2949
6366
733
416
2374
9110
4931
8879
78
3980
5967
2004
3395
8285
9662
1477
7969
4194
2706
9518
8998
9419
6299
9474
9205
9014
7664
3415
231
4426
4369
7833
4509
9816
4351
2263
8022
2259
492
9419
1008
3901
42
1438
273
8571
578
609
5303
1476
4721
5189
2782
2346
5644
5627
3154
4930
4558
7600
4472
1510
2757
8722
7968
1848
6234
6603
3418
5050
1952
8766
1134
52
6689
2547
1287
1639
872
681
3063
1841
6348
9746
2264
3139
363
8560
6846
813
4459
1094
3375
5559
8125
8862
3648
6371
5691
639
8161
6350
948
138
2850
992
4054
1437
1487
9875
1738
4237
1985
6469
8993
950
8918
7445
9680
1528
7727
2910
4076
7655
6334
1802
7765
9419
4359
4644
1098
3499
8232
3891
3038
1647
718
2058
4253
7575
6351
5831
7054
2926
957
7719
4525
6494
2579
6909
3458
1232
672
6473
7891
747
6348
2075
2354
409
7628
732
2915
9436
1734
916
6571
8536
7040
6692
5899
3265
7011
3628
927
7838
3007
4432
8956
5094
451
6268
4894
2624
8914
519
5477
7944
2340
9017
6992
3592
1335
7645
1797
7749
185
6148
9017
3219
5900
4001
4753
8717
9945
4234
1771
9907
1428
3684
7491
720
1010
3347
9846
2241
9837
963
5635
4196
3655
4616
2980
4357
8587
7991
709
4232
3047
4324
2226
1876
7839
8664
7810
7953
1785
9105
6697
2831
7508
5998
7250
5046
1837
2324
8991
8346
5129
7047
5416
3770
3098
6829
5570
1912
6874
1436
110
5314
1015
4081
1601
7644
4155
7153
104
870
8174
4600
6032
6269
1803
76
6667
4474
4813
4394
2757
3285
7869
7033
8763
8692
4339
4752
3905
6588
5618
766
6978
3855
3854
6088
8141
5139
2189
8993
3919
7023
1306
8528
8915
8657
2893
9731
4825
2771
9851
4131
7521
4920
2467
9624
2433
6543
4062
6653
686
5959
351
821
6696
7239
122
3841
6200
1441
2288
4391
2053
4035
3987
7678
58
1551
2312
1278
9853
2879
6669
5235
7311
3926
6842
7449
3413
4178
5337
7114
6330
5739
6650
2302
4172
4046
9738
4434
5257
5849
7339
1287
5305
9523
2368
4165
5456
4906
4239
2306
75
969
1330
2496
5618
4311
7498
8589
8677
3020
1670
606
7781
8542
7326
1150
4565
4952
9361
8089
1695
1776
6761
9071
1090
651
1240
188
1096
7646
3625
4309
2596
7600
7646
8198
1146
2100
6931
2836
705
4341
4891
2374
8827
1242
9797
1794
8782
9652
6369
253
1723
5447
322
6530
7273
1424
3634
405
190
6612
4208
7281
6946
4561
5805
1089
1262
2548
3799
6832
2462
7870
5830
3755
9816
1370
8373
1841
9627
6821
2721
3444
4767
5354
847
5230
7827
7018
703
2014
3019
7898
8689
4838
2320
5020
8378
4017
1493
7586
9180
4937
8141
3818
6666
7425
6208
7629
4356
7704
4455
1235
9459
1094
1991
7712
6837
2806
3796
5373
4826
6676
9921
1483
7243
7477
6373
7562
2426
7225
198
1238
5462
5084
4182
8947
5762
1345
3203
779
4646
2449
5434
877
7302
1894
9038
1922
4715
207
3311
6228
9636
1072
99
299
8830
1460
8291
170
6875
897
3927
2073
4808
1543
4845
9640
1093
7979
7192
50
8630
1910
6884
664
9031
3264
4040
7942
9630
1609
4900
8285
6122
6314
3275
7917
4771
3477
7814
9664
9904
4387
2369
458
175
657
9006
457
1135
8959
1382
2728
9886
5995
411
8764
841
5370
9429
2306
6842
6292
7360
362
8793
421
2881
5974
3617
6106
3766
6956
6668
3343
4683
6230
5698
2881
2869
5766
9581
6898
3898
1902
5074
4807
1724
6870
5963
6887
6207
1678
1334
6022
8717
334
7559
8982
8979
4125
7252
3679
9216
4194
8988
8988
2564
4352
5145
3280
6008
2922
2793
531
4819
8267
5435
8191
7226
8207
7464
5251
4597
5304
915
3851
5714
7869
8242
5870
8933
658
6623
9782
2118
2918
9631
4335
276
1884
3221
6730
4621
5844
1247
400
8032
623
730
6084
7209
9359
1853
6047
3789
5625
7117
683
9449
8757
2417
291
654
2025
6725
5039
4777
2054
4839
6209
4735
1074
6980
6235
7026
9036
277
150
2493
7341
2239
9381
6814
3339
4642
8132
7851
469
3588
3118
3660
2837
9880
7818
5188
8240
6820
2952
2054
6390
8861
2591
9840
5256
2038
86
7766
2057
275
6743
1082
374
6624
7769
8303
1462
8955
9022
1120
6270
6486
9472
1374
1445
3071
5996
8238
502
2326
4469
2885
5650
8685
2926
5205
6845
4633
8260
8008
6658
590
8471
1587
7032
1305
6805
9507
4668
1185
4482
7082
2326
3304
2531
4648
5250
6343
141
7140
5037
4523
6989
1374
496
2138
344
2908
9796
5022
2662
8229
4319
9042
2069
8912
7223
7148
1920
6304
8286
6509
2929
6753
6149
3501
7091
640
6677
4884
1993
9469
6160
160
2656
8381
9109
6643
4753
2487
5856
6461
421
4975
6186
5212
5015
664
7103
7514
276
2819
7517
295
9291
774
1674
8966
2702
1753
5507
9488
5090
5678
1421
9068
1352
7920
4922
4359
8971
3007
1220
936
5839
4356
5458
2535
8194
6647
7961
4121
2206
9558
5071
9825
1479
1090
435
3723
8263
1240
5247
8318
4494
3686
5007
363
4939
7462
5055
7647
5585
6089
9525
9307
9790
7213
6705
2537
5766
2014
6484
6171
4488
6591
3849
1401
8724
7284
5618
4084
8578
1939
78
1477
3526
903
2038
625
2381
9069
6576
1609
9344
9605
2567
5558
4409
3501
6274
6416
8529
4410
6722
6128
4231
6273
4266
3282
9768
1755
5005
7978
3559
8352
9563
7164
7511
7554
1826
2116
6688
1552
1108
1785
7109
6224
6807
9693
8510
8312
3032
5229
4398
8453
3168
2815
5106
1983
4644
3094
9365
1107
2143
9607
5186
9575
7271
943
5627
3120
3721
9886
3281
3956
5893
6413
3374
3998
1301
3652
5521
12
6076
9235
4580
8564
2282
3861
3916
4581
8035
7101
5798
2142
7872
8137
3512
8638
8784
2369
6939
1423
5847
315
6091
9527
1154
7955
3500
871
3579
5505
9106
5657
2716
974
5094
2759
2375
2362
2515
7874
5144
696
7412
5672
5371
3816
593
1899
8809
7386
4260
9596
8204
9326
1702
4262
4781
4300
9716
2079
9634
946
4420
85
4644
3861
3452
7500
1773
8885
3639
6555
5785
6422
3134
1323
4853
9409
1609
8117
7102
2983
8719
9976
5088
6298
1013
9788
3713
3335
2173
3725
9586
3346
9621
7805
7579
6811
727
645
7098
153
4877
2903
4495
3107
2460
1235
3724
6883
2073
6067
154
1627
8630
3765
7131
3704
6229
6511
5919
6313
9858
4221
4275
9873
3249
8194
7927
5726
6779
5497
3549
3682
2559
5308
444
6602
6621
5541
1968
1542
8465
3970
2894
571
7689
6548
5464
360
1769
250
5469
5750
9949
3487
7065
88
8695
7087
4037
1160
3872
2133
2468
2500
7428
6328
8147
1658
2614
6708
6904
1996
9436
8521
6448
6974
9309
1002
3148
7156
187
4437
7647
7154
5187
1145
8724
7207
7637
6309
7586
4888
9920
2631
6932
7047
1076
4889
3920
6739
2837
5667
2906
3544
1487
4007
5912
3533
9629
702
4706
7677
9390
581
8648
7337
1380
5195
9151
4655
8762
2205
5249
6837
9542
2679
7396
2670
1598
9671
854
2020
7554
1649
123
4399
26
4818
3546
1914
2765
1724
8945
5801
3211
4006
816
978
6656
8741
9795
8193
3656
1215
7029
7814
3341
3920
4442
5838
695
3357
3686
8428
9137
5747
6432
8084
5645
3832
555
9370
3075
9553
3941
4017
2971
7753
7627
2896
9983
4252
4739
702
8362
2235
2421
1552
59
5127
1549
4741
4953
8485
3219
7316
1664
9298
2575
9034
5900
1331
1292
6544
9644
1147
7786
404
6837
7598
9163
3549
438
9036
1981
3575
4910
8754
8139
5313
8377
5576
350
2671
3504
9749
3087
2638
4057
3679
1850
9705
4060
3585
4920
3748
8219
6225
7022
3465
9916
4826
2233
2437
7682
687
5524
2019
8416
8501
8031
3710
3711
296
8857
9359
9367
3748
6242
8305
5115
9502
3229
2711
370
5895
9905
3001
7442
8002
3096
9482
5866
9642
2680
1349
423
2158
8607
625
4647
9007
8625
5250
127
1887
6357
194
753
5025
3452
5107
7277
1612
2316
7949
7040
5473
9961
1298
1578
240
1867
8602
9072
7336
8286
216
1229
8446
9412
9544
5320
3289
1239
8635
9484
9060
7918
2671
4765
3731
4979
9079
5958
7524
7614
4269
470
4550
1744
8287
9237
6596
8471
2167
2441
3336
1862
9263
350
5014
3003
6342
5590
6006
7378
1541
7799
1426
8950
3286
4915
7247
145
8182
43
1454
8560
6791
3343
8457
6759
5840
5248
1048
4327
4201
1819
1122
594
8641
1857
3298
4965
4518
5521
6785
7088
7161
663
8316
3271
8184
196
3493
9376
8652
7590
3569
4638
3196
1308
7307
4707
4884
9483
2040
1047
8811
9566
9231
3672
8464
7726
9307
420
7417
6306
4235
185
2574
3813
2937
718
443
2734
4561
3496
7736
8802
4092
7519
826
8160
2232
1158
998
9520
5661
4561
9546
9722
1666
7033
4020
8069
5327
5466
961
9130
2105
6132
4578
7759
915
3272
3005
3687
1899
2259
5525
1562
5696
431
3844
6457
4330
5841
1843
690
5054
1431
8755
9535
6675
9663
1489
1390
1109
8089
5861
7752
3631
2475
3146
2569
4208
7259
5698
7595
3918
5086
6749
1046
7015
7424
7714
8686
2124
6288
4101
3513
9135
7285
4307
7567
9271
7573
1830
4810
5932
5743
6074
2572
4072
3734
5645
249
9381
7824
162
8206
1249
7687
354
6552
6258
7900
4606
3765
7052
908
7636
5200
9431
4268
3062
6348
3023
530
3287
731
7271
2936
472
8987
9100
1318
5409
4882
1540
2984
5952
5012
6741
1817
8964
3587
3091
2900
809
8230
9922
5844
2942
8594
6627
4396
9776
5964
5178
4975
7334
1375
8684
209
2361
8403
2841
6393
1181
2471
4478
1032
8028
1648
8665
8607
4832
802
5868
2837
2395
9957
222
7969
3398
7065
684
7377
2551
8714
6437
2219
860
4992
9044
1924
6618
269
4421
2085
7905
3791
2069
7988
1437
4360
3746
6935
4657
1860
871
9605
9372
5143
6265
8701
8115
7798
9423
8101
6886
799
704
2544
9981
1272
7029
1385
7318
5784
3342
8471
3514
7566
3922
8762
3104
7931
8990
5394
2027
6999
6192
4746
626
6910
456
4209
4385
2251
2988
7305
5656
3352
4561
4843
33
4919
5754
3875
3948
7625
522
4152
2480
3729
9001
1613
889
2352
3040
1317
679
1374
4242
9589
2814
6763
600
5661
8940
2530
2586
2710
7326
1077
7346
1107
2624
8289
1682
3042
8287
8852
595
146
1565
3896
3291
657
5200
3474
7319
4378
2640
1673
7229
4714
6167
5386
1757
5004
6121
5561
6375
3732
6340
2968
2211
2209
1243
5115
7219
3067
2652
9318
7936
4747
6594
5362
5598
2684
3409
9838
6473
291
9172
4994
4288
9835
4413
1603
6046
1518
8703
6193
4229
7342
6922
515
8371
2031
1511
9011
5055
6595
9139
6739
7399
3281
8946
8855
1113
5731
3553
6746
2711
2689
8535
51
7485
2231
9011
7933
8673
5260
2578
6792
2082
2809
4409
5763
3436
3123
846
6311
3554
7570
5417
7357
5543
4482
1035
4303
8608
4849
276
1594
4130
6555
4475
9847
4477
6257
3179
5061
5926
1203
482
2669
9733
5482
838
1224
4600
7365
1519
8328
1439
5689
7210
8788
9781
1031
772
2516
2446
6135
4924
8601
9362
5938
4338
3943
9101
5959
746
8831
8883
7872
9542
7848
3424
8735
163
3236
6122
3266
1636
9185
9916
74
2635
8481
2896
1367
287
9195
3324
3002
7487
9271
1278
925
9787
7328
8004
8774
2858
3359
4071
4349
5265
1657
8255
265
5792
203
9475
1198
5385
4709
3556
1615
3164
8790
7143
1889
1
4224
1924
6295
9826
178
8955
3239
2971
1920
1544
1224
451
4049
1090
8008
4884
9016
2855
1765
3312
2921
7705
8326
3635
968
4967
1083
8550
3167
5488
736
6898
4289
4905
686
2626
2527
1181
4144
1887
6941
4680
1607
9595
3717
4538
5326
6549
3996
2023
7636
6045
5169
2158
4635
6490
2542
511
5893
3926
4938
5211
3049
543
35
2450
1808
2978
8328
4198
449
3894
5334
7391
306
1806
4717
7926
7312
850
2346
7183
6835
2417
8668
9643
1779
2661
6758
2828
733
2533
8533
7090
8805
6148
9612
8129
7560
9056
6462
7039
8085
4752
6223
4687
3495
7094
783
6876
9532
9668
4354
9183
4942
3763
2136
8199
8454
3118
6705
9610
9941
7768
9800
1555
4218
6384
855
4338
9237
2953
4925
3997
8839
4470
8317
7918
2004
235
6745
3205
4344
2203
3
6935
3579
5926
8480
6679
4235
7329
241
9637
168
1192
1988
1969
7708
899
5677
719
1117
1374
8559
5027
5209
1201
6431
7500
4787
7022
9037
76
925
3440
2702
6906
8828
3468
4487
4116
1900
4364
9360
4263
4290
3680
2586
7866
4708
6298
9707
1266
3937
1003
2618
1169
4776
9559
7901
3799
8601
5977
8808
3249
8373
6408
1088
8154
528
5190
6562
3379
9475
8968
8259
98
958
970
4630
1706
4358
5959
8455
5417
2173
2684
6427
6975
9889
9826
5903
5853
8186
9103
5201
7992
523
5417
1676
1177
6951
5604
5325
3331
588
5048
4389
9979
133
6763
1397
8916
3866
7314
8089
3815
1460
8761
8352
3506
948
821
63
9966
3667
8316
9231
1277
953
5380
2467
591
1251
3780
7716
5355
2624
2116
9520
6056
1142
8630
8632
4647
9747
9215
2075
6907
5389
178
8191
4109
4767
4002
83
137
3913
8017
6934
4678
3215
4979
141
437
3737
72
5706
9555
1818
1007
6868
2191
8615
4139
5942
6566
5408
1031
6518
6783
1606
5300
497
5998
7002
1578
827
118
3552
4102
3414
1812
1711
2586
8105
4060
8127
8089
9569
7241
406
2471
7521
5403
8298
490
5424
9333
4904
6440
9599
3482
1651
7494
5903
8250
3249
8905
1673
6390
2441
1832
5990
5815
2504
4062
2137
9634
6828
2991
4847
3348
9226
5007
1664
9792
4670
4426
4170
3480
6624
6729
8510
766
2856
384
5612
4834
9507
1645
7447
642
1245
4114
3026
8240
2496
1637
792
7173
7351
2747
4458
799
5194
6340
4607
5541
8119
1316
2639
8532
7074
286
1803
9702
2353
9386
4509
3498
4791
3401
106
8751
5150
1091
8440
9191
9222
8102
1833
4415
2759
5490
8686
2374
291
7623
263
8271
391
9572
9397
5357
2617
3618
8681
5383
3876
3759
2149
1774
421
5373
5777
2603
2003
6963
1023
6923
2628
4389
4566
6140
1542
3071
6020
9279
793
8119
5591
9641
3635
3800
8781
4771
491
2624
4000
3761
2403
3176
1472
9793
964
8733
2703
8831
3375
8861
7520
3461
6525
8871
6128
5414
7358
5552
4652
903
9744
7514
8836
5864
5546
713
2639
7780
2972
8725
5172
4340
5451
4675
7076
5402
8143
173
9761
3366
3868
3524
4782
196
6821
6376
7655
1034
691
3007
538
2221
2596
4996
2072
8038
7137
6081
6540
5898
5522
3803
9887
3850
2428
3501
7591
4885
9742
7012
131
9857
7350
8010
4370
7403
5320
3262
8326
7522
6723
8995
8147
4418
157
7512
2995
7650
8481
5192
6478
6555
9498
8804
550
5260
5396
4599
7552
2636
5489
6535
5280
2634
4263
5131
2343
3593
421
7079
2680
8587
247
8499
4236
5408
7209
5885
1093
5471
9738
4232
285
4997
3472
5714
4533
7000
1874
268
2124
4636
9262
5174
8234
4017
2848
4286
2896
6331
2256
5759
2314
8617
8860
7370
8952
5025
3341
2764
4153
9815
4415
3209
3167
7647
8557
89
8872
5544
3079
9122
4451
9665
6912
360
1755
6097
9306
729
771
5135
6414
3712
6109
1643
4286
1375
7098
755
7237
5031
5914
7879
1712
4154
2314
2226
3019
2749
1447
3393
2886
3051
8576
2311
6007
5575
9911
3336
5065
2584
4799
8335
9751
3755
219
554
9397
1596
4197
973
5407
9548
1368
2032
2646
779
6968
5150
6877
4591
6294
5493
3855
686
1291
4121
3406
9948
5686
9126
1341
3408
1603
647
3208
86
5160
6106
544
9706
7739
653
893
1662
8024
773
3667
8401
3929
1102
1334
991
9949
4947
1150
7954
9564
2092
3239
9825
7652
7695
3761
9366
5840
378
7574
4376
2418
2287
2545
7424
1727
8469
5455
1803
3476
6984
4217
2277
8471
447
3031
4190
5251
9325
8907
3243
8782
5508
8420
640
1618
5451
2898
1677
9591
8272
7306
1554
5074
8307
7601
7087
3205
3812
7376
3495
2387
6736
5275
2161
696
7256
7655
8609
3065
3231
9698
6101
5803
1690
1472
7179
2860
5276
4609
235
6106
2252
6267
7355
6303
5685
5202
4367
3676
6322
8682
1343
9388
7912
8224
4045
5957
1351
907
3565
906
5786
9336
1978
8315
3275
713
8352
6372
6110
2719
5745
5163
4955
6687
4131
9033
6119
2441
9403
1873
5295
1975
905
709
8965
3565
6015
31
2587
2134
3879
2650
7148
6628
448
1897
4991
6527
7653
3572
7599
8018
8983
3156
7507
3746
9660
8661
6654
9546
3064
888
1480
9528
81
6147
8496
9329
3691
3843
9430
7905
2198
6283
2360
4167
8640
4161
2610
4360
9380
2393
3311
5025
4370
9887
4924
7157
8385
2324
5012
1323
9572
9725
4239
6616
2149
1385
1732
834
8928
6318
4827
6209
7561
2154
2096
8811
2336
1056
6577
4665
5638
2985
6447
4183
2703
8401
9726
962
2618
8891
6662
9989
5867
3235
5171
8452
399
4328
5890
7256
4397
2176
9492
434
5583
5221
5241
7222
8162
5003
3551
5069
3460
4939
4494
2673
599
3835
8347
4190
1397
2479
6838
2211
9009
7243
2392
4564
5861
1471
3816
563
6136
1389
4667
260
8041
676
8495
1769
3988
3799
3807
8999
2366
8630
6333
7209
9520
257
4236
1731
3188
5244
2180
3638
3773
2790
3626
5600
465
1468
4610
7268
7504
305
4521
2648
2339
3363
502
3552
6049
395
4142
3923
6527
7827
9232
9251
2386
8158
1000
2629
8286
4835
4261
5704
8431
9132
2018
3045
2916
549
7056
8816
2282
1982
2908
6063
1553
9321
169
1665
8549
9926
4704
8766
7693
1325
5325
2486
8766
3426
2337
6888
9451
6319
1908
6706
3227
5188
905
6289
3110
1193
6577
9214
1562
6978
8908
1822
9311
9475
269
5162
9769
471
399
4117
3757
9961
4433
8105
7732
1923
1741
6511
806
6300
5726
7317
2859
7290
2465
6581
569
5367
6118
6875
7126
568
4859
6550
1474
1325
1683
923
6251
5289
4958
4085
6963
9292
6060
8724
9630
3491
1356
4016
4522
8084
3732
6068
9966
9846
1920
5613
8659
7177
2640
6614
1392
8677
5845
4923
9315
2153
6933
2798
4301
4788
3744
9129
3215
1007
5306
741
3334
9024
4469
200
89
6749
1532
4241
9475
9117
2256
6902
9801
1796
305
1839
3264
8450
3064
3814
3660
4120
3594
4705
2044
65
1414
6381
8999
7342
1831
2970
7782
4077
1369
8881
8703
5996
1514
3352
8967
9154
2134
8296
1524
1093
6083
3634
9176
1132
7237
3743
6675
2948
7409
5577
4704
1540
9101
7678
7459
9652
4815
6438
1276
423
372
4765
2357
7781
9455
6577
9308
9249
3318
5560
141
9449
9128
3922
9112
4637
6783
4988
6608
1988
491
6224
5824
3100
8933
6099
38
6578
9482
6379
8588
9027
7546
9045
1709
2388
1940
3522
5926
9549
2443
8711
1628
4312
2647
532
5145
2343
7524
90
6744
3744
1736
8350
9647
9043
530
775
3345
6841
2029
8125
540
4768
5693
7294
6204
5675
4929
3868
7525
1014
6923
381
7797
8561
4958
9408
4576
1964
9483
2230
8270
9203
1528
7412
9779
5503
8905
5572
7992
9224
5732
4895
5733
6665
2697
6361
6501
9095
4708
1576
3241
7556
8270
4731
5249
6773
1592
3706
547
2648
2033
5355
3665
6793
4388
6062
6364
4399
6273
3915
1921
239
3345
5148
7573
1257
5658
7433
1026
9971
9277
6760
5299
8511
9805
6739
7174
477
1316
7892
5823
8196
2806
5914
2689
8735
8686
9814
1164
2907
9055
1250
1241
7990
8892
140
9676
3227
7403
2005
1459
3983
1473
6169
3273
5484
6670
4096
9795
5745
6410
6953
3519
7680
9310
1678
7884
6843
4196
1484
7571
8413
2310
2379
3531
1537
754
5056
1404
2254
3948
4622
6646
2159
6450
3407
2742
7567
6619
899
6507
5416
405
3614
4689
7186
7747
7479
4366
5711
4903
1398
857
7122
1059
4323
8498
2396
5287
9315
5571
3692
2139
8391
8020
9074
9872
5812
7148
8725
4762
1604
2867
3987
1442
8911
5871
8089
8307
1667
9652
3151
80
6385
7323
7835
8461
2716
8317
2784
3160
5093
6141
5376
3124
3346
5805
2555
1596
7800
376
9532
3481
694
2897
4485
5358
3643
9038
1494
1753
7481
7743
6292
1446
703
3106
7890
8193
3498
1036
9032
5160
4087
7524
6240
586
9679
3227
4068
4231
4246
8716
8707
1512
2883
2785
762
3668
3955
8755
1759
6799
9963
2148
9713
905
168
3063
7309
3063
1376
7514
6834
8709
3694
7961
1119
2852
4448
4691
6286
809
5891
3460
4632
9118
5336
5402
1537
9859
5607
42
9960
4546
6479
9771
621
4941
4558
4205
3227
3424
5256
406
8919
3653
3202
9230
75
2910
6754
294
999
252
2447
3120
7716
2099
1659
1038
1775
6395
1802
2254
8933
8032
8571
9622
8344
765
8465
6098
4833
5411
5554
8123
8890
2236
9656
499
4767
6552
6038
3559
7873
2921
2267
9988
7858
7717
449
3984
1011
8638
129
6235
8559
1359
6924
7409
895
6539
6034
271
6120
6742
2764
8755
2897
4992
2455
2983
4156
9272
40
4990
8975
3636
5740
2344
3676
7755
6218
8738
4554
7373
2250
66
3329
6073
8641
2607
833
5994
1296
4338
1097
2289
8340
6732
9936
2739
6974
9954
481
9879
1840
16
3264
9350
8817
9067
6251
2581
9725
6533
943
5435
7228
1462
9156
9111
1770
764
3473
295
6533
2521
7004
1793
410
2748
5145
7014
900
1819
3092
6367
5064
8814
6768
5622
1028
1085
1294
972
548
9974
7938
332
536
2485
88
5503
4035
4737
3487
347
6954
9180
5202
2015
7817
747
1749
505
6818
8352
1856
6249
9626
7704
9167
822
7801
1767
2695
9439
3985
4204
4935
8681
9274
1325
467
201
1075
222
1880
6692
6644
82
8891
3104
622
8298
6356
6620
9700
196
3725
7493
1002
9901
4837
1806
7125
8104
5624
1442
1219
7116
4365
4436
197
4682
3504
5944
3698
3052
1621
2421
5402
335
9232
1480
7942
7046
1927
3654
5075
3641
2951
1904
1634
7455
3833
7140
5231
9771
4384
8573
8152
9153
3616
5665
4512
2369
7768
7396
2513
7739
3914
7441
9529
3102
3687
9723
7687
1365
1179
6611
9915
3689
5661
6772
9358
856
5669
9774
3681
9633
2994
522
4187
8076
9539
4837
7691
9155
9974
9437
3065
4529
3207
2631
4397
5717
9158
3752
1182
4740
8794
4537
5981
4733
6635
8209
4101
4344
26
2843
9308
5287
8684
4088
8379
5684
4699
7396
2451
4273
9745
9228
1070
3634
220
5611
6910
3575
5336
5422
4373
3240
5798
2157
6922
3091
1010
7812
4625
9942
5601
3612
3812
1929
335
5954
8010
3101
4415
1702
6465
7282
1823
7804
9540
1805
9171
6721
9504
7268
6552
5982
6031
4960
7383
3273
8349
3106
6124
7462
3094
4383
9718
4708
3709
692
1249
2702
6570
6079
2006
3162
109
8145
9855
3780
4384
8015
1632
4687
2191
7580
982
3632
4855
510
7982
9051
3196
5477
6080
5119
1611
8180
5390
6296
8044
8570
8561
700
9958
7098
9721
4916
794
730
430
1965
8962
1123
6575
5513
645
497
6871
3391
6243
7143
1968
3106
4105
4565
7571
628
8200
4994
137
3057
1077
395
2427
5759
8774
3318
3708
6789
6610
7657
3529
9053
9974
8464
179
3916
8938
9197
2813
7282
793
361
6980
3703
6587
370
1496
9330
7970
167
4507
6104
2308
4059
6895
5431
89
1561
5729
3036
2228
2897
2666
2719
9722
4549
6040
5048
9627
445
2327
7747
3795
3126
2110
1420
4890
742
8065
230
3060
9231
3651
552
4572
1875
8629
9480
5383
9004
160
5983
8429
2056
580
6909
6156
2917
4628
388
2625
2255
792
6779
5431
4789
5209
1962
7150
5584
1620
3953
1404
1176
3249
2678
6862
98
7866
9518
2904
5944
9017
539
9971
673
5136
8028
4692
9315
671
4783
3996
3950
3369
3978
5448
5308
3974
9008
4933
4722
5040
1159
9221
2501
3629
5334
3788
5681
7202
9636
2170
3255
7429
5328
8952
9671
5791
205
1355
2536
9309
8225
1761
6442
3403
2240
9672
5499
3191
6521
5311
1919
2877
2785
2285
125
8761
7395
4617
4848
7197
2030
3333
6083
1331
5738
1430
9235
4418
571
6884
9471
4365
7042
9114
1063
355
8973
3525
6847
7379
3830
1958
2948
7696
7651
5120
8192
2791
3590
5345
2638
8667
9781
8850
4269
129
4583
5394
8852
6766
4374
1076
6831
7764
8301
7802
6028
9023
60
9006
5535
553
405
8091
6058
9451
4582
1100
2576
4967
5935
5275
1999
8305
7606
864
9214
2577
8753
1087
8560
5002
3981
1774
6464
3547
1716
1063
6120
3248
2457
4126
7098
1800
9267
85
9099
5690
4977
5682
9584
3119
9872
4952
8577
7107
8869
2398
2542
6713
6867
7404
5118
8423
8369
9248
5003
7487
458
2797
3466
4414
9403
9029
9067
251
8970
7652
3565
4610
7457
5548
7803
2052
5547
1835
9245
7283
2099
1913
5868
2706
3008
9691
9679
2278
2803
9197
8405
5654
2838
3908
4579
7834
7054
4110
6587
5421
7183
138
7456
391
8768
9060
9108
5791
1165
6113
5228
8759
3761
4956
8494
1795
3693
3900
7858
3473
8555
5845
998
3005
618
7531
3791
8891
7724
8242
7285
4083
3293
8173
8489
287
241
6984
9278
5434
7378
1337
1869
331
12
4804
573
6366
5077
750
1297
8961
3936
6063
1008
472
3896
1527
3180
6319
5224
6287
6964
5390
4552
5432
8119
6323
2168
3053
9306
3572
2842
9494
2928
4031
7694
185
9596
4048
3744
1970
268
1515
8813
2506
713
7050
9149
2351
8101
1491
1169
1477
6373
8214
1601
5454
623
1998
8827
9576
833
7381
8516
4499
6685
648
3347
1198
74
8326
9564
6043
6745
4192
5487
1556
226
7154
2380
9239
7755
2376
1063
8042
9359
7699
679
9768
6033
1672
3270
7071
1515
5817
1902
4922
1471
7580
9310
3677
6834
2241
5033
8358
2647
3
7204
3131
5726
4076
7097
777
5125
9403
7013
5898
7410
3019
9027
2490
6223
1071
7637
6387
2596
2308
2545
6835
7020
9011
986
4586
4068
3103
5597
564
4782
9256
7704
4607
7420
677
5689
9042
4380
3946
4314
2027
4527
7070
8639
7554
6002
3214
5571
7119
27
7031
5506
6912
1911
4232
3012
1676
4624
9716
3382
4022
5243
6257
4918
3989
7665
2346
8753
6199
6875
1834
525
3521
6306
6952
3720
7026
8491
3969
465
8476
430
5236
1794
7042
6230
4858
8457
4184
3791
3023
5458
1944
2593
7826
1431
7023
663
5083
8851
5078
414
4755
5182
9507
2748
8961
1370
380
9648
2606
5012
2573
5184
8226
163
8097
7096
4890
3207
9240
3325
3418
7491
8302
2455
7897
2168
6692
9833
9166
3647
9110
1928
14
9122
4378
8663
3647
9733
8888
6146
671
4996
8882
8937
1235
6147
1418
164
8168
2921
974
91
3050
8387
7386
6799
7057
6124
1198
9389
1360
1051
7054
4264
9967
1837
7750
2662
3204
7752
5949
9151
7212
1227
1664
1477
5197
8240
5346
5200
7895
7811
8530
4689
2796
9528
8400
9104
8261
4603
584
1544
2630
2351
7277
5321
6418
7750
680
1230
9356
3861
8761
255
8260
6719
3563
4414
3843
8118
6520
9743
7244
1627
1939
3657
7815
7003
6831
3932
8822
6292
3473
894
1187
9413
7273
2281
5104
9421
743
807
7773
6894
6226
7319
867
539
754
4754
3509
6930
9289
9902
5789
3470
8517
6561
1736
4980
5250
3997
4719
5490
668
1625
2718
4700
1096
2138
288
2802
7248
7978
4437
3287
5981
758
171
6918
2398
2298
1199
975
1137
3270
2617
430
3148
8813
3864
4249
5712
3527
4819
718
5759
1330
1245
4277
4797
2796
7224
9830
6397
6677
1138
3852
7225
4416
4287
1984
7839
7201
8587
7947
8240
9239
5929
5633
1101
1981
6902
4284
9274
8642
9770
634
7740
2843
2655
4743
5927
6207
8856
5160
4315
6297
4730
6743
474
2646
1350
7257
9046
1774
2306
8742
1258
433
4558
1171
7864
5176
740
5242
1813
9355
4704
3401
4186
345
143
6990
1739
5586
4270
40
7963
5193
8243
3256
4615
8911
7033
5943
6220
553
3393
4067
7413
6515
1480
4724
160
6012
7223
2338
969
963
4726
7882
3586
9843
3331
7640
2951
6461
1275
9463
6147
6058
8117
3405
4948
4316
4445
2440
7284
5570
4297
6727
3442
6344
9153
8635
4976
6716
4531
1632
3778
5958
2005
1957
4487
6258
4087
3923
5670
7314
4137
4685
7505
4663
5200
5359
7276
6634
6294
6715
1617
8219
1249
2819
1429
9065
9438
8947
1305
734
9810
728
9363
605
4420
7642
3285
4383
3370
4433
4804
9175
3226
9832
2612
3077
8829
5067
6772
8733
2932
2636
6851
8593
763
4956
5358
2699
673
4891
8954
2496
9770
9740
4294
1408
4250
2197
8551
2915
3164
5994
2997
9836
5209
1574
9907
3188
1071
9541
8100
9957
9132
4432
7521
2612
4144
7897
9466
1520
8001
2467
624
9256
4803
2116
9424
3682
604
4859
9217
7299
8908
102
5223
6650
2133
6842
6104
3112
5987
9202
54
8154
5230
2363
8141
312
4011
8924
9752
2515
6168
266
9456
9077
2261
6923
47
1836
6300
6733
5429
5875
8958
2631
2859
4348
4640
739
9725
3184
956
270
8327
5443
7497
2101
5276
41
6992
2757
8528
4356
8252
4123
6703
3384
3749
775
9337
1048
6077
2390
8392
9803
8175
190
4628
9635
8196
4672
539
4759
577
4503
6349
9327
4816
5321
256
9369
3132
2090
7731
6429
6753
5166
222
3513
5645
5985
6139
7917
3890
6470
8655
3793
9416
7960
4382
7622
9142
4723
6453
3481
980
4797
7597
2582
9519
841
2169
4065
4906
1320
7980
6812
2985
8852
4475
1131
7343
5215
8940
1284
3655
3003
9185
2864
7259
6211
2503
5505
2960
3403
4178
4122
8518
6679
2743
7771
4373
4368
2852
9825
5581
2108
4660
3156
388
7897
2537
4081
7040
4015
5183
4659
9130
4914
5461
2133
5920
7056
431
1092
3183
6819
6180
3802
3091
8545
6547
2529
6662
9800
7488
4910
5155
2403
8564
3402
3903
8285
7809
3087
6187
2652
5944
1138
5758
3039
3741
7386
1893
2799
8248
4177
2411
470
8655
9111
3732
7686
5257
8954
6352
9892
5901
4424
7499
3414
2709
5369
3616
4032
6995
359
6106
2690
6630
8114
3985
9402
3313
815
9663
1938
5272
3459
4574
5089
6447
8266
2116
6467
2087
3282
5428
2352
8565
7112
7615
1660
7335
7257
4485
3917
6281
8824
4434
4508
3897
4063
5905
1115
6160
3419
985
7810
7484
4555
6305
7601
337
9855
3123
6636
8399
8374
8602
2733
7312
7387
9622
930
6446
616
2904
6556
5931
7438
6952
3499
8784
2951
8305
5209
2326
7405
9457
8124
1861
6027
2066
8034
5940
294
1881
9312
4508
3224
5325
8584
5889
7102
6076
632
6868
3590
3595
7654
6021
2231
4426
5304
2403
3190
3109
3602
733
7828
8216
3060
1110
4207
5555
3328
447
4410
4366
916
5125
2153
8194
8557
9642
9537
6138
7962
7800
2873
4354
3219
6530
7906
8277
6593
8583
9546
7841
3137
5220
5296
6672
1197
8791
4205
1747
6730
6709
3901
4517
1144
3509
5762
7507
6671
6205
7653
1002
8414
4016
7921
8448
6218
9753
6450
5874
9401
6886
4648
8469
8957
1305
7598
1890
1755
8836
7932
9804
3479
8504
9510
6199
2092
2180
3086
7952
3957
7237
1793
7390
4518
9927
1314
2838
5271
8494
7667
1807
5010
1985
9784
8086
8625
8202
3271
8791
3494
6322
4733
3337
5140
3143
7131
4417
1324
3075
8080
1153
9803
8385
6272
6281
8410
3806
7623
2962
2678
2019
97
7580
1110
8986
5749
4425
656
7151
6753
7402
6837
3489
2980
1170
2904
8931
1488
1171
8746
1443
1952
5192
9069
888
9779
7044
7581
1352
9945
2430
9504
5468
3064
7703
6772
7894
3499
7180
1044
3338
8994
1147
2592
5055
9466
389
967
2046
1269
3637
6260
8081
412
8619
4309
1651
1333
5369
8359
1362
5595
4790
5942
6426
2077
985
5941
9601
7746
1127
7411
8826
7890
9307
5099
1138
1762
3536
2250
4140
8698
7408
5995
428
8774
8019
2088
9320
370
7925
3848
6753
7536
4929
9076
365
3751
6969
7912
3107
7769
9774
686
7404
4123
1564
1175
8088
5450
187
146
6370
339
7094
6591
703
2462
506
2260
9976
590
811
970
5107
7220
3532
3518
7251
7119
8807
1915
505
4283
7632
192
5858
7658
7020
4741
1143
8241
4533
2295
370
6249
2512
2483
869
1717
7212
7766
6510
8680
8445
7498
6279
378
9354
1630
533
638
9
4055
2551
4796
4886
254
8214
5929
1310
1224
2205
9384
4085
9956
4518
7406
8468
7082
4802
6768
9331
6213
5370
5985
3392
649
9274
9471
4886
4439
2930
1208
8080
93
2851
6893
9555
5432
8633
429
6255
8818
619
5595
1143
5957
392
959
2519
9648
4806
1846
5955
7990
8275
4649
9401
4328
6748
5972
3439
7615
4986
5316
3430
9599
352
5464
9336
3950
3736
6280
3731
5775
2884
6160
3550
1446
7859
4980
7783
3355
8227
3005
4061
6919
7249
1608
5916
1308
9794
5998
1432
7594
6307
7285
1491
967
4253
2872
7247
4683
5633
531
6480
6611
1629
1746
5685
8015
815
2731
8284
5855
6832
6327
5954
2797
4580
2233
6629
5193
1102
4455
8357
5220
246
6825
4887
237
4792
6319
983
5980
7031
4855
80
6613
1967
1804
3953
5017
4475
4802
2949
7756
7769
284
7631
8528
5953
2025
8411
2650
4322
3723
6178
6777
4762
5009
1985
1161
4156
4587
6161
3506
9346
6758
2611
3561
3950
2019
9282
297
1147
8826
17
1766
3316
6809
1696
2358
2245
7560
1513
2347
5416
3523
6614
7454
3200
2667
4530
1427
8263
7202
7282
3837
1694
2892
5612
5212
5681
9649
7962
6685
2926
9575
6378
6662
3158
2332
2033
9142
5279
6237
4400
1411
4645
6666
6246
499
3075
520
3392
7464
9847
5328
9295
5568
6263
7133
2795
5203
53
5466
6453
187
7810
6594
8768
7519
1722
386
6036
4192
115
6446
6478
3588
3328
3799
9073
651
1672
3781
1770
8953
7666
5484
1914
4129
6425
5773
1773
9146
141
1423
9226
6799
6364
9799
401
4962
5691
4557
1231
6218
6880
9890
6060
495
2901
61
9213
6505
985
2120
4737
4418
4595
8602
457
1161
4443
5651
5217
3540
5336
7291
7766
247
6373
714
3945
1288
425
6479
5553
179
2049
3828
3992
373
4968
4198
118
9973
1849
7057
9541
9900
4616
691
4001
9711
6883
6868
5983
2838
1551
1460
1846
5614
1670
1908
7967
4732
3385
6712
1744
4843
1672
148
4841
4692
7581
9701
9182
7107
4397
7366
4980
7075
7192
6897
7173
5786
9997
8155
8282
6654
4871
3791
5005
9927
525
9795
234
6935
6286
2144
4705
3302
1971
8338
9162
2865
8360
9804
3086
9889
6673
3339
8707
5380
8559
2037
6198
9310
5856
72
8312
6118
5641
438
5037
9063
5686
6749
1440
8330
8365
548
8363
9091
8353
1243
7758
4348
6028
5151
7092
1713
8354
9969
2824
6043
8580
4669
5834
7968
1627
6942
8951
5171
9154
3623
9225
8410
8326
7873
9031
3955
791
2297
951
7177
5409
7216
2427
6347
260
7033
3899
8728
2888
7342
3619
6957
3814
3163
8481
2084
9335
1041
162
72
9753
5039
3622
5137
6553
9341
6769
8425
4333
9849
4706
5456
9030
450
1514
6871
1713
2248
344
4773
5127
4650
2906
5480
1778
2877
8714
3672
5056
9711
428
9271
3966
8410
4871
6711
1628
4929
1552
7556
7188
4895
1844
6689
6592
1630
2349
20
44
5966
670
6232
6953
3252
9169
1672
2180
5242
9784
1415
7562
8036
6473
4085
5013
2579
7248
9766
9040
7468
9622
3800
91
9843
6299
3711
6912
9463
4365
2390
2448
6774
6227
2614
6529
8345
8997
2617
1070
6612
1049
274
5024
5672
6773
5180
9683
8597
1426
9518
4685
3714
7201
1367
4333
1866
6746
4720
5016
5286
2664
713
1785
451
2423
4500
3761
6449
1966
2459
8092
60
4950
5231
7828
7493
4218
2382
8987
2070
610
2646
854
167
9788
6678
3082
6017
5851
9220
6917
4263
9202
7028
4356
9477
4012
906
9417
3840
880
2189
1095
1020
9907
9851
1894
1157
1612
6360
4285
4133
1723
8542
6357
935
5071
7397
1076
2371
731
9642
1378
621
9998
9532
7552
1178
8976
2892
5998
2588
4168
1627
5083
7646
3870
3753
2499
6594
3188
3201
5239
3178
2567
4853
5037
4149
3170
1608
4079
9773
3643
1060
6261
805
1954
4159
7143
7404
2761
1426
5813
9438
7316
2252
8376
3383
4618
9238
3097
4450
7545
3992
9377
9682
9292
313
3507
9963
5072
3771
6259
167
7334
4905
6365
9770
4824
4275
2893
331
3566
2497
5360
3053
7086
3073
1230
2489
4363
5668
316
4598
5676
5045
5767
413
4922
4397
4832
9032
1433
7820
8640
1438
4816
8016
7476
6253
1669
6532
1186
9213
3225
8951
5834
1538
2193
9336
9485
7409
4335
4228
5657
881
9569
7933
9932
5562
5341
5263
8455
8221
2511
4611
4586
6579
6508
329
826
9517
2969
5347
3327
8092
1197
6802
366
8178
1422
2555
7266
5906
3813
7887
9627
2276
2916
5271
9466
45
8790
235
6110
1203
631
4189
8484
3989
3750
9643
4469
742
8488
4193
1881
2353
8677
995
4414
1495
4309
3744
5857
7343
64
1563
5908
8505
6578
8480
4908
9404
3765
2250
3073
7122
3043
1684
1309
5799
4405
6272
6069
4445
3491
4436
4828
1792
2637
9358
3603
4490
2297
4229
2834
4445
7762
8243
7591
5765
8015
5388
7591
8876
2287
8749
7357
9459
8430
1907
6879
7152
8456
3611
2656
578
491
8037
9985
7918
7439
4346
7186
5476
2168
661
2675
7500
5155
2679
9338
4180
4360
1007
6087
7758
7048
7150
6965
7683
6571
2420
6081
825
5039
4232
4430
4276
8427
855
3846
8782
9166
1758
9207
771
5414
5314
8834
8470
8955
8104
2063
5677
7394
1708
1961
5934
7427
610
6251
4186
1488
863
7854
2425
4071
2949
8833
3126
2601
4550
2606
3987
1893
8663
3630
4284
2193
1387
1261
3880
3789
5420
2911
4912
1680
1570
9218
3333
4069
2474
5814
4596
7852
6669
4008
3374
8217
2037
5266
6342
582
2125
8483
7661
8922
6308
7240
9409
3624
3573
3842
5848
7316
1420
7288
7721
1863
3744
2282
7392
9049
4189
4569
5252
1427
5745
1110
3812
4787
4361
678
3643
2632
9985
5907
9142
8944
303
2220
6529
2260
3244
3261
3415
9942
1418
5115
8099
5766
6307
8979
7627
5521
4762
3828
4141
251
1534
2960
376
2637
2809
4846
1933
3313
8281
3456
5855
14
4807
3254
9339
5451
9785
7166
6304
6109
9052
863
9648
1232
5295
1912
333
6727
8151
2380
8818
428
4487
9830
8174
377
6741
9302
6014
2279
7962
3065
7072
3043
7168
7300
6901
6953
3434
6477
736
7041
4172
5718
6852
1202
9347
5405
2802
2245
8385
6169
2467
7813
7450
9778
9834
2902
9560
8023
6512
775
5022
2218
3611
9339
6559
6305
6661
7424
4133
3356
5633
3215
5039
6838
6755
2091
3935
8880
4846
6567
6512
2792
250
6740
233
5974
3422
319
8256
3026
1816
8064
2634
1740
9027
6446
3008
8147
6370
4832
3595
5179
7192
3545
5364
6383
3228
8847
9158
9867
1421
9171
2237
2749
4863
1250
4512
4106
6289
8991
3065
856
7310
1255
5526
5750
8267
2840
436
7979
8923
5098
9118
7254
2891
6415
7068
2943
5721
6629
6281
2457
5767
572
8922
9668
3973
5512
5989
8532
2935
3830
6672
521
2581
1001
9002
6007
4203
5057
7411
986
2015
3215
3232
1263
6929
721
6884
2052
7398
3753
4764
8215
9583
1284
265
6846
2897
4975
2592
9739
6413
7012
9325
3259
700
3094
2295
4613
3974
5027
770
6606
4255
6515
1634
2352
1222
8909
9669
2654
3706
253
3733
6905
9508
4202
5112
845
4374
3125
6905
5485
8578
5811
3896
3161
8446
2222
2967
2779
9679
302
7653
9859
8922
4715
2678
1714
2969
2505
8335
2426
3486
1421
9698
5878
9805
8580
7845
1326
1420
5698
2754
5665
1705
9929
8386
7164
5272
4592
775
3094
4591
1102
6623
2998
489
738
9003
459
7798
8198
1969
2422
1285
5599
8333
6840
8018
6897
5081
542
4221
7617
7869
5714
3303
6683
5204
934
3611
6595
3604
6365
3739
1286
7599
7626
2776
9091
2659
3141
8545
4332
3995
5355
4434
5705
7
3459
1519
2221
8752
5062
3455
337
4711
6168
5199
3420
2885
2925
7942
3466
2434
6290
4679
7667
6938
2490
9100
4600
5562
2445
6819
303
9056
2048
6096
5064
7316
8380
6558
6027
3628
4766
709
5780
8955
9828
7145
8241
5675
4487
5369
4868
8457
4945
9644
5384
5670
6090
531
3866
9881
9833
167
8315
4625
1360
1544
7107
4664
8557
8104
2651
2756
3366
1244
3023
733
4719
6256
5934
2367
2332
722
6939
3411
8019
5362
9831
7157
6022
52
7256
714
7378
3919
3889
4822
5164
9621
3949
1387
6380
3506
1628
9639
2093
3087
2865
320
7549
1483
7704
4701
9618
8124
6847
670
2025
7032
6148
6939
3480
3817
7966
1697
4805
1093
5409
1025
3926
5419
4131
6786
9979
5595
7199
1162
2763
9953
4189
5483
2175
9299
955
8223
9975
3591
4587
5430
1196
1729
598
1779
2280
9828
2821
7675
8475
8628
6018
3467
8577
3002
2672
2066
2670
9721
5782
5750
9523
91
6911
145
3584
3169
8340
1644
1564
7180
6556
9962
5879
6058
1859
9641
2063
2728
6817
6327
9949
5485
3140
6937
2765
3612
4769
600
1412
7887
9143
2876
8157
6803
946
3446
5360
8756
5668
4809
383
9781
7528
231
7989
6135
7989
6907
4507
384
3315
2316
8803
8138
7240
3938
2814
249
9043
7847
6583
1587
3427
5820
3947
811
1076
1972
8427
5455
7113
9271
1113
1096
6932
3587
1545
5968
6955
4872
8485
1925
8906
190
8869
6687
9746
6961
4819
5230
9476
3061
5126
2392
1822
8048
9282
6058
6102
1594
3791
9083
7512
9550
8837
2173
3324
9289
622
6785
9606
6978
9581
1056
6205
7314
1139
3782
1962
8289
4813
1569
9632
684
5261
4746
4984
1030
8256
9514
1463
328
2326
3730
6987
4447
6827
6336
3090
305
4057
2853
8556
3206
7481
2075
2603
9760
9284
3936
6096
1934
3877
8896
2462
2936
2545
2784
529
3355
3709
790
2228
455
278
5439
6673
3985
6786
2888
3947
2189
8763
2463
6567
7820
1201
5954
7841
2310
815
5151
1607
3397
2235
2481
15
9091
9143
5509
5709
8180
8653
4742
4328
1137
5623
4605
778
6216
2034
2060
1158
5841
2940
445
9139
3822
1886
9697
5631
688
9982
7580
3428
1815
1869
6828
8779
6919
7558
3850
9386
2447
855
509
8770
4310
3959
2448
854
3971
1955
6250
4843
7482
7654
4283
5727
7527
919
9866
3274
829
4930
2136
7816
8936
1702
7081
888
3023
9891
5180
4438
7090
3452
7923
1091
8227
2888
7682
1343
4459
5448
9767
6405
8332
7889
1926
1966
914
8822
1662
7781
1779
9381
2259
7642
6866
2465
975
8813
292
7678
8617
8828
1490
1244
4608
5029
6319
9538
4307
3163
5490
8866
5667
1489
4709
9322
2798
1539
3507
6449
5420
3742
9357
616
4540
8284
6680
8926
7220
2893
5218
9863
6043
4705
4945
2357
4054
5270
5776
171
778
8031
1267
1713
9299
9081
7073
7111
9466
305
1612
2779
3158
6314
8195
4534
1703
318
5014
4323
5108
5022
4281
3183
3120
2126
1931
9207
6812
2350
7934
1806
630
3490
6867
3021
541
3833
5151
2281
5284
601
2616
2722
2099
7311
7995
9203
361
6922
7591
2233
6305
764
248
1622
2260
6264
3230
4403
1059
7367
7368
9649
563
1147
6412
6602
1753
9164
1648
2526
3759
3097
5150
4741
31
9640
6312
9133
553
5562
9827
5139
2606
8877
7539
416
4721
7333
2980
2342
9651
8223
8692
5029
1251
1742
1906
5246
2087
9543
693
2348
2421
8677
3533
107
481
4364
2377
1003
756
5792
4272
747
1201
1585
6235
7615
2827
8665
5457
2158
1004
2787
9899
5362
4740
8491
9363
3118
3955
6232
3009
3446
5770
3299
1535
9162
4787
8396
2339
4780
9311
750
8014
3074
6470
7686
4232
5253
2866
1382
2664
383
2881
7507
9857
3213
6523
3473
1693
2293
5285
600
9391
9972
105
8050
6011
5129
9558
4462
7458
5428
1131
1604
8260
6128
8932
6894
8800
9727
7637
4550
3962
7366
9120
3166
2501
1729
1273
4843
7085
2418
3136
8332
1850
7987
5660
3600
9076
442
7676
7659
1201
484
6209
1703
9437
41
2073
4245
6842
9930
6367
2728
7951
906
2052
2057
6285
8451
2381
6949
576
8607
2721
5594
7774
1759
5063
5484
9024
183
4480
4049
51
4646
5000
8352
986
3898
2985
939
9281
1821
8165
9659
2058
1674
8842
3064
5737
6967
5269
5852
1213
7592
9334
9709
5618
3160
2367
9083
5063
3994
79
5123
8554
274
7991
4880
312
4851
2412
9958
6394
9863
1535
2438
3300
4136
3481
809
7446
3208
2811
1518
58
2680
4609
489
7132
4330
5143
4887
4512
2412
4575
7448
9650
514
9660
1108
4667
9246
4941
5950
6195
9712
9364
7730
1348
8682
385
5662
9273
3625
1383
3801
9796
8329
7888
4960
1570
4499
2969
9405
357
1982
8575
2986
2058
7675
5082
7752
376
3009
7372
1360
1133
8300
3145
8154
9819
6077
1948
7398
6289
8509
5544
1048
4531
5176
8206
7322
7706
9800
3598
2138
4678
5177
7441
8126
7211
3791
61
1452
5385
4643
8808
9616
5822
3517
6307
8216
3975
1075
3101
8051
5632
4641
9126
1114
1671
9260
9136
6821
5908
7296
9695
5227
2489
7615
5589
1775
3656
2631
8020
4819
3634
1111
2779
8586
4412
2181
4166
5175
8130
1310
5967
8856
9136
2400
5817
5330
7119
8190
8462
3761
4146
3158
8603
392
8059
5792
6420
7043
2734
3705
5021
3214
8467
897
4465
2543
4666
8151
8318
4403
8338
571
1294
1683
7751
4615
9411
6107
6486
2985
6841
1510
3022
5222
469
5696
3382
2193
5206
2986
8418
8409
3183
1041
4670
7689
3950
4413
5418
9144
1695
6819
207
9308
62
1820
3560
8685
2897
5334
1172
6533
5893
7288
2027
8528
724
637
5450
2686
2865
1063
6464
4279
7044
3400
1747
5408
1348
6910
3899
8026
7607
3871
7001
9461
6367
4157
8238
4102
1299
9944
7107
9199
1553
7819
92
4126
3547
2883
8311
1302
9080
5139
1110
6901
9550
7695
8693
329
9620
1257
4151
3229
2783
5799
5649
2249
351
5409
6762
5868
846
6088
2351
3545
1338
7655
389
6360
9297
2318
7354
3465
7676
2345
4272
1578
6203
1618
4011
4629
7896
6232
2772
4435
3102
5319
545
6924
8058
92
2803
7256
6507
3743
8395
1875
2107
4013
1711
3944
4846
2139
2404
3946
5647
8986
6910
9432
6511
1511
4369
4398
5950
7415
3687
3884
4333
6155
9451
7603
2376
4870
4062
9764
3647
3275
1885
471
7910
9153
3442
5184
3478
5432
4918
4898
5910
877
6555
6040
5264
7306
5307
6172
3366
950
6313
3785
2125
2287
8376
4794
9084
5768
290
3646
4687
98
7400
3357
6684
1402
8494
9690
408
8685
9722
7653
6502
7288
7375
8581
458
7262
5095
3032
2508
8930
9612
4991
5741
5157
7410
8290
6975
4552
640
1421
3560
6251
6107
9605
1127
3276
4591
433
611
7488
5124
6732
42
9772
8877
9647
567
3733
7172
2745
6997
9497
9581
3069
7909
3654
9656
2183
7247
274
747
769
1340
4267
4183
4284
6788
2574
8334
7737
838
8112
7216
6203
1206
9918
6669
2162
6033
7847
5750
7813
54
5315
2017
6740
8448
413
9803
7540
2481
7403
6794
3794
7607
4399
7910
7848
556
4079
1428
6726
1643
3499
7091
6664
3611
8500
4138
8046
1938
4659
127
5699
8987
9124
5953
3993
8678
2040
3527
9794
1949
3274
2892
4657
301
5198
3694
1969
2664
279
4877
5346
3218
2162
418
8902
3297
1960
9253
2710
4652
8038
6577
9102
8820
4469
2367
3338
6407
6618
1204
548
3124
8222
5632
1784
1988
7563
2097
9018
5433
7734
2752
5720
8461
545
7497
1696
6556
1600
1766
9399
9698
9223
6861
3292
2310
4194
2026
9811
2939
3421
3810
6176
8664
8380
1739
5271
5338
5851
5153
4402
6938
9995
6293
6926
3767
7521
9479
3183
1389
9394
8937
9194
7433
1397
7927
9343
1379
6011
6765
2146
8863
6471
2005
5558
8765
6599
91
3269
8350
498
7124
9889
3132
3715
4035
8165
3480
6782
3278
638
9833
2946
2294
7612
9064
1502
8584
3823
4544
9967
3424
6408
4476
9771
7720
6709
5158
5011
8590
8475
9840
4633
8811
6096
8256
6822
1827
1954
6844
4351
76
1404
4325
7743
9167
8456
207
7368
4471
7447
5977
1342
2872
479
3734
2959
8401
1687
4679
2801
9183
8775
8541
3931
7104
1733
9860
5687
2352
603
2456
1160
9621
854
9474
8212
2055
3222
1405
151
8696
2537
4228
4798
4400
4748
216
8651
3923
7035
1256
7038
3432
287
1318
3442
5193
9605
2231
1277
5542
6911
4487
6562
6342
3340
4454
4754
6207
6625
3913
9036
2414
8860
906
4473
9926
3592
2265
2737
4449
1765
5722
8707
6222
1988
3881
1702
5702
345
4396
2885
556
3590
8463
3724
7409
4112
6175
9948
5161
9747
7772
7959
1306
9049
3672
2906
3100
7856
5535
4185
3136
4762
5492
8916
6850
3638
2889
4086
1577
7169
8629
5706
5983
6865
4040
12
2977
4810
9526
1781
1889
6280
112
567
7495
800
6712
1174
8900
3867
6477
8353
5166
5575
1677
1067
3426
8561
156
8081
1909
826
5622
4419
168
6458
3072
2581
5461
1182
4940
8373
3490
7383
2889
6426
7798
7787
6588
6622
4977
9690
1159
3435
9129
8081
1590
2012
649
4759
2865
7411
8532
1517
6207
4181
3401
9185
6899
6856
8741
375
9739
3654
5381
8791
4592
936
3309
7283
1627
8698
4266
1510
274
2082
5950
1580
4085
6270
9504
1891
867
7922
8149
8196
7622
3942
1801
3233
145
2584
4478
6688
891
1555
962
46
9149
2044
512
776
5459
7682
8200
4184
5880
6344
7275
1382
6668
2084
8110
9385
5492
56
7808
9456
867
3430
9692
3439
82
7743
9109
6248
889
590
5582
2012
261
8995
3323
924
5967
1535
2860
1829
6161
734
3386
9273
6819
2898
9220
3931
707
4235
9775
6707
4275
3065
2245
1619
2368
1951
3820
683
8926
1191
7160
7886
4527
2023
6947
8016
1842
5068
9569
4989
9505
9252
408
5847
2278
5121
8436
5028
5408
5534
723
9573
4519
9932
8758
2038
2233
8904
5416
2645
6040
2350
9563
4794
2860
3065
4911
8879
8962
8864
8506
9280
1380
5519
4676
2015
7129
6568
1335
3114
2580
7220
5557
3797
3753
7419
5951
2268
4425
4980
4810
2102
6487
5891
7466
7756
4670
6611
3225
5072
7382
1388
3461
7533
4989
5807
698
3460
2741
8658
9328
3568
1818
9340
5189
6160
8094
3107
7878
5678
2583
6129
5315
7321
4905
6835
9940
3101
3647
8023
9860
3552
9809
3718
2070
4906
9048
9633
9739
1507
5078
3683
8669
8960
6003
1020
8757
8381
7235
5559
272
2477
8870
1104
5051
6506
3300
973
7089
2766
2756
825
7482
7783
959
9052
3028
7921
2497
7920
1377
427
7842
2523
1324
9970
8514
9217
8822
305
6476
7246
5997
3526
1210
1540
3039
261
8139
8898
2549
3451
3983
1498
7791
8919
8287
5632
5432
7497
6910
9938
5708
3143
6796
6905
3236
7360
2301
9397
8265
8973
5218
9617
5174
1028
8257
2187
8588
9085
8157
8934
5682
9001
2805
2576
2332
6341
6262
2158
9285
5223
6242
4647
1045
2729
6004
127
4175
3320
5546
6990
7788
4301
5223
6092
6909
4264
4458
5061
2651
1977
6058
8323
1210
6305
2213
293
6211
6904
1408
8247
9053
4656
4583
9095
3426
49
2471
4239
9235
7478
7938
9047
6016
7043
2008
4334
3793
5122
370
9882
3478
5181
9239
2175
406
9376
6107
8108
3447
9841
1608
4111
2716
2824
9171
4402
5102
8609
9672
9909
6692
5822
6296
8410
8945
1844
7664
9479
597
5693
7849
190
6266
6488
9544
8579
2633
2797
1171
8422
4555
1039
1441
4549
1402
8103
3989
1321
6566
6269
8422
4756
4183
8137
9903
4183
3330
2117
7893
3483
8532
8256
3217
3374
1250
9092
3553
1984
7564
7574
2653
5505
2228
3816
2559
8121
4137
8737
6776
5214
488
8585
5171
7750
9095
7473
2427
754
4505
1152
5079
4272
9207
9250
9959
5703
2025
5546
5049
5035
9052
2677
6507
7154
2436
5100
3392
5908
2352
1100
5486
5215
8111
3441
3638
3787
4939
2973
8740
7515
8906
9296
9141
9470
3318
2446
8388
6763
9111
2045
2712
3537
4142
6945
473
6611
2642
5618
3798
3014
2026
8528
9360
6883
6112
3933
6167
7537
9329
5494
5019
1676
9200
3885
8867
5003
3031
3068
4814
7849
3882
9252
7015
1177
7299
1948
1600
4097
5461
9447
2754
6801
8213
8415
6560
4906
7729
2571
5413
8078
943
2533
3177
408
4598
4570
3284
6671
8500
527
1422
2060
1086
3628
8779
8107
67
2608
2926
1242
8379
3581
8234
6058
9427
6997
2387
2767
861
8381
340
7654
4807
4211
3461
6054
35
8533
972
5862
1534
667
1797
9249
4561
8253
1092
7783
6097
3542
7350
2546
2335
4935
6083
3086
9573
1796
9110
5169
8108
1508
2892
9675
1116
6219
9914
5441
8259
4155
2895
6327
371
1205
6989
4657
700
831
5607
8608
5752
2730
4163
5363
793
8964
6981
6108
1346
2648
7925
6861
3337
1244
5595
3498
4790
9294
6571
489
9177
6948
8934
1588
8184
9457
8388
1591
4612
288
1375
8150
7396
3689
9384
8600
825
4387
472
5458
4085
2748
2395
6701
4004
5688
514
5962
7467
9755
5288
8046
4742
2884
6109
4699
4573
3010
7307
4419
9915
2303
7980
5783
8524
5711
6170
8646
9824
1438
1739
3156
4845
7978
3722
4654
6003
9035
722
9980
9631
494
100
7857
3126
3751
7682
296
5023
6664
5572
3391
9939
1748
8390
8236
4783
2726
1805
831
1379
9437
1845
3394
7056
281
932
6684
1883
6841
9373
9777
3356
5266
355
2903
1252
4380
507
3443
5577
7020
5068
9368
9029
3140
9903
3295
8870
6521
4736
4163
1138
5579
9246
3065
2983
1327
1235
7446
7940
5389
8178
9755
1441
9833
2766
9344
8894
1387
2714
743
1115
6937
2297
6669
4889
1070
3314
7144
8335
8385
860
8020
8530
6701
7145
480
7700
1639
3723
1399
5502
7503
7313
4844
8396
1822
9797
4544
4189
4355
8426
6314
8090
6424
5964
5657
2630
3189
4173
4860
9871
9237
8544
8357
5477
6316
3101
1617
4816
394
2256
8035
8070
6879
9167
2773
4076
6011
8348
9635
3863
1505
1031
9092
1556
4348
4969
9699
431
2855
5868
900
4556
8129
1306
1181
1665
6201
3010
3873
4218
4727
7022
9383
9522
6048
1262
8059
7310
3052
3097
2933
1271
8094
3203
344
4015
5727
5290
2336
2010
8410
5474
5857
1657
8492
1072
6957
6134
4923
8613
2166
5923
6129
6899
2232
7412
1407
281
772
4007
7903
4239
1054
7064
2097
8162
9217
4692
1816
284
1273
7514
4295
2250
2843
3209
4863
1401
7524
2784
8205
3545
8966
5972
5342
6248
5837
3114
209
5544
1530
5918
4823
8968
3618
3915
9456
9390
5583
4585
4630
509
9900
6159
7244
116
1513
9766
8661
4904
4708
1109
1965
5365
4692
5497
4395
5848
1361
4269
6105
2808
9360
8508
8676
325
7008
3159
7873
2883
3248
7021
6187
9917
6639
8284
1826
9184
7651
8504
6460
2845
2203
5366
4145
8422
5516
9537
5416
9770
7473
217
6293
5152
8271
4996
5229
744
5847
503
8879
1411
7033
5842
538
9961
9254
9577
3131
1814
4384
4994
7617
5342
4225
6647
8742
8923
3635
9812
9841
4807
7701
5526
3216
6745
7085
6351
5231
7298
8048
4376
9638
4420
6486
5494
3699
6900
9262
9501
9379
3410
918
2561
382
89
2565
7311
2328
5971
8541
6239
9550
572
971
1152
4107
1439
9976
6849
9996
7608
9391
8628
6859
2928
6471
4053
8090
9490
4392
1470
7770
2724
5778
7843
2443
9484
4006
2108
9092
6165
4082
4338
9417
693
4779
903
8181
5019
408
9150
3828
2369
331
4481
367
7447
3388
148
3760
3053
2404
3485
7523
2011
2100
4610
1015
4641
1397
3040
6971
2113
7846
2264
7270
7261
8492
9419
9429
4058
9803
1098
5249
9593
2673
4050
8324
1375
9955
4496
2723
2655
1105
5745
8417
4643
9828
5250
229
5502
3737
9819
8403
5157
7861
8572
5150
3864
8933
4650
6328
9984
3455
2336
1680
4686
2106
8300
2171
591
8601
7661
3397
4260
542
6826
6517
8147
3473
8186
9428
4285
3914
6507
4764
8457
9195
3352
6077
8975
7298
9066
2824
1289
3355
643
6635
3398
8085
663
6623
4888
8646
8377
3575
6065
9215
3362
8249
4952
7501
633
2020
2882
5448
1522
4171
1088
5896
6099
2856
7445
4137
1211
8769
3292
6510
6718
2061
1704
3169
7096
4863
1801
5605
6183
1488
2875
3804
890
3760
5541
7415
1455
8385
2000
9641
7072
1305
2034
941
2416
1049
4241
6639
5388
5225
8569
5273
376
8085
5517
7349
1604
9603
285
8294
3424
6590
7368
8469
5522
3869
9751
7994
3300
2155
464
9375
6930
9592
8353
8899
73
9508
6693
880
2756
2219
6133
3321
6999
5113
8582
8760
2320
8176
2673
4973
2715
3421
928
8097
6234
2151
5307
1759
2159
6537
7989
9343
7668
1251
346
5672
1438
6039
2504
2061
3371
5945
773
5112
7413
6133
5261
8342
8192
7381
6692
9948
6654
8129
1108
1249
5853
1397
4347
4884
2942
6898
9591
9030
2829
9011
7872
8913
7808
1973
6467
6076
6515
8458
3088
9824
2242
9275
7103
8763
2704
4142
2617
4509
3477
2155
7116
5932
8279
6046
4231
5365
5586
6139
3515
2714
9633
3868
7505
8042
9035
4740
8299
5442
6482
2958
216
511
3262
1716
2492
6848
2819
7861
5929
7338
9005
8727
1662
7326
4097
3394
3286
4131
8224
772
3935
6560
66
2407
3239
1645
6172
1502
5655
9237
33
6360
8707
1995
6317
1889
7987
4987
3089
9701
2517
2602
3332
2935
2118
4516
8213
3342
3802
3678
3497
1106
3769
9662
5971
8118
4038
1398
8878
4385
5768
4566
2285
3393
5060
63
6187
7163
9343
9756
1952
6968
6852
4780
9862
4807
3847
4102
973
9173
1119
8973
5633
2825
932
2815
6648
1876
3380
1345
9357
9398
8603
1213
7063
70
7627
6054
7684
1693
1789
5492
1900
4044
217
6418
5829
6430
8329
4672
5344
9325
7473
6806
9937
4194
1074
6777
9332
6640
336
1528
7096
7591
7491
6921
7158
9178
2724
8231
5784
1915
140
7062
3229
1255
9672
3395
8485
1550
4818
3127
6181
3538
4652
5836
1487
7158
1081
7013
8564
1436
3454
4401
6796
8246
4606
4762
620
4873
5649
7723
4317
8794
6598
4944
6381
7696
4574
1883
2446
25
8035
4895
2510
1199
3587
465
6631
7313
7124
2075
4708
2729
4649
3125
3701
3872
5576
8535
5910
6423
3190
9501
9635
2414
5461
3378
4521
4923
829
8135
9523
9031
8700
3674
6593
9606
6164
2078
7237
9968
2004
5761
1988
1639
5633
205
9623
9014
5804
6640
741
1485
8502
9840
4415
5080
6793
809
1648
859
5436
6787
2639
6360
7565
8524
2689
2828
9381
2568
1301
3536
7487
3660
333
9874
4726
6194
5150
692
7778
5246
9638
1025
1173
8048
165
7435
2241
355
475
8660
3312
395
7019
6061
1394
7760
8846
2768
1719
4901
2064
6409
7645
6992
1454
7534
1800
6765
3912
1838
9492
5311
8726
1068
2652
3461
3385
2724
6434
3890
9548
4933
2252
6531
1296
5362
2821
1494
4587
7740
5468
1580
5257
9804
9605
6565
2329
2444
1686
3957
506
2601
4883
7209
6539
3931
7621
1902
2609
8314
7867
4635
6566
144
356
9320
5903
4836
1543
810
8833
452
5445
8304
3473
2575
162
2131
584
6532
6634
5849
7455
4034
5513
618
7909
2132
1240
2672
7862
98
3458
4098
9781
7793
7475
132
2255
7252
179
1689
6810
1540
9804
3814
4966
5945
5212
6253
5134
3881
6417
3611
7396
1051
1353
9694
3291
9728
9857
6403
8769
6817
4001
8945
8865
8125
5419
8229
1196
7436
3303
8123
2081
1287
3747
2355
3351
7485
1478
2760
4617
7902
4778
5253
2762
2771
3335
2330
7774
248
2225
4157
676
9721
782
3750
2947
7439
6985
5100
6476
8767
8318
288
6677
