5000
859027184434393 321505681
588563423495368 634406487
631227590801208 238284631
160795885412606 718952518
721121073382428 743283974
19713548333294 41565439
147919700828206 851443659
319407255978832 758110620
691902920715886 804967382
809967280880051 642045915
166846018246797 187250624
618235748441580 208168803
407939385108296 268348049
332566115866369 977187147
273542292148075 693949894
539046560049479 377603495
261286135604380 647430724
764810551033251 975620906
413413668990224 782024427
464922381494545 405968681
396787142140581 972238754
619081701488132 314805916
472446737636976 489034879
956457819299521 496353413
406861401649810 510277528
828381430035052 654649573
718800273880209 104786713
390167209271495 819036740
163047856118631 318433723
881261206289573 454807420
939903468958350 47374039
863692234757629 996969071
666190013045057 359181104
860996769640164 758614944
548426043437319 707250647
392542643519981 813365117
115902784316062 740817060
296421651223218 559048585
150447714022009 651160613
301352665660355 931960623
213183879156150 40225021
117652795357163 190732300
209233786174998 94498163
58899819525937 507494635
964460394413837 489535868
685472553017671 725626486
929708612457494 822873403
866989563910052 822417811
409933566772779 112986439
221479051905329 395682022
485648947816173 119568959
363268019316334 657001132
13208431510425 717714347
458749811132838 911422236
853440338033014 921556723
149857537392238 684003611
926248602139832 952547496
168960884835793 732671335
798541658319510 110749499
427268357481728 138971268
674279319434783 11111193
488414566341448 446832605
454171261581856 104764474
514682498955723 402782360
484456769041072 198367817
268969590355430 499773315
308025467823559 563770911
285915013273074 912877236
653542771798645 245955444
304715877485847 681713287
59975185321384 807447050
3936247212642 375527319
195523966425335 159083309
75524048645110 976138931
174775333983667 951784208
118789903798504 338697264
680266541073767 340282940
802979390750121 66247202
550674083201649 907644868
534622069676263 649814891
979383971332344 42951176
827239856100434 19199878
816809863048536 247431117
454233657361629 508557897
475383454631121 507770918
527350278065184 512390116
742995282229627 291393213
40626153928813 887982728
585778141980865 846809001
243934900685012 591519378
960357524405144 420309957
895159269404740 240492841
655341360502207 240622616
502213187125916 857440427
895737153000539 593639566
962325057157447 952513695
877881013349240 27955407
122079135608986 691943010
756218755253734 7389624
775155031914267 772308663
838025297136314 190964366
704895423281829 874296038
209604198395077 553177951
231443680262793 954144982
631770601635233 534673631
262447834176547 357868132
718033455197239 434374190
462477894887925 770131291
985170285372240 480259824
196849812575798 427157647
325981492350820 225699837
590304137675327 391264316
942719162383064 286801129
915839960304069 271315274
123097733415386 467611038
759446500906263 21383012
762146894506016 150067417
105668784514759 400574347
668024189114558 236208947
649150920531918 769064758
56606827425260 758733016
319163334289969 425348487
5818247054117 702163076
756981272401932 942819167
724481793955890 665682336
562290842396586 996307514
698815209165562 237796393
132537690368238 509178556
648905852786778 971714622
824945503460754 748911066
968368731019395 876002917
261736759225417 586556614
759850907554477 517861933
526501426037135 387454772
106976563185921 2487120
139113003367208 521053511
824130087088671 891837792
877572997707674 489892645
358230489084326 836984813
270474509550618 523875497
926466528947253 677630372
568052383396459 453374199
454193498798427 263696360
782997397004320 289509127
483590095557137 841980473
899097620878593 921641194
573357043105265 440772282
5126554640490 379258860
981951127099113 148485903
156293795128438 328303576
670167785395931 893149926
149147474644228 149772992
431544559682757 350550922
457436605015330 985938388
167615207475945 482248443
284910205993151 590142836
117636904162733 7284409
814722735394188 700972222
219371595254175 611179603
805354040663483 735695302
99240061574169 487382492
367730482658042 413676978
246696168135286 205630417
813991200077271 425990984
324273843390459 156506255
409968803856827 413182202
147105601981017 433841216
623966705271032 644953814
322644847735722 774150117
80962524112286 972219003
285160928176301 957620280
894910932820467 394338043
330750833469900 70806859
375547950975643 256514598
421627163216653 516440202
452931718936319 495204257
874894070438302 510897549
33070022962794 378899432
101017781786718 974306907
273054666742961 525479616
920147718155706 593701329
388699474418283 456028762
731085065977770 877752540
638979395523045 12728283
574199414840302 181979696
154104875336810 873120215
388990009471612 969179482
636811506522391 741263094
161332225583238 591343262
412728391474027 703683663
924470188541485 754698239
768970995563561 695079288
187324852594911 628072883
311267424971556 550268851
214595402418924 296163511
47224857438776 483699176
80839608457034 131162527
451790924747515 974056122
238773729388352 863756423
49826584237062 19583052
356442878765490 928517902
883265412356742 244246875
733088219236342 287193273
89654017334980 719729007
612635394647220 627237013
80100781741163 89229580
624471709565891 910060574
297670251633846 365889315
879460802196168 856361015
176719533787208 742245160
934636992541638 323345086
705184760877627 786226247
119272568788444 532256833
388316719092356 503403963
212286520911168 807082381
196266699413493 54051314
947934728427366 751785434
649052761148278 366389373
577615916360099 836521530
133750921845593 395765246
78371258327285 353815672
577876792976797 425747829
423843253742834 812556685
151318674353310 722026639
553966722824189 13288546
821716690831260 940778004
577482785752433 440481835
273683589200511 295312516
52359441449164 144642743
996103371862373 670707108
823775719017499 856070713
784449135759291 105612990
821578216112423 381934289
55425248444206 755799763
490972196248089 596440073
93708704099082 824384786
199430074835 130315834
824706832403966 999473881
453715134894640 27184935
389227481881506 889585730
555512075488156 515741165
720043681565152 526251448
412431894962070 824864771
741065284010863 124287711
270524533936869 686728775
863346774060303 285270074
544498501530886 25229049
173167597986917 987263998
793280260255183 703644291
857752890840206 611672473
560382300214816 719173519
751553597082782 30938244
572807575943006 708708158
125268132782140 255381874
715995688720238 629597620
626690401076559 291077883
810456831079066 342379135
273216796689690 787092723
456642759248038 260805758
251290853169631 828075580
255239810717545 96229414
622069897249076 426417817
825760027936072 838584178
175395588612884 554081761
113752036373774 772517030
841021770151449 882416058
813898186936721 270735828
483169083701886 393877276
578006590075446 925899370
637124786223637 608397858
355566813601671 753690229
348137959630200 830373316
620731111203570 270199308
174646106080611 402050877
61604018382794 35259837
977066510101669 815709397
743776793928775 864393288
749710031466959 131623036
409088316839485 956148379
543844520048743 151118162
975860959111553 202993432
687098651725797 221714615
899081424644580 375356463
49341915293766 133676879
594697627882029 107398550
575690033662717 602703741
756126711571565 541389225
572010238867601 418945338
784555768296872 451677004
860490628006635 222151718
251615537481494 264355844
703805368714039 518091582
732810385171488 791402730
440868065448809 921854597
36783436170779 899245500
972854219140283 780890856
758136124456547 403992973
637670083844061 737029956
634861848638994 290213149
641735378815099 532012168
427930353374844 248104343
824148928432441 635369100
60334732841026 481860055
359949425390319 409077996
127658094772281 793355243
640721679137321 576629264
555422756503117 877336779
584457156585978 384210050
35617025034270 345063825
764869713832398 233492165
129253045045297 652022582
977654151926941 559657808
442826059678182 507172508
499164409914524 573058708
223673057784133 615730554
611725088947415 802075473
667974682911698 868351107
717882876655508 796639331
149858347242702 302643623
605785449434536 960896665
643095717972525 300524816
157852346553843 112341975
87103340658434 69143212
9429260952725 170752015
138126680664963 220882220
443934576026603 600504689
247609437640385 719623257
294258331790386 124008217
22131366625183 632148229
260093140548817 67141101
597078452190569 655236754
729971525508933 896201228
836350475783795 241936659
236848642655702 645192438
527910512727990 873427499
175897070416561 487216070
960617247986771 451437
283912626351237 712688024
212329210160022 474575639
34608211228034 975971839
674869559412228 368364175
859050643646782 510528017
682287976880232 810495540
302207416214646 818479825
592184216276526 303415031
811396250381291 647580051
763463248122517 632801153
424586094781441 533787438
382946141142854 742155664
910912795585442 687596840
776919126966201 376825532
201072266499593 946824174
394555922032002 316107227
48110048781680 607811817
49108992730657 199298233
870176420965281 977688651
547528633818160 164270062
823509425586823 247514545
980436665832492 496397979
1783087835086 531450484
956002550374313 100023589
90262351368585 911122787
196823162271850 974748866
561269888505305 703817947
855735495177693 854918047
404521190795720 741370573
844636508826143 56702533
676810979693254 413072115
39507712866003 102165889
193714435316836 266800094
318537598906763 658221749
414672383521912 497069721
660848543502142 543137797
545581188044715 993187808
175453734820047 18515406
87586076071992 470902226
349782531289624 562543915
847530194216019 521256559
864239370125906 593245274
146505956576517 601088641
184083492601736 405271873
838347278569834 74878283
3784731096443 635063893
403574481162576 137252319
910151222725606 254126443
882762274824624 760501392
604868614618146 985078356
67231905817708 732268229
91553390345851 163083674
185237921226368 906508146
240781123928755 609123220
904789707122039 462232207
295125124339244 111386384
362683852966320 934279120
417592187940054 922542111
93263322211299 488498706
300536126059008 828360301
569763707621339 689333715
422083441674207 296621932
78157956372263 554125287
34640048599790 508634283
995551745087121 92984323
843357276753858 412747652
84425844481391 978321242
10645666850184 295533468
186392988489877 767330288
927718068753741 817369006
996225816317191 405095151
702687576309248 921133034
226358180728174 285576187
762176590905207 6080586
908844996583740 399128118
634082070726263 766786950
139082995691353 24585091
451709625677219 676578469
504333392344769 554748582
37385793432110 266649593
839670254837318 581152278
799879671449697 6819564
594793865471989 105384031
116810140170742 983194231
378252577133205 183774292
928450231811955 65281809
864400667011837 606973729
371182842598808 762217032
27303875517093 535651145
671681121829033 503163195
487997405529417 409159335
359700460554530 170085044
308404253914069 155687011
709442179606088 747780572
143231708315030 335190650
865415080230682 943154757
120162320439146 805206372
853983903991375 477116634
184229516803963 309150694
583934404283776 168654630
465302626314097 420312112
718575079649014 712730847
798206645554618 254681985
846778820598195 872098928
384326674226284 448493877
107533560179091 730363452
591270197204084 463549383
841795333156494 450198859
258395987085973 28462880
821666768814347 240887235
441283413919432 43701251
406269466636896 419005468
402536697747446 408851629
775970543611377 155799949
658496801788036 7027781
451143434047896 465916241
351787808710406 349576943
328324436168411 578793891
740925863489544 889646501
435166953697686 872764761
160855951567702 53339562
155021225614800 333488513
950922171262640 645477748
46601855715447 86330989
143038652276194 906829498
283708540886798 71939376
433126848642238 807108081
890146785559846 320579063
313559459844451 275199585
571618907625891 958257558
902069411876605 587510223
266055793657685 6052649
51771387714223 162917025
877219632504463 114410448
976377697755122 706610127
364523328358369 754344702
506448381386539 235442472
852798456182660 796240954
547787223761566 962817820
519710814264668 986480978
279905676561679 493014364
8749213044185 773654631
971684274936387 833823589
882962590879392 574728614
612606942641583 115805566
834979900296757 452437895
493974704704843 829926565
946529332030017 772689939
13683281544620 314699332
379065402886025 710176250
271739776661840 331445669
877565970304159 591273989
868522911597151 18440495
926446419224308 373833838
387977762050661 856840852
654724610736008 685672083
396811850240260 787234181
942351287793718 967108197
351833254178212 776429651
811188587687618 290003011
84465532533027 16999390
991390760075035 409985693
838520479672607 560801381
632529983550674 789723386
547759080886906 23374922
891967240909785 601410817
121621860998578 758320655
976676223195234 83299333
288101548525440 71501097
820609416079267 999911792
479770090222408 600740256
166635669167291 939803188
97048373749896 262155081
955088909943809 978267924
997954072631418 51734606
443088252002480 731421105
394891986008010 257116439
260181684284152 137615820
895201961852048 393963262
605657097736453 783934216
488274203065006 741270451
888677909419224 49637031
963531740958251 287782205
496792382610850 920531348
917169165281637 277551060
556859247152985 812128451
885757802665141 29020857
662233341288958 13610277
357817000652814 45300842
328665262809402 938796049
635930249339667 816345803
344428385231048 810869732
692172336881514 669578672
381510363494540 68943307
641219173542951 32672358
741191515576881 212162904
154353585359002 452228324
370092623651538 776642153
171507213377850 821233037
495066943492917 890034276
783757345883664 672674547
877027032062995 43477196
921838900210998 578484886
776021581781143 41157117
791757137440019 595235312
206346967359362 966687447
62708751311114 628241683
289676210883881 684998364
72360257287776 406804885
877974624486951 936428919
679864507156731 106825759
476692082690063 276845960
767897208805014 491015769
129790076396823 976538238
16323018489405 723167595
72459711382298 69024674
275158642806454 787559225
495383591503392 998208588
768706894031444 267505490
550049952512382 595992230
599676306133100 926942664
417787400797604 293708267
852134340209908 343497883
7876049469110 866006488
15131596310677 345371756
938279137431265 104997162
811262297260472 587270098
308093110222045 915345418
141895237777475 962685111
892392842284010 812233412
521502984068524 546408257
671717561383843 28864267
513931446959785 175203014
873117832787780 620024064
379846960769462 706321563
221250465285597 609836353
642634986533719 49337419
210589790261752 326257453
842485102832598 90849584
15740981246159 828894713
121551886504409 496058584
857454909184393 793520290
94829410440583 475137819
834743167131377 923546815
604570108535782 618502320
139179982843503 551725669
255323254586903 947860309
834150654403967 538753102
837601762122949 393250693
531392120347466 593272757
76733989596882 751159035
536680940303993 571407366
356026993395724 763866663
175044286426007 429415694
783477622130204 976169722
496396367892166 80126535
798271197224577 721885646
961153577418534 75389642
880061323481054 538305871
51534063284997 468289031
57813235623652 433247539
572970941880389 680348635
838609954856468 721768114
476817693312357 285216672
374996810429388 223475051
531195775680096 879114191
458626958290517 562591864
231821866319103 391812976
718337996099227 710478180
55237641165925 784360995
16143784661425 705393711
356770279473582 209914781
492400832898705 304892952
501839552503709 444520699
29176006102703 423643725
776098836858953 436583946
175986579129226 267637068
416084436007974 358230566
495954159266198 48391583
360769125480040 328600696
751798095067210 565442493
130919700165550 581823131
301066138969119 233894270
738242224803450 589091599
105918729757924 691582030
841321962597060 978160650
704849254953552 909490239
999228412790431 879685598
863519830385110 170932216
307814414660523 918968515
362487013734642 140604966
843395634907554 259025086
5519936998521 185308806
655155027657398 118283933
700083096038174 960075553
904398114396509 12338128
400896887987964 587228011
521220783983315 709723510
901306668941102 195224877
649121560163591 669897456
754949532105581 785464414
989989225479797 627576524
547328527724810 145582172
738979223264622 920506389
385734803777483 82890331
616125318989457 965797932
999362100981925 180019004
212157288444785 446514224
102098173520123 496319995
611180863464165 448337580
140711569219204 206953469
958015202464772 880264530
442143072989045 571900829
181065633663514 814917999
185577474662422 985752215
856456315977009 100005232
841778251386385 719843717
701398818298996 10782220
653739738252142 768545746
69429073247678 854616004
931363008680162 416577108
350449889594168 217233001
285241671421217 313772785
906944268893859 213673913
901081727657746 310313369
486360481678240 486272213
216249311407128 883547677
320677171320043 121764095
952542636891842 600879258
132314989301156 951127982
858092214426957 402612402
498739378316397 296985536
891676015971755 137967663
465567126166951 169545754
852421835339332 617681062
357742038300136 270586097
516843841423306 654912565
454384362558904 741436218
275881592441406 151988393
33961275249187 552549828
800248451725400 491053103
850318976347434 449558728
256898055088038 954942796
827093877318694 878175404
371383561109430 29403784
564873962459170 275189548
620239382333128 379101132
113907454159576 955381193
654408110487003 318156172
94532929075675 390304151
977542670617642 445181582
562341790618593 173838018
934368683318276 994046050
822351093095148 819844035
627732507895165 175161000
870697809186572 707469253
881904047932624 432322038
192671169683482 512773513
338144002160875 656532250
466749059380384 611796758
717260517542941 348707130
992068314978196 72056814
163057598464199 936173821
261163441755496 714102020
106672625846269 678553569
236382271885823 493750762
788477906996202 656937393
19712254230005 633781929
335025140511759 391431982
868609170388108 672126014
172801527322890 23263899
438366933114425 622549443
738290980669100 946595674
603206460440957 456893536
529518760612150 834029716
54960795477533 686022423
785148845952996 449458945
714879033857215 225241260
199574301126137 522894600
393996309857448 463092836
317313022532056 524600125
762837095643734 742605718
443038067269039 129496127
213172050563291 151983111
314642470261460 644755800
30616607768248 904051815
263319114385945 407900769
462581122741578 608560086
835809370607882 388937366
450376173436341 295656493
471200549555078 979727812
360670869942457 770586271
85381057380865 251553143
214223878622480 998763170
597525763997525 376014368
782259777045971 983790168
853046761643410 424512556
985669015203911 400209463
693179105754749 3954780
613993666171264 11035278
774235967205784 839676068
252761505351134 624690873
706036826409815 55826870
838904131350468 389103600
868326581402400 113780485
372360414736170 733163208
826837285916966 942139410
327539574609961 253875447
958234083414300 107863771
736610418997579 724649783
374256313996367 208503466
108838945120940 782045935
437478948037085 559834237
782806340842232 554439145
541894983187186 741221379
528145252703431 375520645
295296435624107 351438682
443203701920011 340456307
91002156736533 451475877
802474187305514 805931993
32972222884979 118897027
705252345691399 599736717
227284843704536 789907372
551714831532237 439297130
304045751036954 10272905
374152179621948 642008167
346009260798486 821187938
907319557075852 827206436
603490479548524 310394291
616716127580471 357051060
631102541213212 858781199
668477749439627 565011594
726114745184477 983391392
110239517160686 914534519
485346555982178 890216220
107029120181135 65429004
26537628076239 697508216
898669381006449 523357010
618005794022480 507388275
202821615347089 516342059
272859993005650 372981086
776078357116083 911100733
104226859638549 970345930
336560507763681 652884252
489994567144803 279461968
990206663594991 513589750
490151598646409 654707412
411335393978874 93888276
563046741373390 283371268
769900715717273 28702957
565066466544995 609372340
873540278436579 937694739
829633947602057 475332495
585346720661432 173009148
451338203473150 769063462
296538804961730 692492881
300689955427106 946961876
58303176862940 303941930
724594896428246 331856373
595153925871541 961975230
874780382811898 939426098
563074979628698 596467094
196293034992654 645504193
998976219778006 82982027
530410308292116 857306795
293338088459820 315265199
151041384401449 271981043
488563272004183 339900440
134522002756021 12558918
885795486079830 807744929
174510506832332 898807598
537892445925078 589615770
23846198814862 558321197
420058331724351 30021384
48123070683622 785827715
881739009552735 539912047
785711954441782 809041675
408366556500502 254133084
62229811850791 91713693
281794576136308 291802390
245227842451150 205214584
631134603962553 141987619
702797553335183 445571117
639183519840071 721438109
87961827822937 451390675
20973512021960 89427503
658457667031666 936379105
686617203765431 697237877
233948261972112 487201514
410589330049973 22285935
657207451527026 3988279
102618187359572 167785109
181915342924694 729540990
901262424495324 572359191
67954654397655 985771756
604197102817658 182821851
468976618258995 82087486
831619945281782 727366307
595391443452129 635718164
237940875516620 25597241
647755453689287 9670333
390773261685203 815292431
668081735528961 987625204
270208106547506 760303245
306003957509060 878222094
646677857985705 389442050
211841349914915 769537534
83930029426793 330845117
509584890586416 386149437
134725213979098 733120515
806610674975046 491825167
852773856752955 292746482
85667579441796 831414758
329281279434239 150656140
36615502060912 959378900
464097284245067 625506841
127230537815733 99662838
105660799283463 723398945
393493603593655 930492618
34173735246507 631118072
124588287569715 864111616
677406540389018 639706750
292677897225534 539654893
125136327798467 933360431
481273376000277 33341841
216912977476476 797058076
852296356223731 556167682
713760642277964 106250539
644511372525399 646029557
76251902190824 322483092
303034507437696 146779224
391038740490448 986190991
101069507055745 782153470
7685242137257 886917895
314978705965577 884430286
796126390986013 664879212
822622708974390 574305919
74421563232954 968349888
377036323542842 423966098
817703258447972 777968314
536585161780260 859153635
220920382901746 852609665
448098602589891 854561513
120568155896654 891827028
145251110141204 989065901
662926639490967 47475368
77814299308875 309102851
719723930028802 294225313
728608360711910 328322142
406446482130057 543587776
945079493021900 772712598
459060358699447 595238044
488497770410763 871825162
209178893572989 224903590
14576355222357 732544960
897115243495371 945332116
243229635652354 886777583
29018110459876 570556827
623064931711353 985643939
193107977902936 258004341
235584494918863 25448555
84386112696129 125263350
883594233926080 150528011
950003062012727 729734040
888449160430125 949370114
425903423323038 147048200
47483262858148 942740251
100220230687768 231334956
807678769159638 400922564
112080076379160 697425453
724764432958628 529497592
407302802880873 24697051
447444056466863 15024559
362903390478799 107021392
230678825121978 781134644
16252042470605 111871131
266023701178213 912079729
184731245872906 838170843
256382470361246 262868456
94294494579366 780442736
473334551361302 485116573
619884541818591 528243970
413540983777667 482580818
616205899187073 533595067
187875202067856 36016727
542793054278541 876074950
538238079378329 382497957
935359777473490 409095699
373934194197157 126413478
272552165107822 611959618
454561769439764 729075502
506182533110946 825803040
211519433306268 281544070
986137932198305 989371790
367707367504951 704615815
643764644123096 892897234
350817912846451 131797749
448982632300695 899694513
692223098651841 578733648
772975371146197 574166963
705152545017950 54985895
264583509337717 115924615
238741716127597 662161249
35347743605469 950613353
591791059485438 557249510
95998951728139 21124859
229314583024024 68860485
804338361212437 950132437
895559763033208 787127851
986773110783565 886577121
608718029475660 962338414
557996703627532 862256597
667921377558418 116591074
886647870080322 171827176
795198026298038 287134210
412562532845111 726123912
746209020897540 352036327
984702938058805 979162073
801164883315726 451862310
897775896188655 835555713
475907018868513 395787658
641146078986432 375388377
304877857613286 316869296
136476666687567 701858061
896152223043545 83855346
695126648700713 591621113
637656607412473 916134521
141302540632387 605326895
716233357961102 15201038
746890262014277 411780601
722802747884527 927970939
519333148751190 554378415
412704452137786 113394601
815103986470422 300255691
128555465018127 590017512
496253923138869 851133055
738469214698541 690549644
305839258747498 363627629
203919144962685 707430716
432244332688906 256380692
900742867964504 852740622
182165772491704 69262624
83306533554975 994779621
139305188791054 471119579
317243621404443 22720811
706017910697574 663517639
83424269670404 193442686
992227186787708 459993028
191662964573807 541197840
83133829504959 828837896
420504195142426 600728338
424626237788067 224475447
555277021852844 390370257
650733160572890 603767397
858354022440856 342183991
376628906045678 788598822
160227358787403 264503468
848937009031995 930228791
753127621408395 42043626
674353155245829 579508064
422259082060215 9062026
558460049980905 515246263
203080029342184 298806660
540715433146792 861951523
556555964785215 775265516
339054093801771 373214116
724493174715245 491784892
559038833905862 332729597
220807821285988 829358730
680056092426066 2961581
432564360932913 66741169
270170187915236 891275838
827236636427800 599735803
918885931505329 324079054
177946002561946 364858108
730161329921193 870155614
12788106136768 151243210
971328959409376 487116789
458114805173519 323727606
189132558667443 907033274
19010961957304 773595430
439216185045645 241708244
106097601444507 750822468
310539194994171 125292941
477939406564734 228649539
716550629467656 736551934
21184729299915 239368734
882803289700120 781404359
996561185971191 985116667
377695834106975 436461541
787196873725804 263914560
926975872150441 220346317
659782890440835 197154649
400174760446947 187042400
144128650027631 290224228
81195768166131 962621718
722291143716126 558374087
517856154234600 152387916
94164197892568 971496839
319033722737934 261234131
877084675196763 24384917
335426446308118 32511878
190760280434982 179757760
374663141042779 966377211
852446191856613 805002146
584489338568365 604129705
8847167268525 306097300
147123829082269 162825927
654307122250431 655470406
27703378445209 268336162
375682702739810 568119347
659112443726110 633561281
672409403436697 766661539
51687548692248 412050870
100228898897811 650519800
631518889425148 147577121
858902728506090 255415404
307131993531024 264150839
497752191353966 420512571
827934167789197 159014099
233840550579091 667423419
300400570645162 896731504
568093285937920 766994239
503012987399306 103888725
221633963782468 70146900
58097276062671 366842782
704032351389752 254592066
1014361585074 339339813
729907900407713 283568557
481039588133464 246434190
648584616531031 888529047
629817944941823 327038089
523491748736348 288528523
882008680457747 494859058
111066119700301 757146235
537607448904103 296212804
871287119380769 975042439
776967211998266 834480683
874000626112867 426001819
64888424660200 628123830
2100732008971 520208734
114005559172423 64518317
153506230777840 534173688
97903252622444 485972167
950809237737091 917743911
818794347047469 58721731
311364140033521 285370071
510984332991722 716294383
944739783443123 809022432
871031607200706 372531500
830946334759375 960556424
273958059587348 309767263
282961205313510 564265304
76271352944520 990133145
997755571125418 197030222
539976330372296 972990359
456381432322860 277856272
16215889031594 332914496
729571481524490 666737995
160673180275228 564421293
824430820643989 573352141
472858862381912 674329161
923084068596553 215364898
326739362277848 628891797
997200910325678 525941772
322359712321089 264170969
69549130958999 184105803
43518695001954 405937458
411849146616523 964800642
191457908837474 406700555
323288965104692 115462262
913411557116587 308613437
131870748680174 257811735
535219584341435 168203914
891943776463106 855706807
306827996740931 174465453
579425500115035 557656310
110637439543905 986291143
728777914296639 496461902
69172053465949 635505668
658917687543315 203893643
606436292733782 217341447
792135322138552 61877139
992225885140904 557670229
735234406368070 316678893
42987344356260 779915604
735263813950534 735389487
717747412371139 21229513
385008650124183 286518298
302834740804047 719114030
582620375048667 631531484
492336205659112 291051326
135995582694103 662404847
391572156704439 373134049
354777378097771 79785174
695624173917194 812071755
403819870092273 513524852
741413333103980 858988140
117782015294478 675414886
626868795020256 175981068
49504978256964 660978604
40197873281463 480941940
493215094685355 794923427
796817052811012 956040465
443002278800947 658969412
197490481219644 517206981
224775118349581 318923633
198922844480150 391123966
656605963478903 638219321
159907929405142 378685555
233737229751783 802830421
640455153269534 334598889
856991482940094 698017684
39129394479374 631548247
214369144157186 666610562
997294667489316 964401653
566681918269433 168401871
965612897534033 588765971
907297981232026 563261051
532373453849555 603700026
661237101016847 886671594
902997055804994 84620189
152354999439287 311594616
309890921749361 59097889
729002709636696 86646567
728288184318468 306042311
863051713042035 318679770
291977559570620 701981853
226609172194596 525955954
235308068998056 766890675
318341463638161 775612712
305828784267372 397942755
636872401733294 214142234
700404701263862 213140085
821056989188057 223081022
902775006378064 287166533
899974439676949 225687394
63276589165666 29088201
536803493863731 489965905
33926480238772 143281391
991384233509442 495283740
961103067171104 976383673
772092010883014 516980819
868644185410857 453798991
678662711569300 583841328
487666784334636 962240998
456803300624084 137194378
309771641045626 555271227
144217564030370 816004215
88303732725817 587212582
10322759674381 740957261
565571398549948 678662502
470972395513745 238615143
411590602520015 181639928
465127654924012 313701351
323879548040128 334542310
597494831348936 78548066
120017605159855 274747662
993366683192289 712382380
595611312525505 751523834
771653367496917 591527229
550712883819686 694477875
906459403873050 527480255
711961829781183 304148888
626993390871246 564728243
485661958420522 482953330
894382268715932 938385509
677102266544866 729605660
172124297383326 340067972
34462467509712 823691807
219212489816799 43136986
245615204515552 841579974
988380059876232 64664281
229877139087785 67390056
7592606460644 282287474
365174024429035 340375954
918774091394992 241046750
778547820119822 521240885
940968273923544 825104619
609400594452763 255796202
39039499328151 29913904
11333655188039 297553680
802440675727339 282995896
788970793414921 180499946
354332994305728 931439064
639443669200159 3374014
644490943118697 626677873
986830441258427 186302692
278964488309467 11046969
308551944373878 879832587
924542016889487 238695340
656448154147568 510908907
746014583004913 876374903
561585409036550 108581578
593508808324636 722027423
49270023989325 469477522
892045803460183 520067354
117617076261875 492364333
491146406397383 251471993
845159636074844 168368150
509317630374601 550058065
520666369136331 591790714
212827522256669 985797874
150788771988212 174198365
188801053567811 977048626
869118892761156 609430903
20404166759946 50960330
780210135905661 170714369
211858337402124 695088593
445184906098634 252350985
379204088355639 932615051
529687396516355 118052972
593109292375493 823847815
966255803481432 397106055
17977480053581 283265370
439913745232460 289623374
844682832762215 50601636
710591989290258 735799920
540463809463879 29485133
422029347048053 834800155
270986071751627 755789264
925407836170556 517547743
287212153484572 961485512
169384688039582 124180600
962926663752038 320604326
303162107774118 697567975
594934412692063 230829204
294738438245079 627494752
156741706314499 779776160
401984063448316 431490898
430216652062459 936694457
363929239950157 122761960
661071201099153 86841576
981908295608691 945821185
443055215521182 146032253
695086324066119 811702459
138401946877143 431035476
528496606931735 597111233
418007684283341 643479099
464282553622894 508183800
348927799717435 311229677
313131905156066 822095416
535408538341131 361325250
170321329222929 33712804
288640532692885 104225630
313949045844030 407588484
723482238637683 102737559
785683102792467 231891068
882031253233550 591021880
61263158966241 301579718
810604160395099 309138995
416460898764034 542185542
762314265223482 111040429
528266633636264 319321280
224434262747503 610751844
605034311890784 897726060
212026724554099 437286883
404996290421613 88252744
32190097114600 9270200
459290809910364 574656686
180193940558150 581638180
769388991539452 731631089
33648691562114 927494068
223508251014757 383274431
490890109876684 579089748
924252091869821 932681588
673977911980080 402943760
891683559048600 199867768
685672182605620 330007396
572739011909891 934442922
405777463496764 423658227
264433350511451 106159641
487102509685452 987766955
476048433194639 81367528
780750998953887 565340098
413043400439194 357407287
693929956410686 803561382
333795471174116 4765915
496304795054571 238428142
724788584905103 317753421
255720441681716 409610907
962990283088505 424689917
417974097898743 420641027
900579322823394 448817349
68841163960629 320136655
630121389828116 180657707
349273138577968 919216756
116912047675626 943531070
473239182134385 415618647
737119009164885 730429369
991616032493592 583099696
919889702469618 322185915
917545522431372 470903181
302433232415383 424957859
562083197434217 507637651
735250442840547 218970115
471607420422939 634319494
89979842747641 789970393
393483859578427 538349638
946733781890360 861342876
875418616383866 916791120
179202224374893 667889935
893229377985056 237702338
890282431236490 972927075
751998972255568 852248933
707917523636589 965463243
9930505114164 213311084
469477037848292 461980059
896896739646943 355692236
193918279926696 510012810
485871095056624 552269604
284386516024491 562023700
970129997474909 19545688
206892414399415 39278113
688757727411475 95022080
327020161164170 613461824
716199975748062 260584098
942514939126446 303427960
443520106223495 400203524
275091431847275 408865188
935778803529018 131227617
422994184751521 67850343
264224027665054 132045982
20397484967284 137673416
192724461025322 878374415
38421689745301 275713842
990492886102976 538378254
637047947165989 691256444
56440817356045 43079768
417845418459341 77914580
187823067406189 383289770
786607577022659 752984843
621980652526784 787775728
82811822150696 718598366
118403083841776 756333458
126520500813538 716279169
254759733750541 335864016
636013685912431 733587379
227385941843370 308533207
898556233325114 903075495
269618315882936 695908029
456203669628538 377012432
844360493340259 563756040
248548076686364 841455279
560424191040071 519646176
177692545071944 185185351
563732652655934 910127984
325639797431220 221543315
375361852475021 544578178
665286904504319 638807791
623492114098412 32761815
105546480529421 559602707
258289934324088 567003625
467762971314731 66876530
838437871115335 212021199
575592286070810 209378018
422700863720573 683607805
568013047733400 67109043
606590777198321 397457403
911727912076968 704155562
610911010173330 426022973
302986056203824 706070739
343724887208706 249161016
517727883222209 509328767
76543629739373 889412244
780638423771867 426775570
949520011034608 267490301
628447155462095 828054380
903746439652850 629453156
824362934633551 715025619
912289429311600 385181707
812470204978189 400909104
482781995236289 807241386
894879759638098 511461117
944311177837674 471498211
3142854446215 754897082
487318115222064 729878467
282728257563013 513752947
741982955801274 892381764
120434052381373 64492437
816773906854550 250503193
678423510289241 519457866
677418719536737 341224487
196628987311337 752990416
244964895429854 905355509
424167949030569 298321494
953413086245260 509972531
276017233194344 554543085
35884791738663 344710221
629717293538751 920923228
675302361984986 682913326
480543169510694 972898360
815774234897 64447455
342564435731866 3503944
626040653894410 916166533
395004271715297 504747599
682809607127588 132157712
857014133250514 30308731
744457442986851 211063293
704609128426235 602597178
463025224554401 54226608
700239034143951 44184064
160778746417651 724524450
92556791698572 959638138
985409613910985 295325404
405404308579716 635897601
38851763488877 559029914
286718176316592 232429871
613126160540115 821492661
598411370703100 501664018
449367445782393 713072711
743478688174994 671686981
787964770909329 873902209
2723340666196 452566902
288231791606969 281446976
249613321920583 874633045
372975003589522 679600473
957225988268171 611516725
926599798139421 686067505
251421286024921 280573291
594760559958682 36042357
845065349654154 717636306
640292459964333 602397213
798627648188883 38544537
694755130630319 808304917
499008025520343 903758327
5210371914491 422939039
816220686245217 276829295
293622555670189 895467826
870212480933765 593518929
104290710732298 445145913
358807598142018 840264338
346508094133506 511650223
645070779525358 159621208
995032569896838 779098995
783238574801840 893390516
690826984453255 749214574
600845485203144 320042503
759411162048357 747426430
713980773039500 912270790
998204852818644 398852274
872025989723146 312533259
748738507789640 737781827
476776957182744 782081852
106391489994050 915743116
771971173323703 113845690
47919042836222 792488600
351851959155962 17522157
223856593176112 261184272
487409569843720 927362453
726827329752416 441146659
62204003227067 457977017
355403496133414 688275380
822313488700228 940939813
36809145009947 274362596
202343153356932 190213865
367836836361233 55583449
281998648223995 104115427
302609919161232 435067240
998868727328399 518364116
1478038481040 144641947
497309114339587 387415377
265315620557472 481717372
111442638620861 567630384
126317713236450 891920962
321790243546405 995566469
98204183056063 263748987
967519417525792 30825798
592151833910819 250346911
191928055873116 355003778
328042466397282 779694090
12387406787721 406878205
210668768641930 300156699
335834047000369 141836136
728286181577409 814673953
549993554045087 422908787
363210121041134 25763700
622390455236215 610238724
197975989282747 930189703
558657829437458 964658163
112087708857570 15231960
130057726836827 739536382
673560483008804 889500600
616189227923062 695555201
605625880069340 844778656
878032774078517 587939109
561012020537626 155277749
175973428253846 334170124
974548437099613 314585021
289758243088091 543697906
383691325373462 700320243
710228629737048 959787884
737197717458292 37309111
786019631355538 939303282
598177604188238 96907229
191610462255165 596019852
496749307260657 383146519
627092460411027 443139996
371226813765482 296001386
124470806323546 635824820
654306220500817 958918709
6417204518781 474616695
350878346418844 867281205
294298601384822 46133326
519222573073377 833305806
907113282178059 813890269
478123655148027 746681897
147168716130897 285302634
67625216354038 717241029
705284672839372 565102159
61232089842418 13480990
703643043403846 62100610
125055321072317 319030023
682959191137107 272314497
155850213673519 99244144
740818442385409 215969126
55077560790635 178452708
948498552777252 431576059
158819233531420 856155569
987588437580058 652314092
654649519898939 716988944
884126447370998 957776564
882934965600667 993686440
665116752739803 485014317
7746953583924 558434234
40760585188874 686965205
273971392046251 280071649
606750873287038 22875166
11827249568525 195659078
342341078399094 308385023
981436147560828 806083203
310416768639677 362382071
77979721830393 473553766
906732292271520 160549736
412405093466958 100618665
477760233444535 324108846
46623228743941 723543447
275402225332715 777112074
286212959237577 475258418
610801801163095 688499403
182513141304077 679969377
285321426799318 232430314
28871963016500 29167387
881386913910454 125424060
832833186086932 472748779
369154630221980 194124581
178207039671134 176935613
786589109190818 404851912
995669735190277 64896595
622000466768986 645710738
624742042247430 911211533
867392112571320 718285502
78021339081754 482098
712045230466872 913713316
836783507384157 93587490
103011245499543 229455142
426682192358744 752906770
55497582629445 542612366
265310638366689 533515744
48407678544375 275422635
265391428109810 59256728
831851232430477 150708008
173534566136275 920622855
504981406998748 830535993
221784027073397 80297890
59460513861628 430297613
178211616506571 216910986
889126493802323 733211876
414838173483763 321900328
716222450523415 606632992
926954396164979 337306107
637591503287820 288629419
522814568395412 103849233
425914415146875 335380730
460437198864864 641886311
108315172993619 609589998
991468304153279 365962068
982794066215987 93434929
538843229770561 252834586
262377251211716 251729890
162919427982864 832931886
246861920668297 578891350
174377707722889 994937955
633633705112538 793404927
810055035945988 360607108
354094356915116 947543957
795516310985124 523294316
600465353764348 270003426
603556136027025 453748878
587475152439944 589472792
223390709797442 632502760
102245728411690 886255133
899368577934568 426266480
434094909010631 489671788
856629340217764 779141152
877027381542734 569899606
976446350465518 77561492
477526374930873 500818923
643596760513353 755415419
201951240961459 832325734
883130110271350 224220234
752124742663096 601678550
826153888319700 652430748
311110817696937 481652906
986408290629433 351296720
195708878717759 683459416
32045781414863 893742567
21448887520863 924208147
41160321255865 495940578
715662121753901 928347127
576770943403326 458541465
550199665260571 9105986
448655023373110 528261606
742871354505000 923725052
821907563424039 584293494
958666996627839 79668685
428195185455465 608814345
541652755862579 891593752
817268283666445 26769972
846682914372338 805759215
381464263988813 520550635
12059981213902 628302566
495496679418679 382698186
778172195107510 16200114
858834965506847 402851466
807334917107115 375446339
313925523788081 946994335
502016242069950 519288267
773144600159105 194286576
848104844484175 739133276
890831664117069 88578139
144115596879348 746047744
862265531161191 859212503
909342261274468 536440783
509665063511358 496673599
467094380103607 598982884
823292928617188 379680034
607392726172283 235162369
595543604381786 61560153
886428914233893 852984139
282220650583667 347093879
657973189556801 749795112
2993406101948 954800409
829921772691765 82295993
611727766322467 350483268
36354648352793 510450695
445400875591193 583539610
822138050351653 649307492
430845780808468 623551398
196645374665255 49540093
649122184266238 259467972
892749084116265 247278778
27588871492309 940914616
962947636864711 593236790
500225602643233 718647678
324847418540937 812289704
508832138192500 945366609
457903004743121 223906319
712537744375191 18302014
205590517383781 55290966
917928034130298 493962122
133252944422625 836910558
766858113133176 37343866
336467874297812 354592569
521302429719228 23873207
455272512298191 761000377
355223538009453 619915552
867637316940398 529945300
878486302717254 39023041
824456894546309 883014264
340044940776854 922617157
800980736976306 68491935
757113355354785 953345376
528304609912298 176338868
478975922708978 909388578
129472699732245 189854753
241765019866812 3088983
636758726016777 238574600
769684328868157 107632668
516705062644528 474888378
7669014677877 355028854
751736571993359 421164662
861361853786993 911445571
274149047940168 364914714
993339821264856 776689418
496814831670696 259076843
461568743460906 747683182
58690769734808 328261432
489011079423836 577408646
342225303305277 317461379
738339842927196 983146475
840705172538425 102325989
318184545489661 333241088
241165208031844 508358379
988221533924552 997414558
901575827654161 461779971
381520374424965 49016646
345748291143859 302940446
951719074009024 507222051
367329472916766 932238647
676754624747725 661073225
894073346259183 847094032
602470635355986 315858056
869751069307820 129129019
479927140585745 537373804
668506005993943 783789122
371657599317349 188273892
965836178975609 626391512
82792806694646 562840656
266981326720540 497575849
224160993057415 701284601
576939180099347 12816662
9136958760811 845466072
190971683907744 38734772
815031706823475 566028483
850490442786203 914083457
677619805936018 675767938
135398625237954 124868991
818610064049116 907164512
484891079084679 359991832
408327351942028 688606338
307832919040599 467006346
51582279717554 16876124
595943107557046 547317604
991612426789614 251189780
657166325098577 480118616
370826960945986 546357334
387840247490040 596104314
983277777302635 883851747
595401069987969 571784835
274689622490212 856726450
928480336753040 91584220
855171532300646 819079102
696281754112756 810533034
973615107515367 935956915
986049503465997 230255485
19021406551410 934922050
781429959557886 930390003
25194222166559 826147346
825155623555614 779232570
636156512280049 362492171
466783651686134 854777091
284476999717026 439887063
260753939868651 695754061
268330154360703 251129698
729720684185210 373147789
36310435530170 278078714
53276712324612 703718551
974283505961784 985897232
863240860592833 173042453
930413044909545 744685438
906118166232860 393155702
341572291712459 307578055
597111846116392 439449296
101346996099448 108755964
204368099470058 848390444
325064308069272 459152947
127497382143447 326119706
54588169139379 405761049
836663528350647 870297694
876215528019021 462211484
40379876150358 62081522
191806616740281 803373889
585853385475477 252925773
780726711639592 700629136
23916226884940 549090848
970061197497664 677127328
442896991353311 354949875
786953209479098 800882807
599840476034381 699587775
197085572928822 830265675
241907824067928 987584599
98640037865823 149300146
42151672505405 401676629
154207230155319 820242075
127693538911246 658648487
205218923790618 803398027
804441790755974 389918624
716552713622715 523153886
929588513745062 515953801
196023687524587 955011282
585517322211685 827948061
850556491305705 85375909
606630589066229 413049929
731854331662536 903214762
332736726575979 92280804
791250553227286 28028502
444080584157247 471677904
762182215730580 761890364
156551867871833 464221915
609233596340666 862475710
569121360073466 53196719
775189526202276 232186582
308667540810820 423544902
198838871237155 917229384
757571070604713 633765463
118263901232943 578973551
642491371503895 405154437
510021924041712 580564752
901525763853564 740601831
502641384601019 111464983
763842698440714 367333087
636493820568631 332718928
895804819941132 227579794
468444933636337 914735349
877476786294866 68130240
358413495776042 954112756
728597350693912 235386698
535958324901775 350840592
9788880983925 409047437
30773760852409 633634635
495900490552354 926815321
745685809644923 495339941
382462752043307 983737353
41278362036473 39902719
477941654124265 871231193
870399157252988 584447579
551198780722843 835802216
7950437430907 807966715
781704845082499 48852031
467504134085613 62388916
683101228282525 521632997
625782215051867 630585544
947452105049196 692954952
280339098553309 901262568
499378305983986 762607555
901992120708232 445781617
348164922521135 445917530
188782329002461 181059605
588794523285485 255017478
103070835409567 99644551
429628339231895 500208939
24334555866839 559763089
254962022106418 836860287
93125928735314 163274436
679114416830029 541098638
455525795447376 247750095
419463892173747 957684633
578572379469978 560392099
428127462891554 483139410
622462013781506 858857704
928479214146703 738583312
868590504955424 974890759
957997834648752 560955088
994975443733106 128476261
178911365525619 439987421
989492876792537 378008223
664796531587909 556513530
106068276793287 510922578
102436972267285 222139433
47874265233630 458754526
438258138653138 887238563
459208023211298 402103013
97062149663504 700025106
959470362512647 325719275
79404470288197 753872342
658630104688505 606937586
566565206503689 306035373
110159541895082 157892732
877692339092116 302172061
587790487512924 58848349
361821484859416 771262017
49877500353009 136512300
795515177821617 777654718
558850645658113 694521804
32778140728262 281968449
492856079443493 11821501
842057049635977 320244908
817372884731677 191332955
537958918540798 400818451
701635956631206 54242934
726268692885414 337611485
877576902051675 87724515
24924887743740 710611368
795789847954029 422135430
138291013054621 34027638
873400223557391 194537241
751639548379322 434424535
179898268836685 264380078
925803606233301 616159190
148917845438727 48300804
634070580045388 650685708
871694424742669 659112948
598994953011919 737251823
17596054976463 64717638
922003973887847 737195321
287502357637649 908429373
26943887979804 693051483
885886765794819 958184657
715821812356163 516434921
584796735997711 488435960
720160128174725 877624735
557610648734226 977761591
526689251644730 290899032
378859810867997 554336160
311968005637256 249838641
11378557725978 350535421
595684635719694 849033022
169437437962843 246047148
128599052513622 231040298
311314305681273 49756649
150772412987540 757523099
613019496428240 701473790
58843660668184 513079012
359068468125875 749711224
110553315963245 460370770
268378472321855 664598313
58367716373100 1745848
699180528064036 821281027
948649558589039 142187586
309151281800115 182959697
164472273966855 500585184
487845774137779 831154776
635204604368842 454551768
831007838233371 882917162
111408018486155 31997827
459075679541286 702016534
132708248105524 832963919
800649263860450 320317793
283279350346058 6595543
477951629920949 437143833
985185238677459 33672046
495706564207468 36873060
53160341800326 342820324
108275912751398 352250736
608826786005599 955370132
802553166629352 226581736
147259802352803 801147306
983288319386286 799784798
737768199416501 611006180
903730735910999 936248515
583436879576780 468094186
425004115419999 891541284
937332630896879 386621871
512597500653825 638045808
903343043671962 643936830
764364659789587 834594054
781959223425278 742981420
273681799824876 878889115
54347488848328 933429044
617811150183338 418994353
812168394345716 634246357
251414726919809 126465102
65808917178771 693354811
895842330298466 383317921
520980489852393 54448513
373485583159051 132021829
322517580048006 108827566
958536932597574 685386945
656231500235939 458523361
674543960486061 418182499
12172557460088 122919166
682257489221376 903769581
789519985159125 468295837
172928231370396 534017116
474232138421253 847204252
249389110917022 616493377
462445704150020 122138806
332503365004918 291483977
94318301390697 441484708
95745143307675 84298396
768111805641410 159437318
281583763111056 698873686
775501214223263 148122273
808951738897151 236386401
47508503463100 825863268
483083438943706 448507950
661520129497181 146702469
248589612886947 399894984
642237728029083 749888503
888904608375882 703880796
210059134462809 853677562
27272148318341 218630651
499188920442743 796084769
846800747177439 533494562
264230706178206 709927779
116977516785848 12234981
382974828577651 194098482
891166206765813 279120447
331448641637102 493063277
115630559209201 581740929
537507696784870 714270408
888309061420800 612895618
689550786803965 677254561
567488231382071 922556043
15374161175920 684757373
484744556319590 617824716
361648436153724 791034498
868123724711656 633135934
289597395555723 537592193
790688012800522 563454569
909962233451724 939042834
809131579270869 198299298
53086576361196 181402342
933122319562935 4715089
228397135501688 874519143
130165580391162 895494884
879417616876534 4907142
149756145592966 350731599
981080438155182 684197375
598577345763420 8640928
899466061523820 793197630
648239885234980 109206246
625190981132979 591893862
917468110133504 670676596
64817060958703 999849568
696098688771524 408050622
745186486537471 188073579
292888962131987 8185162
56075643425136 683781809
417508311985024 224523450
598408633827416 35983674
800420622342916 122233973
474953276707331 112502856
778476997228099 599451766
205497204163414 517937843
306805995486109 918545757
215386420133343 30657322
207940494278549 168605630
143386649085350 514327267
231850172636779 151141207
476151605266343 309410128
136392800875709 525630377
224741615690776 778445040
122511698739468 865630750
71143520181280 680424596
511186542916661 617851705
34027102990618 83528062
111546297576280 271879407
175980891714954 929377466
330013838295633 2877300
532650312375931 115222585
471175931992248 954272466
241513715343983 127347219
584260685034367 926041780
572125488232557 880653900
603969943319700 315028337
982319371483951 777190908
701820111903542 515403408
636144605562613 385365101
11666147943961 692188305
54571865668279 855719768
991793834035919 857050277
231755079264735 829427643
37757627595787 508918933
603913978151839 727055025
301502464494598 560015955
439077104451529 827952586
141913746930724 559186519
497681238760255 746682060
213288779682868 757413772
608902402601703 217265527
905081444702644 579594168
272732456371666 393782584
777177751304428 670871233
144095246965974 951448407
680947166135569 80105335
515667444793214 219755783
553852930516997 809791066
45125577736365 503534006
285901455152162 67091730
424008067038314 666718918
584666219264069 265273650
579387737856774 850328356
564542645589919 594938696
394857677269223 753187967
520087147646615 881606873
341165355458307 361048183
320750750850722 457841875
796517202768427 666968537
918270780899045 539329427
831482384446582 327591835
285958018497468 502693297
31204291412182 725693533
373149220752495 84800920
823918426357798 710736570
632347287775572 955891488
172555508365568 225201612
242934336174913 653412723
700976195323853 701223012
583821150027583 251372048
457995579912850 496276174
616418810945120 489090551
60035181388850 234607455
366400847355415 349958540
755528142426853 640232140
184815366321591 998849391
642392515531463 194347041
354199089567603 652863970
512963531978177 899883912
482826889356235 206793490
938057167193229 79998754
392154127078272 233664325
205995579024667 573967381
596343450098540 323589683
357927347227597 904309593
938299907258384 80251409
126385488839174 956541697
770418115461569 675876071
481608097205246 184234228
58241902634036 462873852
235377445297229 190669856
766402555025860 774050065
108952581072003 721804081
599552503291181 142438496
650263416108620 968539428
181295747855423 441271797
452424386934335 807834416
197977509239780 700031811
296752024088153 340059859
335512611877885 200260474
342344717686617 841227733
47737544972943 654978034
592609551650082 534733568
680732947298069 843570959
998671926674478 429920089
628704195466657 788725787
192304540011070 229386865
576074370029577 562999328
42472411194977 840727302
101822588014590 714569958
819434307129268 181840026
232739540866621 860512583
675197797679372 193783951
619458546653443 263344539
744284993025875 254061774
662780423728011 264448876
616033185355346 965641622
799781381719036 955631067
71718032868185 676941608
347317140339624 294433287
699199649200678 439274438
734372157495547 874037415
290525537989947 182220370
181547455731037 23288773
259758284222556 140263493
48859404684022 636090929
107662983559776 463337848
658091898892740 250305243
275251453664922 854458092
534095082088421 330722276
480486311610668 861674142
915557053147321 173386425
201573179495510 223435271
119716211960582 520011792
59365418957028 68803488
358161357401957 969008089
582621646132856 634828187
910281293699755 99401623
456616911768168 572962495
863458343936924 799966629
281103788682393 60064858
252602142322540 414660660
556344646346457 854532994
764958494608551 219077447
352094983878988 981775255
372496849347810 173961718
89358163582145 676194235
142823495670178 2741019
333591781587577 770705018
775364310875570 287821576
878507800330950 446855205
800881275463540 634390129
110274560459213 130533320
362912302585383 174587547
967922495436891 996137129
131765491429798 567884009
52901991570180 337073588
473638308760434 7976310
982016956070102 798677340
426940034895544 162099197
331086212784060 983349058
862424455883255 480626403
250226802917501 326719359
37516210263198 938569606
868412463453738 24873580
465313309511274 473775923
737335308942278 330476528
616347266946443 914466161
178323015464291 86578232
995647891403575 866433880
230192993299712 366249824
908562819201442 303169261
948009917289186 387420080
689578300447963 642112779
38929650782571 267462820
878556446695605 301646008
379957913222748 124844198
283201902002375 255162167
554233545347733 792634294
871422649538164 211030231
565132446522970 827459041
937008512606100 647991032
733144916666958 597045054
94352151781573 206119132
531699534582857 632883673
460282563217040 4834878
22109411775417 770556653
998441267612142 810892969
779657820306366 785588687
666839361957979 945137577
293452357451523 946204538
951380925214027 160530084
685317595437013 822485640
429109819659428 472609211
496324143944812 804715072
889782691170373 321766818
378253060561065 935651570
190293525840022 546305907
377267872845736 63917855
150326073653190 287379275
399937821324792 702163438
883145287671270 141030147
50815560586773 291959896
476917637034273 517578975
237750317181455 12998888
788170247769606 437476073
807466433991523 834933402
90529476856389 361613052
883325603712529 758053220
346827049125198 570393064
621189760429266 496721306
6653781316501 827669255
821260159925924 162532613
48180244324502 515818697
120001003914511 604585928
275965580942878 467349395
626031201961224 793781993
19790521417453 440382193
234710675321970 575405921
448354605268204 169512498
818216589323471 203431846
747873636764442 858128506
610404496635541 117041057
350297791677467 839547252
64490158872822 700726070
787981172768405 490925592
23911851758075 499561215
751061238158278 590817199
475870923703044 811204051
387877154826958 857468372
586082242294539 399876790
278165930237914 198712085
412484574910129 142254781
245594520750377 1460656
343670893677889 757215125
199998041577075 167974191
408004791720649 708267429
104974031266003 631423955
432051424432417 944415368
378125537899743 393349344
31322675925411 22102141
258690385971186 484196304
334945328271174 636503573
370154600938823 905898547
716322417756309 477695836
10909837102990 739970675
216369684368586 298085396
794378894517586 114865321
513376701014033 449123051
897491237050909 614503557
426676611467530 859469541
351668195829789 744759970
985451049191365 3792939
683935377644518 422612821
812777853329039 945085731
841036845695040 760815897
101339657466631 591147585
658106170307895 759674680
348646183449273 238294427
968892021769689 55226853
266445006064415 419338598
621008294733107 91205605
501239533383396 520229860
254555387340865 747603449
340130285590579 109993179
654560678043008 815941492
240176726576034 797490851
167648413721080 120957891
60065455729471 719320996
878424845541509 813281073
21979747602524 433822234
887567662049134 239192411
585718430249777 592375980
942545004851361 662876635
511387606131561 832560013
349150481394501 711854786
856208015837393 586180095
511514091149030 812509309
372664655010703 338972555
738988632248223 280623262
979209288376881 329787234
26069181164509 108711470
559408809165779 462482402
993532520752879 855612145
398464910125936 659556145
494306428504199 272423210
920483062758134 682674811
334732290775758 429389057
219528918002280 260725726
823402109696565 244794683
473465756645712 493904908
108533547712464 253231865
643186542919292 252867719
665023547116230 225190455
310767229306494 129418457
978804742836221 750129666
805907744543882 293605063
102605779271238 736458211
832222663535315 757774005
619072048670446 510403483
102566489029751 671633608
289934069511993 942923908
53250766956148 133289850
664236010726860 232741525
998006576486463 998066344
123360360287623 226886407
506910522089168 150430907
802978607167445 563679837
952518767258702 427952362
785716862815054 582067808
543608346355823 631514177
922931175348096 958330722
316519107711934 159746004
942001406440484 133676667
220651539272795 653343219
217125435028587 929789482
95999566248748 420054983
607507614479707 638072822
822659747992945 519961585
844933681621355 33156121
612464469937143 949132475
757630000852511 785496652
932927276895088 530405955
246759425678149 328445983
296379537377252 236177268
714991451381359 739810382
537074289099028 188824557
182368730746142 603064077
119690801440024 803257237
164434324334907 66977803
609143389156702 704948832
476010253880974 105985313
998164156685033 484384344
798497351561100 812948649
924121190886166 999120420
581359638197972 76857568
387416746812983 486734120
854595349766849 314294138
575708800807676 380133160
728976612000097 941816511
367259862262787 264023896
770364554329673 305598335
110757693426728 142852749
242630482971608 546105343
265398342895712 816892310
101087926195896 69327734
726744396736521 770900135
761127984038131 95907300
258516466642174 709588947
345744518870007 812269260
620904695409239 638556481
250436646240125 538472054
988211334168566 284200088
229992074645715 972741178
922255543221233 866692101
345820722535533 128818105
697544407809472 670880269
802969637867575 246448359
976779159853081 599199620
276608101626225 746019339
586484024563622 385074709
789308278084559 471949731
905445868566189 194182854
211003636975550 279079897
101078464276377 165718650
876866834374178 19457890
392232334784022 32079633
192775314358354 420377369
741170816935393 60749665
229707384063622 77984916
603331207249268 415841255
797102910162506 204667317
952897729654745 496272622
871607385003311 913059847
423998145117230 990385339
746369636156323 603382242
665339007742352 997260079
120437356332465 725955973
359007901676270 601117658
437226250209821 261914152
992694485541587 722598520
908060426963411 620796514
650830083967218 617206377
53907347958590 203338928
558203612949204 73407740
670019776907929 653286407
416579060601889 468802992
665345081456428 501989891
841463873080745 426697356
411190832955879 745627868
668931635141596 532112525
123329131067632 724892538
208712331069815 65468431
849401585767420 766028190
489700866856661 228296055
977783147701670 770550422
574896603891493 957255750
24865037202716 834832703
194122113762950 531004578
643374084905097 527546290
373605994910421 516705161
600941647334765 593361715
627555638783618 160124738
272790365499321 98005109
231842593624250 794751442
370478692116014 213475727
100765128369166 222154155
175906931554229 501209119
557572521499260 420761294
562562377096100 923160963
454366526877160 655947327
280737768510265 25775286
865208058378123 382451669
336305614170760 382950328
152094740366032 419046311
887545081672444 65302264
658353364934489 820464736
737118361766725 668140441
228670656508745 214834175
37440144559478 686380
773013865468463 843412714
682335329778317 501413515
250961820059696 666745763
595084819413477 972608564
666928829318490 239165775
550354738472340 634834446
185875803932998 993946759
264744904402225 41738497
869882848844819 930548776
360282362892547 489508874
327982058116326 266728327
118927401866049 762582802
562805696732375 83946517
361470541736391 947946758
9150457186732 192911134
433424788349603 900349213
507863204877770 78683275
580794707371722 983889988
390785290815352 721211294
130884915762769 160513416
366079276363253 488774394
250431250605774 314126598
745354582397104 675619935
670666649212284 689928660
850237638168009 774616460
681332548512404 617626053
914679006268908 16109423
929567345236483 555042575
815451521706746 93416525
418043683062024 899649411
640892775538957 154694800
129586595891075 111327779
633361147627093 13294695
444436742414998 764003908
200141086993659 177541696
896254518823755 805537570
666258279704063 109822778
453935687183745 629043909
503948756115776 899363874
649559172137293 887631179
756494371887305 712508005
542172855267199 97880168
977578047937900 878200838
923935314355490 441844858
945340357916180 111592259
206356507623633 760444184
609662766428330 926415219
284821983370510 878674795
990891568620270 3917335
685907614656155 243416424
334373717306831 95758640
843160183717438 670937854
703107253174835 569990033
641001545320817 184938216
916860630620469 714801794
927057880958862 298588952
319240704381334 444914831
506248000218479 399095276
906003574606392 713196244
805942482557099 465479874
118781743166882 34224696
345905142699113 793361721
944150053365440 538159199
333799206327 325221471
899902121745857 221950233
811600068971951 741110377
987967203388525 873907931
372564952673168 295967835
501532152614226 142884065
863184439980160 875865404
627294925564542 358933443
851794011012529 688523739
663227122475045 939588399
867391478388967 307557456
365930960722261 701126215
16536668479681 196789464
111107537924291 798825094
792538472470508 214991630
92285121569018 446735327
903104868230697 480341883
707566546371169 760967699
79401880537189 412260607
901021784441850 867256048
281123975625749 376731766
567252437768233 672217188
671066677085993 273500125
162504839779858 943198261
285769535140703 723932761
926811969111941 496809027
847812731077392 563480517
824851132993843 17985651
993604811782189 987494911
316155644207706 711298526
48432553855682 273686761
274312753323016 952771376
181718534468088 732362852
88176554193622 292497764
687037269111472 385961495
284292576901296 344450354
195696015775783 674893326
786186723131400 30791526
751958380244399 288821819
864351020338260 491630105
353334774506903 69423412
366193766887776 764072012
911736852741826 863257598
325855978596563 239215111
185802358086558 645113988
983598717029503 145073416
274896911789513 743161030
437525691031207 403621996
33001724833121 835619425
218313733477993 725852210
383081174689783 551334186
705441760149742 908240669
592194170745922 661396841
178776327015688 131870022
943037623226258 773135764
208996723664358 938084179
463236710647110 249981509
354739390928521 588988972
943164210118069 890490333
456030032671456 593620070
709197917516423 675085667
58037495717685 895469560
510948545637185 78780497
633179423316439 162220501
380148692057934 141994984
574902273997775 687287213
752709414505503 89731463
628460667592768 963892192
222873248161809 515316096
380437591199777 258479167
22179541348434 246286157
612759162795489 862310845
911501810840265 826587971
301430824635103 184886447
329983096791050 91771925
28400284874973 82526141
113398519746072 859331577
848709424837637 217168662
207483390016658 789379851
620305912572800 156154673
86099281547411 20737576
455193379480678 598410244
564923850975858 76627666
135045904340441 227519093
557138975090472 357278883
325990449598722 707669754
610244339915302 6707738
317423030789468 305596069
930460678061939 1927230
395602829980570 349105558
914929676005981 53049944
118964702966312 824614788
690526988163268 971913298
911320879445087 535054403
826373598414196 489274952
414336857469807 127588640
458890562325472 481749184
391863086163715 648349562
850470571254980 325111531
806775339731919 772712369
591733055349209 941124931
484136765885395 135907568
722181594838758 669731429
422793216790845 31549922
940763249246527 149132599
436679116371245 869016129
421492950830455 160068907
237201764994438 593033972
919113506732071 763870021
471938573889186 199774507
956605178219391 132930803
260272365492517 306866618
704308154892227 523795861
13871378610764 943605220
141328957470450 454253711
13277227577833 359494724
154047679336234 122390266
992579589578856 841976767
385953859907240 363216238
259230808384873 244093037
330863412174056 570631574
596109532020110 268661970
690570419509981 315316973
24894267731716 558198751
927874711085982 36295886
911020182900948 828910155
681569016706295 299512492
706682095785518 866616708
917422322755859 451077605
752998418338500 444569117
618215745188546 276251190
650318955504305 993649502
22374963008295 82066636
711746972229443 143727310
886395871173391 516457837
4779793695721 460553391
206688681980199 298626142
413870120633619 782567116
154695949019832 501724991
486364970563443 905246870
938178569661253 90028255
345162431017472 266920546
392909469169481 851414207
595258770173801 559928668
571191398794911 288608586
877372793145848 980016936
254586284063649 574538302
116772175864860 491591079
840270604237329 206617879
659053989494195 865313810
62416059581448 409546870
563625784326079 837860577
85993334147174 865625856
960755926208993 156706136
690107980360232 282443412
626229234624603 676402118
973057406171 441770706
792496572549070 364725858
252215376860601 988691114
637043093003005 623234850
527291759747074 746451782
856227577748912 569383018
186468956010657 995837135
304948322914730 600049347
110345430895412 651085949
16574231038768 318648457
217302013126395 889871768
578313073710413 79366746
792451245770537 402210278
190555515624045 965035530
821739291390679 605004855
546215198650093 44653796
800106847130710 545068919
492946843591691 696642235
49136565572794 477264222
369846269065836 245238813
445003129874932 469086300
749720614504230 282595752
344243181111571 758416387
676287979393510 914884968
50025666125693 729703036
232400870006241 444802788
26971529205633 768627744
298518350269306 483234096
590927748425355 466557641
458197777987720 754778899
569033284732389 249140521
868440818445542 155771220
215694718288854 605252233
147816616194999 585387082
50578543878442 652379876
606319132105001 672818613
701888418831651 951926300
533593238511296 398595959
993403393372284 658348668
972987784002221 142354126
278926447942513 747087940
861020186090429 828680715
308438782542568 267260040
640897119802098 922088597
391546027204910 279967051
141044809011824 116636599
515371747858108 906666752
278031171886228 205952919
200056528373093 301954663
449130996653357 800721956
563066973433825 605315798
324151983612185 380426239
418591466304437 167614945
332109745904625 525056443
463176229173979 825339804
346067907707672 879840826
207479936400223 381277445
900144171034643 458835827
492505103226671 972631214
370082124134467 862668261
88927818963217 313708576
318541294864512 893655705
311828037819758 764172775
56893782213651 956617005
899328607451768 773821406
66255682858461 439717640
653023205726890 557347730
589611015769358 839792840
807188129674202 16496614
176736526359858 355100386
90739980720982 51184285
444026816568645 627011111
337458619640678 525688640
965144454976737 612536342
592682500125135 172401344
354796659818739 921318644
330221009992714 362300884
414362514609725 548087553
330156482692107 810181622
699181313231181 505738858
178886245794876 534897066
8886294743672 109785613
350864871667791 371812086
40096442955693 422506768
47228537851971 712576536
266066547512860 189290567
764714234318654 442756241
613261946264605 995669188
702834197060092 30662880
234222695441215 82778897
495044052563799 588172864
11736027315513 702263083
367701274740138 664406565
704476784360067 547923207
457136989449643 869670229
748594174406230 384496063
819884799758133 104506965
508717384910693 968958918
165415072631605 625320854
159775457436034 486518971
144403278081396 108436494
919137941732234 2157194
826702970377516 415392705
305839134415853 516635645
220042895681289 888996934
501619438332905 815023358
830227179229341 213808475
544240927706436 618839040
432718166166762 950143372
388654556963704 313158612
538702941517404 387355447
880250551131975 130926290
524211550954984 877035779
604855907221869 431462863
450599603989248 299691556
45264434580994 532686610
34711321615268 501459613
158526759513676 422213786
449063035025042 661387742
793956162380633 673103462
236609441253257 937164166
263520873406278 50102605
773536242490837 534119133
440357936806797 601805209
537608654492123 327348946
553563252819053 722116981
369199903964621 224576688
916801460772112 331023442
267733844244698 538511905
886761786481346 687492368
136286036370306 552486197
64236581647166 515070940
312918198637473 26998125
540323881142956 570275316
616689775146390 414587565
540586035633909 466547509
899216652453237 414141530
414327316134227 956538346
493993897105594 904378508
234332564955418 17803984
289657022586538 527967265
105357826210082 627107580
158523839313984 725314387
938364259681600 937912738
154308077233011 535506809
976743817018022 431633021
493253566771995 57019160
834686756760530 438853909
115742123036311 185078384
837815209758493 708239541
525234426928640 599711
316710881848742 718463581
728461025026289 671505176
145346713910636 977337452
59677888789800 730397951
633013974861009 790112205
815494355044142 122445565
846083453107606 409573002
512840235774565 989849249
301802191905145 439217196
32829766363071 771396849
858908821853313 522793020
66625610223768 913277687
285851694520500 587692797
600822855183081 926968754
182695805466230 241417786
235634099923008 320138034
334956276786684 832221607
612740546557051 753258754
887329394480709 835821152
798282545515348 461463364
688604935286351 32093363
766587410134706 673016672
833936818171810 926935786
558879073659735 104662467
619507380037056 524710262
263584819264256 181901002
438899633444279 38301055
675169203681819 440697636
125356072306501 333473799
562335237639727 526878013
124938945340636 175067002
710413887917147 22595590
827146939619072 251178733
968167785762813 359761533
87028425036277 48221659
263084437050776 312153082
262787008330996 362940069
259187440854507 352483861
480997607511331 650066454
729713017442893 102117299
515370548698456 258728603
705027946730089 498421795
119776239982461 837446182
460098371294898 504161536
76158393862026 946179948
213079783844461 754070186
230565446268759 505275009
719232661857096 482548012
124978744487121 147882283
612148090086801 949526802
968041062957292 181599772
73718330887699 401780701
635462679271710 986665488
359762982562228 297393181
257171444473547 356144295
13638944991087 12077658
82667117864039 687307231
123374566603163 360610245
900129645447788 591811351
528909557433471 808489553
217842751910693 473066279
97164320959282 72799430
108997834472915 234497033
622426138098241 342202492
988711917734408 933849097
814910210376213 74966242
65521475232369 945474386
447129488814590 467381031
227848897792168 230414707
571443423086036 421565932
340628366118271 33784889
478043771124302 257349058
717942828973659 28017687
411948240605915 443025092
668730403053315 43860219
500666171447422 337696919
573611172093467 137251672
563523076059779 790964368
176833796410105 84731643
649605541872393 542118104
676859665378703 831750191
345150751350281 280490937
822394400491140 700572761
837837989543345 596794562
307697533452760 762689079
667990160834296 2081991
385398909913413 925864772
413462652250144 447213538
947747428284485 371239670
647147568844752 428322339
835264175197667 64466287
124712003778556 271137706
362035480372733 574139470
868039397109250 857219502
951514074510410 604784019
994723708414445 899756418
377453423196210 217555225
360252171174557 197408333
178999638637299 959985768
277291468863718 696382907
709481349069552 276175684
811904845515869 236079534
810152368874426 957199891
582322894556625 120860236
846860413597416 649287320
375608438239150 133015560
615314933244444 375759034
47763969926067 908652473
850995686469644 562303349
97374217131886 608500419
737977482495773 81658196
771088347585098 258230378
326334202600311 24631281
565339468201046 118375480
284306322792174 301236486
88737995818251 317360134
582366044908892 829020059
434593119645904 138552037
706422671121566 732543639
310305173256051 580706825
742266023954659 313500352
979939154118666 164796040
883435960198746 20615897
507286220541443 252801772
227277381486307 951133777
468840503066437 260725301
139207021192888 908619784
183415302116921 836861932
945576919305557 406434485
287198604753927 208242633
932769219006422 383282659
466951406465934 178499735
173855432603537 318866620
198352203099831 716724078
842604264253126 192239188
592345502346940 325055146
317766467259111 295939135
901787737137797 539546938
123857794519501 920052922
457327941892998 938461148
367711219544571 585662152
195586658108365 729850292
227968511696874 530084065
231664150947841 404294434
254500207616165 421072226
849368208524075 366344532
301224708234772 967859049
237426777123876 76612906
856380044020888 449497219
267293410610426 915580586
151528337270363 919132231
276041293285149 515088540
5718162770983 433249974
474487079105753 903256149
241446477926621 124736244
178155788550124 379823658
866463275293003 172626055
70919185869468 277547539
569609884176040 646498698
594235241270240 139661582
499004555068716 803164938
55123260004320 44056660
82003848389267 613994008
246534544865313 900514837
667545948474504 893491430
866802618532817 243604250
330993427902544 364244094
133765527958087 143939002
288465749216112 66483147
649944852799743 884250023
61849675272211 931106275
856926161231479 146087180
790510900921096 203122183
684396810471647 275696021
299979525291667 986783460
360209713866331 647095891
613288454843675 391810172
312192611327995 216009139
135650873551436 620504712
511717213303040 860650325
83188666383977 22057946
158476290208547 767205639
682974156247086 350954297
963693133109763 547039721
364498488679026 231573191
556394935565950 79701672
824798710975044 479870730
926014665009263 682322251
798627885741038 164743292
268502761341086 820360657
691460903861519 339861187
978476755630945 439655815
639764084398461 556319546
386035626183336 546272916
998719771210812 856389406
73628779834301 574095005
618980775195741 638546532
625827059016786 604486647
553201043550941 582085302
174198798736527 331169105
495275191218545 966108664
956539707414226 541146061
120571684111115 875827910
658622362037143 412201670
863433779650311 652298389
748098769797213 738651891
368756394627698 498558540
737587500661079 239684055
637605584508309 574252829
122267867892339 99512981
565979873241187 900569230
665819336953615 728919133
993825205180548 174398985
109674795451054 226079030
496367697214752 128720348
208188654833060 696802502
298040103457193 871774104
857314753846691 771546399
515706466150134 811767273
575722783912001 238503184
810578988585937 97783283
218624102592579 437361844
392415862068284 259907436
619158207710686 65725721
168533411119373 40032485
979344223457883 564080892
569016759282239 523501185
438067873280940 629199974
771238913846554 180997825
527740896381695 327541358
75585611675531 164396891
163030883168295 135687609
16791620305628 946130444
199157318284379 474197386
68887808911811 45314204
148582774231388 244391993
90431244595607 989653411
314163265076145 48956108
847125743268185 740584868
803561467165742 818238708
295062280921707 396415822
640791614208229 656354343
78119165701673 942565905
217853284212331 554378925
535356906871395 168933130
362723083517043 679043135
377266385444044 154138008
579037488741687 187234326
18881458352705 392756732
241005151707262 625600557
493950532510477 615144630
36463894585985 383026801
141806087290031 327206397
988601881132575 391259601
860970140090040 305437109
989024220001558 702047168
638775276011292 609895414
166124860918315 283369460
277611220081482 789167904
256871941748238 679987341
369489967380931 465420763
461361641212118 358713549
726175246423410 546973407
421004757382536 655531381
505642125754594 364535137
506188115033072 330532717
589521131572976 915607280
324489500047144 874755625
658453061469538 498401339
7693871664908 662608614
760387883518900 888495856
37902846034277 143496277
634753195184051 964019591
613817000832706 54523360
172899449170034 887543322
922769822265054 722713691
6628300063756 201972908
8046483167449 100085703
547880070773654 32490690
835073944238655 95493671
292908708443653 87560996
191360641266820 18203788
647471130001773 627457161
5908023577404 340861457
442541258857850 206296128
691570296011295 846665553
302653304729974 245251973
215029697874410 527622412
860624945305885 872814535
19573917471250 237161800
180752120743051 955193265
519623200946009 268911236
694937832192882 913006625
16150367736145 251848365
981383514407913 966789441
786503093888593 761393651
933002300154370 379882022
101759086314519 49090408
287590572267169 8217239
278875468529570 667890051
281087753791211 844520695
636521739905018 567711679
706131741335059 374283879
691457589989787 825853660
110449807859622 777615142
233346235939547 442305256
441812094754519 607550425
132617127738618 167444433
757118047631629 523889745
234596551671387 121146974
480383324247451 466986722
162729893276972 862580664
507509784690581 350914557
446513432676948 305059211
696232783280950 338631473
231371180694008 446251204
131646785011350 88130951
48433882965938 724134656
374655354659021 461178440
466383066238731 813648325
237757851333086 826755294
457774559473065 921841248
165053014768980 250499896
44877491860230 534632579
980292258492084 895824925
692048323897411 106726068
581568286252832 130854538
273537175300 100235078
730380448103370 88490711
955000860549768 20681648
310505800902940 654238084
339983401101932 927687968
22203576361852 766411661
726230244173684 842335845
549314134909906 30713100
922397318007827 114609476
690549032390734 992872279
567788212953472 957595259
776577624944694 282990779
145533816547175 327700883
990672217147929 703274628
937683629493026 243567153
326083483241587 142682294
313283015370537 123332243
284787629700613 88362012
220723911898487 989725479
721040843228645 676924454
401232587477013 164148169
243251708148079 331105053
941501734051317 223238942
709902835899811 70033568
994081655606798 763816585
134745939955169 378987545
507952210694117 407872868
580490959404222 755445186
906400071584925 986341561
634372271451195 404670036
277215641378832 759948419
343200114552347 357048581
306395698776736 64472438
68937033370588 667075487
524299437535857 755647945
804124228204564 421775188
575746087183866 552458917
696952208080073 632260313
570995586019149 900800539
382585454110604 765379013
581160675535787 243738968
257600937598187 811150808
877774173118289 456998831
565283759243488 392824778
362363032064128 401143446
817227095873138 430047159
160234143664613 117051956
822199584864876 530031874
94952321748474 297908220
426915727667064 376069313
346969525277508 950321850
743789855205254 847470467
866115556231595 982010868
84856822444552 589899075
648017259560565 1258489
249494064058391 558274332
957393988106246 45646258
858112518164017 541473862
229050285500355 412799362
635050116806596 32295207
194348603015847 105387861
105828098122122 209894911
885379365597116 350548070
668071510020076 599244064
25789168827176 453248842
375238888072290 642913736
170196579661739 135909531
471200290119110 298785534
851785765802070 459633059
332795328927657 980507344
655636554089262 799261847
71204175882112 57327888
265100138314866 215629994
678474947660970 940806305
12531527892252 236403959
703251349995730 487582913
241959061844807 592091890
484938967861755 787908645
707121117855528 831538736
879587459358187 391376219
621752611219625 821247037
24394212499044 383070016
897540893318435 408316291
655832309995934 393349919
189257203596509 597679725
288243105934387 687949063
853613253646014 581865161
535162047809082 19881963
731338795064371 46813447
103848067206037 619311138
64706597444271 398060124
287605801411882 288218621
208047692942633 796605450
610859552089345 303782116
173314330796204 496292047
75212178150997 776641285
240718502945329 493019264
201461769787448 233032006
530030250566736 910980917
436770525980177 271161446
717117219275104 560169529
381529948630036 170542807
974877762394566 331186430
445631453063372 701509329
920312754455412 357332986
855911745625722 77470614
43210385329362 74632889
859730692538843 861524508
963789607182920 873783998
580525161578330 525458636
427551771825220 774524706
437906411750928 504582868
303250764283906 138144318
523019751797714 158554254
923529763071416 515944421
791918239188136 788833737
566791010664918 966064539
166887260801169 676096590
333030240768384 791581929
680654929552637 164744838
757085951927181 241301374
752381126419821 776886042
167497186332673 56198568
471255169057419 449439029
811961432101637 391950890
980854294344973 468194951
977000887470341 361924890
891796009970396 935112547
465950945543622 585611153
12328242572270 860879610
313622758354654 458600282
954284963572761 559893761
284883040902468 185622125
210875582686507 274286411
495955543473805 165028199
377055590430556 454638958
788500095396150 156714506
390720803472820 480620009
991969385320005 352127990
201829796259085 958627073
976838678967065 423012471
731621992073848 648316544
579405539476353 801895352
270078789146070 116476248
371056229169658 90514943
833571915755483 830774871
709795851132293 968223231
436756445510713 811821626
442306047060993 969175784
352008334563609 901338754
227156574988828 681052352
407830800894352 411849418
5944680819038 63180828
64952666503081 850134036
26417397769097 54109164
83978643401033 150808951
696972181319537 182403215
661092204111836 456027926
15588367622460 240695031
366386774767284 216591481
568725655842156 120756037
749224094459449 891323750
225686055364750 99138953
977528081167834 538671847
949409984798422 194513252
777370545925654 901561928
342608024028099 280848691
940022849142822 592158130
80937663248665 585596234
829083107683282 124525122
884038513294755 272016293
93522101209908 76147804
401414258886973 415230219
703241629606892 495642831
894133949798617 788181796
841778215265251 394501764
925542894168176 896875141
523371732925894 360208730
841260803753984 693568193
530219192855310 258168258
372332065167320 792676862
356346791395218 942700374
895621195247712 835059337
981494565587253 341408137
664225726675041 324646311
676770566780192 443969591
244133997864942 217022579
182748219573002 73212579
897581549901968 172944436
390988224357469 141485286
948644118839844 911559443
198162502761138 463883157
92178026829583 534899688
657819569192142 582065982
495224959425845 579236068
589385627429773 115117982
927401994508383 749579811
542259239817292 835241693
431379093649897 570851572
555065829940232 365573857
859764634164008 802183542
798753855120638 860140688
888146793849483 125190908
302427603376033 502729914
408954069445119 54749408
935452120992572 325173220
899466012950436 820024321
126051291508417 929482303
188945143191116 435051293
284875954199897 797847630
791632785247802 151152066
365908174559819 660632302
188820956368600 162697527
921444081639419 818857274
755074596508954 161418605
744895435664312 372109746
225113826183170 388699937
95964133279452 508013158
833030679908945 350018282
223678470634223 439476337
953757811250290 263277560
954261160654903 553231862
922949710366658 991153549
111229275464798 333070560
864378916481304 232013226
972271556479782 133762587
604400986573089 214982433
11307016858504 109419756
610661599458423 193720587
884750670126227 587433645
87406235654517 659437751
690556116912003 127371235
500765958207707 771985370
455003186481326 445258015
352017107776062 889745880
197963492617181 723945376
203157532869138 837129412
154645187145904 759880459
732915934439162 734935257
881238226397722 971194263
726012568733447 254248719
652746765101729 282113595
377363459261900 258034683
466776361144192 89808733
95497651720535 886391022
291635143273828 5884644
964039319932646 806098797
884676938197294 867524951
269112083996769 835337167
739638346201265 386519484
227250706842605 178862409
157349537097361 650539023
563940338118842 7635086
607937071081740 273604360
774301530441957 839697731
752859032507178 507971970
279141584885306 574034099
315356003485945 436718746
244277223229351 994727759
523808941893288 971387298
521713359813651 48430810
502619613639511 201952337
671417240226919 80816812
645722029871592 336627101
291190322149818 447261386
968318417670199 535191170
245721429758939 443451328
147358279828853 454157066
969139277388091 96699165
661212005644514 739635437
743745471962802 100844989
167698795936838 767784576
152856116362367 303528305
723868582798199 497987694
99656900557973 34032734
467098885005775 897381507
416122905860300 279843761
740164469901996 833530576
62050184200034 534765986
19562256875174 179276207
343256152677580 425089585
67230061963555 859674603
321684040416326 568833519
566249829642658 281620627
36081153969134 49953167
208227639293003 673107562
129009080542293 656556087
871489983202543 771945471
525899328764768 522721704
413084372559591 625245394
936485178121717 132036050
713888619872158 844538752
567012632949093 325967778
611842766536388 21322412
363961870211498 525449196
101598383266041 360518617
830856136605228 263101402
195095086024091 413211805
94827363682167 25829826
642720585209527 820225990
696972636680113 747641614
558036154257643 648685325
434872654748805 317033682
302183379600288 559008041
390098953832803 466372790
112664738908046 639743030
727028745131409 338397412
510471103669667 520480584
987105353310573 847310306
534830208189692 88862594
844143862880927 534595142
133332439497355 823383165
668526818880212 793742668
29047200904268 799029364
968762882820201 117382369
119430536836567 669764125
369389942100030 507334898
221102100721464 938130070
587322389077741 93071240
771260416333160 423606501
162546052212423 427671943
92895405728401 471206267
274644317357457 39131830
194857957947980 683171233
620663033031520 218541020
746333496399657 491021914
590510087343786 585378930
923170629535175 83401282
768374097246384 526569603
680941769114390 28290591
979958407966966 944925411
440843648426107 401160063
499044875655604 777321267
246776125356857 851337500
147754831588584 405955104
862545264546478 921277865
761018263148698 145561724
296811078512302 694985766
20462645967860 79238374
975294359251333 550243375
748062362913790 511685756
481281968733224 835728854
61195937214628 152501893
820022101419869 151444354
855051926619580 337690131
167188751476857 797967111
505804030216071 912820207
486116330047756 601499139
503478246731572 39401537
310075535913357 104939212
864292704423341 69390995
786935347504866 231997606
73840557490517 989042579
581966151745620 80111671
246398004053434 934832898
180710683496873 849939302
796326680218484 592286325
451459192573794 869944196
891127953738415 997185928
795028029162226 709795166
71949126085720 568108137
96565140007312 536890104
433447620231 591369143
202202069580276 270679170
416498851784536 155450695
366345018945818 727930496
877260258750048 66534161
210991555936680 252452111
523846180383299 948052345
184513934110428 945576968
117505332295411 36923064
676067474691642 34758801
290956413858078 519644717
614714760647200 953458721
940268252362840 384680190
588215615367821 97737095
183431460218464 256496135
992097196268135 564964704
40048537976897 448413634
20548918546440 690994735
838242871140248 66201378
838957230496410 969681164
959047231596327 933577870
409893478911907 724747321
673098986491504 424264266
223992889781234 397173085
475761921289131 186164204
40732916293687 580068901
69158931791555 288888733
537360697193427 364847886
17429278720217 50333188
477428707960653 403864332
301748009292562 25871492
510739177644084 505875472
116257981087152 750927825
682366205551675 743026760
804725354816282 380656542
854636752249421 950599812
219266169439495 508679261
938508867197982 502356638
755175474023150 817024064
14525245629529 55974278
348912099244672 795138181
631078184746418 29134096
980000529303323 756287255
477057196890002 242613685
508195169466768 609093959
62731666379820 330485827
376636472148409 621615423
767971170423111 851842713
407400301882757 50899904
524407483373402 547800259
681583155305297 418935317
880764461805716 389103412
424052233075549 676042307
922079188139345 27937461
764291630938335 913412679
345782629471552 332931343
97576461795471 480560783
111538489818255 120334693
926166058029450 437738223
590508047658231 691846545
149596357865559 758778655
479521978207210 881279890
354259758403918 638423755
841350693715502 174135017
678848168880908 657804121
25616442583393 322553582
565764053372875 702994304
851446719917251 877923594
680331770018160 322703953
729907577451015 462967435
33118001962230 53722934
762556002980086 794344728
71594154440095 528131440
578047667980997 914840636
205993204477246 506775231
817076332491228 95270686
205748380521064 132977510
829477971661124 668913580
54307220926964 102158308
350458771604066 376305478
379656357525965 360899502
522190335777203 905856311
226402248218855 755588750
826856073354051 590729995
670610143836379 151358094
986847985583554 155225332
294868197251911 140310378
482128451687482 952132276
267998619671479 481527041
736644490988034 658765505
993811886463751 150271006
130240058246219 195875301
825882130404794 998173463
740838671486223 94993922
500328295432893 784825337
869599761336069 383721124
505696200845400 648309790
868336476162779 785941991
130512091955466 410054226
678580325154335 381014360
208060638838567 79620429
450196626195007 934844387
64576358578540 205880897
491366080886859 217374825
699310318546079 450726178
341671656407395 691074616
79988900518256 128192791
92159357380857 582918293
737123189914778 73720141
352412091872013 388185789
619617358186069 310067007
365215496209443 210707382
514288871872713 800157081
908760072839034 393246935
307349226150220 210993262
24868866646122 539214013
386420690295215 739718305
28475332736103 962365234
351327747039698 620278283
152963817487566 376793756
81371113289632 128808452
752573177396790 345472408
267393149760520 810351058
426176096878845 78311726
411733734176111 266433643
879796163651517 174697019
229571191688183 93291092
270232057402659 286639046
353863141513093 468079399
596538797872922 380032116
934413969469671 516545645
535228879699905 397623019
612237375470926 620480233
56320200786537 440235612
877067378344839 873344355
366585513059996 243088958
345053430272210 94847370
335842735402530 265807577
632808891568039 711106764
63778425621669 322514339
441704261277531 231809816
822847534852700 430881210
220652324420471 27390632
552270780165183 297867472
93803702222579 801819353
789801746643108 849101397
865389499981718 10541312
264673023025078 868740218
484218249678490 239167884
17111474834568 637376471
2882745975765 959651081
807573269765043 250116870
335375665474843 437097211
664904022477003 290985379
289608845629931 874211343
980771095836397 509155361
459558100332574 112742866
656872952143197 295677177
963419900284571 945621488
842375280637217 904493507
565669502096225 325487575
982839665216277 900660935
106010675991856 357024983
895513524646875 278866109
59153222850041 525117097
839331767155283 368358150
241572921004430 493015238
272524394145302 775254291
903053178498253 926948817
318075421421768 561414165
878712905158568 660634357
406721915372572 886172939
300060413158570 755744319
513101515124302 29503321
685071403771460 775781029
770318434062206 523985020
897729434266414 477215675
296699373044318 649642741
133192121256656 416478881
324758975163521 688816423
541368882990169 16813595
716011284805352 784352882
763619790356928 66222587
505870847169410 248215563
189043221305676 407942325
938161868590029 943592851
461681933380626 508767340
480321073271435 539762296
376502332845405 36909711
214823692544069 833399076
451014549660823 852926112
896556006940200 806120989
276623500147129 983309047
208903588285826 664017236
577261250043618 280204724
173567873972517 999098441
350765815226511 876477563
207166225813279 600829511
353012539022546 549731276
733295130647375 341094578
515318388552360 985637199
972552068990713 542354285
847400152023300 999808222
319506315408227 581990571
493116049981568 158836968
887680569248184 214698670
232849248932705 812539539
582827681919457 232298794
433582755763772 414663029
907242484702673 679773530
68468825126017 259651165
786694326443137 705577458
743011884748634 584812026
806823362508388 920838400
912393611080093 16792723
405182554673126 354252861
814082866006981 182704339
351889895479346 823034376
939586894522506 236754198
353999146125492 69565002
61377786663795 731113495
776993397059908 223236064
745663262637742 376526079
753479377644177 200663140
324866741915017 814882699
12152305861531 708132111
271380055581273 991826768
239495699147472 974412019
502833922681433 925411598
96593113500308 535258055
330285838023385 643872198
65966012487287 722945476
303094449707805 72910186
138294363597523 819357338
711681459699224 129866470
64824930654075 288021009
714014775589169 993917562
793605524231434 489400405
708723626856939 116087718
399713770063131 199132575
73102985051338 685392945
685429200073325 867638902
973569337834235 220555948
277766343630244 455062266
495139301730460 497919439
804860122897937 389058721
720719804147955 784284540
725087270170229 807537084
147108555424756 640927394
265812709415425 533916934
185753458045486 326052982
398403081700668 761339928
629690715308201 620588647
644279029379086 43623958
41657527278043 86841239
613226368356708 655292210
395858082483402 889294059
161372354946286 699889907
198981050855285 760530532
799162321902456 446197566
477128501520658 967142551
352887113649584 7159708
435622635474639 178194671
301693403166757 513165524
869497824725596 740479086
839482759380631 252875047
20353499738543 304497533
325334244075676 842477503
927048096057415 805242187
25624485815535 603666151
701551054375411 842872644
231188991639517 219133579
173992875316156 43267710
694790070693504 168483080
778026869076723 219176835
333629964683503 718834906
835902027534955 295349542
523857917107710 991173433
215471850822270 436436280
82597977533907 118960782
605749200043296 453347047
446236175094152 35470565
110095415925857 305927889
355288141364314 702388912
720359358111417 165605253
825874209009513 988022319
492714636840896 272488117
633154083380578 214099618
802552405944113 221722649
977251200703674 335695807
787566655554723 992468305
846607291218726 33718155
215865365357389 196276134
82017690786133 739326162
603866087035658 593938878
630252601853835 42355053
638720185575500 106041641
379481897125047 110375557
888091842556705 579006079
736387320622101 536142146
560217609658690 513577148
152149529060581 444409976
547146424275059 22952967
468578043168687 798873551
742027225738870 558491729
364347832667549 518769530
989791785510669 413451671
164097478239898 313769228
273451263323494 493372281
633788153137464 505946197
450224378911150 542649125
935938523587951 902912940
127028250790853 296760696
922775952735140 486697822
380171836839581 725844028
709907381499724 97064503
54505002167435 910631806
665591409269494 77164748
233993538890061 475826089
809509157911722 306769347
894350703419432 789139079
457005252706872 445232371
451693266267437 906098568
685285896012008 34639525
686086360674866 144532884
423769978576166 928800988
322203716105441 18936573
785922165101994 743964336
449939051331781 730045809
899213439048928 9387637
237951067670808 714179308
202048681716463 329828440
870740261908762 646118850
490507662316845 930681853
207700887666017 576545542
467963397821813 530345702
699559638179902 737146424
548774713960340 906830457
725995599774513 926629222
255126138074476 306152230
730068304936263 923215115
164851490095466 634966414
133238326519092 370967402
586780402014734 610334718
752736707449716 218399115
744294051195872 603229676
262585707816025 873184694
360221490732445 435225226
651232042144462 921798587
396517251634576 675645567
101330708469221 26090749
369397694139290 294489013
466266831001117 683697779
588539321486242 538662537
796741246108968 171934951
225048398571589 493431829
45824461223454 777857907
743141317047924 511087780
325176214030506 843294337
934453358603419 234842141
179077091285918 798061629
352225618791041 670296323
883876548549811 473222700
633346655168173 862770222
785344378419957 646981685
137669278601601 337406960
913183880023008 339688463
222656563079666 893137812
781301523953550 874051778
716093653662572 354270645
136961541231339 242156622
88498151592309 89444669
390990835391554 142151279
685407254874645 970405696
657428318877006 987083601
241741015099218 342384875
308642846892025 300725001
604174924101347 342567694
165288163494473 948051538
623685830577591 223349987
968487352284127 873519663
344652618368197 653229092
343901145111184 553651626
824098959135710 163980421
229540824315190 657669432
669486818682383 229207040
600719129960472 395720822
369773921415599 766301973
540726074597276 363870352
57398565093136 141532692
278791473518835 897051815
947048355808460 436954361
977538301879034 80158687
965293082797223 657183488
635175860098594 171348055
400783144330481 621290439
867564878953304 336206898
83464961947648 266928690
284484541867129 383399151
575593393619632 771466926
486711321945940 29522601
201942284728215 37190850
416637372982130 968843279
808209857164032 819393462
836057707339911 874421665
77155024034497 626357066
204235060071862 777387832
728203169212964 614474334
442616802883935 793717897
797826568171645 214390397
656183116097263 546427335
220489462592699 943546621
77022908000317 438669800
146164080703466 67079372
224699586918109 44265272
108429146339317 374608827
951810388110436 104688937
311123461035535 582457505
51826462886552 700284727
92941778053207 60657664
879134709178503 90029484
404988769580450 702871661
858332136316324 682716617
410873575468514 398462161
345463614547554 332383228
585768290386084 79247410
320085017006710 553297688
402328494503772 816400011
282918261651532 710969320
26977406387113 60434906
767475253135228 30992611
800364376053364 235066175
854445450011180 813344249
806042182296755 889998829
123941129116467 340948146
75818980902857 523417846
401093440347497 241284021
993890246791477 835529601
513413058173913 771776895
783184233051737 625518680
593894574867329 911540403
948306246201796 233712040
156845014776025 253816156
916608968310841 227511581
438091489313761 362539935
587863578627356 383317143
369504192821899 507844549
919375829592765 74941074
252158612002097 854149931
966533309871410 338049766
189955924089527 655868490
6025439805838 354372907
855008354891877 415716840
372663839911390 16235245
582688083364750 214932192
703701947595681 521956089
451331698480922 504245080
475151721637439 276107158
744755188783605 689447184
409091650581355 841924299
911544942942055 226952477
81081088846005 919171884
863689195509684 719006812
144372487314999 215745297
68658296183908 142658825
685200441897996 333374196
558121716086787 179767552
873778386478927 170717470
799994766472333 350051830
301541013272846 912313024
591369148567491 462152697
953315427048610 818884984
500943968218038 447988181
879911290494491 959890194
642605180107707 344336571
732808799517732 68963085
854115426259656 13202284
998846825313753 690036591
890490295477746 475023620
611537325876490 341594787
935857333195486 388787237
192703235183189 23683032
571374210957837 573715526
317181354248369 418574569
210206229746244 271857802
755249598093268 768371774
635400472337972 198912612
492439930503860 514924597
98443033352151 839815505
959297402024336 782067927
342127768231768 194878780
137497139153329 525771580
126177648353867 84254051
955157240455279 358189419
512099853563475 269429310
923042090808049 284221073
138060111016008 901816812
392063320156530 494003806
912444341651101 973461311
402127646690844 434721048
634645492023142 50152523
696970910518462 39999205
61273894570987 916177370
76838171546415 538808095
691383994620094 678681998
80830720584563 142847220
785986869079382 267821123
625398326505341 731960088
580745353408840 592030628
869943780929026 809769969
245302448865823 410349399
127080645207186 619597197
495780018739980 285573317
281202202581423 71135613
31064352303079 533637229
171681101944362 203773460
291477175261929 707462954
258849077798769 97371368
779638474956885 14604971
498583194653768 967176652
568266339195275 183596641
184161081653233 68740170
68500357651340 565751427
116909045314873 176204065
271632513518106 660553644
413688077263998 814415370
521468860857185 10435823
192597529710257 877791587
852825079078381 380556087
691367617450414 48058615
432409007528032 955948288
271839753262682 570685381
730072134737187 537921725
138889456541357 595035092
714048429992320 865981001
767931405152542 445313351
641196354466366 66847414
546730818080877 490352941
407457602843400 894071841
366968546647027 207970798
495711533855689 101492036
954717249033801 906893003
712288752617595 692727046
760295009944229 666405006
82769831300196 118664117
126295472995901 629794457
274306586107900 837515290
702143642597838 99072896
804703708718602 780630004
172645382177193 230022566
309723290697168 42665525
331057451249461 725285768
931977204542135 475355397
835906857206552 438801663
145604351493318 532210195
181777549212230 673303169
422534149920931 810132887
812760172747352 436314130
12883212489801 288186662
671923331146013 594395617
692218995149111 477104403
126663759482365 142544010
292339816496841 256629084
535119805026640 511841492
358910998793353 761040314
479010883885775 483476296
480339851777704 208195784
711759941894346 60343805
413099181722210 613962620
534453911410553 427371573
329749646528159 496686951
782113148496925 402140467
360588781459806 951464233
191585311140034 581455983
80236275454174 810438858
715780727620162 146998175
66014638172713 589787591
58003314751650 303611221
939528474081511 11203782
195610010652359 794479418
635382892005002 387127165
530171008827929 699894827
572459805006381 693222814
513326818034795 119652711
206696834030141 100105822
559400352525914 662731271
626624681766526 683574467
147215593818633 342998142
351984126575456 416584982
559396845439423 963279730
731293751261517 265923046
556742647473289 548449677
419781437681460 790781951
164037128187316 131551780
219644747670017 280830420
877597127404492 650829712
806647237557727 184295556
768605221684005 367008392
716363695229310 3452668
101890884147718 806627970
572583332310297 695660284
993234259018755 830375586
156280066356141 861183249
273348163249531 636536024
824257521443968 833852979
576863765355497 493501338
378759837850044 310161809
61436209619764 376432188
524209601560568 786169429
379327782871230 518760470
819945432281209 298971775
994212335122518 653014497
444412941886513 593564649
199525624252501 344818587
433949026613923 467752130
737312438724612 762519056
417920536812350 879736702
767003974608130 644273026
563515154212041 712792684
157894752193286 530346324
832501201517838 9233166
992930708969295 302770624
368707366289378 908826784
150108807355241 292127312
647548894993736 501627370
623373050536306 92856561
805512291027172 947431863
674283100166003 317242107
523080684149129 526657584
946453789279316 120494136
409352455239605 592954562
112385567158548 380268994
963812528088021 519249583
405817799565609 29311200
84443014500464 317141581
63752110219591 615275153
778418078552277 42003223
876456841149147 920417038
420967830994025 91303115
443663503675249 735719037
62857045329403 903518273
317495936090518 733967725
515599967169952 279161618
764892901532550 126751555
572098625042344 933202054
187468566819359 92191045
920940947538106 492015363
28587303669811 687163898
28651558637421 287670830
616887225349147 74582466
497159749324357 562629431
703867840039505 352216241
212963910219308 958922370
451378915071798 500652458
720565504754633 235480880
567308082157543 209745934
349776092031123 974050945
927763630550160 384277200
756368095578336 575837484
720997825721984 797716572
628847185341 7240122
272595840936168 554302012
901665810693562 135721551
923431624260427 165608985
542926560616290 122512510
37772699553396 742004131
342611246059080 948089723
897004089630625 62508310
402431974597014 489902806
821588650849353 159602032
949326323464506 715489668
602024170491991 446207170
737931699537669 240723699
786850601292199 133805514
302525454071372 965693350
311036566408915 187577197
944571191936750 344173896
441698230951227 91032507
501299237969440 995307801
407756891301074 18969990
29620634055249 101411992
73338600464109 503236650
557096456064380 625178156
566552420352890 225620681
223425164892956 341147320
85772066219681 657734919
5617983148229 145165416
137551072328291 928492203
572105202248122 935220832
366189550453441 973712009
391140140899225 132698327
579540657911998 845903930
314329791477664 327042942
755050298215931 841815712
164274060017260 694060729
991526247727504 293424726
173142944544965 156137413
865525382605174 7247410
515715056504445 478863999
364083371319236 736013376
540813081813689 65317657
579623775415478 902487445
299399379007549 980959288
926304267834002 500875829
387423626420385 242703748
779203790524344 988307186
661480344513716 388953953
488327455212791 735034339
409590441117153 858146241
463312545010722 448407180
351144677250332 408691844
774196520723692 102753920
433578441036580 678078218
285255672304598 462655879
386973376806221 797072702
985090606404823 603919995
933434486871804 272750203
702138185954912 336734170
680675428642590 384284726
555881222718208 528798587
175459521716714 888596542
274899607215011 175031377
202804053974645 737617245
657712809535609 972883793
295516814099452 382476451
740118514420044 688870073
16078170135611 830470385
51182542050313 364612656
289743048906519 806062210
901629610873280 121829364
27095939336736 68342945
348053383808784 724793277
510655139498212 971449413
386069977566974 910004777
467613211663563 850927119
255663956504146 333243199
692888938703041 976861167
257744315661065 56504064
654045234605474 713992324
69180454016054 591829183
719172386751116 208521154
746835299803524 495614753
952291574785615 108480316
229351165728230 939718689
995186106403216 105084410
375233387835915 714247863
526212619838788 984600254
473319361085136 524609445
760608146052407 311916277
894009060115490 693447776
735411273366324 31963662
956661312291141 841138952
707775741070749 948499148
253875649135608 51513405
42793087093007 26907673
259652558771076 989638413
728205536610040 94525310
629143120836671 454214837
44467526487880 270826669
379112202256849 355025467
995200541123145 616926083
75852513060086 492358221
698439038647592 64722211
880044671222142 586098800
34166562553205 166622291
292883638127787 157014571
449548046063665 362085478
648491655101994 991189749
921298593923309 619288377
417049480718340 354532530
565831444775050 950143853
761481193185483 392185712
613562537390891 990901802
995425328359303 258764447
306375216047406 535695231
62206204864703 733957082
419029151541295 226109724
503843324983376 8475915
955902223033109 686819624
699504563707840 331909845
27221980695884 313562336
302827414426889 850734231
458821071037164 125378593
944924045814026 192696029
210934445775081 840673389
271746194610251 978665708
361231367985100 352164102
598985029718528 168774303
326169409962526 365352661
815437591010986 424593774
844337847102970 539265718
669862822259889 196337540
690385835306344 269989181
212090085880502 808400892
954956909791465 465733434
969389692513633 763559214
496278693041693 922857559
367990806842304 242714887
604869293043329 936551892
775519959913782 95904998
261044164766275 705216661
932926449064098 771861764
417253654323868 594210479
183182889550786 436099091
599885094056656 623857748
107787198969028 552632843
701710244686152 619827775
893338424446814 266731321
689184272151786 368109153
239000784202143 995259142
580042755602776 268242278
875094674929122 326368558
718410765015378 711564915
787137635678997 153098539
219812263250933 840812922
109043405073360 631415231
304943873921309 518081785
222441971404480 25730799
846359675218637 516541562
824887265350142 86886194
67481193704510 420517066
503398648914166 221805505
641085392927215 946041684
122184710691546 863504000
334937459674479 574027931
753536594177270 265471233
29825923899502 910036854
621928774792563 501943527
622201156059407 377615548
792616643498191 470888642
517770398866626 688601594
218946090375961 471842426
924604535127308 89318588
988954517805479 48175537
498408211327354 570279766
504082480995575 601807446
456109715354585 636281948
426897640490586 71541804
937474062262185 500695613
440886728724844 103459600
848655837926578 868719007
114089749375180 985815078
2111719205737 916217795
656118855569383 446790450
337125725803467 193194151
290832823683287 57327311
57186563642641 247951097
359302998929886 953576983
221961221751779 29531182
929880572565807 569905212
858539412697743 671346020
463336165167661 387970030
333614120287771 935203980
835515146241193 902504279
132648376787460 664450187
519721671508327 27438104
467432572804585 455962444
380625183863101 517929697
832457644712428 54347712
21201267619188 895355318
787707946808138 953772183
44971816103193 598283252
970970951240119 66901949
910952436748268 989475848
186332963911848 676107285
326092137172619 491132001
953868144104705 405677335
237958028017013 914599952
701631685382401 98797766
773112017203334 757831587
304967065243362 188770417
794807778028923 769394748
115159966921577 78263975
401439584197084 162577575
534523322619852 161808910
971675907970557 808812238
943600295991675 868723904
946680167111118 489828867
877692359522454 2894380
682339311881452 870531182
485821599732042 681230534
915036342016720 753023048
875530451942080 951315873
312467848662207 578826022
882442886851125 543805082
298362910084275 25120894
188130703828144 19629815
657128317336514 953090018
261243065106807 379173616
696630630097650 533856787
885188241749926 174252603
220884272457401 293212167
863308901592317 21021314
713551788796102 159777971
659885572474254 628789383
35588888175065 99029356
658429483548193 37377937
580572433382526 250545141
158350915860901 855370561
12144663946769 549700863
235223378970013 417014384
663831977042122 768821560
455024155159440 376698400
92734525804864 659692857
116124127642093 541016337
653671784644055 869514496
376217878805240 805191921
42929794147320 544157583
630055813207985 274386485
692074078974022 466081613
344629827665863 63477938
907778589817370 600830821
401302989061350 418757964
427783582410852 655841369
816705680362920 938076404
447922416719019 699250337
689549473489146 802134335
419809681463736 456892016
22021009400365 256397551
377447900607043 160471434
826335083146649 672912328
693253610077094 748485949
382064472583913 415686337
203718430992007 948121478
897871382374389 94734210
665497067287866 117489070
3683327113020 87152369
228065648575524 700752531
684069962528298 98242608
105237486934868 899221328
972748732626073 628036251
950086201731182 103874839
642753283348006 838411848
175018085944943 670150686
317226952366134 785470291
780006206879270 906634839
816257415142164 770227954
16766809869415 228646205
834451216613386 861028752
74415427591135 230768246
294051214187909 592160713
656828984287273 931771805
199166798309164 499653391
81836803783929 326293889
889408758042715 517340543
113099365405960 547733474
324873995877504 125709187
114032495446099 251553690
46697918375169 305723296
521383846190751 545529346
420411105725986 465536268
941043721488396 28406530
826656794219669 9672143
227115428923930 312670691
325264884382897 478681452
827699791675216 572219568
752937580925739 436678342
95261959896693 330930604
93997835621642 618101513
684584503717967 977894618
345713804068924 390073444
630557041545236 465319601
119495271970184 873303071
656665841749867 740871212
156234728651257 891577580
527097974576322 318205122
825193062698900 528192303
649576881910707 268471502
810715695982659 904317038
535686758848578 823449973
767942076417332 127916627
237476356879026 498057197
986918427372425 498405761
930095009247756 674331534
95031352360962 118468897
547393647353021 819697230
624007297592090 431555791
853253669343460 139635308
77986411851056 760076242
655444744160032 692917376
831576259810374 395528491
962073950352392 284215940
671390779806329 483629730
427563057074779 314799829
702042941907942 5309425
533290316210215 577411261
333865537116492 46919090
943092419646474 89728464
266241535425299 440549212
922212796601612 162824290
424146210910636 201523611
274582912738330 393495369
501133589676892 710489851
97409935924769 536865343
905085714281483 986845117
615746132997445 292917357
93936214494215 958296339
229613895290668 728281836
939436723658058 139677001
150822299345802 623316521
849676390210702 178067358
531348402517489 667738436
822446647064854 916965332
182630966376132 359798590
602677402491951 819753657
183049184577294 229741734
514639653774346 299225788
37931369727880 739155166
895955830098270 908519412
618492717851029 272056375
597133248688924 342760710
785132110182034 841811426
404775378875370 100324125
897457541644813 450208933
990775253431990 331649804
985865986217526 203988966
902887082293200 464391047
820949630308308 688753036
461877739297731 783186444
248733281486213 427140678
890519283414377 949475409
148800570477561 169136656
149339724284154 367218763
321260554154505 708852639
440561395887491 727081345
507484673510148 270257571
667836675215925 843238903
117676095461406 287636706
295918390612810 707559104
342756248351279 820195515
546712866541902 5865106
525569570996450 185423590
133011771158162 279366577
635462827326934 773678325
121318071772390 161513942
704124788836700 376119760
197389734818120 95462
875229267416997 327123042
556927984371373 942848448
991159416469291 673660752
684132636937574 759507130
126683394778336 620187605
320938997634087 927242369
625745834505373 91673814
277888214528417 881338894
977185176590640 854291788
994710051025341 905593202
593254150687003 657971496
911886957613753 469087525
488923988148815 921911637
928411950008583 288039963
159869452116351 911252141
273061652838156 539535822
894784295299316 924909418
285648257677580 50841515
988387287910884 347826351
379412478280378 970776535
443477137359277 410307986
856262937081350 659725339
323602541077485 779630580
76645447125081 341285328
506441163560430 658881538
798514311622163 533534218
721504400056709 4974960
451419981446290 210043001
30379429062143 195387941
589787587627456 914033608
100999392764135 6048997
276891251475448 577153455
168879932157761 780011283
471825630259001 307223768
790970142485746 204575448
981847537052415 614997888
366151819361435 520497107
794889726882761 107895279
386947718018379 31438529
621830981137510 929239376
135997577865413 829843089
132137755610753 809284694
32603796921143 909133635
594831279327688 6490818
372962251076459 716930010
510931030346526 175442897
12279858761200 304507748
98268133866855 667271901
651854452106132 449034315
874651914059015 479285695
49724928067384 359620694
646770513458837 182383456
976250804095328 103095173
36278730970405 356297877
266533297343751 39469484
177224258013506 122394343
489456772453972 792402136
856609497102122 875940955
622829191259066 767368898
728265770677637 272940607
215978843927708 797159349
844146517032620 803622345
482389386479192 834553709
350161266051360 575593748
238150568952377 692051554
727380070413415 614822436
351004967128406 737281233
109281127822592 660935140
942564786291445 166203372
831070595043716 565792075
263028341343914 474348481
294340767244224 625114074
174359885109789 538770193
251626481371960 491966866
533909755385867 469803688
434260689497998 850891848
260985261583597 491940275
520261100402521 878833068
811811911266982 897740256
965743690774463 564027407
897149386873123 463391709
193819295350460 655271924
421883926061398 334511979
487524803872903 107419213
892241346367136 103062673
182651833099987 560681634
446754716389237 363137517
662707564172785 569877218
774406710381977 937499658
11589881606337 828830491
302051666163262 864999635
622833435173422 427442572
575749463490784 637126567
738709164763173 261645169
376161589332019 555413997
396439370107728 241170508
197385993016636 649955045
91056732973201 607364928
117070162171832 190079410
469942646299219 63093246
493768501911297 621614706
146789060881806 472271383
629191349113310 667223819
518931436991390 155391732
837426934363735 418382797
428202510975244 528644428
829237390398463 797851969
238027828116285 810813151
388904765719769 638724906
864074872510952 258341606
637376811137547 23229898
138218796900458 777098152
651521361704632 683574144
101928348798181 999260542
51353975758946 508867733
383205029229934 546014083
902476068044728 427804614
296419861742586 948997956
171775007287457 350799032
921349063993518 502964084
818350749796854 206128347
351704208198546 150169779
331555135259590 333865320
59891470039657 163544535
531540247952273 992425206
532028419002354 945034300
429690207303164 922866953
480747548378429 671341236
396214702404697 928636243
212833702524618 589038295
935357851499290 838704269
472019656638742 203999647
237808262254487 307582495
495820909013116 553105272
815669174757383 851378788
40320464331784 764031453
250026441046466 920042962
736326038892798 269650524
173116075807862 260565985
407494563298044 651775620
286342750927606 473218310
811116649652147 351853759
779087065485230 266677924
79913107697856 273745119
511715361165992 385218486
310300698495321 547586352
194745705442753 297531059
361329101212421 17659803
612414654638299 433017534
588156903341272 33667439
638257632698856 729165576
747029803937101 222276908
891733551806707 232194707
673383932776449 843015202
57928122565804 25509554
550268971931041 251912127
805171564497765 108290441
740219047603593 429937038
702614904095966 799765938
291181310288602 56930573
680267044605978 690800467
914777208422532 87473987
715273978756929 224801977
804827443752157 974924445
170922285419731 532523830
964879128240756 265003238
289560025764580 66068770
574154941784517 749579891
571767427076748 962047880
143581843642616 48420779
514474465942738 547476958
129493666670676 1220669
756772429342102 978550371
693890799572163 73878459
356734202126657 290066568
602033721925228 597628530
196217703031365 202623904
544353370284112 208882532
696699376044318 615663520
16344545745598 18572017
800202419636061 679675920
928902330676243 564899789
747853785624873 578428817
823382161413099 192642451
458721257859261 516357992
388311466016799 119250341
593774732208071 624710743
846604439126843 684300290
633680533225657 254596375
366047093008814 83462116
684076900192855 40199753
994804741677506 390638068
717008213307348 27815178
24497790143761 172043153
478571610548173 187665101
950322945226282 286236953
355848355230338 96912474
902424287298903 769749945
149023402506312 510681415
985034531347531 301360662
500950420864020 865567778
718691400392026 837662985
430155915110850 413429007
697457602989701 889506332
462447428472808 160681792
992564046837703 650358038
268037521161699 513892013
230709075404529 750684483
678365289683799 509097042
186083009600060 650964917
34696908333236 988774595
569383208528000 920440241
461704894426813 125326005
638850560124069 296509273
276282806677347 866016137
746917261890944 930760984
305989408835179 394558791
556305838481087 329011256
576488580806399 342464616
403971404405089 509215868
942416822730069 118061199
473696353479821 670213009
646832227057761 535583143
258622531944332 890667692
532362316652967 109939145
135529831213032 922292018
825783451314018 391063946
423633815913489 517899826
927128777482759 673593147
50063963132742 188816742
859720691822261 361457489
777903639124106 530146454
131172698778552 408607192
731970661671718 931510757
868217870776844 864698812
627754016023445 127662883
645973595046762 77128442
833116617006556 39997851
974207471613584 7814223
552970522647390 144385917
235460463276149 147186689
202625770594429 83539747
370164623993823 252365079
563206762578540 917492777
5262464920514 836277785
497387077535384 71600844
522322959772623 976531393
6948555844186 434323381
153064097162360 612463421
344764026814576 706632144
265229501916130 843114902
838461264067427 179340774
107947918931831 612184574
409624715741425 814890864
224778849644378 594693490
50813736613506 58496241
761357022660988 525908808
429588558332261 350587872
429257249419863 797090538
857459695483129 460940602
235908576488553 980586313
181999986907329 409005027
432711515276782 584599655
814930568874675 967218336
258729999533900 153935279
823612851378990 646318484
868679881275401 498534357
712303047444789 511010747
569048119596010 258400985
11066059990202 745261785
254023641531522 966102558
585170820161910 354711327
253369328517810 284830403
749812196980245 884878168
6099881129036 191614912
993604315052021 354126258
353608425623826 919553332
507161309904011 376882989
996416983872350 145590640
788851123947536 390145092
698663858372200 542456403
696473901375819 759977271
480812243731525 554822377
364555721147137 493651762
974847817234397 324840994
788121301261126 616359068
174691195022541 989352260
947161549948400 728945568
551658321775313 7070335
738133023838863 452340205
692044329145521 950146038
730493223792828 172604089
780165543901357 158991562
705084123307247 177348062
978135981096985 940720778
777746695287238 636409371
352844002317140 857759925
247340235930283 993968455
848613170904726 944181052
861473481517226 507346453
160210216828645 849550942
996993298468534 487156110
948707410810584 452606468
689601496122228 173715797
94954726073957 234687153
489201723351644 967539317
748857107966298 687253212
837746200206466 189027904
151172374573492 319804731
732935847172603 143472330
684735908970783 531184257
189331965545686 504760752
1208746051586 447619248
363027801962752 766244266
601185703419368 402756390
77581249586020 550822171
923043086690612 25358172
579464799960990 850023942
901622391630503 440804687
553001376612183 737870533
995064655326880 934920162
874757300550189 700012302
400869032410310 885335086
127084392238737 599434383
533406629600949 412680857
743222306833193 965981736
82241174442221 353868466
711298427937587 760728465
199746859518333 666487377
384313110202686 358809600
550663754427097 591844375
34981851400249 581406053
569564445338961 763731979
115844856199471 25394194
100227025558175 900865583
681367027332114 805094907
518760058298861 427541115
982315841314691 99677379
431378681468964 313327841
919620037999349 186577358
740716615258178 476931046
226325856809818 304399096
950619539987179 777001284
991149247853759 118485336
195543818165408 475043878
78562541104593 15100899
168986378351278 868509207
518598072230308 219284540
37844070908907 685035788
753917340154475 924277194
142522400525379 145312621
869865323439483 395897699
11882537877549 71246060
114429579688965 940996114
991302695410274 975926438
424360889546739 653468173
277898569772489 992264646
944246797168965 321391628
118044919768198 115289142
460734460428102 76640457
356755266128686 591150750
532717511993819 944727142
481375189259931 681854282
666584402484106 71993690
929721456377542 765925874
121092878258288 990868646
178362642498289 875125153
761202918006247 357440709
148252194705977 1533277
293434868880038 5798070
975381250255159 799773820
870105702937532 839009114
236819544876529 817052124
911965849706416 528355724
7516914451821 830404648
24512364281796 19922599
188961768865566 380909930
267249885338562 322604825
359208234230070 500253454
72611726163809 743807365
902002025856587 326173076
546859202531337 846012160
224952991995354 516947382
142141920330227 836395531
700094872330075 520645257
988350763125612 649076908
946352918095427 492610511
198079003064133 410616865
990575761437772 407457483
638422332833582 116900059
226454113757305 441412329
912875551814673 751840614
712730016221344 288550797
951931036514864 975657915
418965448816554 517223318
676409423614893 190861028
850370703665451 675253334
120309759756737 195217376
52062436386432 820350040
63669885983651 322830765
513144783463514 977800331
933512734595085 903613870
692089457813789 347171078
205271619330578 976080927
823319654905783 6157603
448998727143934 428441110
183169908568953 824070062
631242328105241 665579361
588240076961215 654487230
231239344584475 231940711
981352163103637 814974413
229789300950764 96262981
24607490026231 528063709
741270053387703 475272576
725122370405525 563573169
268229548513046 641758809
793328008410999 604374224
390753367686445 591112926
798453786094304 614280144
161143324072952 601818135
846004898456567 718525934
774301419693868 548156396
856807033388120 99010555
93023629738802 16478253
573517521766805 130311913
797040140442285 570925725
665376721923061 676666904
428081228180582 254640863
389046449808648 887905810
780207231639205 679727143
41880225299051 431568345
509142836512164 532817681
417070943292132 192059170
775387967516857 241943809
235377587718456 153676782
196680155942592 425998123
