74897 69798
24967 56606
11642 17860
49477 50598
17044 55205
32128 40213
15783 31258
32826 64818
1708 67000
10758 18167
29406 54417
24292 39680
11941 30081
7492 23158
56950 64793
46803 70120
41433 58112
16185 64736
8485 20297
13069 38913
18464 24489
10732 35832
29442 41654
17331 58697
27585 35995
15499 48493
11841 61365
31213 44490
516 31739
22024 24919
18091 29036
9955 46066
5538 10093
19609 49963
52698 64950
16095 51503
34353 64399
21634 53568
44289 49100
5799 16144
14415 68354
42396 62232
52808 72286
42018 43778
9122 53922
34268 70957
3401 43243
50193 68433
3960 62514
9736 68474
9975 42230
29678 42875
725 71953
236 23855
19248 33902
18718 38664
43943 45046
61658 62364
56283 72522
2065 45035
48044 72896
13444 20419
55635 64328
25391 52546
4178 35340
44792 73343
42038 52089
18118 47068
36746 51031
26561 31265
1571 57235
29065 70326
7955 8123
22618 29380
324 22692
48785 62755
16689 70347
27453 52468
41747 55347
32737 52142
31510 32650
2703 39988
62412 63329
60101 66581
42652 74180
10072 19659
14751 20752
5556 57056
4650 66963
3403 26392
14822 41459
3243 36111
21187 73751
38985 60525
3311 54174
11668 20709
11381 43759
62591 74885
53821 67443
22982 42466
33136 44555
16802 42775
12439 70340
5539 13241
23812 53756
53322 65128
34476 74186
24046 64596
5498 8906
44609 67784
53148 70665
15520 37834
6176 24968
22784 64875
13617 47017
52846 66430
38409 58505
12705 67279
14388 61341
30628 55636
24558 24687
9235 53449
20418 61647
55414 60625
7529 15076
2551 43429
21448 45941
13869 27921
13681 57220
31381 36311
51136 63247
55916 71532
62696 72003
5034 25207
29130 50260
45836 61713
37276 57406
22761 74602
5762 68077
1381 35143
9325 18361
47939 74584
19922 56824
22130 32458
37394 61244
20972 35931
38192 73044
65551 70080
50397 57907
19056 20776
33622 53217
38917 60233
29388 34315
38439 74025
2643 48162
5270 47166
3733 28816
18279 64683
12025 59248
27503 72472
62771 74616
24553 60387
708 47012
34463 73318
58645 60131
40025 43917
38657 62026
24731 41524
3837 61784
2469 7763
12963 22070
12659 13267
8967 25493
31404 56631
14191 60045
51020 69517
7465 13459
6727 66487
32539 68123
30192 56779
7461 44356
23055 63852
21981 48832
859 27435
46735 64626
11468 44956
20888 26654
20328 72725
54638 71094
37710 52541
49082 49969
25210 31257
24088 27828
24050 42694
54469 62543
33796 34319
15606 65106
59117 62484
31155 51194
7449 52195
12570 12753
839 52549
26611 51817
13732 50843
37985 58802
5166 41007
35628 35851
21167 39257
39561 48887
50763 52519
41082 67653
40589 58833
18037 70556
28768 61489
20761 21198
10972 26646
20162 45258
1488 65253
3070 11109
39771 42731
7944 72466
12329 39602
6897 12451
123 42341
35514 38512
7724 25061
5324 56253
11480 25773
5914 27506
6636 14103
2583 10988
18172 43114
1923 51712
27005 65187
4351 20852
42129 43479
63008 71056
20165 22258
27087 57383
11654 34640
7901 31585
6242 7214
1945 8441
31269 52365
1946 12600
14596 38946
33119 69677
18518 53850
31861 61080
36768 40131
42034 51460
9476 22575
57049 72702
13269 47206
46768 61323
19523 48199
6439 13690
1161 66938
47814 60552
36140 52542
12126 58077
45624 63669
51519 64393
29582 33378
22344 61890
26411 33172
18000 28605
21314 70170
3782 28821
5977 12339
57032 69260
8712 17580
25088 39672
25295 71645
45303 61633
3019 37711
30400 67591
32902 38075
3929 42697
63501 69946
12508 41741
6544 44928
4577 47768
26908 40486
49098 73267
49634 66412
1956 58225
39370 61158
6708 24292
6459 26412
19459 36344
1281 1879
39382 54574
47621 54010
5524 65862
29991 64498
2574 22659
9828 27349
6654 34635
57902 71399
23353 32685
22902 32066
45984 69041
32471 35071
27565 51691
23019 50267
1029 66300
17713 68840
13823 23223
44333 74260
4883 43674
41204 63275
6341 52463
47560 71756
49749 67734
21542 70221
17330 73975
19153 68212
27195 43857
10545 72029
9565 23018
5585 26132
17237 48903
53784 56626
47799 55058
56044 61919
13186 46826
13360 16074
16733 56040
13896 50121
49183 60766
28149 38949
1599 45467
29479 35635
5985 35438
52946 56654
35186 43417
47299 68979
14045 35084
4024 52209
7715 63758
19240 38005
57314 60060
52144 65383
10827 49388
4272 53035
21405 65369
19017 24574
16742 71141
24111 34127
4011 55773
59992 63267
57647 71239
10868 57643
34258 45954
17408 49053
17703 62117
1678 40703
10667 71479
60065 62418
16784 28671
18048 35649
5579 27065
22943 69812
1934 17294
25033 29781
22219 30029
15288 67416
10428 23986
10028 19056
16879 18749
32960 51418
54025 70622
25418 29759
15897 30338
29954 32543
12248 53483
8030 37557
12858 66406
44430 73415
29645 58348
3769 45154
23999 54911
3779 25794
16866 28861
43207 61729
63049 72120
56682 57281
13784 59590
1464 38504
8650 73025
27428 51192
38731 41646
32389 46881
13255 59583
15015 18123
44518 59942
16727 33683
12394 47867
8771 44885
21270 70388
27530 39631
53576 61214
1594 14159
10619 73117
49095 49294
17780 70858
28584 42674
43122 44775
5486 69033
843 28279
12273 54332
4972 36713
51475 73133
35315 48974
1061 35486
48648 61376
42218 65723
128 32377
23555 48725
20059 31849
17812 36883
42884 62469
32883 50923
50323 69310
607 22561
21030 38402
64955 66504
33576 73553
1381 35141
46843 68331
41539 58751
14508 50833
14464 32240
18766 25238
15697 36128
30753 68558
2375 32299
25664 68591
19929 29224
28495 45144
58065 73075
47637 62604
9259 39341
4591 17877
41690 66386
28595 52410
43793 45356
29525 55988
25161 42468
54701 72318
33447 52298
9695 64616
40922 54668
7782 45313
12082 35223
7837 47794
50483 74705
11377 72727
8873 53159
53592 59442
65852 67691
37285 53650
4152 61682
7340 29615
26866 64434
4156 23462
19711 74853
21457 53069
12445 19992
44754 60195
19381 69184
8405 66286
10478 47542
61288 68573
13949 70221
11289 71482
31543 46470
19992 62965
58594 71017
669 64624
1274 29510
10071 50284
4058 53157
7529 61649
35137 47437
13234 49822
64239 71185
28608 58186
8367 74514
14709 24517
18548 42639
5161 16471
51914 60972
66046 74661
501 70848
59607 64874
7301 11711
29984 47018
23333 39511
38424 60939
27500 60177
35697 38438
4928 40251
44579 48465
16209 71156
23385 47100
10903 30052
54449 62265
5622 38218
5132 52564
22792 34313
40082 48212
12605 17750
5808 48205
31963 36322
39489 50329
11390 32645
24332 37162
47448 64548
16442 31180
33311 35368
2054 74502
11206 48994
9683 54044
24439 69071
43830 47847
36676 50350
32473 71709
15179 56685
35719 48466
64192 67722
4972 70789
16948 26368
9953 54124
38682 57810
8095 8663
71315 72744
51980 56774
23266 63120
52774 63158
41955 58107
12394 26464
3881 45196
18708 42678
50857 67664
182 69731
15864 63814
841 26076
50616 66434
33970 38281
7242 8430
6938 13908
52890 69788
26012 41896
34236 59177
3408 34799
50609 72138
49537 61430
13406 52730
18501 72667
300 25574
38579 39782
21055 24412
43492 54859
2723 60656
10075 52729
18177 56138
15611 42278
29212 54463
42746 67795
21750 38575
20681 52991
53370 66148
13134 71890
17870 64635
5424 28170
37856 57054
17087 29046
49448 61892
14198 29897
55317 71016
15134 18991
60887 68741
66317 70748
834 56449
4777 73431
35019 64641
35379 68396
4345 12840
36327 42867
493 68339
39277 52740
35166 50328
34654 54429
3023 11868
71237 72872
2943 16156
32924 61167
5121 38050
11236 45930
29829 48722
39122 73839
20054 47527
9077 23520
19366 52387
22475 32608
34661 41800
7109 21786
24188 31353
26258 60501
56571 62013
30417 64656
64291 64390
11821 68399
23748 39647
2543 52667
37047 54320
20648 58622
3450 35904
35198 68644
44462 50719
43487 59932
28595 29757
24321 50640
6373 27990
16337 67880
23698 60180
15707 28076
17278 18042
44852 73838
25394 72616
30349 48893
58780 65798
4573 7160
15092 39651
70211 72597
26101 44575
22148 67614
39141 61245
29894 35339
25035 60312
44634 51102
15587 32220
30432 62308
4480 37851
22123 37850
28749 30862
41276 46787
32179 70617
33074 38882
1280 63291
4407 6404
11879 59401
28104 73019
57490 68195
54133 68123
49203 73183
15359 71634
42150 45344
62457 63880
428 24872
18497 40241
16693 54482
30733 32853
293 41737
56443 62198
49580 58449
55356 58447
11016 61716
42480 59409
17970 19822
56391 68357
33866 54180
5268 65421
14738 71094
12033 32125
17231 24964
11439 13655
7629 74881
21426 55860
35571 59297
20568 64566
5302 55557
8066 54167
54981 57855
35645 56125
33133 53933
47047 64149
4734 15510
15989 27118
4306 68610
31170 70460
20903 74781
26804 34278
34064 44862
9981 47134
820 39876
49810 52092
27832 58026
22076 71465
19232 44193
40769 49474
40967 52550
35009 36234
38483 70224
55686 59737
20141 38487
5233 51075
56474 58418
44783 65641
45141 68461
2710 27063
228 3793
8371 57142
7677 64807
59152 72639
4625 70457
68474 70028
2753 64104
4897 8987
23529 26980
3767 59081
49432 64405
63825 71847
6338 10602
18355 49033
26312 51851
8731 69821
9422 19487
4638 52552
36126 73321
26410 46211
23338 62999
3952 43645
34503 57973
10974 69679
10940 13850
9329 47949
12017 35376
10090 44694
14695 25268
70298 73455
5653 31639
53184 62581
46477 67913
12012 27043
7899 35865
8058 66638
36732 39255
56433 62488
11378 73654
30163 31756
53677 70680
29288 66084
10639 48812
30006 72788
6133 70778
971 35311
18269 61462
27676 66322
30508 60578
35457 65367
5940 29682
28485 46956
10971 32055
41990 58000
38052 73997
18663 65245
24165 53547
18947 38314
64040 70891
15322 61627
25704 64068
17744 59301
26147 42537
13591 28525
11945 15745
34648 41066
72750 73397
21613 44244
14888 35361
49223 57168
33906 43503
3787 65293
50202 74337
9220 15171
28177 71280
37125 55685
8165 15121
55304 72648
23305 25162
58837 62954
40293 65668
9008 33907
17041 36956
8753 64206
25507 74328
25316 67875
14536 62046
37211 38353
2410 28654
10963 72994
13477 27159
15117 68683
25682 35175
3943 54252
41292 64310
27755 56883
39107 69496
65170 69454
13611 26701
69979 74264
11311 37805
49345 73125
31562 65234
42751 72766
11176 28818
37543 60047
22573 62090
1900 21866
55081 66707
1947 24800
46937 71004
22922 29187
12729 70108
12931 57263
22975 74630
46866 70803
22650 30486
5892 43780
12139 41441
33435 52918
44037 57058
1602 64018
35506 41240
33866 65810
8222 43299
44163 68796
63109 72885
39323 55643
29266 38421
59540 73857
31160 63939
3972 35476
17502 40711
11445 63683
56277 74844
56965 65328
32188 56069
31783 63632
26133 39007
3041 39284
10438 67015
19162 68788
19135 41728
4610 37771
13725 58018
53223 59233
57084 69214
18792 49279
29780 49189
55 5570
24226 33744
18028 60460
15399 61496
5534 43747
545 25226
4051 35610
10915 21946
11240 29595
42363 61127
15992 33126
15202 22938
20980 60251
21823 62087
32424 50010
38812 66097
31764 36698
49132 52399
53500 58344
16288 52057
43697 70296
22446 52183
29677 46846
23081 40738
24275 37431
954 66682
35640 46457
1635 35042
34767 42630
1900 34111
1392 1825
30782 36074
11266 64621
46653 47206
14090 35573
39939 40680
2779 50506
22275 63538
36067 39376
23839 49002
11294 17537
33843 38865
10598 74527
8577 26366
42198 69610
708 53771
10214 55217
9786 59711
29076 55350
45530 52036
26461 28385
29814 49490
2290 31768
33967 52106
3526 56484
21629 44568
16175 28985
61612 68616
1201 52859
11413 48273
17159 25189
72898 73452
40129 47714
25624 41028
10062 38257
3353 13676
2735 45195
30412 59032
500 51146
7799 26361
63029 74016
24961 65588
9545 15783
17374 52831
38205 38641
35993 63637
11250 28095
55573 64120
8603 31163
67475 73669
35778 70694
25903 26593
641 27503
15492 23951
72481 73198
25027 27125
9908 35140
16231 68465
41221 62539
7454 44384
2320 22667
7057 18956
11023 13568
33126 51835
16024 70835
73659 74728
19722 58136
19064 49382
21877 54375
38782 74727
24838 73730
16423 33194
36633 67055
28880 43268
3617 59483
2314 11919
19740 69354
27976 73581
24978 37477
58700 74467
26331 41376
11111 18623
44530 67022
2391 9141
61304 67507
14988 15731
38879 74707
8926 71683
13370 29219
49327 73557
23952 60058
8936 45802
27557 62438
49159 61221
30711 45804
33169 53540
6610 20766
7439 72101
3639 55504
46111 55532
10515 35084
1665 28482
50539 71653
25159 58648
23953 40746
9381 64103
25177 26566
17554 31017
11916 47909
8144 46893
31349 72985
4098 35790
49023 56248
28475 51513
5508 37958
4877 44877
51895 65352
21227 48891
1115 7282
6035 19314
13444 68186
17404 50961
11522 34182
6588 36650
16739 67551
41303 66910
55854 71700
18491 74505
7432 11068
7203 65151
9194 46314
16559 21072
8411 27239
49691 68571
5607 46611
34562 64824
185 29901
16847 36956
21301 40297
15858 61538
811 18254
34375 47993
31820 61749
43563 56445
21381 34700
9894 47174
48864 53966
30322 32697
41285 66324
12374 68742
50632 74657
37756 57080
3442 5955
4602 46945
9737 23511
19591 29622
63584 72957
11402 58072
28810 32129
39871 73219
31876 69743
2224 15007
1393 5913
2034 32486
35707 65233
29447 46007
44547 67345
47298 64640
55380 72625
19899 32252
59471 62465
58170 66260
3301 48911
18076 73885
32633 53579
27243 53387
29036 61788
29385 29657
20674 40925
4796 9097
14325 42973
31482 73503
15938 35209
2036 8210
28253 56438
11305 56541
16854 33868
46197 62616
9725 54302
22102 48241
15516 63844
11686 63478
42803 73713
3398 49352
28068 57739
4846 18073
1014 59432
42561 42612
24300 67081
59369 63384
49034 71259
41419 62351
59127 67547
7090 24291
38848 59747
43691 61808
2486 69808
17950 57301
29096 30012
9551 74774
34757 45573
45325 65096
17737 19016
69789 72887
26758 38273
37884 49633
8253 43564
48327 65655
49639 62984
32229 53038
29615 71747
34748 73908
21744 48229
765 55287
43091 66516
712 13780
11528 48160
21884 65353
53852 69714
28342 54588
60098 73094
7771 68430
36639 63015
40556 46561
677 3382
11062 19076
3181 37633
53561 62942
19965 38698
56984 66656
67395 70591
13019 41766
54435 68570
996 63952
1850 69417
14927 27374
17977 54527
56535 57044
10173 62394
16399 21258
20265 25220
47647 55958
177 44155
9125 15592
22815 70329
25094 43101
50304 74193
12804 17783
43794 65565
26976 55983
37731 62128
31217 45479
13742 73486
19098 27383
48577 63335
18975 20525
38375 71449
50306 55684
32282 65073
49016 64110
30431 33773
60997 73130
35570 39182
11537 26235
4539 73149
44733 45031
17220 48418
45852 47804
20703 70854
64658 70428
10442 55844
1414 40166
6667 64188
64573 65624
4955 54654
29227 72591
4190 36463
4930 45859
23726 28406
25946 48210
4664 56716
9946 71729
40824 51351
27682 42308
28764 50489
48192 52244
28765 36050
48140 61970
54728 64112
44542 55461
3665 18212
36170 63254
52862 70309
57407 68659
16835 24597
10152 24854
35204 43696
48251 67134
19404 33346
30494 71898
47192 68574
60903 64908
15762 59755
19053 22829
11082 57341
6218 9040
5212 12154
26228 33729
10433 54546
17313 65127
30353 49825
6301 62499
33293 37146
11704 56302
12515 50266
7199 16455
65188 71349
50636 63595
22039 55626
21906 45817
21563 38302
16882 58791
2806 24230
32218 59857
49733 64685
8986 11356
23579 46091
58493 70938
2948 23385
23042 25327
32305 45013
41 56047
34096 35347
23858 25633
31482 74805
54306 64062
26329 42873
1286 11427
33004 36471
37311 47475
1022 63914
45758 59337
26097 41039
40911 43041
686 16674
23679 54868
5786 30218
3797 5260
9257 22153
55925 67382
50049 57304
10627 73473
55849 59822
5021 10584
3930 42530
40676 44646
7317 53122
17958 20283
33649 34144
13619 53851
10630 32073
62131 63364
4170 28376
384 66231
33535 41844
11656 70648
74559 74838
24732 72560
20215 57676
18345 21140
8537 22120
15882 65884
7 60952
36331 40871
29126 52042
17677 44859
43047 57490
195 57512
20553 22888
34503 62275
8057 24485
19463 32959
15978 62760
46963 57684
37266 64662
5718 40066
8999 18049
3637 22118
37792 74604
6411 35644
24516 38017
13691 44343
9310 59020
49411 55364
1470 55963
55387 68562
20485 41704
29154 63421
48814 73132
46122 62384
22521 56081
42419 51888
19051 39634
30393 53131
52343 70796
6930 59451
33494 68452
43368 63402
46232 53048
5152 7941
13136 47859
24724 42506
55604 58148
41251 51131
19963 33405
45306 74733
16354 36093
16973 48712
14038 32485
29584 57839
49765 72595
22297 61271
20860 24322
9091 14280
23817 48432
27831 57052
53478 59380
29257 50309
2495 49518
17304 21242
16610 60637
49667 65968
44332 73719
11897 18964
41975 74075
31043 66688
797 33180
47974 50176
24410 28853
20549 62411
14529 43437
19084 28050
57121 60785
54387 54767
11526 60230
30664 50027
22860 33504
21575 57680
11872 59642
34993 74559
51522 71400
53126 67921
34369 62890
11796 70248
49978 63769
11011 22610
9230 17742
10444 26983
25772 44339
12791 73110
25212 42853
19495 40326
20005 22866
44691 61421
26314 40167
70265 73011
25518 50349
21956 49716
6438 58637
7083 19884
46465 56868
5115 11979
7489 69263
11491 62504
9550 15441
3911 26358
649 4281
60000 70305
8731 13104
3562 4897
50277 74845
32359 42883
260 31697
29877 52068
32688 39617
8777 41445
15806 25964
2335 74496
4064 31403
51825 60585
35208 41637
64694 69290
3109 21571
28198 65689
45657 71839
21012 42602
68690 74055
54595 64991
33261 48155
14805 38057
33532 74144
27620 33442
38283 71503
15494 27941
22364 29217
3965 49350
35879 70955
9139 23615
18604 31999
1457 10840
1310 4863
33831 68506
4787 20795
2594 54621
8462 46178
5106 63989
4559 57454
47982 57344
23040 24088
2757 61834
27357 54264
65665 69846
45149 69009
13627 29668
45726 48264
57547 74744
45835 58413
20643 73672
66298 72684
27913 70926
23900 54728
5058 27329
12578 19908
27351 52570
13653 67688
29439 39648
50223 50936
44093 47207
5086 53524
3915 21379
5529 53583
33466 57896
10108 26117
30582 50049
13460 55098
1334 72497
6617 28000
33186 54128
9578 73501
1046 23193
47913 64011
27190 29617
36122 63186
2144 37235
28862 50641
4448 58617
9572 63360
61049 63152
13924 37437
49065 50008
44280 52290
52146 57453
44581 50013
44064 74420
21687 73306
44833 51707
12644 21583
22974 38624
15782 68090
211 51039
978 70685
41701 64733
13252 59565
20118 65001
20953 45274
46612 51733
31953 66576
42413 66239
40697 57887
65533 73512
25535 45468
61454 64320
31032 34093
38586 73989
19958 57051
3616 33998
17195 28800
21220 29797
33231 44141
57028 63935
7028 12384
29338 72612
21300 70167
1431 10472
57788 70357
8368 14095
8156 50694
15248 64056
47568 58817
10961 27811
9353 57361
36363 38245
14301 29188
8682 10413
17745 39042
68399 72484
15631 26199
10316 39770
30057 30351
47154 52110
7082 47244
36198 56293
42639 54796
41642 63456
4203 61075
20325 51722
45086 69541
27440 45411
28077 28993
4283 35003
6015 73376
23814 46701
452 40337
50497 74100
38718 39500
11816 48152
6642 29410
990 58596
15354 26330
25445 38518
45621 60458
24396 29047
6824 44405
9035 20220
7612 33591
21568 67364
33339 73116
13634 33181
9914 25671
52696 72633
38542 63855
21326 55528
47452 65925
17707 46657
16215 45870
31732 65395
26797 49520
64564 69987
26189 62517
43817 52581
11552 34123
34269 55319
3013 38707
17225 53069
39280 49070
52511 54586
20936 48468
17603 28130
31156 54260
8485 52159
23024 71394
28111 43494
26163 29554
32600 69124
51465 62911
6527 41815
39426 66460
41101 43781
11368 25436
13114 25121
25259 62862
5478 62311
1180 47984
23796 52912
44516 66169
37402 72331
18895 49393
26804 34919
56057 66933
10780 73256
34885 56856
10473 18231
12372 54657
4173 12467
31708 52403
45111 53037
9253 62238
28183 56112
25825 65926
1260 32725
20279 49566
26028 56259
21075 36155
21065 45189
41195 41410
29591 69129
1726 54993
25750 33320
56866 71861
5553 25186
9490 35818
249 17972
55495 74207
11786 30288
50012 52319
21833 58439
10212 32423
19364 23769
41756 68248
50727 73287
2695 18352
33736 38258
4924 8538
66776 73685
28720 40932
11640 24968
16052 48856
8414 46402
30108 49723
50418 57662
27354 64173
54761 61342
38361 53259
7607 13859
25514 29475
72763 72922
27174 62453
21115 71380
41680 42772
30074 33223
10860 20967
25287 45589
13845 15753
16177 42304
28294 63755
17342 57346
42869 56532
53585 62691
11821 56397
32018 43055
51771 53861
21090 30622
1137 3813
30612 68163
9302 20851
8800 31969
38447 56837
16440 62326
47722 69555
17477 25332
5002 69272
27332 39997
41122 48956
29057 57010
22710 47749
40287 52992
17335 32966
63677 74155
36639 52918
13675 19746
13669 18646
22656 37781
1596 51270
33667 52556
19605 44804
9976 18962
33834 59205
21007 29670
56551 73743
60526 60850
40765 61723
21823 74885
532 15949
38499 44710
8788 26443
29687 43753
13155 48752
2148 50581
56330 66547
100 31674
41821 45936
66168 66422
23874 42552
60452 73537
74095 74116
5831 54516
31048 68771
6528 31142
35773 70802
46694 49467
2059 15983
1777 18036
16849 20393
28287 53501
19826 73418
35662 50775
40629 73316
11024 49048
14880 55924
9710 70216
8592 8922
10018 15904
43099 72242
37083 52592
14328 56087
18997 72589
26897 65698
52962 53061
28741 62119
2280 32203
18463 40502
55552 74273
14396 63100
28692 66771
7867 53400
31600 74667
26787 67085
149 23047
34069 74872
35848 46725
8184 63793
1689 16701
18583 22124
33632 67263
54510 58366
29110 53885
49182 65409
47065 74136
34158 55619
14708 42609
4732 29261
35441 52417
47130 49894
7124 47853
54796 61609
52579 68383
8944 10364
32384 67489
8231 34426
58082 74627
32235 35567
37060 66282
29033 57790
47089 47954
10770 60404
17020 71439
53558 71573
21175 49577
36601 64706
29664 42159
15093 52416
17889 33015
18119 44995
14525 22821
65218 65327
9186 62797
62334 72959
1564 49354
22806 50585
57402 62051
14929 51510
22568 65720
38615 43522
29659 44612
457 39023
10430 11739
6862 59406
28066 54986
25144 40244
31928 34755
49011 59626
6558 60681
33685 64847
23395 32014
15987 44304
25361 60506
11702 52362
35153 69825
10447 21505
39888 47988
4978 54951
50689 61025
1083 37295
46382 72550
31182 45896
1470 19999
9869 43520
287 27538
34163 51215
21040 33545
27661 66222
42014 71703
5826 51834
54697 65107
580 63771
1221 56387
60502 62215
28306 70940
16839 43276
56098 62146
7566 43213
31657 54095
5961 64152
3926 8064
71451 73123
48256 53345
7554 24680
59305 69233
18074 25638
13737 17819
35179 39464
31110 53778
56711 63438
35446 60034
24754 44107
29283 68002
4556 20200
24813 51760
47500 48954
27272 71955
6175 8885
48702 53272
30646 62349
44378 48782
18793 71644
11067 30467
1927 4613
34662 55175
466 31441
36616 44115
2384 71715
37880 57657
2069 68031
31901 62327
12401 46809
37544 68401
42699 69075
49497 67673
22893 32861
51705 71926
37951 61029
16645 27246
39654 63741
5856 22233
39206 72974
24219 25446
19238 67445
38972 71276
3023 45582
31676 38926
8837 24683
10554 51444
18018 19494
1424 56373
10252 70817
20356 34837
3689 49608
46152 55878
6699 73872
19126 27112
49042 60136
22044 46426
20300 72128
38168 50281
27164 59931
37371 69521
20960 52159
30696 59306
36358 50491
25593 64729
4770 9304
58953 71509
5270 34889
10730 21624
35792 51282
50327 73362
39468 63094
12082 39187
48368 62846
28029 28617
51758 52977
42778 70950
13570 58188
3217 42277
1287 70865
21816 68824
21652 73060
34941 63717
51242 55085
683 50665
20617 46186
3546 59219
58113 68105
47745 73194
54601 57258
37222 49151
45118 66513
53570 65800
3870 52173
24345 40145
49172 57980
12075 44142
3166 34437
10354 32913
28288 72559
24825 72397
940 59484
27792 64261
65279 72481
41003 71818
26297 39849
23276 49959
7153 54922
4469 72645
15628 73758
27746 64080
37208 52455
54 46158
10317 39812
42711 66834
3944 32099
361 11866
46639 67152
6854 29805
51033 53920
61665 65497
43663 60894
3867 57201
16493 34969
44574 71016
12534 31187
18761 41389
14543 33246
28888 39873
49722 60270
46389 57548
4643 22661
39998 74888
5859 7912
27716 51848
5313 23228
19441 38312
20985 47419
11869 57425
9682 30350
32627 44963
10369 17442
17782 22745
69576 72662
17787 33466
14800 43372
23731 34961
13393 16386
46432 63552
51607 52402
51117 57480
39137 67967
34373 65332
3014 54298
18585 34508
33633 42911
19962 51917
3817 35524
29814 55824
2508 40060
23036 42417
9972 18878
19379 60876
6072 56203
19014 68800
32364 33974
34611 51247
27076 36498
13525 35960
11544 49942
4609 60286
58746 64450
48389 72416
40810 47833
21081 30487
18051 72944
56532 67019
7448 53625
22482 54693
22493 28238
2322 26663
2338 68246
7796 33678
29210 46682
21415 73670
16982 22574
5848 45333
9323 18420
21430 59276
47210 58406
15245 61094
1004 67861
10323 55646
40955 58696
11681 52311
7718 73825
6323 40422
48416 67571
18132 61699
22222 34484
11967 17504
54050 72592
29525 47369
17845 53227
42872 54396
15262 65678
3789 16106
37874 62571
66443 68068
15706 68425
1370 14702
12668 35985
13427 50481
10986 72598
34751 47435
1708 5904
49564 53207
51828 70504
5751 9621
23930 27601
16279 28648
42833 46909
47032 48923
59279 59913
3435 52457
691 32168
4838 39975
17491 67480
28105 67345
46086 67792
61915 71850
53057 73934
13878 25767
15703 58454
34386 35653
20611 46163
28071 49687
9453 20228
40410 64226
21754 33198
6871 54920
421 11237
29867 30674
40411 57050
1665 69546
13182 22222
11249 44625
11701 52882
52997 65888
21272 21589
2376 12871
19451 30450
7115 71411
36363 64458
25711 37004
66814 68485
46098 62030
23465 33889
17437 39173
3579 69917
54503 55918
8854 74119
14144 50945
20985 69009
27774 32591
4483 23000
32380 46289
17825 43789
18422 70091
28336 63977
9839 62789
5232 14965
4816 63340
55904 67267
23325 63239
6196 31750
7780 45884
14433 47666
14676 73151
36082 70574
7711 28278
42449 71428
16932 34281
2074 69549
12032 67595
66704 66748
25506 36214
1054 64658
38151 45788
32856 56238
52177 60821
18265 73728
52104 65939
17752 45762
39223 53335
27668 45329
32394 44077
68088 68418
60334 73921
16124 18171
49797 64329
66544 71008
27224 36119
59650 66828
32007 41688
63237 67950
47677 61207
25810 32969
13507 35037
30904 64958
18219 34022
39063 39493
50747 54733
3428 60301
6656 31382
47531 55119
9866 36988
7300 20343
19917 56788
67822 70543
47771 56685
22619 62069
9089 11520
41110 71604
28194 58667
24655 63425
4902 24712
11010 74781
51526 61889
21698 27588
7228 73239
15716 66879
60349 72615
67136 72563
31979 38349
22297 52086
27914 32136
40331 47338
69543 71141
9061 22618
37895 40460
27050 49993
51342 52380
21349 54239
6882 47525
56666 65313
21011 28318
12904 69528
18453 21543
33529 46075
16788 46196
12605 44928
20797 66626
3554 13556
22387 58596
29 18912
42905 69213
14262 53928
20824 42975
14950 39116
48696 49548
46670 59132
7854 66381
42598 48933
5040 73715
19515 33448
34185 45265
59335 62745
1138 74584
17792 44140
749 70450
38319 39218
10993 13321
50420 64924
24806 36670
55278 71591
8902 20081
42037 53506
27749 59574
48869 71885
11133 44469
61759 62998
4271 62248
3836 31312
19723 30546
17144 55625
6140 21082
55771 61523
33700 63054
54312 60406
55431 67999
30282 42391
9011 28698
8652 23295
22675 23438
17564 29429
67555 70365
11789 34309
23876 70923
8683 48721
24794 29702
57713 58222
16629 67305
121 37197
18276 53270
41255 72000
10791 21675
70013 74801
5502 25255
29596 66013
29807 50973
19394 51619
18324 35221
36483 70188
30 21223
35863 50693
52264 71935
27697 32985
10010 20457
31347 43772
17851 24096
18001 30941
2997 5471
39268 62286
30685 40812
1596 14386
14248 49612
1771 72669
7215 16746
8450 38012
4071 62962
50922 59885
2608 40760
9018 67601
11545 34363
32210 35550
34684 72403
23164 70550
28753 56582
35303 63427
34541 58733
44192 54768
9765 59329
17394 29510
41106 49150
22964 31391
10907 39528
9264 64338
1659 51491
59125 64117
48690 64417
19417 69475
16215 54361
5929 30439
7804 71395
29325 47432
32530 47036
57816 73071
30269 39323
12071 43227
64896 66150
28274 51674
6470 31025
7709 43304
13760 16667
20762 27916
25545 30267
8661 12057
50047 66410
48906 61210
19009 74368
39345 68516
54963 61721
22769 42427
48383 65719
1658 49366
16585 58999
50233 54795
37785 72997
7165 35195
10461 46555
27138 50569
5940 16971
17817 52135
7675 25782
49793 55734
18068 63161
13175 58581
63421 68358
18700 39583
30410 64049
25991 27106
6569 71051
17452 39545
26848 54496
3354 69147
37995 39041
15082 22166
3957 7585
16063 70340
21708 54117
32233 72514
40395 65484
27870 56393
23310 58779
2571 6491
16291 17711
30625 70494
34361 70454
27741 68203
6776 8511
43240 52340
37953 51206
24500 44993
43472 65507
15471 18738
53654 72410
35688 47812
9438 11459
7447 64752
36622 56023
40999 52101
46865 60719
4228 17015
1275 57859
7622 24882
15148 63042
36190 47299
59999 66205
64786 68386
14500 17394
8407 59096
37905 66003
6053 34105
14431 17069
51588 60973
13120 39940
13602 41162
48450 59408
31219 42250
31809 51016
43202 51267
57331 66522
23989 45673
11337 57529
30188 69775
758 47518
49191 53145
17232 20047
7342 31634
16254 25248
2823 4527
2565 41554
29411 56895
6357 71459
18076 45134
29564 43684
21469 45573
44261 51494
25887 36754
1313 28239
51502 67608
62405 63164
10008 11266
14246 17499
35061 36207
59963 63849
47706 65886
14734 23984
15648 73017
6024 29733
38069 60540
67656 68059
32834 74867
9919 59939
6337 6627
15272 54357
36644 50291
40782 50933
24335 30064
7132 23584
6778 70004
22524 27903
25465 32145
53805 64530
16743 42271
1013 67412
21521 66957
63889 64513
35020 53165
216 34152
4183 62788
9566 62787
13722 22793
2509 73747
41503 61973
26056 58031
15622 68360
10237 60968
14135 40953
1790 6834
60737 68738
2968 6483
26861 46943
16049 47899
16380 56364
9385 33697
7643 67082
16537 22170
33567 43842
2001 9841
3576 64853
25861 39790
33253 66589
47319 71950
39363 44791
7533 43329
54284 73701
23566 50645
25691 48731
46043 48805
39345 65861
28831 36642
1107 57031
25489 61187
38082 56570
12124 56765
47580 67709
36258 56416
21409 70515
56020 74880
23212 51403
49250 63047
4048 7369
39928 51383
774 5367
48757 73564
35744 65589
2769 3669
30295 49157
40343 48939
32858 35172
9634 73332
21676 67992
48444 67985
4634 26022
82 41378
346 52855
35668 63111
12234 41645
31508 57897
12399 45230
28809 33879
5890 24330
3662 48460
53484 54988
47258 67546
4677 30372
32143 66470
7731 7739
12131 32324
40268 70537
25001 61913
8914 53623
50496 59455
51424 53987
5664 54359
13847 17640
33696 66092
37201 70602
23900 43696
5263 64812
5787 66845
30329 69849
40101 41420
44336 74622
15052 51665
6312 32348
1432 3571
49019 73307
7329 24766
8506 70682
13693 72635
48275 51298
4728 27238
34829 66207
1059 65769
46859 61873
11030 43255
18803 60347
25915 70158
29960 61509
19452 60743
66568 67402
18058 70986
27328 74314
6650 49993
22932 23069
48011 69023
6990 11790
23641 49430
16112 51201
16 51925
2961 5707
17238 22145
20367 24498
43949 55651
8832 9763
36209 59761
985 64274
23199 44312
3389 33458
51137 69282
10422 30925
1415 52954
44251 66480
24548 51304
5663 61762
34133 46264
48280 69595
21867 68356
54160 70286
16372 71464
43124 56763
12365 45416
31526 39358
2575 31094
15728 29248
21459 45229
34511 57458
35435 53768
11604 23987
9094 25202
54611 71251
44522 51507
16987 61262
45532 52845
14933 29900
30946 67602
40164 64365
30996 63731
9445 70629
52681 68344
1926 40500
31157 43689
33899 41077
8219 41690
5330 36811
35990 37301
4116 12946
45255 55456
64984 70784
50026 62389
40218 55534
32068 63791
39532 45263
30026 71929
17797 69479
25271 46266
61742 69013
14230 14476
2731 65024
8300 52073
14935 56128
47921 50601
20979 50883
21202 35741
5299 70273
11023 20500
36057 71567
26127 55938
39577 40596
20684 47826
36847 71063
34777 66899
11955 62071
9378 10039
16293 63701
29557 59341
30604 63216
3786 62583
34932 34981
18726 65674
21545 55420
27453 39169
30733 67700
8279 38868
15561 30870
32838 66262
65078 73900
28300 30512
19949 63248
4465 29755
45881 58716
7025 48767
59394 67418
38764 69710
7363 35592
30717 68910
66763 68462
60384 72146
29732 55322
7881 50390
6816 25760
46999 51283
52396 56374
11364 71212
7977 43882
56706 65161
16104 61410
15624 38108
34955 52945
51882 68305
43111 60834
9226 66033
29914 31376
2386 8870
26991 38187
34158 67486
21373 40250
27860 41935
19211 68745
5550 10597
24012 61488
41518 58954
49100 62472
1486 67778
31646 45782
53373 67257
56649 72518
48400 70774
24495 37999
23885 32511
23581 36766
4351 54808
2131 33910
15674 54984
40689 51743
14340 27497
8565 20322
30225 36735
27179 31345
40893 42845
80 10421
20793 68089
48148 69945
16160 55500
53952 57704
57576 59804
44651 58165
28643 66868
44926 48283
35527 68273
31310 51408
45471 71968
26683 42191
4842 30794
10380 29123
23847 27226
53403 61884
30291 48576
8830 46602
9099 57345
21927 29358
16973 62218
41646 45351
27139 44704
16183 66739
8724 25781
37217 58753
29717 35950
49113 73584
71736 72553
17365 31442
19310 43988
43239 45025
59552 70275
43662 45074
6972 53244
8073 58340
616 12120
1984 74563
1104 18315
48180 50043
37634 38573
59918 65504
34994 70274
54467 73066
13225 45858
23609 29937
12833 57067
62479 62664
23048 40441
31092 33259
7775 54632
48918 69078
274 36044
55906 69451
24665 68471
8841 49320
11200 48754
1226 66187
29169 34910
17043 44044
58832 63965
54083 72783
57196 66191
55569 64888
633 17991
20326 66464
20249 70049
56280 62905
22224 74233
37599 41000
10133 66018
9905 60518
16646 54057
14288 15921
35019 40220
42175 70888
5314 63523
36217 38011
30035 69516
26084 64515
27872 48598
6149 44315
10964 58223
41282 67635
44596 54333
24025 45347
41681 48313
35934 71774
37653 58867
47446 49701
36863 38228
41775 63791
16524 42512
56338 69069
14923 65259
21142 42115
24025 66939
28725 33096
32690 51878
1709 5670
3887 65833
64083 65708
43424 65207
16544 29157
41390 47754
12363 31624
39046 65155
16908 34545
39991 50690
747 47140
39740 41570
27588 72573
58565 59119
25758 50068
13803 51074
11517 13367
13900 37344
50175 64608
15273 55489
20355 40897
12956 46118
25352 42903
14860 30332
1206 7555
35029 40263
22628 65541
29172 70507
53947 56615
5500 30225
43102 61183
31385 74349
4688 63633
11543 49086
44022 62810
29540 29841
35611 43382
14843 44143
24885 71923
28574 72666
9372 53129
14395 16899
3146 45020
12532 48126
34363 54530
30910 51438
43066 43356
34663 62940
38114 40789
745 40342
45549 66225
49006 49761
6995 37098
35218 65254
45218 53052
32420 46850
16658 61188
12885 50968
2000 40880
10152 72909
43422 65532
17834 21099
30212 59910
48099 62856
3141 6213
10397 14485
12944 17457
11088 24521
2353 31388
10086 72047
7620 14595
25316 39161
58433 69557
16999 23706
10064 39543
4346 69603
29833 69664
3554 37551
56030 59664
32260 46049
29034 71158
19226 53983
20337 22570
6817 28128
58952 60505
23515 33877
9975 62398
31545 55339
11091 59007
57894 65064
51764 72430
8189 23645
27218 52926
40530 40803
10533 64630
28784 72212
28984 40394
35701 60644
9685 38959
5005 68943
13372 39016
18744 48026
16044 61855
3511 57770
27022 55165
46486 48410
20323 62927
19676 43392
29774 37813
8294 10172
4458 39304
67712 73304
25112 49454
22900 61656
13810 46642
4253 23202
42370 43242
10848 63388
35529 50376
23961 60319
15819 45976
13230 60033
53942 73063
9780 18627
19720 41043
1389 74357
49642 63433
65068 66728
11578 59925
38268 49536
34871 44209
32116 50736
449 27818
6856 12056
2163 54363
37840 48631
3461 55609
12507 34470
976 65097
22917 49338
23410 47936
40729 41211
53910 53993
20767 27866
19474 38303
24843 64014
13914 66756
5612 30290
58397 71271
17634 59576
54172 62223
5585 44743
43883 44725
30950 42537
12301 25590
14035 55709
23476 65445
22140 68623
12893 62110
61223 66005
21019 45854
5410 20018
24618 50978
4376 5885
11080 47706
1884 67944
7588 44050
41500 65572
23712 26768
7500 26348
15445 38772
5370 49509
10891 45723
11924 13049
12992 41689
52693 72079
53575 67680
10080 54592
50398 67513
33828 54415
1501 65436
21737 50185
31426 63853
31467 62140
19497 59591
17758 59242
37643 64268
23289 70994
14447 37588
16299 40595
1509 64259
14710 16605
48927 59598
20541 43764
4646 16707
42656 43849
11670 17393
16023 45560
28612 45402
36142 49664
10203 24587
19328 48225
70327 74490
22283 23611
38617 63561
54224 61487
30062 42553
69821 71589
30879 43380
7626 61657
48300 57544
29597 71996
8865 23948
9584 15477
30558 74652
51630 54474
35242 39030
5629 40120
61176 64116
20077 60728
28162 38588
58767 66518
31816 57994
22549 43219
9758 30284
33303 70525
68965 70280
10129 14997
37795 70612
40182 73442
64378 71396
13837 54544
30986 31276
931 2293
44935 57484
24032 68411
49462 64775
3188 39020
8955 25175
43809 71124
4882 15286
26384 44094
47063 54371
8928 49206
19618 31128
10739 12561
42486 49763
4795 6186
48298 49334
27659 56178
23402 70533
12582 67768
19059 22854
3045 72777
3356 7826
3524 42959
2123 16711
25518 67630
7936 23012
34367 51568
6983 25451
27586 42238
35502 47886
3685 44485
42895 70406
40468 64086
27690 56856
24595 36133
40476 65845
19977 69462
7217 7511
45772 48392
16492 52108
47781 67211
6533 28368
3729 29133
42616 44787
47194 63512
52201 64203
28598 68333
36023 38690
38332 44416
18283 72831
4482 26591
12227 52968
56163 57330
37760 57427
56093 62803
3310 40193
49786 56712
28100 74794
24404 62758
20477 21181
5825 14967
62322 65502
21855 49141
35104 52317
4297 52491
33179 60519
12002 21428
10857 24983
257 72061
59114 59201
26850 74247
47785 67878
28106 69566
41767 66653
2337 34025
30617 58987
65947 71980
11423 51887
18259 66809
58677 66415
19506 22214
248 20912
3021 54805
54964 68128
39757 40103
5016 43765
44047 57123
14969 31831
12969 41750
23897 52112
44745 54787
44755 46364
47427 70137
26775 68259
9038 72335
31251 62925
29238 65384
55128 56510
60919 65072
55490 68679
24521 38153
27959 59056
30870 40669
37542 53338
32996 41160
3860 44695
23877 25233
20815 70721
23853 25570
9841 18602
8238 22518
16791 47554
39947 73088
10050 33185
18271 43076
54225 71167
34853 61039
28331 31149
45025 52855
34531 66255
29589 71519
36012 52638
37404 58192
17802 32577
50462 65759
11026 62442
2171 34260
7053 52751
19093 40664
39090 60662
6532 43745
40551 45728
11815 35545
4407 28984
2426 45251
34639 54127
39675 60651
56616 58659
6921 17013
39597 42723
30141 50347
23103 48605
39969 60520
13465 50984
43556 64697
48710 57396
46927 72893
13621 59548
10526 55458
33542 46600
4830 48510
2614 66152
16897 52800
8562 71605
11997 61157
13246 27434
3305 54414
21134 24238
4528 40713
12487 41595
8035 57654
4687 48817
20540 21935
15717 58599
41015 48249
53747 60004
40734 74181
14427 71257
53250 74600
11106 69963
6716 69084
17710 38296
20984 39204
33983 37998
1086 38401
17435 18724
28243 30839
18371 54250
56299 65849
13691 64700
45307 66945
12283 33482
32534 73657
53939 56720
58955 68225
16429 66058
40803 44828
782 67398
49284 51364
20140 44861
63702 74641
14375 47203
26895 64006
11478 67863
11196 67384
40198 70200
4748 71174
2135 32932
54270 62833
20520 21501
16668 64455
32954 41153
2203 62369
2437 51108
48672 62588
39269 48253
16955 31292
9755 25143
19082 46901
57886 57924
36262 40919
15423 24375
51570 68185
52429 63288
63774 69037
29183 56980
19190 67420
27432 50615
2621 69779
24450 69112
40570 42406
43201 51021
4455 60924
57164 73200
65591 69931
9573 12416
31653 58724
7989 71639
40081 48084
67424 68646
12579 39859
43418 46115
23573 44414
22745 27574
18233 56618
18384 46288
57205 65679
37361 50987
12970 52242
42108 45678
28228 70838
41249 56872
21608 47384
227 50273
28016 47004
61819 63290
12123 54759
22800 27460
32778 41151
33727 48902
23928 54279
11765 32781
19697 36027
46867 51406
13708 67527
56398 62524
30343 61724
19656 45692
43528 49558
36518 60634
68810 71498
53588 64256
42624 51252
6621 65842
31212 70742
14099 14111
11095 14627
4950 61078
11380 33146
69566 72158
23551 61545
4810 72732
8487 55892
61154 66091
9524 36221
11507 32313
8624 56013
45687 56451
20078 20891
18853 47482
17084 67508
43260 65450
25802 27178
19905 33298
20562 57981
1902 38631
41954 61259
35992 54451
40279 56300
56298 71255
30638 37884
10879 53660
62206 72121
12665 63057
8886 54807
45297 73724
9261 30162
25797 72502
8055 27211
21580 39909
16325 28817
20398 46339
24718 46241
64071 67911
36463 64683
15337 31499
58425 63810
32532 46808
28175 71067
11639 41183
17532 65941
43450 61540
51102 74692
45207 47758
47556 61643
35055 58610
38206 41050
51013 74849
58715 68010
13467 33987
68853 72102
49049 57842
3392 73490
33709 56568
5457 7149
26607 46879
5294 34196
51831 65584
38590 60628
39933 68662
27172 56859
28833 46218
55417 62739
28689 63254
17092 72672
55012 65933
48035 49998
52148 56776
5682 54918
17590 54018
29374 34327
27075 49385
29457 62864
32247 66057
22052 68467
26983 27127
38752 63503
27544 40664
30196 37153
14337 15447
55820 59398
35511 65174
1682 13347
1065 2933
15302 68604
8372 54450
27519 68157
17974 49420
11057 34226
39494 47615
7202 67404
8586 35076
72135 74214
943 11066
25903 27013
10662 39144
24235 38764
11304 17060
66 20075
19621 32433
10932 47878
7296 24178
47086 63403
49431 73656
34656 57082
7061 9940
44481 49944
10790 15981
69457 71629
16390 34187
60453 65558
6275 13031
64986 70917
2442 3967
54147 57450
44560 51709
44176 67563
10751 17108
311 62819
49010 73092
21324 24002
42640 63531
12613 49731
31945 32278
13609 14593
47143 58049
43996 74234
2068 66924
21510 70492
13005 56951
23308 52565
5070 47912
27858 36397
67526 69598
1864 41557
11655 60132
38703 41505
2922 13278
11658 47248
40192 72530
6970 63299
43812 60752
35949 50473
68296 73937
11473 55844
64528 74603
5630 58981
28218 46375
10638 60942
1369 55272
45360 49864
12120 46816
9901 12832
43329 44826
48862 54221
14729 60877
28483 67095
6109 23606
9809 30072
47989 55753
53388 67929
2813 48237
29070 29372
4775 10130
903 29115
21774 68684
27568 66569
15683 71162
35277 74806
23844 63514
1477 36146
29025 34940
2478 72582
6735 24703
10471 65561
12006 48437
33369 57287
7367 23574
33449 57846
21488 70614
24961 57606
19100 63906
19196 41526
15719 56990
22695 66884
12270 30351
55178 61165
20687 37272
32833 43717
39946 59285
53032 59446
53460 54765
496 61935
65037 74202
37037 65431
6923 41886
5943 26282
27524 64993
18960 36968
49518 74450
21282 68566
17383 26480
50172 55438
8246 44871
24556 70544
5069 18957
11542 48210
28949 55086
62060 73321
17962 38402
4271 24434
32784 43379
5051 39353
29369 44049
10700 23708
17926 69657
8737 37218
50537 64906
30405 47141
71282 72287
65621 74571
31951 55679
37623 41039
22530 51073
20840 36405
29791 43608
2220 56189
5870 71704
4973 25118
36714 46504
2891 9572
42560 51233
3151 29097
9692 48300
24737 63487
55164 63467
56716 71003
3652 72002
32095 56956
35558 63728
30193 55039
17806 64543
4717 48087
14181 25785
23877 47041
135 60163
17344 69759
1484 45848
13294 15720
443 39139
49338 71874
42088 42499
51960 52117
13789 72695
43668 61562
38068 64649
38994 48288
7626 24241
42838 44291
9366 40971
37024 72321
12377 43534
68529 68895
67469 72607
28425 36228
27057 71327
56158 68195
864 9599
15172 16821
61524 63060
31754 62491
1290 34899
12621 36029
4904 56012
4006 60423
14491 51917
25757 55770
5908 65814
38924 74832
62450 71172
26272 50304
36288 38999
2125 46425
33 34424
37614 48606
26759 46860
20931 22087
5688 13735
9175 51557
19919 37965
8430 64783
19154 41851
18298 23234
11448 27524
13519 39934
41053 58593
41042 68306
16782 55357
37898 43512
63662 70810
15901 33859
40751 65861
32859 44241
18574 20931
4634 19356
26485 44804
12322 50913
15627 54797
25111 33314
6257 24151
7950 16138
3884 65214
8183 11384
15588 61987
46584 72617
12783 48840
5355 72046
34373 39158
13133 27964
26654 39766
4409 57653
43256 43431
5613 13922
30714 53105
10331 20833
34492 74629
17067 27549
2081 70671
23741 55208
12529 54437
2612 39566
22638 70241
2581 34161
32595 67847
12279 59015
38166 59526
30689 69344
22692 37914
26916 37454
2360 25901
51035 63649
4170 38952
14110 24671
18789 35816
33316 52692
4825 17872
23304 74359
18819 68860
15469 20314
31279 47058
55741 61427
27094 43175
22301 58022
39001 65777
22934 34757
17557 57539
2501 37832
30127 66735
15145 68350
2906 67044
23343 68668
43813 64943
40982 73278
15592 52378
11914 51941
29409 37714
26936 48020
59850 64521
10341 27186
1091 58174
25244 53822
24978 40396
60335 70535
31523 36241
33798 54528
3675 18059
22681 58241
37864 65646
1727 3043
41223 42942
24859 47908
43164 72649
22947 73493
10870 74863
33644 55197
11533 18925
28164 53687
28600 45424
29314 36230
4413 19380
28464 30138
36751 55600
21299 24604
25985 65738
11955 38331
12636 16990
46974 53271
49886 51808
1127 26048
12361 63471
12594 24153
45913 73356
55728 72214
61429 64140
920 54790
57931 59899
69687 71803
51865 63987
37824 38437
8065 18922
24278 39048
18157 43183
5265 47168
2514 29034
13736 28709
38787 70558
47782 69545
36586 39401
18560 62074
31368 35837
18780 53990
30337 31097
61400 68315
20425 68778
38080 52973
22176 62741
9614 53891
34298 46742
51470 74530
52471 72196
65134 70108
8912 32256
48209 51381
22178 63024
19954 64070
188 30008
26709 53902
2630 74553
31740 59759
40754 53528
41246 49886
15543 41402
46671 47175
42313 47506
21066 31886
8629 50730
27973 59134
22519 65582
21687 42212
19774 32474
52080 62296
61255 62912
26833 33852
61994 66353
38328 65934
55485 60593
4826 51508
37388 56009
40935 67115
1770 61998
15289 48452
52030 52420
17098 74862
43309 60189
6431 34193
38626 54916
22932 51239
6574 6989
14454 22701
60077 70257
60210 66133
17993 20222
23300 27805
42496 68051
31943 64575
43229 62024
32351 55926
20666 42932
16217 54002
4937 69727
27016 51339
12882 57863
6222 30760
3016 44185
32382 58703
24554 64357
845 22306
49181 50639
47226 57532
33461 40091
20100 27429
297 12245
48790 71723
25774 42136
39395 68031
36802 72386
10501 14859
180 46578
37085 44397
20288 22454
6018 10482
17003 70351
3569 15550
41816 74374
34618 37507
42192 68431
27989 35552
34940 41055
19754 42567
24358 30139
48323 61730
19107 39265
51392 64546
4423 69834
21533 54424
23942 38624
36355 64153
14280 16628
3040 12341
17297 62630
8678 26738
1663 34180
45465 47516
11120 64682
9859 12952
29594 40485
42866 71961
48179 67737
2408 50838
27728 37383
40169 44374
16349 41055
37582 67090
5198 20174
44982 60870
3464 65920
6386 65481
32118 67449
3750 69267
68553 70021
1922 47819
50311 57815
23482 65491
10551 38264
22245 62724
48322 72504
68888 74038
6501 61949
21328 68746
853 8996
37946 68890
53028 53664
64732 74484
6952 24693
19843 20445
29141 51958
30114 36514
27032 50677
3484 73298
1039 8994
4129 59221
29801 69544
5071 33161
47361 55262
66859 74685
37931 44264
23647 27589
21572 52073
66804 73716
11640 23671
39202 67554
13840 54320
9637 65478
38335 69527
9827 38751
6584 40736
11649 36984
10900 45523
55291 65823
15335 68153
23975 45902
21349 47051
38645 65863
17290 30011
34342 47179
21170 35708
43811 64633
35481 49708
16374 68220
1628 4189
4330 49404
14078 31387
12382 60649
41502 74444
52085 71358
5560 12351
1693 38962
13913 68095
65437 65547
9177 23700
37096 66320
63387 67252
33413 46005
12647 26079
66995 74082
4864 11850
25776 41146
38293 40240
56292 60014
8976 68325
26409 38603
50052 70401
17826 68871
46974 53420
60207 62999
34379 45762
26896 42367
53486 58157
39800 40947
34453 71314
14618 66848
46155 62723
17397 65117
8564 24105
51997 64972
9134 9277
7997 74866
21622 36253
52077 56068
10806 52825
3486 74726
16214 21268
2745 25882
16705 20890
24182 43288
61042 74130
60263 62323
60223 71938
21376 32217
7929 28455
30643 38064
45655 65027
19736 51753
29945 45179
6028 39120
64534 65308
30370 40927
20942 23415
63194 72824
30614 33422
31968 37606
6327 56068
42716 46823
12707 35136
20202 60053
715 63894
45721 57021
11330 31685
1990 48226
2848 13794
51207 63049
37282 70007
20933 50520
12674 23688
68854 73795
26255 28449
28419 59338
26095 58259
43736 59467
12411 69179
35522 74680
60095 70280
43368 51573
17403 27296
60819 69089
21746 22007
32546 41652
33509 63199
15975 20421
22021 36033
3015 52290
42271 44018
16315 73202
33148 45685
44846 45040
22909 50824
6788 24077
18784 70475
26006 34209
17277 31920
12567 22469
40844 64413
40051 42042
17849 25135
11516 63376
5728 10898
19210 47674
3874 67020
14623 71646
53814 73221
11858 64123
16697 47755
10610 40279
23746 40653
4337 55825
30380 68037
19526 23413
4402 9635
5288 65392
47873 50157
27616 64280
59719 65725
11109 49088
14062 73491
3278 51849
5740 58794
35604 39040
2687 49654
9000 21239
4290 72663
46702 66393
16525 31047
26581 56710
56480 69319
28035 54024
38609 49304
16143 28552
33140 39154
53295 70760
31806 40979
55756 74197
34998 73798
13949 30793
4632 21232
17866 25217
6220 50071
61830 63292
22916 36186
49282 53203
35837 36579
43345 49122
23418 36265
61213 73709
68521 69872
14388 26056
21566 62554
7415 51600
13537 13733
14578 17710
36100 48926
28380 34446
38902 73062
37283 70130
36740 68564
49579 59647
41928 45736
23071 43078
1362 56926
37 49592
29730 36413
22458 32927
9065 57015
1290 43207
10271 54169
23556 42149
8084 42270
1288 65687
28147 29907
37357 68501
19911 69880
36267 41149
34149 68527
43275 64390
37855 61802
54692 64681
36468 73196
2435 46428
27994 30004
22548 71946
23422 48954
4266 41615
5922 58251
4899 69284
61315 70427
43838 50157
25975 57184
37478 46531
32583 44666
48447 57179
8325 69468
8885 15463
43417 74285
16212 49525
35184 53916
24663 59259
21792 55362
14722 53046
15305 29925
10464 70648
11650 23321
23479 31817
21828 27300
6791 13495
2470 12887
7431 21547
30832 46350
12414 22107
32571 60860
47315 66942
43037 59632
12461 69221
49014 52544
5456 6427
9870 71769
37514 56350
35377 54997
42176 74037
33502 62082
22957 37164
9942 45822
2275 44230
12895 27527
6126 12072
12463 14942
50757 55533
7395 30497
9549 32427
51650 56542
4346 38270
38904 59675
41754 58171
52109 69496
434 8799
10164 61113
45979 50841
53422 66924
53358 57735
1836 3433
26443 58569
70106 73945
23406 72162
6091 74681
15777 38339
5284 7379
29952 61563
41387 73592
44537 58066
2604 42893
9939 14321
34248 41282
22970 40751
26065 34598
41379 73352
9535 65912
32585 63896
29116 73800
55223 61250
68256 74024
36953 68397
63393 71951
3621 51740
29218 47727
41045 54945
29779 45315
43824 67747
1176 9140
32108 59387
36830 50458
29417 49339
43648 44233
43295 62645
37274 50330
28311 50837
11727 61777
57384 73627
51964 70474
36548 51083
16393 73079
42789 64168
15989 60829
1500 32892
2370 19140
3994 12122
25507 74142
15062 22611
6317 15541
15408 40310
3421 41310
51892 72811
19654 59635
50544 56158
70343 71685
17189 23849
61387 71195
6459 56899
45703 67090
9044 34185
37721 45288
38749 56485
24221 48701
6959 30937
49176 70124
33061 56464
58666 66693
47462 55564
11173 36889
30592 43863
38639 74162
18996 66484
63559 68186
43361 57934
35579 54026
19403 70721
34941 49696
51081 71449
46055 53196
24027 52061
19685 36487
25446 30269
2760 54412
3636 66788
9786 22867
17642 34873
18559 34797
1050 25029
8942 38312
432 27523
17179 29010
17356 64559
47438 69113
11113 70248
43029 46731
29168 65972
49695 73182
9114 52890
54042 58294
61200 67908
3218 7156
531 61854
56080 60054
20112 25509
44576 55463
58227 74534
31958 44437
533 12939
49318 67957
8893 24856
9279 70379
17841 24390
8850 52847
58402 60802
7867 50502
4762 5033
59594 71328
5224 19987
15755 29512
18363 29291
53394 61641
50494 69670
32394 32907
2305 52307
21097 54694
32596 55103
18466 38196
16233 60216
8032 72966
10450 17280
43223 65775
13985 32597
6994 8188
32933 53087
8317 34347
30554 37372
61056 65713
44865 64362
32410 68607
3223 71108
36096 37017
21744 59739
43761 46384
59405 70283
7834 13437
45038 48454
36373 74817
3601 11357
41925 55623
29996 61601
13929 71649
33579 61673
51400 56492
48103 55447
25113 39368
16968 40788
14441 22400
11708 44318
38419 39681
86 15760
48181 73431
14598 24937
15275 17037
18495 60478
1995 6412
11077 72333
43622 50098
2331 59174
71038 71578
38983 59003
44022 45606
11679 18097
23970 53293
23055 41041
7648 24899
46011 70382
4726 74643
25464 52735
13328 64637
71770 72503
18487 49858
247 72471
39138 45836
21109 29313
11553 30565
3921 74746
44265 44738
321 62767
10856 29990
34793 42513
41720 43249
32597 54119
33620 50791
37604 46985
810 8395
50459 72865
10795 74448
24719 69347
15941 35123
12862 44584
19944 24724
4765 58528
24823 31389
17938 71838
21659 67581
63183 65794
52952 56838
41532 44546
24761 47406
20463 42832
2949 34587
61349 74564
21362 67007
19155 21108
7463 48396
27650 54806
4586 32749
13073 59621
39374 55514
25282 72014
65828 69570
36101 51057
1937 66591
33294 37565
58285 72842
31619 41024
64178 68035
31431 51040
15562 45454
37775 67604
56444 70150
26158 26543
20068 21513
38359 64953
6849 45043
62653 66519
30868 48748
2537 6199
37113 49125
40426 62335
3347 49867
22811 29080
18512 60989
18493 43193
1471 8326
9389 24844
13009 73302
21606 41630
15002 35920
18490 51592
44051 60116
14984 62042
27789 55601
37082 53638
33754 37257
29866 48019
9909 56053
10732 21956
38334 63350
38408 51180
8009 10336
28008 71973
58898 71500
4109 60158
38860 69870
21804 26490
3933 71675
2246 30340
4744 47956
55110 64443
1812 65080
2297 13102
26307 60684
25019 28306
68358 73913
34698 70480
5619 63371
2347 60498
11843 74611
30022 30082
43585 44257
48648 66499
6205 16450
51386 52200
9541 31063
18970 73038
23943 43208
45709 67387
7437 63534
6245 20726
39967 54235
24290 41088
19073 21668
27118 27166
16513 35359
57927 72495
21159 55605
38701 69020
49327 63550
34178 35562
32419 40558
10369 41497
49534 66039
9929 54498
23253 24385
23652 66016
16531 73969
19024 52379
52673 60408
51531 64367
9516 32521
10061 13298
62689 67052
52036 65020
9114 27367
913 37088
23654 34802
17553 62754
7680 27657
23921 49592
25617 50289
15406 63556
19511 34858
10231 42478
61906 65638
15678 50199
52094 65274
113 40792
18689 51918
35561 74283
25214 31321
15979 18524
14543 59920
23673 67099
19183 61766
9644 46354
18735 39106
10523 51998
33909 45280
40001 49481
5143 8968
70093 73717
12458 19666
36562 48517
37970 51191
41201 55017
2440 6638
51164 70669
6249 71406
32904 57293
16375 67830
30594 32426
39612 58580
20333 30769
26716 54124
38239 63782
22506 39739
31507 34396
19007 71816
61917 72174
1176 46614
48393 65340
9565 31316
60488 70246
61815 65699
43757 52253
8082 48905
17832 62409
44661 51778
26534 26681
48272 62388
3962 55057
45338 56913
4713 72248
731 30474
8991 59030
35634 56202
56454 57363
10988 33236
51175 56504
56109 72955
3588 25958
40207 72980
10112 32109
61455 71010
24691 58827
10564 50033
26019 44976
14006 36797
9483 30998
54268 55080
8860 25227
3949 10777
26873 50082
12359 65404
24862 59255
17515 20058
20284 68273
47979 56823
4677 36876
26123 29398
38396 53244
4786 35110
64605 69760
3434 55444
1800 69543
43338 57266
32445 50336
71326 72258
1227 24951
9118 59844
3256 16922
63365 67702
4066 10660
11280 55929
6097 23120
10001 65851
30053 35420
18805 34214
20056 48118
10243 34796
2270 57967
30168 40703
60254 69355
18097 63727
8344 68019
47619 48827
48366 73646
5950 55996
8600 30739
9071 59637
40968 48221
7450 46106
24698 61653
16351 44326
18041 48611
14382 74799
589 58851
46270 64154
4204 43613
3016 14194
7640 14624
30323 51149
32736 56308
19018 27003
15722 26927
55660 68781
33128 51636
43499 70173
13191 35020
4018 41000
49333 55829
1450 72696
2560 39226
26514 63331
3202 34505
32429 33467
18166 71743
20696 22984
23430 50556
3079 44842
58367 69623
10586 11061
11641 40505
26905 51714
5713 70870
11990 28505
37182 43577
16553 67828
16323 23172
11737 71410
25851 61103
2866 44365
4044 25260
29730 72751
19291 50619
23529 66672
47897 59165
1657 46008
31330 58723
10870 51478
14153 61539
20581 23511
71674 73522
33478 74186
830 20507
50339 54089
69061 71589
13951 40842
27219 32057
52478 53618
26156 74068
1975 38947
25726 62950
40141 48621
43047 68144
60440 72264
13305 23538
8627 22307
13948 39815
57234 71514
41819 51296
21249 33285
9860 55852
14068 53468
53998 70244
1836 34535
23053 25179
33486 63886
2841 66997
5356 23931
44750 62244
6696 67047
6178 67061
15936 45639
64628 68236
19637 44688
15064 60046
37986 49629
12929 41237
5024 33333
32744 36419
36224 66986
33881 70519
48284 55168
27911 65056
34566 51084
62313 62748
1901 11942
1483 19272
55865 56434
11426 59723
4455 57507
51899 63157
2869 39563
2947 31545
21274 35174
37851 55104
3423 19250
4022 25980
20353 73228
34087 40510
31285 33800
6743 10267
1326 30954
37047 41426
24451 73973
10230 31893
68983 71209
33961 54055
14305 27821
22542 37924
13197 22198
10392 12740
3981 44231
28229 34491
2735 8744
2498 63349
20651 21648
27375 63056
11443 44130
383 30697
48688 51171
14474 36063
5737 30045
9756 27382
2452 11513
2319 24664
64982 67572
27293 71534
54622 59606
41399 49386
24455 56916
9200 39578
33332 53743
37347 61904
18534 28291
12171 21714
17108 20711
52784 63915
22665 31042
5875 70024
7995 71177
54157 64306
1009 45262
48208 52266
9136 31112
69314 71515
30555 45048
39592 64943
6503 55037
57295 62757
11969 39458
21289 62446
62929 71097
951 65888
11947 73076
25343 73180
7411 72719
59683 63110
20491 47188
38377 62375
3545 27111
71625 73837
45209 65211
4201 26264
20494 29144
2551 21293
43298 70495
44083 70713
15185 35467
30876 54247
9563 30911
11508 23533
5515 40989
2070 29654
10385 40897
8560 39693
342 4532
45696 67228
3799 16558
21630 69728
23552 61871
10146 41290
41256 70769
40356 65627
11709 21690
50294 61839
35789 43911
11167 42361
30355 54877
24197 46769
29056 41974
18895 46772
12912 48948
72647 73532
21180 69036
50113 53330
24309 35295
64250 72882
2102 52530
17524 45413
37075 73207
20990 59016
27825 32246
23464 57969
5337 43776
16107 63928
57538 65486
3331 17485
18195 19142
5344 37245
8691 9491
51457 53556
34680 66219
31105 45252
63634 66440
37072 71749
23681 26966
3386 16397
18407 42465
41588 52770
38028 54016
63508 69354
36979 61423
13814 17573
1612 10921
13648 63563
44722 52895
2725 33838
44921 64653
29012 62717
18693 67274
56105 61522
26641 49248
15383 38619
4844 59404
3641 53598
10528 31185
13376 57261
71917 74516
14740 54760
5170 10629
14809 32831
191 68615
53230 69973
25471 59881
36739 42901
69264 72387
13446 55981
20130 42091
5954 10449
48112 69050
56303 68560
22837 24222
21316 74847
39981 46397
17562 70975
4045 56111
58039 67873
7258 15452
3195 57140
36941 50041
15115 33302
17795 22574
10909 69708
17481 45375
31939 60153
47114 52920
55805 58611
16262 61537
59011 60078
16340 18951
10782 47138
13523 25062
3056 17420
2076 45526
6453 8672
22206 44764
9577 57804
2814 72846
53717 61955
41421 72602
11027 68691
5234 61825
34287 63268
47005 48798
3506 67591
3872 27517
27180 57242
8946 50898
12955 51858
1219 49403
10388 72038
10547 35169
39999 44281
17334 34463
45194 59925
19543 74066
3092 17141
2836 64724
6867 46246
48805 66535
55122 60030
6195 67397
1755 25085
24100 26776
13329 38154
47485 52395
42977 59249
12110 17035
10927 28804
12697 42105
28145 68844
46026 63242
20622 23947
45456 54501
42720 63951
44799 57321
40620 43370
3278 61946
21821 59244
665 60364
55280 67026
31353 44637
15609 35241
10601 57649
31479 74371
8615 58207
12446 62893
3593 15105
5708 25044
1035 68496
40735 65199
8366 8797
40582 72760
3213 25827
53722 60857
4620 61663
27619 52537
14858 55947
9477 69523
22504 38658
55912 59934
2705 59133
30196 66102
12261 65122
10753 59414
32225 57535
12750 17597
8234 74006
6633 46156
25671 72070
2682 73628
16814 62246
15968 71436
6030 37439
1051 73603
31190 58708
32990 51396
13838 71224
55931 58917
15867 73516
30217 71952
7030 45368
46054 60963
26992 52484
22399 29020
9823 31856
33499 44474
226 13185
2944 40095
33699 64579
20429 42116
16966 31884
17013 71476
60797 74788
7369 42361
11165 16357
33954 35729
25367 56932
51211 64969
45535 63362
23930 66599
14065 34807
27534 35876
50785 65649
15549 70565
17286 25181
4925 14055
45626 51820
40206 72684
15232 53885
6158 14256
24479 29864
46385 74387
26941 71342
45992 49844
2346 21682
20992 54102
25604 35705
19996 32033
25599 29158
13180 29853
62520 73069
23794 61686
28335 33094
71296 74618
29903 38660
46296 48907
30537 49495
9427 10742
22857 37954
28212 33367
28159 63080
10105 37447
10375 44239
19752 23468
4159 10955
44953 59835
29799 43235
34895 43621
65226 67034
43460 54893
49356 54074
20789 21733
36369 55418
20279 32862
26867 36372
9262 37003
30652 71996
14174 44695
56046 59912
25953 28622
15997 39990
49756 66832
19145 64488
58313 65609
15440 61337
33220 36763
1996 65913
37328 47006
19351 56223
19532 68557
51084 62285
48747 67562
12954 21920
40599 43391
29250 53960
2636 45129
6289 19158
25776 73218
49720 67327
10510 60941
55691 64277
34958 50484
16324 71846
27622 50388
4120 25553
761 41823
17673 72081
30775 58734
52541 54316
7430 67311
1013 52880
40058 65649
3715 70421
12743 46209
54776 62494
40177 46072
18341 34601
32404 37937
18932 66041
36393 38555
4106 69652
6166 6581
22649 28350
32848 71291
7918 57342
37376 53882
48176 72302
20062 65043
24148 48594
40607 55137
40812 61483
7382 20092
48157 72574
69736 71608
9148 63558
33599 49116
38485 49540
36582 57288
35300 65487
3721 20408
18468 23782
16420 37975
34695 36933
16305 38962
57166 57883
12189 15379
16234 72443
3677 25251
47349 47920
20503 43136
28915 42620
45997 59100
6464 45840
402 36494
45701 48946
5555 36556
5027 31868
36036 70949
32111 57018
16632 36152
23595 32981
27199 61152
4540 50395
33876 38810
10641 65302
23790 38265
49468 53229
6187 49204
4515 35540
25598 63043
16746 27482
40634 73095
28891 65014
25677 49620
17321 26001
10116 52889
11259 57432
17458 49719
51311 53711
4986 5519
48683 58737
32937 52485
40682 54492
19875 20289
20818 40038
43977 70678
7419 38503
58807 70530
30888 44686
32781 57493
56805 61331
22591 36594
15433 24585
4887 5090
1924 60414
32105 43783
11896 17109
35360 51252
12141 49211
5900 11718
15807 40782
36742 56413
16517 25833
30970 74079
61403 68646
52360 65086
1736 67657
37441 42726
49947 64548
47288 52745
38975 54280
40393 48040
63164 73385
19505 19538
3067 11622
42915 69715
18675 59001
24972 38084
38778 43410
42080 50758
27710 37322
8338 42355
56015 69193
9965 48580
7813 18331
26822 43658
7980 64901
3646 59367
32241 50808
16034 70480
11425 15106
34490 61204
54767 60760
64374 72416
56322 73909
17112 32374
11918 30965
36835 53204
8328 28013
55009 63428
44498 58829
35152 59226
6724 42087
9715 44661
1421 10337
40438 42881
21768 70517
6808 57949
30233 64380
8929 10832
15997 67545
11748 12349
18776 21902
52121 55277
16236 65099
56887 69403
1603 8295
560 33027
14146 21294
42385 68538
64196 70825
15906 53428
1840 22019
30059 46585
7206 47590
13686 68906
47720 65874
7385 11713
568 9791
38450 45293
19902 57709
39840 66942
24052 57933
5852 70285
53397 65236
51902 71174
9043 45401
10009 35509
36845 70231
25639 44240
22623 37093
48118 58607
38996 45571
34422 70905
32455 71882
12116 70254
25097 39670
1675 17241
2110 57821
48438 59636
8638 18268
26294 46609
61816 72394
14060 58472
23695 35706
14851 54623
7527 20702
22571 74215
38819 53437
54795 63231
43408 53616
32151 72263
32561 62045
34771 72900
1996 64953
43837 58260
44676 67055
9845 50320
10703 24136
24479 55370
22876 59456
9829 40178
8548 18720
39454 71052
34536 43332
10485 28304
20688 55834
20618 47822
24533 38006
17863 62711
18163 21750
12289 62284
63329 66208
6988 23138
21778 32088
45833 67568
7655 23363
5075 40658
19834 53098
36609 44335
50387 55296
26000 26486
11217 20423
57835 64604
11855 30601
43 10407
49729 72835
10103 67820
58797 60862
51319 59018
50842 58653
13588 13915
9787 13739
14365 29585
2728 12149
1652 1776
7624 65871
12972 52365
22302 40975
16731 67517
45912 60895
25902 44988
48804 54763
27064 58195
33499 33675
55001 69615
2960 8030
40011 41375
33306 74651
5182 52717
24264 71020
1087 33038
3835 38666
4653 21881
17482 66871
38684 41172
42779 54500
1087 47486
31533 56796
31252 44938
26051 52716
47472 64584
276 63965
3315 18472
658 12442
18175 29195
53171 69838
50871 51425
881 63957
41224 44081
68393 70800
37791 38357
67568 68917
15363 47561
13658 62751
3615 4378
14273 65764
3660 32594
6758 35931
5280 74822
4133 52864
2748 50357
24632 31488
5352 12881
27546 50093
6683 48015
4933 36677
31530 46621
2695 51748
50213 62972
59781 61651
22047 52722
48241 73545
27193 73176
29983 61984
5807 32794
67998 69584
64209 65831
62196 71284
52789 74249
47340 62510
34883 61234
44836 46471
2181 11297
11018 14158
1093 37839
9910 39874
7772 28209
34635 70231
48799 53518
14485 45034
4074 57663
547 42781
37040 54231
58543 68085
32888 33345
69740 71748
2474 40417
1446 73192
8475 28046
67894 71471
54952 58400
14699 22591
6231 25480
10710 15673
16268 21784
40049 50021
19757 52335
41517 63703
18318 64003
8136 68620
35846 61247
21009 33988
842 2578
13730 17996
50630 52006
6425 70972
765 72690
24405 35477
1551 49433
5781 70439
16331 41350
21607 63673
14327 31061
29144 68375
4562 62574
16195 56045
12146 60750
31577 37963
15171 70000
13318 16731
10208 39515
58136 70351
6614 45378
36529 47975
28637 34305
37938 56809
9936 44321
1158 40032
41876 42184
40772 53966
25355 30643
5927 55310
57774 63093
30085 59256
44828 70904
17081 31594
5499 16257
50722 55433
3494 30102
44178 71851
7012 71869
13087 25933
12444 24431
47092 47181
17453 23157
30469 53240
29803 33197
38147 56879
8476 44229
9526 19325
54518 55457
5929 16518
11786 47045
59694 73061
14003 19295
28922 49657
14195 51596
25269 61192
733 1576
44957 70234
5446 55795
14937 20877
5438 17382
4265 51603
32228 64668
29126 33000
37814 45593
15667 71114
47285 59419
27736 39043
59036 60945
53051 56845
26174 37160
16657 66127
30471 32562
14836 18067
3770 19462
21278 41506
27906 29044
28133 48919
2629 56749
24692 27935
69865 73818
46124 72266
14848 72235
36587 56546
28281 30655
44442 48474
55516 63895
2417 69504
42865 62833
44965 45654
7644 15202
1472 14830
31749 44183
25381 52225
27253 43616
32390 55538
39399 46999
29764 39641
1366 66330
13800 30740
10311 56300
9904 37422
25158 31512
67876 68555
51077 74842
9429 26068
15136 21074
24374 60889
4246 45425
3817 9391
31708 57075
22837 57977
12612 24058
7934 14135
70266 72003
36031 68092
20016 66187
9651 51707
2719 15181
39671 53629
7229 73416
47872 69826
21411 26429
36351 36478
44463 62732
9924 27911
40735 60264
49774 60049
12108 43218
37407 73281
33144 55920
3985 12638
53624 57286
48802 60103
5294 16141
4442 22120
54447 59653
21559 59601
33359 48178
8514 65665
39856 53871
35203 64228
47998 50051
33382 57928
10135 69398
9350 63041
18753 26064
3997 35557
17549 48303
35480 50666
34794 50709
19953 74412
46228 74045
13521 17480
23857 61623
57376 64080
18387 49968
12857 31016
35791 64749
13258 16368
15676 69835
17618 53678
24608 58865
45665 50195
51580 57055
28109 39997
36384 48240
24932 52276
13500 34199
34153 50115
50339 53572
59553 60092
19758 45278
22899 73954
1688 49875
7801 26323
42462 57094
57965 61737
4009 5362
15248 70456
55156 59619
36714 72545
23828 68519
29713 29911
136 33848
31093 43391
37940 69669
54322 66448
14652 40402
246 27656
26187 61331
23741 59716
32624 47685
17328 20885
41047 67292
12622 40638
22055 29623
4739 58979
60444 69239
16574 50247
6731 59196
15410 58948
21801 31318
8102 48231
39837 55160
71 57723
10149 18377
11973 71989
56004 67887
112 16348
40258 72873
51810 62476
1103 2792
2090 71805
35453 66639
3465 22621
31534 61257
38016 74167
6629 71348
44 58769
35700 46227
41018 61445
9351 54142
48229 50829
14755 72825
10047 32003
24821 73369
4941 20909
58925 69435
70335 74576
23602 48645
57715 59527
16748 64856
12269 48854
20645 42666
5884 9534
68710 70563
17974 24630
17446 68998
6611 18044
12567 58990
35482 51627
20906 24703
34794 38762
8754 27241
17165 67321
64453 67062
28907 58071
35549 46794
35029 47434
1189 51388
41061 61199
53270 67484
42920 54221
28459 66965
17838 29519
26926 43056
38895 41208
21398 51630
30316 46813
10854 59794
17279 24296
4380 43071
41265 55288
15026 64647
4181 39305
34734 69380
48218 55499
12067 46766
1642 8382
5405 8698
1125 45861
41235 49476
16866 17086
2822 10103
24946 56136
50739 56686
11910 25942
52625 60075
15229 46514
33783 45713
56031 71071
43458 47390
46820 58536
25708 67825
22292 46945
37799 53962
520 69459
29316 50659
20989 28343
10701 32730
36280 69234
3410 56872
18671 25317
39586 48395
6216 19428
13671 30741
28645 55901
11087 42358
17807 18014
50158 70824
17638 57974
9664 50105
9320 39062
41059 45740
16613 46416
45245 46216
6275 43077
21323 47553
2002 65228
6209 21527
25701 49478
2953 67038
29775 58336
16528 41913
65562 68388
365 37008
24908 41841
9004 38395
4345 61967
14728 31591
6844 21676
40168 44794
7264 19026
23719 60157
51444 74028
39 5917
11466 52305
2346 27824
54017 69336
5069 21468
21130 41267
44918 45944
13746 48018
8383 11917
31553 58859
27053 53405
26322 38065
8239 59628
33368 68149
34618 60142
48915 62200
37294 73928
36320 61801
53453 53696
3057 20161
7359 45231
35982 74797
6105 61549
28516 64993
929 24663
68109 69612
3513 31977
62268 66907
13027 47858
23474 42050
12669 68913
44406 53043
25460 41680
8287 16709
2535 68350
27464 66116
5734 52951
73932 74460
17850 63389
7108 62466
11129 71056
26874 56957
19393 49124
14270 50929
3690 45541
26760 64038
22709 25697
32893 56435
22997 30727
10324 65022
63632 69846
30000 51257
63604 67000
26970 48086
17359 40149
22101 36669
8947 51942
31328 53099
2087 51763
28590 74410
57637 59390
532 3010
3870 10766
22197 67213
6238 72838
28626 49101
710 21493
26535 49791
17131 72345
27294 50988
38844 63071
22989 57436
22689 51798
8832 62796
53112 65129
65281 72007
17671 52863
18179 65904
2244 7581
8887 16691
69186 73592
3651 42675
12552 20913
2035 55823
40561 63924
20920 58438
37493 38944
41634 63521
6026 44735
28490 54667
57325 73726
30669 53578
36014 65975
34453 37350
4205 11379
42632 45763
13867 49453
10174 42046
26511 30695
12431 23487
31138 52731
5662 30569
44703 49290
44339 62835
19094 22137
41676 58262
29561 51310
10439 25510
16119 68265
23974 44996
11547 25538
21864 40576
43044 45624
8940 55397
14691 45043
17094 57744
71098 72619
43606 51248
4403 24072
20062 54058
22391 62458
7118 11707
60796 68878
47371 73111
10464 52413
20037 41127
34616 62523
10666 59777
16523 62851
67902 68996
17104 31625
32157 45169
44826 64709
5657 21986
48042 67333
59309 71925
30442 32535
25728 69970
48850 55374
12274 65346
10937 14754
19261 72953
5772 16307
5796 69307
13742 58119
13982 37664
35475 73100
16690 43729
22117 66173
23053 67437
20032 49098
6964 57360
37225 52397
59186 71490
24082 29161
227 46710
22014 41308
7467 70456
3191 58218
11054 47606
46256 73530
21132 35513
15385 51636
3866 53522
26376 41139
17119 55476
50865 74487
31083 43599
8427 67185
10162 70225
17583 29398
41446 66734
3587 26470
25031 52367
5743 31918
17645 63682
20367 22870
44522 45799
39977 47593
34245 55146
1016 30384
45622 74795
48169 62495
20927 37708
13844 58926
20374 34306
43081 62960
5824 29490
5700 58661
25356 73886
1659 29783
1241 29952
3953 39506
25533 34003
18508 39678
2614 4841
33961 40129
41627 55816
23604 60988
78 39790
17811 28834
16666 33389
1793 22550
6253 26313
19345 63759
47852 54737
56806 59529
5667 14191
33062 46826
13853 59357
41008 46413
47218 70441
16284 70793
2808 15086
12948 27407
57212 61999
19262 29636
9947 40308
48613 63503
10005 59602
3666 21395
17217 27774
2316 12326
1590 73821
15179 45714
1789 48094
20949 50380
35560 58456
53406 55523
25320 39121
12341 38014
15812 70898
16600 38943
14627 38813
41459 45560
10480 40313
8363 33690
7139 31822
23161 41838
3763 20382
2557 19857
16719 42904
10829 16892
12756 42247
36585 42690
44003 74511
33806 61898
16460 39902
2862 67543
4637 5966
2945 31948
5575 34789
11201 23186
7218 43555
50862 54922
50349 67262
27733 52710
65397 66603
6804 61151
42096 59245
19302 37926
54041 66864
16401 20185
30451 70778
9861 62832
6144 30178
13925 60985
51430 61623
47271 56550
15877 74068
23151 56189
59185 65964
9806 72681
54251 61894
53868 61823
45589 47969
4182 46524
49544 51893
65716 74105
24008 72408
26532 71157
1021 16953
53017 57823
34310 49130
453 11810
45880 63190
65834 74274
14693 20613
7551 40532
14868 51992
40914 47777
15244 43308
12087 20104
311 60389
46322 54099
10569 18660
22623 47558
7256 43033
40674 62086
10816 16958
6962 7137
42808 51730
5380 30271
19929 50793
45656 67143
29829 30311
12588 42579
33191 37542
6875 70076
63539 65526
2323 52764
7672 30922
980 63373
49293 53584
66531 67500
57907 64534
26044 40784
27322 42280
16881 70075
13439 21462
33869 60351
20775 28566
14272 55743
27089 28867
27482 66839
10253 28586
9238 59371
6027 24016
6512 31972
21245 38886
4474 65194
57609 64191
1852 60824
27031 48983
26735 51950
5217 70697
14792 70715
9036 31452
33752 48785
19527 56650
2811 25038
65206 65335
16602 50709
29705 62413
51601 61613
24086 72879
49354 66197
29537 65335
36206 42423
11050 43557
8736 67797
32018 57964
25474 40679
10869 44885
385 37648
7120 66224
4296 19594
7946 28186
3449 25366
36641 48851
36172 42366
15183 64260
12001 54923
11360 47220
3838 32023
10285 57632
7074 36938
24129 44657
59284 67113
61129 70226
38138 48243
1080 26083
498 49323
8756 12541
37233 51658
14333 36181
27767 34235
24462 35419
51816 69426
38252 46914
59936 61500
14876 64230
50259 70551
62434 72776
17147 55384
6121 70341
50327 66619
59213 69014
25342 34982
16603 73184
6653 15304
36710 51638
57259 66128
40870 65991
5811 56142
45085 60236
5358 14047
9739 71735
2297 29477
47930 64786
27361 60476
24152 54132
2483 73638
25975 37865
14469 56811
27123 43962
5083 62978
16676 33874
15327 26153
16014 41001
36866 39203
5130 26912
17282 22231
45633 58593
44977 65639
25334 35526
65779 65928
6555 74089
35938 58383
53808 58453
25703 36488
60373 62272
5805 65257
10726 69625
35171 47306
17112 26614
15175 70811
17275 26967
61537 62187
8067 61153
40927 40944
71463 72205
16825 54753
52458 56911
34720 56884
5995 69830
29599 66855
14225 40488
54061 61963
2449 40541
3668 18734
55679 67328
38191 58535
28796 28947
55786 70343
14575 26071
25293 31797
27141 66242
22414 44806
43947 52001
53127 57739
39557 55508
27840 65245
44967 58849
46280 67982
34221 61912
6168 48674
4 60569
42451 64335
1837 19723
36406 51842
627 23455
11337 15366
949 23656
14622 44667
13841 27791
13547 38996
18337 67758
18120 60561
34906 48315
20838 56945
28116 70475
2724 43714
42768 56621
57195 67149
18350 44267
4046 49347
2225 65682
20719 39608
4331 21205
31867 60643
49549 49952
45106 74293
31689 36947
6128 71695
2904 26100
44072 69314
10380 63779
12975 49627
5345 31386
23258 63103
30667 46392
6084 72943
19583 27950
43889 44144
4282 37079
7644 58045
23114 71095
19219 36224
12710 70596
3048 74087
3769 41910
4090 18616
48838 56257
1050 4507
934 65877
32827 38469
21773 31137
9081 36940
16868 55741
37647 40363
14991 62997
3371 46206
76 31266
23133 41853
34962 40366
2772 56962
12945 13189
15614 56230
7667 74414
50782 56629
1572 39779
23273 34197
64796 70579
15043 56524
57193 63843
14995 39375
13167 31169
31869 34872
4834 46305
7154 12531
39207 48477
7530 72045
5725 6206
30734 67540
10282 30357
245 30476
27670 44751
8852 64153
15963 65081
30826 73031
5518 22188
28748 70540
1676 21203
14342 60326
4773 69542
31004 50282
3482 22154
61752 66923
27484 70657
7783 20309
47368 58261
9961 63960
7683 47928
12609 68339
15175 46296
9969 39712
21315 55352
17402 73471
8692 61449
32830 63893
53723 66969
18179 47967
31969 49940
33302 39477
53534 59032
19516 42375
37442 61032
30833 56769
43313 60412
46303 54598
1107 74331
6381 45661
51080 66492
56581 72848
31511 54845
16638 16942
31603 47129
14532 27461
6777 73134
3275 62888
20280 23450
44879 47751
2776 8150
16099 50077
48903 72136
35099 64586
51987 71728
39156 45710
49398 50941
6703 39559
26596 49402
1408 13809
7197 31421
35402 40076
44561 51847
40466 53530
23135 26862
6852 73796
57507 61586
33776 40433
29168 50792
74482 74816
56122 70048
12537 71660
39569 52530
44173 44535
7691 72724
2966 18443
5240 73073
42139 48533
19462 26207
28363 42807
6334 8857
11832 57931
9672 58466
39328 57165
38085 42578
1387 33750
26180 71403
55298 58514
27337 38506
39266 67310
48214 60594
29464 33990
31629 58360
44220 53643
16608 50379
26405 36916
42016 68280
433 12590
39153 48220
23992 54537
25142 66323
31898 33263
10731 18403
56146 56440
9482 65824
16848 32936
29402 69030
12354 36925
32284 56140
33863 74191
39374 68225
10948 60329
27381 32034
41105 55586
26305 54301
7945 64805
30767 39266
29324 32029
26101 71064
27325 61073
13524 30485
48923 55939
28352 35401
17678 25789
66901 71435
27089 40414
24923 69706
31460 72229
33600 74496
35630 51503
50681 51438
32483 42710
28579 32468
12857 62091
25761 54675
50063 64414
27758 30215
1729 60933
2205 23732
43782 72975
13562 73861
28221 37518
11937 15856
6568 34275
31470 71268
17269 34295
11554 30671
23421 32239
12656 67180
14775 73460
22211 52725
53795 60525
14633 27038
28896 30874
2103 4854
24225 33739
25209 46608
5252 64859
15001 71742
40041 63554
36812 59049
11663 21154
61201 71186
21580 26325
49379 62356
7052 49589
33888 51036
1500 30242
10760 40591
9805 58538
56402 68640
26457 43003
44518 73844
2430 34154
43031 55187
61925 70214
19247 23030
28315 52934
23622 61231
34806 60300
22520 58702
45708 50138
65881 74267
31586 60457
11729 21133
868 63188
11465 13629
35110 40055
16882 73398
63598 72367
2714 19848
35101 41494
32214 68823
3603 18825
6063 35720
53482 69562
42357 56168
7323 36095
10317 31930
26556 73574
63672 64086
21924 36717
9342 58391
945 61174
196 59488
3194 30239
6417 31789
21588 24317
3649 57301
62332 65401
6624 22561
21076 45813
8408 71699
49278 62701
16984 39126
14179 71821
13852 62295
18842 73349
1198 48835
31093 59448
35870 55195
22094 40557
40273 40733
11035 30778
13494 17670
30572 38466
2235 9219
11475 71264
36857 54888
30749 67516
64114 72836
37114 69273
53240 74353
6697 74334
48166 70109
659 73492
4253 66937
36044 48483
23526 47067
32172 38106
50220 59550
47723 59610
1604 32545
71319 74509
39349 67457
61360 63673
40181 66819
34277 64494
3229 22869
6040 37129
10526 64931
22157 22346
5000 47471
67151 73205
1717 67743
35339 54857
20110 36313
1481 7377
28319 64919
15261 20229
1631 45717
18814 56361
541 12160
782 1861
14018 72750
17152 38471
52007 56714
41346 47976
21584 57187
26560 62417
46921 50472
3409 55447
2983 41993
61102 73329
52982 59841
53564 68045
8707 67604
20983 41591
45216 59867
56881 73938
56657 58636
8588 50464
37796 62665
9772 61038
28061 50056
9601 39114
2067 43113
17460 41783
12368 68332
21213 52320
26935 67212
40127 47310
54545 58834
15475 37141
35810 57871
8214 21940
7806 36718
9667 13429
67813 73025
15067 45062
59710 67088
15996 60728
25772 41209
5497 19375
26893 46008
7895 42117
45210 56266
28615 31949
43205 53498
10753 48541
22351 39202
36258 61045
45513 55072
40511 66958
24820 45247
43766 72036
41778 59697
36672 57445
46398 65195
17888 29028
42239 61388
6692 38026
21688 58205
12521 30727
56059 70268
20128 68374
30186 63488
50066 70042
15933 56430
17730 70431
17472 53943
35458 64467
1100 3736
11996 18837
5692 58198
23117 32450
3064 56274
58839 61902
3547 14526
14026 26358
37880 63181
27054 74172
33136 41031
7780 24255
9954 42229
13057 30913
1031 55566
60645 66821
19078 20592
6406 65615
1420 24552
6754 20603
13875 24366
9474 59320
20806 22726
39149 52806
49870 56287
7841 10866
7907 73916
3780 48999
27513 40928
23928 64510
27517 52323
59388 72068
26191 59202
45020 68596
24814 45565
14654 61761
9245 35049
1627 10948
35727 64608
11704 12482
57555 61435
9131 33468
26130 62189
31282 38663
23771 62978
24140 51684
31002 33787
23324 36958
35016 69615
32243 39113
19631 70631
59812 70755
13332 50521
26183 44655
6876 33452
2863 38932
15032 56014
43899 68921
26511 68536
15289 62021
13410 34455
24617 49271
68378 72493
2761 42761
21812 51292
52209 66528
7033 19092
3232 27141
36918 44662
6783 49057
9495 27782
34088 66034
4923 67761
25615 43880
11582 11842
1735 60880
4536 55506
66332 68359
31337 40059
49528 64646
4350 23412
36425 55007
14778 15249
22545 26130
3368 38481
59659 66312
34316 63366
29390 72209
19615 70186
26002 45272
36060 66248
5404 6291
17844 69551
4692 40342
29120 70177
24047 53200
30985 72791
2170 16139
11094 53285
40691 66992
15995 25168
14795 24236
7398 14970
14419 67179
45103 74408
41330 64918
3312 69878
10789 31329
24070 51279
60859 74530
2005 23509
5753 25822
63202 63633
12782 56054
2861 25972
52660 56392
19189 46643
15630 67628
34671 35930
56219 73690
28424 64576
23514 69927
27426 60295
39390 60225
2564 71680
16222 43459
49450 74271
26803 44607
8381 44066
28912 49325
9362 44926
57419 58801
4710 62742
19376 20101
37336 70151
4415 51099
21378 22317
11801 24286
11007 14411
6940 18139
39877 40534
27499 58672
18737 53738
27793 46082
13579 30570
52555 62138
16880 31841
35927 71443
46892 63596
37385 42686
15331 28167
43650 68516
15112 24759
59365 74348
53963 72235
20339 46504
9819 54725
31291 64978
57854 66623
52731 65311
33535 55307
29260 33651
58046 68945
47186 63939
10826 12915
14536 60089
52801 63678
24559 62380
5383 22156
4087 16453
24967 63922
12748 16199
16796 21906
38350 69491
13623 30193
35542 74488
16260 53243
17894 44780
40537 43191
35040 73454
31705 58288
20936 57393
57851 71668
13999 62073
5574 59140
4861 23445
1677 28320
17151 26491
15536 74240
37134 54008
16667 49280
1113 56275
19805 22051
10100 71504
17733 51862
2685 73333
30034 74131
48201 74435
18901 38303
465 10514
29209 51668
7419 22588
56906 68303
27357 30866
13603 63670
11381 40728
33498 34544
45521 69172
42173 55349
48732 68509
34567 48951
36069 46386
31639 65614
1929 62062
9283 42767
972 4640
7327 65470
32411 35447
52546 72731
25974 47104
19266 47002
58043 60020
44766 74201
3368 23222
26664 52649
39119 54240
15050 18418
5240 42621
16607 51371
29905 44257
46337 65918
25511 36908
34875 54641
16869 49922
26778 53608
27701 60532
43087 63310
18948 59578
763 61877
2750 42162
61324 65708
14439 39588
16127 41155
43821 47636
4035 51070
67060 73108
47499 74866
638 37720
32829 72291
32958 46378
37613 50610
31111 51575
56250 57045
11703 52687
56977 66351
11536 54889
31793 35008
25222 58457
62971 63357
129 54062
17216 35625
21930 63736
902 56049
5656 72654
67029 71328
68197 72792
44549 47402
17250 34018
16254 33221
7286 38587
1791 6866
31454 45261
53788 64169
25928 30210
59316 71778
667 31840
94 70241
3964 33343
4400 56502
67473 74548
24096 25476
4101 4142
27004 40778
33253 48977
62062 65094
9346 13569
59343 73064
23110 68419
4599 4847
26003 73274
7594 35781
35159 58498
6623 21331
14694 15572
24702 39714
37616 48371
32376 40660
1024 43762
12812 16639
1071 47248
20779 63332
40652 48403
30102 62441
7978 20263
7043 56301
15480 31453
3867 30188
68443 69327
25971 69252
53880 54661
61730 74041
8113 26708
26252 59369
35291 71697
16476 17172
57783 62866
73713 74057
42402 44602
11212 59815
31736 34440
48022 64060
34026 59868
1359 61463
30461 53059
14552 59504
33832 39717
18661 32490
51756 70350
24725 26070
32874 69424
20941 32186
61608 65807
37872 65676
24966 27389
18169 28361
51533 69556
17120 73041
54883 57431
14716 47931
70808 70902
32710 39952
61663 63003
54316 54322
4722 32850
21663 74646
26577 57096
6153 37579
56748 58950
39725 60441
31428 61474
7768 11277
1942 44042
49146 74552
8883 64560
25759 65248
31590 35911
26837 42269
2133 74254
298 47791
41454 46960
41482 52852
37834 69207
13137 23285
28916 64790
27505 31241
17292 23665
34150 40243
31909 35551
59962 71637
20871 31171
10940 63449
1006 63229
25854 70787
31583 51142
42600 53905
18465 42251
14274 15510
63499 63837
3302 12004
50674 56577
39308 70230
23917 43910
8896 20592
8043 50063
39263 48162
35270 36930
5223 28015
56132 63640
18805 51869
37405 51901
45383 57037
67962 68308
48275 62525
10872 23147
26238 47420
9285 38730
13620 20804
18554 19663
5636 12040
9913 49904
4931 38018
15613 38189
7137 13797
53086 54386
12813 24914
14088 23915
38063 49442
69856 73655
10332 38003
2590 54345
3727 50005
22399 73526
54258 73805
7857 30649
53308 53412
26590 45634
34036 60909
39646 71133
56307 74421
8259 53175
22007 25342
50884 52293
43801 56090
2765 71632
52516 54425
23912 62347
8126 38619
17875 73556
51743 52900
3199 69199
29993 37195
14834 30320
11883 47045
40591 72362
48216 53224
25549 61209
37892 60799
38845 50044
4876 73030
9123 38094
8964 52342
64955 71332
43504 55781
41827 44073
20072 61806
17376 41554
15940 58939
14414 35793
14186 73275
60327 70927
48359 61703
50112 52619
12338 54208
8272 45932
8117 53527
13636 44153
62998 69168
38566 55867
2984 47253
53346 70743
14266 36173
17445 36798
15722 39801
39394 45453
40194 70818
18140 69881
49270 59957
2554 13646
3087 24671
45595 55492
34 53423
20598 68360
8213 52603
5606 31766
27547 64240
54227 61691
812 26926
12204 53748
16615 20498
519 14357
6561 12258
4462 57134
43671 54893
6981 26612
31773 38384
7399 42119
15125 24528
37259 51103
33964 61450
31921 38767
11138 30245
31425 42649
26398 59214
1745 25397
1959 39764
18088 31730
43296 47360
23097 72064
33751 42784
3575 28822
23976 63002
7434 44525
27616 66543
48801 62880
35539 49494
30781 69619
2443 72297
45081 52660
39317 65640
179 41240
1046 36394
39987 62590
13932 19783
11100 22505
760 18033
15524 17899
12712 35425
37119 43698
4493 52814
30976 61187
51291 55885
998 66075
3474 12477
19247 57372
11583 29175
9247 38694
62965 70242
19863 29860
28392 57102
33883 60066
19243 71526
56471 58378
5053 26037
31281 60161
17578 19220
34484 63511
5721 15974
26467 64009
13245 69385
3814 38873
44658 67487
10657 41405
41903 43908
424 37671
11316 46745
4782 69545
1349 4582
26386 40461
16551 20820
32291 69646
47189 48296
5261 70963
51989 52957
48217 51837
30659 60657
48920 68107
25047 32721
2900 17581
61813 69294
13493 26647
4898 27962
8821 15741
21875 48758
35982 56249
10446 49559
17 49153
68177 72743
26280 55478
42432 71450
6557 70297
20770 40429
640 53490
17975 71143
23095 46234
59205 73746
20515 39627
2348 57848
49839 65780
2882 50976
18124 29533
17088 29942
33947 46071
32965 63024
10254 38956
42625 46629
6604 32599
1535 3729
48068 50021
20722 52723
39336 74686
67742 73210
14343 54494
5192 24120
46115 49959
329 4343
9494 67459
32914 67029
45186 73163
1274 31453
11562 64510
2234 65201
36392 63516
5973 48825
48331 62445
1230 25895
19178 64717
56769 57641
46757 68955
4760 9662
41883 72332
12940 55410
61700 67770
29635 61238
48435 60502
20187 67235
24161 45504
17530 69589
59304 68820
48268 53576
10123 73677
11183 50382
15323 71908
10024 34047
35483 66868
8008 15285
21752 52689
40875 58073
748 49289
5286 53418
12247 45704
3923 61848
16391 40805
5257 35885
46734 61429
19277 29109
1514 14690
44972 69495
2111 3355
4236 30704
64612 68499
20864 22541
2597 28370
60038 69874
26228 31122
32978 60503
22512 29329
17881 51026
54666 61269
15586 36008
2107 34439
29894 50014
7528 18308
53936 64314
13174 35941
6576 53671
28613 39689
23131 57142
19852 45289
29750 32193
7353 10023
26068 52469
20480 43381
23145 50894
1311 56926
54958 65957
21905 69270
2153 40281
49668 73988
350 12089
7192 26208
16481 64956
25970 65745
4385 16276
43953 50173
860 51206
36495 72761
65083 74165
65002 73524
8692 34833
37050 50286
17967 60186
38981 39573
4849 68300
7322 74201
50005 55620
34604 37532
22897 43388
49334 56641
22213 50945
8086 62683
317 38356
27031 43724
26900 35770
3888 22035
11 2718
5979 50950
51970 56525
45759 71511
10358 43748
24659 37630
7216 16057
49195 59091
5000 39621
18149 43142
49205 68988
37366 51236
66443 71869
48523 61904
46048 48559
1352 28653
57213 61694
45663 47747
66427 67226
29699 70222
13578 67157
3380 23082
45225 46515
14120 22891
21979 47195
4976 56193
19672 60252
1229 26659
43132 73305
31113 32904
1964 49224
11706 69049
58580 63959
46687 52875
60989 63981
18795 34011
14027 59035
33012 37178
3549 35768
2128 36436
26385 44887
15461 47643
51782 63961
10952 48775
22372 32843
36694 64389
73288 74393
9248 49134
31712 35570
9312 24977
22374 69370
1774 64935
32722 53570
19049 36719
30179 53892
63536 67066
8737 17835
25701 36094
17992 70162
14877 66570
26972 46310
44234 44449
44037 72535
21606 47570
5056 9301
14300 20044
17333 39684
50811 65533
12384 26126
39993 65361
33646 65712
2525 74627
23285 56520
12585 48743
34479 46938
19973 45505
4502 58853
30256 64377
24065 49433
83 6766
5911 42925
26898 55838
3518 61385
2782 43117
11689 27312
18796 51355
7498 15073
11403 68617
31347 37598
48613 50083
15758 67772
1000 23546
24954 62633
719 51655
10735 61163
18447 36822
29928 39677
18293 24537
68826 74208
25146 25157
26989 74810
21392 29146
10560 22907
7451 71468
47594 67701
1283 12813
14013 69386
3268 56043
22350 30861
25531 70249
7470 31722
48305 60757
16862 25271
25263 62084
38062 64816
1492 37153
44880 62622
16415 18843
67731 71910
26531 38897
26821 51875
1264 69685
4843 63286
37539 70838
2788 57579
60724 68654
1730 44934
37102 39733
35720 68889
229 11214
26986 39882
54209 64863
44728 73565
28204 44157
12440 55774
43474 64486
918 6916
21761 74817
35048 71306
6890 55975
57367 60205
8377 8439
5229 35536
18751 69548
7583 72239
29852 34579
26377 30035
22312 36761
10134 17164
23899 64444
38784 41285
23051 38876
25755 65870
17522 21860
47163 54126
29959 38500
30794 55628
40139 72410
38382 60289
17836 29850
46044 67891
15690 25824
45828 51001
2202 46833
60285 70505
32171 48690
16092 19299
50845 72445
17692 70903
58443 68149
28812 35027
61809 69007
37030 55074
40322 54902
37722 52857
56493 56810
18533 49389
29951 41919
12418 63641
36079 72990
10562 16497
63394 69259
52051 52322
5231 21763
61370 70674
8879 20145
11674 71382
6832 52504
22309 23384
8862 44060
14765 32331
19927 37462
473 27794
65216 69059
18128 23788
38679 43748
54126 72931
22248 58233
59075 59414
1242 3620
52949 72786
9697 69788
2958 70464
6756 47704
3233 4805
16290 65601
68911 74228
35116 55953
67144 74288
1499 38302
45876 72711
33079 53424
7721 23678
20336 33196
16597 55606
5482 60287
25440 47595
33479 39179
13412 19983
2471 23794
34801 56773
11760 53725
48117 67517
18638 73357
16940 35086
31998 66921
32601 57481
22206 45366
24562 37419
5349 28405
29422 59530
24660 40946
19569 53401
53762 54337
15934 55040
62276 73351
3027 63850
3690 36608
59294 60811
32541 60985
26485 61820
40351 70953
2776 45340
68789 72961
33291 41673
14516 39998
41640 50404
20633 47222
47191 74731
5476 62299
14418 16751
8996 35809
10844 21060
6055 54781
21318 41062
6652 45024
36200 54539
16122 22939
9624 62212
10417 37254
51042 53932
5106 22544
23893 24045
12728 71089
26944 61777
12845 73377
42369 49404
26284 48938
49566 51680
7663 12239
1724 65930
36524 65663
61778 70639
10926 70090
13904 70003
435 58778
5562 73403
1055 51312
36661 36786
58873 70893
15726 20866
20349 64957
37089 55045
38702 50031
2977 22360
15081 24159
11939 40090
16418 45067
6522 19432
58719 68920
3273 69101
12511 64446
68700 73758
56218 64710
26692 32356
50290 51556
12476 69635
637 50996
17726 41966
65847 70596
4215 22423
9412 29821
47223 49346
38614 54283
15413 29612
30886 49139
59645 66040
5902 57391
26192 50205
37093 55592
23955 62271
9431 34844
41990 69212
45037 73831
26564 37605
40072 55262
22047 68576
56465 66689
19060 57452
46581 63522
11615 47027
46483 56027
39610 46071
39306 48572
57590 59722
18474 34704
22299 41566
7366 64746
26168 61122
54949 59901
35626 37299
236 26823
58373 68181
28427 56567
23445 46444
17732 34133
31668 41635
13654 59785
214 9608
23973 34891
26529 68238
17748 56470
45556 46284
3851 53058
44628 49025
15978 62515
7056 42902
37656 44893
15777 31407
10022 15195
45747 54780
53066 56853
42601 46353
6279 56319
21406 38542
46213 67405
21645 27248
42769 60013
27644 74649
42847 53427
39964 60644
14182 56226
34355 45482
3635 48524
9828 18254
15374 19971
22154 68529
10892 13932
54502 63175
16461 52818
5304 30282
35181 68593
3062 39373
11768 23288
9150 24342
44808 45294
5006 12778
36058 42959
41337 54064
4804 13047
36484 66602
3857 9738
39701 69360
7913 16116
60240 71972
24678 54774
1641 27330
13037 54034
49163 63230
5208 8204
56120 64275
36838 43036
37375 46490
47219 70034
19131 25204
22056 41937
5603 44974
68234 71584
24075 31340
8804 52604
14861 36740
55338 61899
22226 73725
1786 69897
46219 65087
22018 33371
20213 66878
26555 55308
12888 71541
8638 25738
20555 24504
43625 52802
14193 49485
23 71825
63700 66520
19523 30529
15083 17105
14982 58685
24492 30309
39676 41449
36305 44055
16889 42141
24298 52514
34530 45092
11905 52257
33124 36665
22167 70935
9508 26300
17036 69222
23818 28539
53890 54559
24851 30999
3159 48838
24154 51025
48502 58312
17628 58693
17755 58188
3139 51436
17184 66209
28515 69384
42653 69042
42988 58777
11651 25997
7100 33647
16614 35855
32504 49516
11446 17462
11870 15546
9523 14349
7618 29263
29844 61411
7966 60733
51518 72452
44640 61807
16421 35505
22850 40319
4907 60209
26925 33245
15557 53061
48635 52251
19467 44868
16202 43293
55637 74033
19439 57953
41881 66990
25567 69688
30044 74439
25110 30878
3572 13707
3916 21297
4163 35909
4181 26057
35685 41671
4146 70857
38957 68657
19602 57250
7695 16976
26397 71954
26147 33227
14361 38150
44618 65150
15647 40464
49988 66853
36928 64960
7274 32006
8978 55785
36611 50807
51069 51198
15065 67023
18704 22166
40642 63713
48232 63106
2725 20574
5292 47722
19281 35907
1201 18731
9759 18808
13866 21250
36084 53096
30344 41438
18436 56618
40517 74572
14569 53812
58872 68199
11747 63558
18904 46465
67685 71946
17206 38557
37538 45963
1759 26120
49103 63647
13481 38795
14305 59607
45039 68845
10950 31889
35321 39038
37866 66074
17449 19907
16276 27401
7634 52327
8133 61211
11403 22706
1582 65735
52969 60730
20934 28112
7887 24698
7530 31694
39497 40409
53036 72307
20230 71177
3242 28442
39788 58504
41773 50203
8772 15207
3035 18975
16842 58760
5460 36485
22057 25329
29573 51085
41734 45346
36328 71794
57178 63733
61872 71033
39423 53864
15859 57969
29925 50832
43882 65639
30809 40688
20589 31271
15773 66593
3447 11025
1068 52680
45994 70859
12980 37347
25409 55759
47147 47622
16207 32978
1630 24777
15247 19099
8390 10534
27299 67881
25871 45053
15905 37358
48082 71592
66105 72624
21850 54339
17775 18115
15424 60993
2089 47476
58471 71547
29343 31314
37717 71673
32642 49495
22630 32085
47311 53757
33000 65946
8338 51624
33831 37829
23590 33153
19355 21138
28738 42383
24007 63381
2518 12491
15252 49838
6074 70137
15055 58983
11802 18421
20689 69277
22808 36923
8664 52718
22343 63352
34629 61469
16582 72904
17332 23997
23944 59680
43158 47236
17508 48123
1236 32320
6813 33367
5351 64454
26584 66590
8650 10411
47841 70708
3942 52338
18007 46763
14840 28382
14282 61055
1027 70942
56978 72028
1835 53810
41519 64839
24903 43864
4886 32392
26453 66537
8763 39618
60128 64335
28318 34312
11914 70424
58680 74343
3290 65784
7784 26244
13210 64234
26649 56737
39334 49408
32622 70030
10681 14080
51699 68314
19005 32680
59907 61340
10220 69826
23863 55590
22220 73784
42861 46238
10761 63551
46645 47120
11871 69437
3968 58472
23146 28120
44185 49464
34012 67826
45837 66523
19537 53476
11371 74231
8195 35737
22894 40210
36734 61868
63380 71940
39199 39318
7010 73288
5684 70659
9594 10712
38090 45121
46491 69254
41540 48409
41824 58374
8056 71483
9305 72357
28054 52744
22864 65526
9415 22905
53392 70136
57826 68579
26931 46205
25205 67401
19620 32805
34671 62750
11485 26283
24413 70284
11512 31174
36544 66268
2402 51791
32370 35160
15218 16717
2250 54872
10746 63727
32916 40235
11837 67522
27691 39517
13592 66255
22554 29815
3483 22639
28877 41995
14234 24227
17942 45481
50821 66078
10768 25020
9537 66245
27286 67356
19046 47690
25203 27243
36654 51137
41555 69112
34008 48490
53386 63169
42765 55910
5854 63589
35041 67835
22653 65097
24310 73600
13356 14048
41577 59478
4664 45291
33812 49475
71767 73131
71602 74319
10916 24965
10268 53950
69636 71153
35502 43902
340 23195
27735 56702
16857 64128
23236 36622
10695 56148
13275 63220
3696 57996
12861 31492
19838 46789
36528 53538
4773 67194
31776 51354
63517 68144
23284 46699
23168 42124
5956 72474
29570 39288
30427 52771
34747 47884
13397 61450
2728 53783
30826 60923
37660 49788
30752 69401
13881 24768
29152 56421
10258 33403
45946 52934
6054 60343
11093 74532
20811 47112
21592 44311
13801 55538
55532 57575
31698 34147
25914 53682
2182 39291
5576 32503
34212 64673
30602 31810
15241 58392
6664 13806
5408 66585
10829 73462
37478 40021
37823 70765
1734 45468
31231 56531
42200 65559
62563 69232
52406 55082
24372 64115
19573 60921
54143 66701
32280 60979
46217 55305
59397 63881
4082 47300
1316 43265
43731 65616
48841 54630
39021 64159
814 7279
14560 15199
42749 51301
60546 66632
17317 37585
8370 19819
66167 66657
29449 63170
10792 48622
7326 36378
20129 54203
24230 69124
33868 60617
35782 43288
45894 73184
6415 53342
26290 36431
26469 37571
31952 74801
24349 50427
30437 46530
17006 65489
11204 25514
19463 59426
52832 62365
7629 69385
13080 38108
462 587
1818 6427
7902 31387
34320 68183
32584 37731
37190 51818
17183 19869
14770 18673
59985 69762
19955 45891
21148 60594
22718 66089
3257 54214
45585 71586
58882 68065
35659 55281
34481 73434
3296 41310
45079 52993
35680 54867
21849 24741
18256 29733
26356 33305
26332 62871
14586 20071
59179 69898
16547 23560
184 22480
38254 43046
5516 37509
18060 40428
19892 34736
35070 35307
28491 62170
42866 55681
2697 49267
47013 71685
65990 70111
36426 48572
13013 67933
60871 68775
25198 34692
9275 20416
5960 64442
48409 58317
25026 29516
45397 52637
30033 44180
14365 15080
39273 57110
16847 49725
32045 38867
33133 45238
7571 16084
2468 53874
27936 60560
20654 34101
45167 59875
19832 22193
53273 67004
39375 73580
27140 39642
26475 45087
26928 42337
31523 31553
29847 30892
35266 39395
28516 56258
4208 10199
32212 67032
6367 62485
51276 59829
2116 24399
30788 36886
15225 65453
4873 14107
31787 35952
23105 23174
21857 32300
43604 71580
51000 57932
38738 50659
38818 52053
11877 23778
30635 48462
4059 20696
17839 37957
2584 48779
4957 26218
30277 63655
2447 62600
48000 54285
843 59418
32826 68960
13726 36006
10751 67870
10376 15951
62305 65210
30561 53349
8673 49156
27606 50617
29578 31678
15699 70958
11361 64489
43287 61256
7095 43737
42857 46921
17048 35262
20289 27011
23923 30179
55620 71661
43477 57181
6278 46046
50541 62994
12683 47701
54620 60881
53133 60142
8062 50741
5010 46500
26864 73552
4523 36842
25382 51378
6720 42182
51578 56487
41232 45038
12091 42872
12689 31167
34427 55702
29185 31103
12603 74044
9272 49308
54971 65477
15663 19979
4011 48780
19392 52533
791 22732
24326 68311
61053 73761
10221 10523
18246 22357
69035 72639
31339 46899
29658 73235
21671 23473
32668 58835
15164 38544
57129 67245
18467 31181
41099 67817
12210 42431
48900 74772
22672 58753
40272 71698
5301 8984
46933 47995
20539 72965
18236 40907
52372 59326
14390 72817
21122 25266
40096 67408
49400 58355
25525 61671
11600 50935
15812 72176
20755 62176
2534 72044
10534 42988
34903 62776
46334 61979
2187 35952
23032 74033
30610 37749
43622 59660
47224 68996
61466 64650
20469 55011
25458 65782
19879 50362
11395 37192
46920 59399
1184 29822
50413 53731
6721 8767
37941 66696
7392 12446
6058 74574
21815 62738
4648 69633
27191 40928
2425 4311
47565 48791
30536 42396
5452 67681
41569 66853
17831 18492
3338 8323
22369 53452
31262 45869
12193 67441
50440 68017
15656 74148
30156 53310
39295 43158
5689 34186
11974 53070
40699 65055
2482 11789
8215 27224
21470 26385
10775 26661
52113 60609
24488 33031
30069 65269
42841 47640
28634 63219
14386 54062
8217 45524
30380 53952
22648 42472
14032 67948
6138 32307
9080 60467
6797 17989
7437 69774
8947 57446
2160 6676
56783 60238
45627 63882
48944 51866
29353 47187
18270 34215
38044 40116
20859 22985
16096 21826
5928 59170
4889 30079
46677 73419
56598 65359
221 42194
16301 41801
210 20278
40011 57496
19331 68629
178 67676
1922 43011
54061 66980
20948 70079
23414 66923
24171 69063
53311 61308
17601 65134
50117 65528
51884 66937
41749 50341
61381 70452
9654 74562
15055 50673
14708 37032
45371 60030
61729 73473
1560 74085
6000 27000
18596 46322
16902 74605
53753 63977
62095 74394
35714 39810
29096 50859
16282 25687
24454 25828
19831 53511
7270 40854
45427 50662
29148 38941
44000 50593
16936 35694
36506 40336
31021 31765
39917 41982
20019 64601
22062 38767
3559 51222
48297 56724
24660 34422
18657 39481
1102 68333
61740 68650
48408 60426
904 38549
32654 67317
38445 43579
55123 60258
18127 43759
65997 68305
26240 66690
39386 42764
15258 31518
12483 70110
13260 60992
489 27742
24371 32732
15718 21886
48758 49801
48329 51468
23624 41905
21485 23085
20709 66748
5117 19170
41505 46183
30734 62741
28249 46756
43200 51048
20878 67750
6087 25675
1418 21095
17852 57733
30280 69845
1674 51174
54846 62577
72250 73527
27772 54769
57555 69419
49194 69458
28954 38458
5164 15816
4177 6907
68352 68548
27685 31819
13047 29218
35132 44690
14232 24523
30418 70787
5907 13354
11981 12628
6612 31107
10437 68957
2846 63223
19475 58098
32357 69575
27972 73773
34040 67556
16080 43644
2706 25326
34425 63845
52704 67319
12046 35600
50303 52826
27284 56055
24510 72028
68905 72125
13886 35783
16283 55909
40595 52258
12314 13785
4273 44052
51525 54746
59391 60366
20895 62143
14242 48760
63933 66670
40963 60061
6745 50004
39225 42607
42771 63872
26750 67894
52756 73399
4977 22030
31847 74498
3362 35312
38571 38961
23993 29024
24947 43647
4432 35750
10293 48293
13386 24868
50771 66563
54900 58686
17114 31283
9957 36649
65669 69469
3582 9720
2640 10765
39922 51888
13279 66681
26107 54139
22268 34336
24452 62340
35032 39862
42692 70295
40640 66729
13154 61201
41287 71855
8395 54265
8255 41362
64118 73900
39525 46891
15895 71736
42003 48644
37324 47620
14589 39538
28088 72450
27249 47589
55429 65705
59299 64295
24162 49218
14920 60320
56376 58272
10740 26535
42022 53808
1257 49728
43673 67678
10759 48354
39894 45036
9128 39675
12648 47863
31129 69027
15405 71379
4028 56588
507 50825
14217 62772
2513 24057
24371 31599
37463 45030
4781 21270
57366 72056
35386 56707
46546 60211
6383 65563
24125 68006
36872 46666
24531 56772
33719 46746
25243 42770
27909 49223
22177 42515
57413 74826
28106 68806
5721 67173
62835 67557
15582 50552
19839 31447
9165 36608
22929 51140
28810 48075
19288 71600
21917 52728
27664 56882
39088 73919
4300 18201
8957 60433
31900 64570
17267 27466
34483 68291
15061 57506
43142 51981
18103 26347
3236 33608
21980 61597
46671 65953
640 69624
19931 47004
29114 49590
22592 46669
24 72697
8863 44417
19726 45587
45563 71290
18816 24717
15873 70362
62196 66955
21795 22911
58250 60423
71984 74594
28895 63620
62047 66562
56798 59247
51921 68961
8653 57169
45090 45486
15487 57862
17263 18154
35983 53549
47659 49530
7259 33363
28886 74850
15144 35493
23401 36735
28086 31677
29476 39205
26114 37240
33974 52958
15999 46800
7693 42750
25155 71705
61262 72255
9570 71452
4512 12432
16069 24547
38784 40334
5882 73710
28413 33864
49622 72781
37593 57702
43338 43835
7860 30130
24006 71404
24283 53685
37744 39427
58237 67777
30800 67215
6732 7743
14114 62777
904 33255
16823 23427
5974 9822
28387 74064
26037 56247
10901 36282
10340 12913
60226 69951
36300 43939
13291 18404
11114 68174
8378 17736
18299 48538
69104 71805
23632 46688
6906 54351
40723 47180
37820 67871
8878 44363
26467 55283
2624 29422
20788 31636
53587 68227
28125 52792
23776 40980
42497 73229
31756 64237
13124 65694
25694 57252
25167 52750
34391 39226
4216 48200
39270 63892
43779 67899
11750 40869
19676 26487
16229 41493
25357 37407
1402 62440
8208 33609
2123 66638
30088 35533
57900 72807
3325 8998
62277 62637
11763 34574
46088 65265
33653 53351
42077 48407
15645 52797
13974 28440
566 14259
1742 54245
24508 73594
58859 62279
56761 58013
5180 32185
27995 32220
67371 73159
48886 53876
4721 57599
6878 12198
57060 70304
29383 70697
10819 50577
9790 57261
37674 47498
20123 72815
3725 49164
17890 38454
7278 30286
17170 19138
28347 54839
29362 53199
36817 45318
15956 70952
23507 70910
3537 9508
35730 47592
49295 68827
20745 34253
23872 47214
45736 72291
18043 70207
14518 41467
24743 33698
37990 65326
36673 42106
9442 42357
64377 72562
6282 42466
18991 31406
2563 26678
38367 73172
12510 23269
27826 47864
3922 10702
38326 61911
29155 68915
3518 51991
58033 60159
30240 39026
11061 47381
61952 68526
67487 72725
38372 62086
155 70621
8804 25969
38072 47800
4765 58583
51150 52121
15508 32094
4191 36388
11139 59533
14539 63214
31223 65964
35257 44675
52648 66451
7054 45594
17219 52558
45157 61611
43048 52098
39269 54195
39487 52874
8931 33648
18565 48614
19148 25577
888 49946
3958 40991
18600 52270
49410 64869
13287 44643
3504 67919
786 14480
2296 58512
2120 56255
1591 43503
56059 56558
1585 17595
59255 69181
36219 45912
26533 64133
62542 70623
52962 59178
9501 43897
3393 20746
37315 44524
16639 60041
13889 38350
47326 49390
1971 55716
38314 39713
53649 71920
39915 61776
53692 66431
3749 51830
17717 35678
8246 28981
23089 49854
19037 66051
28161 64310
37329 70647
41777 53081
15523 30080
4276 70283
11002 45262
22012 52928
16801 71689
10747 42113
10917 14918
27760 37945
26023 74256
36415 37922
34015 55528
9574 55199
39098 68464
12603 34690
24950 32065
2775 40224
69293 72219
17918 47538
34862 49790
56658 72892
20329 65374
2477 33112
39197 40929
6966 68417
3969 38175
11642 35816
21419 68757
15892 22131
32887 67036
9275 48031
54375 59384
63028 66266
31103 50655
9596 46510
2239 39621
50866 56358
54662 61357
23713 44966
21240 40220
18699 37585
37521 62404
57557 62536
4914 7205
17303 51634
34044 47733
15810 64415
14557 46361
17960 37580
34277 60147
7471 13382
50224 72187
61900 71543
10413 51558
16722 32346
25999 55133
35183 58451
8962 45111
29086 65273
16956 18925
63510 65662
47010 71810
39293 46060
37473 73771
36251 69019
12973 38223
5459 57693
19338 74251
6221 27917
50795 68427
21392 21765
50783 66660
12387 20260
37627 51995
19729 36729
28757 31305
35764 50974
34675 55658
49666 56346
12152 64214
32480 48398
50588 52495
30374 71873
16522 23210
13822 19369
49 41697
14954 28689
12018 27894
2690 66744
33922 59109
19125 58901
3890 62736
29930 37237
40926 71136
24078 64186
14885 18329
571 28592
15907 17463
46593 70739
45279 56695
20107 38982
42682 51530
34442 67135
6156 52557
6107 21169
45985 49191
37914 65830
15051 21942
3500 45722
27861 67274
1713 66662
35394 59859
11893 27379
29015 46171
26723 30864
2342 61582
14693 63767
67849 68139
18267 61570
53918 66715
39927 70665
53560 65044
27309 44951
44600 69188
13959 64498
43140 45438
19684 60350
29879 57059
35637 66243
22935 25024
27480 34738
42233 47172
22707 68238
27853 66019
5126 12747
12765 44841
16181 72114
1359 56678
1376 74073
52820 53166
22074 61752
58 10255
48016 63740
16752 53582
20945 59768
21678 51136
4543 16381
20816 56528
17725 37917
29501 61813
23668 57741
7855 59033
19244 40337
22485 29129
52554 61415
22559 35954
19640 32121
18515 66128
4302 44058
1266 46928
31881 40226
7930 16392
28412 33247
30609 67303
49053 72377
21592 47574
41721 46141
24315 51924
47632 74254
26676 61967
1129 20821
64270 65501
7010 16392
43951 62642
3512 41859
186 7908
8274 34121
66546 73506
60710 65525
45274 45390
18095 25845
31778 69737
28855 61817
33602 65950
10832 42333
1838 69695
1999 53396
16334 37436
7687 63270
55194 63083
32593 43744
27655 40755
54614 65952
38616 74848
9970 15349
12058 48668
4617 24616
22684 44433
38794 55530
15781 56610
5526 69334
15875 25334
40830 49212
67807 74511
38756 60361
35660 39357
55020 59900
62223 70022
7356 19132
59862 74178
13692 68146
24551 29498
73097 73875
4538 36051
17276 45806
14392 28607
17871 25249
51860 61714
3063 17292
8139 13357
34752 40238
13615 19576
50691 57068
31108 62917
38637 67139
6266 63940
27216 39349
56858 70770
46777 63515
7337 31143
13243 45482
8582 66647
29235 55042
42573 52453
29227 65792
57170 72280
27244 49709
57596 62800
12623 19287
11589 38682
29200 74776
22635 28756
23657 25153
24998 35004
22960 47518
10252 31086
3098 6046
42666 51437
24338 67693
22887 34061
69755 71718
36784 42816
11510 57659
8243 63968
12078 21208
4656 22280
50921 70749
40996 58211
9209 9867
12754 17398
3854 17525
46715 56556
7517 11149
22395 42320
5827 29013
33442 46369
8546 12718
48302 64247
21003 39348
59124 61529
1509 33053
39365 69208
9433 55657
25132 32937
7259 19373
19455 74773
29765 41014
16673 37913
17077 48798
28727 30918
41002 60304
7936 25528
168 33742
70271 71165
37094 59688
30184 49941
30660 69548
27196 48696
65264 68550
25500 27963
38772 44527
43922 46633
15998 17756
21734 72765
5691 10259
50458 66691
34069 49587
5651 49639
19331 63265
15769 66967
26411 26680
38912 45283
10386 71446
45193 52315
32829 73213
52335 74432
13917 71329
31112 60780
35309 46575
16073 34780
9422 37320
36665 62744
6989 20030
11582 36244
21650 46667
3599 32289
55818 61468
14175 35346
66100 71065
5925 32568
15154 31154
54353 55401
12902 46633
12470 49982
29807 45345
11926 34691
6221 35060
15314 42011
24501 41644
19397 48088
31139 63990
24585 31024
2740 26389
37210 68734
63944 65553
37686 58959
19557 66807
54246 74495
486 60041
18229 49271
2215 57404
15411 60283
19134 23276
21865 45543
35798 47262
31902 45523
35155 72776
41173 42030
17475 45024
5138 19804
29264 33260
14776 71538
4772 22840
10756 55376
12675 15948
27583 46438
52752 54938
54905 71296
41648 54502
35760 70293
292 5006
44565 66007
3136 23878
14198 22424
22375 63479
47458 64677
14247 28053
15634 18091
21669 28719
15823 31557
40436 65697
12514 35586
60259 68478
1689 36007
47145 49962
40851 64323
30756 60113
52568 73286
15788 34678
41102 54600
5289 7977
35751 41518
5788 24670
54802 63732
4949 62840
12177 34820
11862 55010
36313 42645
34186 69349
18774 34170
15005 37552
19816 49942
38038 60609
26837 42928
14720 36125
29414 51329
27410 36089
23328 59633
9840 25075
31885 46690
31004 55022
21996 28553
24524 66702
7339 29650
35519 47896
23272 63406
68103 72554
10925 36951
34796 44588
66171 72232
47779 65882
9266 9696
2546 30532
36836 43673
5274 71776
44741 51077
28146 28818
9126 65618
18057 64035
24209 27645
59222 67458
57922 70468
21189 60615
7480 47777
1704 33948
9344 69051
32492 68250
2487 69187
52014 60278
51012 61814
1536 20337
3514 9470
57476 68963
29856 38261
19528 70936
18865 50338
18527 31021
917 50854
19270 55822
11006 28668
19382 33596
2858 14051
50656 50766
13049 25196
7169 20241
46143 57946
14474 26093
3026 15947
44772 52284
52576 74168
12217 72651
28937 62628
6866 36999
9374 28389
3420 26882
31608 41481
6061 37254
61031 70880
30686 51899
40273 71393
25958 68054
31370 65297
51415 72390
38661 39975
30414 53993
47475 49045
1686 11887
24076 31264
22147 39163
44529 62304
6460 68403
17791 54289
22831 43210
18951 72521
39523 57156
3317 32133
7926 63857
52430 59574
20738 47883
38 42284
13511 58292
9294 27678
9761 13039
21035 69806
50020 57906
39214 62204
18858 40672
7038 32440
21423 39665
3683 43643
36624 42774
11722 39209
61924 62671
36312 39759
54360 58802
6823 61632
5189 28513
24179 42972
41809 62019
55992 70496
43086 68054
22357 70339
51147 56740
59902 66569
14851 73944
1150 42957
50969 59508
25479 36453
6458 51098
43233 47990
11376 26483
21218 66535
30418 39301
6196 67541
34286 47261
22417 67545
28101 69803
28489 67037
40269 73236
26958 54103
13587 16591
14021 34259
11445 20768
21497 42020
27418 28801
8081 39343
53593 55227
1149 22603
6524 24327
14082 73091
25659 72592
16910 30430
39703 72713
18636 39795
6789 54820
7230 16005
2907 59476
14256 44873
15725 23783
33816 74003
1078 58917
40919 55686
34583 55136
29309 63778
31980 60220
3891 18307
6403 51132
7525 48539
17578 43578
3146 26988
14722 37413
15165 38835
59316 60640
28788 50763
19043 28153
45155 74485
44344 48815
52575 73917
23176 48048
25651 55855
8591 68569
36636 61860
40102 47897
33531 37291
10394 72890
6517 54825
841 12739
19661 46649
1101 47150
5262 48373
19806 32215
2529 9187
7922 59356
33410 34625
56850 58566
23145 51881
42644 70918
14505 60138
19728 20360
7698 51853
59735 62778
8008 37421
13639 31165
23553 68584
23684 31882
25081 36749
25724 38964
33120 46867
41821 68840
43691 47835
1250 59502
42719 44355
3103 72282
45765 51369
2646 26131
40724 64723
60230 62688
33039 73162
38033 49732
15548 46813
44978 74763
13735 15802
5149 12310
1780 69054
3988 62481
49300 54294
23640 28283
11613 58571
11163 50316
20801 46882
7182 41313
63252 67433
36459 65815
44689 70885
57021 65464
32056 33938
14890 18318
9932 72424
21743 44296
3669 31637
66389 66839
3874 74867
2463 2912
61633 70348
34146 57480
51382 59921
57268 70673
9687 55008
15858 74296
13772 54603
1413 45522
44398 58857
35510 54342
10483 66422
20825 42527
13404 15602
15495 57433
13121 13426
16403 39279
19973 38288
45212 60436
3393 9716
45579 57607
44058 56617
13036 43246
35514 71092
15532 51257
53011 70993
46238 64135
66089 69204
2628 26960
5203 70321
22093 41942
25505 44358
29466 33009
47176 72096
27853 72965
8861 11980
741 70491
37762 71008
10370 38692
27676 29382
15693 62007
2951 5830
28634 47138
44308 54054
1080 72789
25910 27404
25362 35243
14037 24506
8304 34693
65005 67546
46012 68071
31443 57127
56017 60409
1536 32841
41543 52548
25848 33315
67942 71118
16989 37586
10842 16719
16218 55811
39861 51177
2707 28858
21473 65609
8140 42928
25424 27154
35261 65540
20620 31420
8897 30730
27279 58400
6090 30715
87 34075
3127 4086
16091 18827
40412 63572
29082 46311
68113 74592
17857 39558
48778 51000
51379 73776
65624 69764
16465 72433
28950 60370
2471 13977
47879 65938
35328 55733
35803 67893
860 35305
35673 67374
37250 39872
28986 52595
30395 66117
8932 48455
44638 63685
35062 60130
13331 33543
55190 60462
57103 70924
19378 42898
16828 47811
2395 60281
52120 63930
5858 71999
24693 72806
38089 50065
57241 67221
5936 48252
27191 28608
50578 52134
31710 42698
38508 73598
45714 67373
53442 68514
9211 51699
8773 9091
20658 26303
4589 51803
28479 71460
58690 72439
45137 69379
50399 73418
33018 40741
46103 52709
19939 24571
23922 56458
10780 57451
51655 70675
47042 69958
4280 64102
11073 49633
33434 36202
14284 35207
21797 63119
8858 51387
145 51273
41735 48707
5184 18214
64845 69513
971 56018
12877 17178
40066 63022
32795 40579
41025 65087
8225 70116
48139 52523
59972 62030
19483 24138
34742 45982
28908 65981
23718 41973
13215 61092
11590 28262
32371 66651
8357 53354
795 18280
40075 68587
46643 52959
27058 34502
23011 39942
6760 72098
12994 17380
39140 54605
11399 26650
15894 39259
49528 52931
3137 44255
5736 30262
3154 42164
52375 59208
11760 12958
50192 53024
23165 56958
54636 54668
24530 50788
31055 62573
461 24532
37308 45990
6242 63047
38482 43664
17640 22264
27218 34043
66189 70062
26620 34167
48245 69786
14463 57309
2113 64219
16350 47775
4570 31046
16386 43601
15267 25386
2893 51923
22165 57516
32744 44759
26075 71004
58191 67072
20973 29172
16753 30877
52924 61497
10155 62914
6387 67936
53447 61373
23489 54079
45315 54461
33609 41128
54428 70958
23375 53602
66885 73949
6539 11535
50801 53699
3052 59098
57670 68776
42294 56574
7054 43892
10998 49650
29565 54841
5099 21110
54656 72660
59313 64819
25726 54639
355 32412
61672 74790
59457 65162
39527 52447
40856 69242
18240 19537
7676 11022
5150 22472
63643 64552
16293 67222
1322 69607
4101 66090
41266 73248
51637 60168
20508 27717
2128 38574
25345 31218
49966 54481
8651 57272
52272 61907
16630 49523
41213 71640
20906 74792
15372 17036
30062 39262
23262 56912
13533 20027
16527 67249
7432 27271
54335 71399
51692 53464
15603 71843
17103 64536
6710 46156
20547 67897
20908 50061
40077 66056
36681 67956
50470 74458
8143 24356
19409 37193
7420 46062
34595 45785
25037 44515
31294 36743
33714 66008
19570 37166
24686 31275
23380 29203
8620 25136
32316 39514
62662 69872
7015 23513
3619 11447
20638 48282
16955 69970
11516 13328
44742 65841
16015 46063
15701 61301
54616 62896
8282 47579
285 24532
20786 44810
4002 26979
26714 28604
38025 46597
4547 42962
52378 61451
30852 56591
17259 19704
9043 39261
10393 15609
47461 53430
61185 70750
14484 47126
35900 45138
13091 22201
5065 63776
36943 54679
41589 41643
23946 52124
1215 43514
28073 70225
6199 44733
48023 69444
31791 58163
33248 56144
5327 69000
34551 59450
49736 67410
16992 71591
18513 39711
16375 37548
4200 16670
32606 54556
34965 63059
2743 31596
50479 50562
23572 34027
55883 60354
25319 35631
32009 64319
40150 72511
36535 38507
16988 49416
1819 52151
13181 21510
26584 53418
27899 28736
18372 29961
60407 64074
1890 22613
39351 70961
28510 51163
38270 72499
18639 23659
39758 57525
64551 71433
15225 34840
17370 24528
15601 27309
32714 68111
61717 73541
7433 30151
12008 59561
42920 68811
51839 57596
13348 71609
5531 29346
18756 60021
1468 5396
44476 55850
30497 67028
22723 48178
38421 66962
6655 73508
15832 20904
14896 63876
45374 59631
7309 36999
32652 48144
2101 50239
28695 33008
40964 49902
53420 66761
7197 49420
7097 49089
13952 28793
23746 72997
48192 57860
7922 27422
5398 15464
33523 46491
22908 32022
37380 46590
21396 64892
24682 42941
10790 38689
39123 74448
6733 11463
19111 30466
7985 70783
27093 48003
1520 30556
21800 33049
30618 45758
37972 65222
36330 39050
9728 28076
30112 44454
16206 23405
41869 48119
22879 64852
21952 52955
10747 69912
34681 56489
38473 41703
46917 53800
2500 28920
26138 64195
2353 49787
4291 67854
8610 52831
20842 27600
44305 67733
27431 28052
21567 38517
8403 25564
11728 67236
28152 38216
24939 55441
36243 67316
1594 7011
15640 38088
33574 38001
31471 36210
11325 27877
43945 67870
23972 25629
43380 46638
12909 66988
53979 71198
4566 18395
39211 69093
4945 18305
14672 64092
38438 73841
5705 54993
18053 46170
28671 44778
1202 69643
15072 39937
3988 55093
14377 54084
45213 49576
33921 68852
28610 48634
42975 43875
4995 56215
50768 51109
14955 23465
41342 67690
8527 58674
15903 55025
6625 15908
49817 66389
32257 33206
23013 25670
7190 52018
33707 54456
44014 73786
23783 39907
30892 73088
15106 19542
34594 50238
6011 67322
61359 63629
6149 37803
51100 55597
16928 45190
32421 52472
6078 39196
11900 65389
8698 12616
8468 64704
20688 68897
13749 28686
7881 47539
7639 28526
44503 66328
12680 48034
25678 70274
54906 63358
65569 67406
2437 22244
65362 65832
21998 38201
13935 20039
20645 28781
664 36612
31451 40604
64912 66478
11793 39685
44331 67436
31251 70165
9321 32554
7237 48525
9890 44730
14278 30600
35914 69681
62104 63549
54368 57562
4088 11736
4099 61317
1243 52446
20576 68415
3458 17819
9764 65121
1405 42411
28968 39251
29016 72252
26799 57413
49368 59842
28049 28710
28308 36081
21974 41744
51788 62102
10482 11804
24331 25059
20373 40291
30548 58269
18128 65506
11258 24426
5719 29869
47876 49212
29464 58581
2519 15303
13140 13435
34999 38973
18350 39092
19686 31811
15763 47142
71075 74211
58907 65955
3052 45950
46001 70989
27125 70949
5974 8740
14238 67078
19772 34563
23153 36172
17508 20635
18947 44190
1979 32547
4077 57452
46532 62099
17890 43965
40641 52509
9954 46649
51109 60972
1940 44169
34439 66949
23547 51423
37355 69160
8396 25317
9245 60038
33131 49128
39492 55640
29809 33883
38558 61306
15232 69309
17870 30673
16408 49213
14040 20246
8776 14189
16728 72601
5753 57864
38554 51287
17247 64714
22456 43936
24958 62928
16971 66453
28417 48967
13894 53236
21388 44553
24294 74269
45116 61692
16791 54532
1130 3140
5816 36547
7842 55537
30318 46840
50508 66887
4617 26360
5750 16809
14288 31310
31700 43639
6025 35226
6135 67627
11011 25815
15090 54716
26539 60854
58886 60435
21625 64270
27311 57925
60571 71447
20750 26550
8433 53853
21953 37269
62498 74097
17466 48887
25916 62401
4021 68097
3758 30264
31753 56772
25634 47616
31245 52230
3642 37203
35666 61799
69558 72176
17928 37208
45356 71756
26787 40176
42078 67340
54511 61944
68001 73347
13365 60315
36675 64236
21818 74265
46192 54670
14758 54109
27692 29335
18767 58903
19096 61164
41086 42819
11033 19103
3128 5654
24802 40049
1626 67485
50242 51468
1268 7509
19555 73047
36569 55817
16396 45976
25819 48818
2382 72078
6648 40333
34271 39444
52983 54183
13438 74013
13672 43095
36216 65850
1191 55434
14150 66854
49030 73445
45910 72874
34254 51578
6334 56024
6360 69331
803 22733
28305 34779
49616 64182
17052 56123
56723 74689
39133 59116
40042 61517
26254 68261
11500 22038
55181 71274
9668 25727
12655 66174
64239 68023
59604 73279
40458 49895
49974 55990
5565 10983
66242 70784
10863 30500
23478 27080
13860 63408
24248 61470
7262 14369
17526 21769
5696 51253
49486 60139
14063 32911
9458 26753
49911 60654
37262 45480
1388 61297
764 41206
55602 73403
41797 69343
173 55665
4576 6957
40611 46626
38980 63698
6259 23004
41593 65805
44944 52848
62081 71616
330 4630
9144 37971
57148 64205
52538 65857
25181 56022
16727 30860
3376 37413
14639 52396
2566 15707
58413 73475
7306 47737
3438 27376
25629 57647
31002 34011
37712 73687
34565 47360
8711 11921
9479 16333
9657 10078
4878 40099
32367 44977
11647 41516
47825 55034
18832 48074
33725 54493
11474 26405
22207 70448
24094 37574
9466 38510
55384 74231
10729 36881
4371 27658
42724 48917
12571 16634
14955 44511
12879 48810
21339 67882
16857 44349
19952 45370
58824 68437
27783 46710
20303 69316
4307 8342
8491 31781
38013 38642
12695 59104
38375 68525
18244 69436
5321 69022
33515 73368
10127 33111
49872 61374
51076 52412
34145 35756
6954 59186
5320 67414
7502 9130
62005 68642
24424 62698
27523 34371
33823 61091
11524 71776
55544 62494
4911 16890
11407 19861
5765 24632
34683 52333
13997 39546
42097 48191
5949 36438
3419 59011
30714 32075
10063 21976
9392 18587
42056 60551
4207 19589
33726 57101
38000 47460
41691 61983
41545 67386
10943 28956
4920 42748
32821 74098
39932 48592
4477 71652
14387 20573
13099 45569
46456 62029
49362 56166
30406 71917
47367 60777
3088 13364
8100 70089
17911 49369
69869 73677
6626 9425
3315 3989
40705 42520
12851 38398
38366 66189
13630 17665
16954 64575
7205 10221
37527 51131
42253 45290
18010 68819
35620 52050
46055 53898
10104 44601
17982 47001
14187 33593
17914 25130
52118 53694
59063 69631
49887 69340
26611 41614
406 1768
24204 34237
9698 45698
46929 63112
21186 50186
33619 42487
53470 64588
42543 57903
27100 28508
1152 19984
43562 63904
819 3966
7427 42098
30745 69418
1738 24966
32151 44119
33066 46448
24494 47630
34959 57751
6992 31666
11286 60900
13638 34772
43462 61027
29173 35530
54554 66755
35695 64726
31757 52240
29340 44839
20171 57097
14816 64281
28155 33028
21244 27175
50901 63206
3 37014
14883 19073
47262 52091
34790 62118
3569 10386
20491 35891
6092 22856
18273 35232
18811 27780
25583 73569
42108 58931
16688 35269
24447 50847
23806 26416
36227 41584
28396 54673
2356 72809
38391 68925
25015 30152
15296 28231
35786 54052
3391 50778
54680 65356
16807 43802
48653 72275
2288 73722
12349 21067
718 17190
11262 43363
19828 52780
10194 53385
29958 43593
52652 54698
47274 52318
33338 62169
48929 54127
346 3472
2159 25279
18741 68948
9064 72780
2218 21147
67146 74720
3443 53281
17946 48880
1449 25450
65167 72897
35473 63787
5376 61273
22581 35623
68318 70760
17959 70710
29091 66574
62488 66259
7086 27531
13727 30949
14381 58481
22349 73661
9182 47915
39309 44501
9870 57886
7362 28566
55631 62701
13416 25398
31107 72749
656 65636
34240 52479
64097 73943
10507 12967
958 16125
7471 65725
28754 43167
50196 69176
41507 59637
54523 56513
19220 22595
15371 36382
46595 72747
60053 74295
34705 37063
48693 72683
53653 55819
3855 9202
460 18441
21003 22876
3525 8517
59464 68805
17107 29711
6035 34879
3828 31062
10156 69720
48434 51244
19379 54123
2324 43209
11208 18478
52997 64979
45449 63890
30891 68090
7571 20686
15104 64088
17943 42079
2849 22030
9640 36858
26924 52325
51265 53589
54972 70352
30636 69484
42924 65080
6612 44229
49000 67145
25943 30305
14939 63834
41115 58799
3748 33497
36305 66829
10882 12321
6551 70237
18989 61638
22421 64321
34033 39808
40046 56521
49880 55089
1913 25107
37019 55694
14650 18702
40205 42113
41629 58459
34559 73796
38202 61603
12826 48392
43318 54719
13720 50994
8760 24586
23435 44891
13585 57877
20881 41289
3759 6753
6509 50084
36455 73439
21663 42962
25751 44735
3298 18124
21522 31272
8533 41702
735 46200
46959 64692
42464 69328
15498 42216
318 35105
9355 70134
17134 42851
9475 65438
1623 73350
8668 47279
7037 12176
11804 32908
61604 69895
15215 25544
4436 74829
15468 70544
16266 42847
29112 61480
4233 15738
47547 64417
802 29777
26922 64379
49974 60683
52071 56705
21261 71746
48991 53826
6209 48949
16939 57951
36129 40037
37452 70288
27634 48950
13063 24228
31247 52028
29488 43127
10812 14723
7169 72138
23217 51553
25114 28336
39470 66906
51612 68920
1148 19362
10939 65848
32927 37296
8596 37595
2076 17427
17602 50318
72086 73411
41620 54464
30683 51885
18884 36701
23268 48956
49499 66365
9069 73035
36008 56911
2379 15482
54823 68584
47717 51868
4126 48586
35606 39762
47760 50066
24554 67968
33534 43461
22366 42467
30208 38885
62750 71149
26933 51446
25090 49532
28616 53386
18597 21435
55066 73492
9185 71745
1915 52215
49141 53666
41145 73630
11783 39394
1733 8043
16403 40318
57706 65278
52267 59689
22674 45258
22362 41185
2397 12376
73781 74579
5368 23440
13564 35371
176 74025
31463 31498
34518 63048
24825 53108
34031 47120
48259 52910
46338 59528
34021 38181
33992 72543
29341 63651
2700 41068
4449 42099
42610 54213
41230 58022
8423 66733
12485 68726
21141 33170
13563 47321
55715 70307
2946 50172
17989 20468
9856 20901
5689 40516
6584 34502
18670 52775
48609 70364
62631 72541
39576 47426
20697 64022
18823 21579
1190 47396
6489 60102
45730 57937
47377 70451
7985 49225
41712 53929
10262 49479
47168 68150
39920 64881
34321 59759
20193 44082
56251 58236
48304 73268
50605 67403
25989 47754
8977 57542
45737 72599
13103 35748
11334 60430
10510 30251
29789 51734
12311 27822
32585 54878
46565 58038
23255 34198
2413 62919
53930 71496
7429 54941
3754 69407
22642 48534
2015 31122
8226 37777
20124 69123
33584 64728
58477 63786
8526 25134
29571 74637
2904 26922
32606 35008
64172 67757
3939 21796
57996 64877
20830 34400
12468 52244
73276 73409
30808 39590
30201 37491
43967 72133
41980 69723
1302 26439
13063 15041
37980 50307
4938 22804
49605 59046
22322 48766
18809 19122
26245 48299
1575 12569
54505 61556
9112 25272
20310 37244
9180 74077
52556 66245
22818 71508
18582 27393
25194 48781
13734 49798
11361 31083
64842 66115
27972 67834
44213 45597
8258 17418
10150 48472
292 60206
57791 73510
26682 63198
25677 52844
11554 24690
30198 64258
19783 67003
33379 39751
24973 35495
18261 48946
8416 38392
24039 36974
58328 59716
31658 60211
61602 66185
8783 58411
14042 67593
16556 51985
28500 65925
35512 43034
32586 61743
21651 67358
48863 67287
24028 67341
4303 22653
6605 64792
23716 28673
16618 66171
24006 57313
14864 47473
10266 72630
4385 43853
36035 56890
7824 9455
22141 42463
17471 72510
2157 32564
54862 67243
39580 46231
40880 60477
17407 49804
10091 63464
44613 53210
18727 33203
26999 43650
33718 39076
13010 19448
37459 74554
11932 57145
45592 71060
5895 69909
50102 54952
32021 54175
35035 48011
37889 38677
11827 25229
8360 9135
46121 56715
37198 53179
29564 70928
42758 46223
46784 62191
42650 49056
16739 19611
45752 61060
28821 56114
24970 31398
4926 41761
11396 49423
785 70732
16802 30594
19956 58520
36076 41732
58401 70599
27611 41917
21051 30716
40378 58283
27197 73883
45453 68934
22447 47169
6306 55314
24093 41811
2528 51595
14075 67079
33352 48501
33987 46271
24757 30242
5731 6065
24600 65508
6298 52690
63372 70017
34981 65979
13350 25402
21022 49527
34791 68538
37881 61029
18934 52351
55914 59788
10206 19465
11369 39087
33482 33874
37005 58783
38970 67240
14831 16820
67636 69483
35777 59039
41576 45455
8949 12235
32809 34638
171 32529
42328 66536
7688 27743
18893 23848
69553 73778
5232 68397
3908 15219
15137 69758
9533 36345
51572 62443
31776 58860
19913 66165
29246 30894
47333 53152
16187 56472
3581 29415
2256 9948
52643 55505
15030 30366
11300 59570
19095 59758
1456 30246
8920 55700
44097 54762
10403 72143
12099 53853
13989 50696
9674 23134
6075 20212
28775 40916
65386 69057
6049 50716
8495 49876
44675 63594
40889 59454
45539 54892
25920 30942
4716 40341
30281 72971
4531 22473
10105 33170
13956 18079
65611 71249
4646 55749
2652 52199
41977 45396
45117 50028
15914 68569
53830 54458
46924 64442
20238 71054
18686 70443
59975 67972
14022 21539
4940 5466
14283 67978
9888 48819
19166 46019
16129 51434
21135 28366
6128 41151
40553 42362
57898 70403
14075 62608
38630 47445
1131 19646
63101 65752
29008 38431
34410 36626
16900 40963
12075 31751
28332 52491
38231 65548
19255 25199
37679 63415
31522 54373
15298 73300
544 55114
24419 49235
8596 19186
31150 69256
39688 45187
54944 67072
1526 53878
6570 40649
28802 61681
6719 33020
29044 63271
53631 67518
44768 65703
40376 63552
56292 74192
3540 9196
19100 64751
29108 40252
54136 57676
62855 64356
59207 74510
33398 35005
32101 41956
23501 24059
19289 70993
5901 26546
38112 39167
31910 52840
29752 68731
26148 45473
59368 61965
13027 68048
6990 39610
22761 43042
52017 59323
18113 37469
17769 47315
10997 33351
21287 33188
5388 62529
22750 71055
29180 29667
23294 61208
1205 66554
4571 58547
52093 55015
494 50301
14864 67023
26627 27672
34099 38680
2407 21340
4798 16396
7725 30127
22486 70102
9733 49399
16531 32518
35968 61224
27199 64145
1140 71526
18834 56657
8699 72294
31140 66719
62001 65688
40644 44800
3113 34486
17915 19224
3405 32620
8503 8776
33570 40212
15217 40454
491 19564
9635 21814
16133 27451
28976 61089
46069 61241
10299 62643
16715 41954
40895 71147
33462 61577
3122 45365
7111 21990
33252 71246
13535 60869
48617 68770
2971 69633
33628 61102
23265 55957
44109 63145
3034 64253
54406 60105
63039 69841
34982 63167
43632 56278
2910 23754
47474 66740
51584 60590
35418 35689
33101 47753
4299 33587
47600 71690
15395 64987
35292 69524
47258 47432
31076 35039
29052 49391
10091 31311
13898 46618
18256 67558
23470 70298
22029 25663
5800 44577
20237 50479
54274 64330
9620 34129
25741 36589
13230 52162
11348 69465
52608 59206
47546 63966
23125 42283
8739 49568
12170 57598
6599 40185
4559 22053
19735 41599
1923 69696
62878 73438
61836 64666
4793 7633
40089 44726
47379 68364
29142 48091
9730 35208
17627 35959
5492 24740
42983 72870
703 26950
33134 53637
7405 44036
19834 30854
6793 57437
5941 26288
8875 42332
12433 13097
650 71593
8980 18730
56 2417
4144 12211
5620 64914
15984 39478
22104 45738
3595 14319
39899 45938
40384 73353
6910 65636
2071 13625
17351 42433
42509 62346
26138 29139
46708 71897
46376 61389
6836 37730
13434 59974
12162 71850
33328 55355
12484 39690
13192 38735
26343 74339
12315 71002
14181 46843
40421 56422
8183 22408
66269 67839
28827 34234
12096 55246
63855 69763
23935 51147
70828 71259
62817 68661
14475 48455
19601 37736
28310 71934
15928 50391
2405 5168
55191 63469
7971 32134
6245 39879
15844 71300
41144 73165
40548 72772
41700 53227
5912 42983
11086 67180
13997 50732
34621 72386
12027 69986
47881 53317
46915 64511
42664 72113
32751 63752
15871 57203
12461 50895
19252 39870
7994 17553
25406 34753
10544 24955
9911 58430
20017 25087
28534 40261
4040 25045
20393 23397
47541 47947
7391 12251
11846 13861
57100 66127
20980 70719
44834 71101
37249 54939
58775 71982
37796 42693
25821 41315
15743 47779
53857 59303
11433 68855
945 38221
779 57092
39440 53376
33427 49145
8316 39501
36603 72567
12116 13758
3960 74348
66581 74601
50998 54223
21041 64734
37186 40083
38388 67315
4208 31665
48456 52634
8399 49434
7505 10096
44111 59429
23327 64542
16577 38335
22707 48853
40374 50213
5108 51718
5985 26571
57143 57617
29394 61796
46265 52725
38378 52851
27666 67073
47019 70536
2975 46852
55964 73453
467 43406
31884 60603
19827 27321
25911 50681
1822 38801
2287 49986
31734 40227
23621 44944
29689 71962
23842 44011
32639 66429
7656 14151
11075 23102
1314 66502
26109 29772
11568 34764
177 19356
16203 64013
45189 56714
2038 37965
16686 52708
5874 48142
14913 58293
24043 68781
55202 73269
2010 31152
28414 40529
7965 25944
8278 29122
32860 56313
39144 61883
8024 18936
10890 39256
37866 70526
15072 45475
58296 72066
47848 73312
42070 64279
20495 60052
10693 38761
59524 59828
5883 74315
39574 49066
3189 34728
27956 59673
42345 43403
21139 27813
253 9711
15909 32280
2266 41675
28808 61271
21726 65319
11124 28269
23729 70073
29045 64761
16360 71405
15432 32679
59300 59519
17755 30820
19836 26356
9893 16122
21914 25464
8546 39488
22702 44164
27863 56019
1157 60242
33743 61603
54125 54508
4263 55310
32458 47177
6819 10788
39223 58561
3819 8848
24382 64385
14168 49705
39330 49043
33795 67498
11954 22621
36461 72956
46265 55514
1508 5016
2976 58879
9506 26409
71677 74736
26915 61804
32787 36945
723 35253
56456 60054
10292 41879
8412 55010
6953 9042
56652 66519
4540 12986
2199 51274
1434 58936
17587 26528
31718 53977
29998 44467
25587 35575
59137 60362
35220 65985
12125 28118
10978 12309
32275 68866
11791 34447
17787 34162
24545 31237
53356 64592
7916 21880
21680 36357
17190 65031
6614 18498
23314 63489
60205 62070
4823 14061
18 33327
4577 16243
1165 30741
50064 71633
23237 41428
64555 71111
28887 30378
42301 73702
41750 70540
25047 28817
15625 53734
11966 70477
8201 34136
4565 40278
41796 60996
33847 70791
21877 67134
42585 53994
18185 29149
33643 67165
40388 63335
46624 47200
17258 19121
11570 21244
10545 21535
9770 28417
25907 44448
55861 70869
11941 26301
59654 71374
10676 27315
28950 65453
59436 60105
15127 59788
63996 66558
22896 70775
38712 61675
11836 52059
35660 37105
45146 64250
11476 36652
18625 66437
20333 38463
57578 73378
28315 28398
20159 54162
25011 30083
42807 60916
33927 51607
14318 51041
39632 72551
17915 52794
1433 32288
5997 72973
4428 63183
27350 36542
35554 61547
31981 64833
9008 61483
49601 57708
33601 69900
46599 74876
48977 74521
71318 72930
10292 59077
522 29293
20299 55662
26469 29962
28499 65250
22045 23027
55707 65994
759 1763
36384 58104
10618 74055
5562 23778
39095 47585
38115 46696
2115 5617
3071 70966
12740 38269
39835 71858
5969 6479
29736 74736
30719 71929
47875 69736
18467 43903
8270 61718
48698 63654
27387 71822
26304 40759
18476 56908
33193 35565
23386 71574
51944 62670
19090 20727
16323 31417
210 49814
23925 52505
12527 43630
18697 64985
30177 35298
15561 53611
33589 58486
43640 57951
7655 25608
24290 72197
43248 70815
18571 30615
20003 71842
19764 32058
20222 55682
30471 46157
10552 40567
43655 43819
26911 63104
10486 68036
14393 69793
9951 67307
14192 45194
40845 46538
12934 50121
13162 28740
15351 48969
44217 65872
902 15602
2352 43746
5409 25635
13238 17871
26855 31306
28541 34759
27237 52041
34241 41840
7263 7702
17510 21045
65783 71529
58956 71974
53196 74206
11269 72827
19932 20986
9453 19652
8942 51295
30446 53744
13338 56417
33872 53745
6020 63719
51086 53005
28941 59176
43760 73280
34764 40348
10492 35758
12613 68776
35043 68324
19699 20959
27105 34986
14069 31656
19670 29118
38951 74245
5878 33703
20453 21351
36998 51405
22285 54854
9127 38249
28574 50033
21524 48834
1012 44913
14872 51957
3446 65114
11706 15143
12930 31315
2850 70762
34740 59624
12609 19514
27747 56284
6983 42710
9322 11176
40837 44247
30308 66726
20712 43126
11968 70757
10906 72632
16961 22444
36994 73843
22754 56246
59115 67037
24311 50718
15739 45135
47633 65050
20960 56632
26920 54331
37628 66686
35206 62015
9641 25373
32828 74232
22426 60175
14669 46932
14250 73374
62271 63919
1518 5965
30757 50280
39996 53782
38352 56689
12277 71741
3550 35724
17887 37078
51333 66069
1842 67225
3591 6111
16379 57905
16549 20575
865 36653
12475 22542
33697 43245
13561 42374
13670 68532
2461 18379
5356 68664
45430 66827
5773 14575
44111 65710
56153 70676
16240 18650
47735 65514
13864 34005
31962 68269
44517 54101
47898 63356
2318 8687
39353 71737
23943 27492
1513 7412
24133 58361
35258 52608
9762 15400
71458 73930
5615 31467
48727 73196
5242 72820
10857 16271
40290 44641
55412 68022
49491 58034
60083 65608
10179 59967
54566 55684
12378 16826
18457 47264
5819 14582
6970 45487
5156 26378
45010 48962
1432 23064
378 27941
19861 33414
48725 54750
42035 56519
47708 65865
16086 23251
9217 57831
727 32019
47024 62520
5047 36494
23825 43128
24557 70336
15808 62791
142 5269
55160 57850
9744 31997
17110 18068
49475 49819
12328 57983
9269 11466
12023 20016
25365 73026
43560 63069
4636 10650
39225 72200
61019 66258
40137 42002
9817 33733
24133 73561
30717 70430
37414 65673
24657 34462
54242 65765
19466 56730
13352 36444
48261 61183
21098 45665
46625 50235
27002 45433
12600 33421
59973 67301
23466 52186
18496 28848
13911 50684
6913 51577
11127 28901
33533 45098
16602 27975
2634 40574
21307 51640
40396 45198
2686 51551
44091 55342
38197 74426
1008 13284
1686 23101
18509 41126
6711 31192
54342 55955
11877 45696
51472 54005
3981 55496
681 59589
53336 72438
25126 65530
85 5641
28135 53948
19784 53872
17357 64181
7254 60521
37439 73566
23046 24288
12164 31462
3248 62577
48677 52787
4676 45362
36403 46713
8021 11989
21474 25544
35440 59717
55456 70489
27655 64831
4587 71896
10176 15660
38545 47936
3961 67989
733 31130
4814 19581
23672 57756
40772 58807
29221 38171
32832 53824
63403 67340
8505 41814
27299 52156
36393 48311
31648 60417
46485 72222
35404 74188
3131 49682
12151 50002
10872 17930
19567 26267
33454 50101
50310 61519
8798 19860
37205 48277
56001 71690
33058 55864
17156 29252
36306 38289
33301 52501
47720 58523
15600 54356
21994 70504
53727 58774
13600 21442
25548 66982
28927 66764
25305 48625
1730 38410
39240 53214
29960 31437
16733 28052
2357 12135
44903 60867
35784 63122
24502 32500
38806 50408
21446 32696
7399 28457
3448 34099
46147 54233
11865 49330
25906 71277
27 33523
23298 43672
22015 22132
34225 73571
8409 62707
5195 56830
34130 37717
3196 10235
8010 41408
2073 13226
54014 63955
42126 55740
37581 66023
34517 60352
36157 36421
29430 62727
70762 73832
3544 4338
33913 41193
10199 70742
24343 25570
33002 37894
46010 67329
50682 53261
38601 64341
36131 52096
27802 36869
55095 64272
34263 59235
30399 36730
15086 21493
34622 63384
25904 52629
6680 69015
3836 22190
3931 44533
33656 38331
2200 9728
19974 59987
15667 54497
20307 25545
51961 57315
36401 38895
22109 58918
40981 73999
59782 70576
3005 27881
15595 54281
14621 62508
62594 67563
14538 35279
30453 64682
14675 41975
1135 46362
46047 55388
46623 51640
1881 13044
7679 32249
887 46401
4800 5180
11591 42735
39113 54701
13996 66678
4303 20169
11479 29559
27578 44662
16683 69098
25674 40506
46904 50423
328 49365
24580 32271
34893 42293
26819 47301
22910 23498
20091 35557
1795 27608
15616 21107
64345 67965
14687 16480
243 34413
7289 61093
10381 47862
9090 29256
469 12445
60749 69761
10660 12051
13310 14179
14354 23184
17071 24635
7524 8950
41262 53055
40646 44989
2775 72537
10670 44184
17168 18335
50097 60378
40473 44802
54298 57159
59440 69450
19324 51983
2108 21840
23130 69117
47953 65539
33817 48659
126 49624
2879 10416
12562 26125
16332 37305
36859 59683
51560 72859
32470 68077
5254 55760
17311 41648
46307 64424
10958 72364
49553 72970
19930 43414
53269 60614
20295 46849
47191 52237
21878 44636
46831 52711
24236 34209
57032 66556
2404 37852
9838 28759
6372 23415
20968 42937
7434 20848
3662 34979
55936 72478
52435 52723
27990 53773
34645 47882
51243 58118
36638 66532
3170 55329
21934 67193
17284 64348
62130 65304
28805 66342
7231 60990
38355 58740
29408 33410
11408 26946
4173 10805
26335 43681
20210 65249
7138 43346
4078 64225
48006 63627
30773 65509
41453 54899
37239 53372
4164 9096
31805 48340
10796 68759
17362 23249
21114 44496
5140 29451
24653 30255
31799 51213
16283 40561
18557 36251
12069 71151
6108 42981
4698 64290
34223 37772
2292 22887
23545 29693
24906 35907
11587 31947
3847 10212
46373 74727
37515 44035
13139 61012
33944 72463
66580 67094
4576 21824
4694 39379
13491 45786
25335 36091
22340 60253
17302 71358
35394 35608
29137 38494
33679 42679
47931 67104
2205 42518
9630 17588
60285 74588
4315 29684
21707 28119
5033 37412
13504 69373
50439 61897
19480 74093
53192 54734
3628 59113
19182 68176
9354 11682
7441 51809
33979 60431
46244 54197
28996 31070
4342 27620
47987 53509
4603 40057
8757 20747
17039 37588
39540 61023
14710 54294
1619 34481
25421 64423
5013 32415
40704 45887
8221 51118
61379 66770
48129 70212
5204 60072
22083 41381
40785 45354
6093 70246
23260 63051
8283 45591
24918 50183
36370 62665
40747 60474
54793 62097
30366 67848
19983 38945
28246 51958
38938 72196
3350 61561
36110 72542
29143 42318
67280 68328
637 50629
16963 56394
67350 70281
29705 66963
49378 67166
13970 17511
37004 37603
24840 46503
6619 34974
38078 72576
2594 67238
44511 68431
23397 36917
21523 53709
4621 60632
358 44413
14353 37584
21188 60360
3326 65734
9237 20468
10423 25641
2104 74069
10107 67953
1256 22721
35038 46250
22323 74509
49015 66951
10115 43455
26878 58071
16601 51724
23882 66452
21214 51462
18183 22023
47545 63912
21918 30652
42151 63436
1560 55205
5663 13647
30560 74491
13059 56595
21210 26899
64740 71652
19293 41959
919 40323
28237 69594
12312 29981
40851 66489
28725 68782
30433 60615
21177 37755
20293 23088
1348 54816
57926 61599
49178 57799
60311 73768
3810 57528
7799 15226
14788 67394
39909 41430
7859 47252
38899 46214
42031 71205
9273 41994
54069 67708
31346 32311
16019 21279
59463 65511
42401 43711
33887 52555
69279 72215
20938 32263
12288 53634
52976 70768
37867 62447
16797 24812
25626 42392
25487 64251
26 33065
36988 61399
2624 54556
16445 72057
56425 62956
55316 71103
57298 66801
13017 51038
6442 19043
5813 38956
52496 70562
25851 27740
66094 74499
19289 61194
34655 44645
7694 73074
14382 44615
13963 19212
41573 47311
38220 46022
11561 48155
67497 71714
25109 26369
31714 35465
5291 41022
25434 65255
41389 55670
17751 73931
8041 14869
28226 33470
18277 57207
1562 59767
11387 41607
28223 51963
2957 11988
2118 29539
21715 42518
15205 40385
313 2504
42390 47972
2596 54411
19814 54903
59177 74023
40942 61810
46719 63264
26293 50817
38122 58635
14108 60116
43315 58246
35387 36543
18880 64707
22132 47067
9610 19458
7354 10333
21792 67512
39659 70947
24936 40542
18545 22164
27865 31700
15576 56468
13812 59976
38201 52448
58247 72219
23091 39472
30858 71297
27982 36783
16037 20871
37693 73992
16954 30216
44902 62664
30662 48545
29530 56354
15921 26764
7362 52736
48878 62289
6173 54519
15253 39447
33978 62904
10489 15099
59802 66817
30264 55228
45060 70886
3065 55325
21319 30041
13533 43710
4768 15581
10512 23151
11927 42634
4806 73815
66975 73105
31981 48590
5933 6770
11497 25771
1782 43049
18095 61781
55467 61160
27834 72893
4760 42343
34180 74234
7986 58909
52967 64719
19960 65796
10983 59193
16849 18541
22054 54068
12013 20724
19446 62312
19856 64198
10550 58495
47579 67920
717 8513
2301 48153
67780 70047
9597 10177
4242 43464
41929 44933
27991 50595
24822 37425
9536 63182
22502 46925
38284 63355
45618 73717
47339 73065
36158 47608
2130 36745
49896 64483
5188 49903
4604 57764
50046 67179
18313 47621
16036 54235
38435 48516
65755 72179
3249 24789
38390 39718
4100 29821
9523 58545
28688 51046
11783 57167
53355 61548
15533 61750
2027 14482
51514 65805
68797 73354
26942 41996
3226 22252
3584 7838
31089 36039
27863 69823
9100 62278
33838 53562
37406 47582
20197 52598
20038 59919
46395 63019
67657 69726
12716 54091
2112 46239
42351 73122
170 46450
41273 73426
7338 15651
48290 71913
21569 59529
23781 33643
41766 48500
12063 65500
37328 37651
48336 55723
9201 19431
61393 71247
64863 74218
23968 29912
11247 26087
8473 36153
5238 52147
33960 41985
12220 73746
17312 55229
3397 63413
5087 31030
17213 45753
14187 58655
44509 72014
34934 63835
52617 72037
7941 67206
1558 71475
51951 74561
24247 56089
64107 73535
49544 60925
57825 60735
51412 68043
4276 26919
30422 63293
518 14122
4997 13990
47225 57833
8590 8768
16060 42835
16179 26081
21128 26824
35267 36632
31316 51165
43692 47707
40945 41071
2285 58896
3873 29081
55645 72945
46653 66014
12825 52915
11355 72435
10081 37096
13035 25448
10670 25584
4584 36255
9128 49731
66595 67592
15514 44118
26335 33195
12189 50538
11170 42960
2049 3822
23478 72418
5784 18788
24750 39835
25162 71104
54656 68118
30214 55536
11948 66720
9082 65283
34372 41824
27827 37410
8118 69026
51459 51845
8209 71648
49496 52173
3938 24382
21303 23852
8711 14714
810 65613
6118 57940
2021 34054
13786 33426
24100 54275
25426 62719
15517 40790
3106 48685
9547 24872
2083 42874
16054 55540
5698 63885
2690 30307
38351 63675
4879 21542
15102 33213
14363 30472
25977 29893
12991 55787
4439 67464
13035 28365
257 36268
25294 35711
19102 52386
31054 40874
50683 57325
24128 50680
36679 70676
5593 21526
694 60219
39564 61902
52154 60051
13001 36579
7379 26254
25919 31318
1853 17203
21886 45533
42311 71729
7458 18460
37597 40567
13346 34758
37204 53596
1751 53280
42219 59340
36211 61550
9207 49871
36853 38622
11345 12596
23674 70688
10420 56503
12121 22023
17535 42948
42660 44969
5762 19898
14017 58220
13048 74600
45564 67266
24429 54293
994 5582
37637 67234
6183 53689
51130 55161
13309 40168
28563 31013
25596 69868
14600 52285
52194 56160
22660 43179
3581 70331
20403 20492
3114 72849
4226 48370
4285 64124
28525 58225
53823 64305
4172 10607
4525 52740
18426 70355
51682 67746
50037 50305
63734 64119
42147 59889
64545 66745
51475 73702
22490 70542
33716 64778
11102 57906
28040 41607
11684 11957
5776 5804
36001 54581
8853 20366
78 11798
3239 58214
31557 36475
57840 66286
28849 60309
24918 39080
41217 48848
61058 69491
37749 38653
29007 32203
21351 68989
20127 70043
46946 71720
45327 61573
11497 74696
21403 71183
17248 44490
28451 63669
21152 29578
17763 23246
41090 41476
64150 71389
4635 16085
49340 68057
9853 55934
51303 56717
20255 48852
18064 46089
24626 39691
19710 53474
23689 73365
9958 35273
5978 32253
1067 13430
31261 33037
5104 19546
8224 8969
4159 51792
42944 59585
29027 49522
15932 27785
3661 45075
46553 74266
52235 61222
32464 46207
1817 6182
4406 38364
734 43344
8020 17496
52739 59579
12028 17181
20002 72433
9419 24481
34867 54709
48499 53577
23189 61701
20274 30840
8300 69430
34291 67001
422 43704
63257 67159
12431 71042
32820 62641
24719 34942
7758 9157
500 53923
19710 28569
45126 65513
41826 72724
598 3139
7970 33532
43105 69810
34659 57600
14804 18314
63514 69180
21977 55554
16720 30031
15049 36503
18644 41837
34466 39656
62568 66926
13920 57197
38224 54439
19300 71258
29483 37061
50283 51943
24834 46840
63821 68859
23202 44692
9334 47503
46986 66846
26575 63404
49847 68422
24027 66947
3979 55604
25369 56408
28743 64541
43592 59800
9116 62805
15325 22129
33880 62627
27341 67800
59872 71988
10604 21021
40350 48280
37909 54749
58315 65932
21846 38129
4719 64502
12403 44221
55658 60516
32515 69206
8501 19898
62158 67979
19479 36505
19784 66652
59826 66838
5866 33772
8826 46165
28280 31427
35548 70174
18463 56418
55102 74580
16855 25190
47797 64736
3460 23283
7575 64813
16865 54156
270 44324
33695 64679
21214 62391
5112 53782
63143 64204
33977 63962
14505 49796
33825 66298
67382 69472
56998 71024
34622 64240
24033 25747
34230 61068
22687 53251
73835 74400
20006 61754
6835 24654
38622 41934
14668 24125
24012 32902
22760 53652
20355 42484
20860 34998
28435 42974
47941 51380
6250 73620
57509 58657
58608 74178
23357 48012
19743 38274
43181 62582
26587 52175
10853 23299
22961 53049
33675 74816
12355 58345
32903 48116
37563 58678
57212 69880
55334 58708
24478 62232
55108 56756
3412 37046
6567 12526
20551 47151
49351 62060
61115 69072
25405 58764
14582 74714
40420 64262
15280 45097
48114 54665
41082 74415
9494 21144
14140 74043
14891 29742
30552 72327
33604 60466
29625 56936
62038 72653
20632 33198
33973 46539
30732 40983
5746 60964
25862 66970
16529 69103
42179 66210
28804 74825
1251 22783
13964 19048
14269 27963
32092 48527
12794 32917
30782 70605
1346 10216
36402 68230
2763 12309
47169 74101
43629 61893
4110 61397
34810 43283
13455 21711
542 12888
15243 25745
25637 32443
39994 58933
18192 72122
12891 60825
56883 73052
9313 29338
47673 65765
23527 35011
3405 19916
47968 72729
27416 39632
28822 45276
14051 20570
36555 57048
34651 55791
13501 54975
68935 69676
13582 58635
7292 13448
58761 70465
7159 44824
60983 74271
55729 60619
15274 42009
3787 67941
8228 72774
17591 25591
10324 39572
36446 47135
1341 36432
27475 32531
21277 44740
17556 47171
3717 39844
12353 20224
23533 34786
45890 51757
41398 49242
18239 23833
2493 35695
1079 68503
19090 62765
26973 62979
23740 44323
17489 47536
51068 60944
5493 43796
55030 70937
18882 73466
52706 57653
12289 49258
307 36438
23780 64843
701 13879
15543 30777
24383 37827
40554 59830
25729 61129
59741 73959
55052 60079
49746 67429
14407 57443
23169 62921
54690 55112
4371 12094
5419 67793
8997 30680
59101 71421
43814 58080
52181 56355
25122 26974
21916 61170
50103 56947
7593 17011
1798 42510
49556 68720
40391 67486
50735 61590
4834 36750
25547 63218
13399 24726
13667 16851
9106 46871
5694 73739
22936 53422
35705 71327
8160 59815
10561 14087
49843 56309
44401 60514
23368 57935
15389 47588
42946 61473
47939 48680
9592 25371
32672 33926
9619 44784
34211 46586
52431 69142
2397 59348
2859 53642
12113 53407
24028 39606
18617 44627
1272 20242
3535 34693
32335 32386
66631 73218
22898 27164
58323 63576
6264 68217
23658 41830
9853 59918
41808 55842
19194 45619
51626 56907
54772 64301
52315 72454
6409 52978
2277 24425
8209 63506
5759 15879
10582 35788
5076 33870
25531 27898
7198 33261
7281 37204
6606 12104
2906 3605
27835 39047
29402 49784
44612 59076
20375 28713
657 47022
33814 64061
5163 54642
11747 69217
5825 57834
2722 50030
1106 29296
41774 55115
8040 22321
51735 70356
26761 43052
38559 41355
50655 59558
8249 62682
48161 70782
49685 59353
33803 47457
970 11424
54644 61981
22245 32431
27262 63579
38274 47981
4526 28150
3585 23618
21673 54649
10192 72272
52465 71106
25206 28589
35399 42552
28629 52537
4077 12357
20813 27147
27065 34110
37247 56323
31116 58601
23950 34931
49953 52889
46400 48930
32646 37427
18165 28644
30032 63113
6840 53934
26848 38126
15128 66475
7989 67582
52691 67142
30476 44282
4731 44566
6688 53876
12261 16646
30308 48660
35924 73267
21855 26649
67515 73657
28236 67972
38890 67916
50604 67643
20717 67718
17582 43586
7122 10291
14673 63585
18477 64571
47337 51646
13679 59559
30982 51146
38157 47079
5731 36801
3327 36404
259 11354
20356 47752
41171 44197
36868 56904
28374 69918
13740 27277
25237 37430
28196 39609
4315 21017
41899 45413
5640 42131
25477 42593
16801 27545
4575 34490
18905 62335
35525 39449
30658 49050
4534 8421
275 44805
13120 67087
12183 61061
19234 50457
6764 52500
21376 47929
53696 54717
15845 41174
7207 29317
29364 35602
29544 46890
23167 37941
12336 37621
22976 39465
21111 42750
69435 70559
8627 30284
13713 54099
15977 50395
44711 54689
65585 67640
21768 72841
24460 30372
55763 73090
3425 41120
50424 58665
31826 32617
16794 40599
5228 48182
23482 40474
30079 35341
3422 32946
20290 32905
15845 54690
34888 59731
65350 66446
1023 30574
9166 47431
14764 54008
7019 13741
1865 6497
73451 74170
22105 46005
16167 67198
936 9333
30447 70337
33113 74891
30379 47575
50527 70852
23848 51440
13789 44089
23335 58777
61825 74381
29213 51695
60667 70941
1395 24954
4699 70506
359 64474
2819 44197
23441 53105
5623 40806
42997 64997
4013 30730
10342 52557
6304 44380
31613 66160
51890 58741
17720 58159
855 11820
10089 64347
23169 44636
37187 62337
13092 14133
31754 53499
43612 68578
9132 10706
8272 45476
147 35223
20493 74406
7212 41010
34692 54093
48628 50468
36942 72782
36836 70433
41438 72295
33409 57488
11303 20566
33337 60843
4347 10688
7801 12717
2544 31062
59382 63073
5050 64891
25150 70027
50793 62864
22724 56802
30007 32329
14020 52220
17855 22729
38984 40420
60026 68025
37375 74027
46785 64138
24294 24611
2222 38484
12493 19997
6913 14194
1523 37349
36978 58039
39528 64753
44286 67225
34273 52611
15825 21322
3802 59568
23722 57494
14725 72796
69474 74407
7254 18909
11244 32684
41746 42118
20008 46326
25201 29076
40050 47756
35148 62612
7465 21647
64808 70962
23355 33662
13314 67616
40223 71820
8589 74582
8054 44853
42450 61446
9092 32569
2870 40590
595 67924
7834 19389
26827 36627
7022 72707
9560 12134
9446 54178
15485 58299
9365 17137
25031 66795
5113 9161
23067 37372
13466 42409
29249 66149
55808 57122
64920 68887
7701 27894
20925 54040
14548 53405
20588 27344
21674 37615
8177 72921
5921 49823
48953 55214
24809 33017
21388 65531
5385 14143
27142 33189
51448 72374
27563 70718
27959 40594
11501 25331
49535 58408
42893 65611
18427 42564
5573 19844
7774 40738
25599 42066
18559 71947
33379 40779
27108 54756
41560 66642
19008 29812
36183 40681
30616 39466
5872 27231
23122 31260
7893 43768
10892 54919
56993 68466
32980 47451
33019 65900
25774 51111
1562 32797
17822 41247
188 17491
66844 69732
600 43589
24897 68407
41168 52958
48760 55542
43580 59762
40804 59896
494 40512
5542 52534
24511 36702
14534 62373
51156 51563
9849 74545
18137 27847
2777 43558
2190 48847
8579 11502
13008 55313
906 48350
8336 55312
39666 45830
49981 73600
972 74320
18012 30974
21819 34406
47216 71434
52034 55437
5923 34478
34341 54708
28165 63224
36271 47182
7836 48900
52808 73624
53842 58722
36756 50791
32682 34758
3950 8206
7562 63249
36894 39925
25393 72089
18320 23686
9097 23975
11037 44085
4850 58297
56087 71363
5266 16366
18667 44499
36264 50738
1149 60996
30903 73093
5177 18008
36974 41360
48060 55305
36718 64759
55726 68035
16816 65499
36892 53840
9840 71321
51609 68368
13750 35033
14263 64868
18600 37414
8377 44546
9047 65515
55236 57001
18936 69914
37038 68292
38441 59047
60687 64449
1808 15372
36218 48186
29748 36147
3672 46177
10400 50620
22428 42209
21633 30687
28423 66175
25009 61006
24234 47807
43936 67324
15514 24378
46108 65946
49988 59204
3369 14720
64454 73330
44897 46031
3186 56573
3272 63085
51375 61732
8639 72231
9300 51728
9900 24109
18549 36840
9096 54961
48817 72961
52689 72601
16454 72109
23300 42741
18472 72781
3409 4939
570 5043
44180 58377
29532 33653
46066 59119
12924 66272
27902 45406
28012 57343
37540 41596
7810 56244
62183 66020
12578 44923
29047 50453
4445 41994
14558 17170
19061 35908
35318 50285
25818 68209
12055 73107
9291 54098
20000 34079
2286 38110
41568 74345
3214 19946
13075 58923
127 10750
45255 65057
27072 27652
7719 57875
14452 71376
49253 53167
36289 68204
15681 70458
47725 48851
32830 72120
64515 69003
13303 24933
35903 69353
54338 60998
14596 36175
22815 34634
14767 35075
14774 25340
3439 50112
24910 42562
66306 73608
27780 72371
44644 54249
54573 55095
13715 74129
6069 51108
25293 45087
27696 70844
2498 50374
6567 32558
11771 54045
10912 27203
3180 7883
12001 51679
24640 73519
54248 56886
17482 22938
54444 64808
18326 60859
17175 34283
35859 72298
62843 70025
9468 74738
15965 29333
11379 62431
29223 50012
30050 42685
33395 63566
26856 41478
6230 10475
31456 59190
21830 24076
19049 34855
5096 45119
30358 64531
31618 42011
53083 73977
38234 65166
5672 11442
6378 12754
1909 62111
49117 57161
21612 27252
43808 57734
37120 39084
45672 59229
40203 67941
12795 28003
45338 70284
2658 2830
57090 68037
12633 24046
4041 50292
3763 4357
27280 33446
12835 43536
54308 66365
39684 67177
63380 65015
11664 70693
22370 44063
2979 33992
25169 57375
4047 46269
1694 73002
18883 62142
45305 57970
38238 56870
13186 62462
19769 56813
67578 69452
56498 59859
28701 67860
1068 56134
5816 59250
53949 74593
11945 26714
50185 52600
11621 17044
4535 59848
4282 10612
49890 57133
35594 52640
41983 61799
43888 61707
51506 69804
19426 26642
11274 74522
45502 57723
22265 48687
25556 71236
34429 54520
17323 28296
31521 37917
56785 65154
36294 63046
17421 43385
26854 46674
47665 48252
5346 15515
22760 73135
11015 68882
7632 67646
31539 48365
17076 32704
1595 38665
18129 66456
8098 63524
2932 25354
16022 48728
2163 25120
54943 74685
34480 47836
14015 59699
47293 57719
28351 64922
54940 57624
8584 28126
40227 56642
5886 21259
46939 54596
40588 73894
54991 58243
17651 26689
48628 55371
15542 20465
1520 13882
19332 25616
38711 69101
13119 71032
33400 72502
9041 18094
1487 18644
21500 57766
37646 66061
44488 47137
39667 74258
54531 54741
8438 74585
17987 47809
65709 71855
1401 65632
12411 62617
4118 45808
3260 23603
14210 60729
37229 50091
24484 63172
12846 20083
46615 53475
4003 58443
28492 28797
58181 63253
57919 59720
59272 64367
2262 6160
26502 47796
47479 66038
24206 49540
2043 28735
39904 68926
13349 69476
8751 40000
3330 13160
10668 71548
42815 43254
14149 26428
22519 38587
22084 57029
27048 28429
14635 61280
14963 73790
30853 45825
36645 60245
35642 66461
56994 70764
34399 42799
1894 45123
7577 68710
23241 65084
42870 46824
16993 41636
15915 65783
47048 54880
60092 71044
8595 70288
31053 74457
5809 12980
21912 49355
22229 41097
32248 32735
12288 39526
9017 53640
5321 44669
2049 22031
17735 49603
35544 53667
30662 68426
5655 41664
13219 36751
24651 31035
6750 8482
50335 65093
68521 70113
48109 53065
12232 22119
18669 44357
19978 49786
59439 62460
20196 41727
47517 48032
3915 69624
56562 60133
846 44711
14574 67411
39843 61532
48262 70613
1326 3234
25026 44960
4274 42064
9155 11209
32572 49694
5124 54594
35765 52269
219 66979
13890 21857
41222 59753
33461 71009
28353 31378
1527 26007
19633 64073
39164 67466
50821 52916
7478 69082
43397 45175
26692 39217
3626 15135
29362 35282
9450 45832
5922 24275
16536 74111
8958 50512
9562 43190
17023 57798
6110 10009
18310 47266
16960 34291
18872 30431
13000 65006
43051 72321
40982 58030
16453 70625
10787 69363
34539 59922
27116 56351
5463 41522
56169 59386
23749 34549
29340 44150
8507 51489
4573 48716
599 23898
34942 69020
12419 37463
48131 74221
30596 37465
4397 38501
9449 51548
55789 74639
21355 25431
25385 25672
7781 53847
9205 16339
7539 41856
17514 34448
2727 34725
45623 74133
34531 49776
34083 63529
30921 65546
33031 48832
14064 36862
4881 31876
6135 31820
35128 57527
43258 71398
39851 62188
31486 63395
3102 34904
72375 73135
38826 41250
2873 33150
24500 51626
40029 68939
18101 32506
29026 68951
1507 11260
7438 27753
12398 55092
3803 61004
49216 68441
1553 48058
34782 58695
63604 67698
22935 29199
34554 57410
19275 24190
21915 64651
25990 37667
45760 57552
20695 51832
43583 50079
63213 74151
12400 19412
50411 52502
9877 61348
23443 34831
9153 27525
7521 64780
25189 61848
8080 32138
7765 67689
3164 56325
8542 66216
2560 69180
12887 54438
14878 15028
30522 30549
10889 30134
10828 49831
20444 44683
6742 52442
5113 27237
32281 34067
26781 34966
48257 70139
1291 8194
2334 64060
6131 13911
60111 67524
17226 53106
18286 38798
35953 38295
42930 57418
4020 68291
12596 18602
49651 69646
30365 53173
25658 61385
17682 42455
48593 68098
14878 30494
27684 60146
48108 51399
41342 62915
25630 44253
14317 67016
35276 59246
65348 72027
13015 19383
48228 69454
19693 66199
11014 58821
25547 65714
5081 47808
7126 13968
9896 69404
34813 69320
24405 45415
6502 14003
8593 10026
12685 17909
2530 43404
32536 63628
37781 48777
25555 38154
67906 69140
24509 26020
14653 35302
5481 11106
15352 70385
16238 22048
56648 71294
56628 71870
20628 25068
16258 53746
19363 24003
20815 49890
25503 43795
37973 45773
35614 42136
15519 50214
7661 56046
40651 51819
14120 64870
59069 74135
25737 71217
35073 74870
22557 58141
33708 49405
15867 33265
33297 66650
52432 55159
17406 66142
22214 41337
3085 8875
34902 44489
57447 69781
10692 18365
42130 69081
36710 49186
53787 63928
44206 49375
11280 53507
42169 46894
482 5467
8498 68757
32661 36245
10383 49925
18149 19245
7728 54257
10874 53303
25228 64375
20624 24172
12927 68842
23770 52464
1635 41707
28178 52892
34091 40687
27401 38242
7016 60582
12182 30672
13907 71532
19552 53926
4956 37613
46877 63274
16592 60875
21685 59336
23832 47844
20502 27128
48998 70012
18494 68382
25335 67769
45791 50930
49264 63009
9303 26772
20036 31611
66199 73586
37171 44548
13484 17876
45118 67611
3203 38610
68109 74653
38481 39555
44545 52489
47355 58625
34540 61975
47683 54880
4411 10053
56598 57188
9583 17514
11393 51181
8607 56163
18525 68748
35615 72993
42031 45939
26585 58666
41811 66573
67912 74270
3758 46858
36689 59616
5709 26754
63943 65681
24808 74277
4533 29483
21308 25097
57221 70632
62025 68198
53149 67937
3293 18863
18927 36045
20609 28737
20496 26589
18944 67130
7984 53828
11512 38329
29223 55405
23113 40384
55839 60757
42280 59000
19391 51823
44427 70896
23219 67650
19712 22693
2918 30377
51359 58885
26700 72730
6646 27931
19966 70132
48363 64826
16402 66353
7478 50547
40691 69366
27528 64713
6877 46349
12764 23014
31724 73648
48381 64875
16390 33139
36046 41955
11208 62951
521 9691
9457 30591
9286 54355
22616 67980
24837 31917
31249 63790
31065 61737
13603 55395
16980 59185
21655 51309
23784 47029
4071 54506
37868 39367
11115 15697
19398 44471
37690 50206
10113 25280
43395 44538
39319 65422
17389 40767
8559 13168
2717 7829
9471 19872
44121 58752
468 3721
14971 71227
32078 37883
2301 6956
25463 37401
20672 39142
12704 63707
43806 66250
19624 53198
7603 46969
557 63917
57331 65586
45750 60438
7517 28437
30816 55677
6394 23431
13151 49990
2920 54192
7023 21229
40314 46599
2150 73340
57909 69090
30016 37258
50466 69038
57269 70447
32720 37192
19177 68980
43324 72040
43825 59147
13579 31262
37342 69975
48897 51483
31201 31354
175 74712
30135 60574
25849 69650
61726 70077
1902 53477
12815 23734
30725 57008
25761 66922
20905 54244
5589 69500
12406 33281
4441 8222
26843 66812
50596 74019
54611 72184
56815 57821
29401 46033
67631 72266
6346 23472
52102 52535
31470 50959
20308 51977
18273 45202
7058 36887
41976 45952
12993 63976
14563 16566
32017 61336
7235 63149
20368 22981
14119 31826
10757 51916
7397 9953
52535 66559
37225 66921
25015 63096
24337 64614
29053 64159
48778 62279
59538 66597
21262 71334
12427 19355
49484 63589
17447 47699
18172 45502
51511 54031
57083 60745
6693 70290
30176 36184
24625 57638
700 54647
37711 44103
3572 60688
2508 9903
61007 71049
16523 39569
50078 50448
11098 53058
18090 51126
38863 55965
25576 60028
2712 58363
29683 45876
35440 54543
52222 59314
5336 25314
7595 55323
21718 51187
2845 29720
36963 74417
28853 71848
47296 58346
9000 62829
3333 55642
41461 53706
57395 64246
6461 21448
29320 51739
57606 71390
31761 53820
39698 60688
41865 64091
23306 26141
29822 55365
32363 39615
24384 44814
17550 58978
116 13513
32110 73628
14164 48633
13971 21112
20518 40988
21089 39290
23135 35794
39023 73727
16725 20916
4446 61354
35486 63649
47446 62050
15963 58405
65802 74389
29500 55937
41439 56106
11147 71993
13967 33047
32417 74579
14786 16810
25098 37397
33435 52494
2481 74212
16699 43685
9779 66716
15689 19178
53091 65014
41626 49551
23692 26209
28399 42551
22955 23642
36048 70420
30559 33738
18924 49300
50050 70002
1000 10343
17734 56400
10029 10911
11929 35874
43549 47102
5869 73649
16918 33297
47196 73673
33155 61035
4586 7524
18251 64403
18408 55966
29958 40197
2578 56568
33994 71927
13337 15017
14024 15509
50865 66969
54073 55202
2903 41248
5623 19933
51228 64625
18217 44816
34288 36560
5214 11315
17401 50055
60480 66161
35538 39757
8075 69197
26748 63130
66211 68029
12789 37133
36212 47887
936 50308
25914 47229
20236 53232
21932 39596
24704 40184
45982 50967
35424 67922
9521 13740
25222 53023
16050 44867
56421 63209
3123 20501
32609 60833
30658 37824
9013 17761
47164 58132
16747 24653
5895 50642
15053 49135
7903 47173
53378 64734
22917 61528
7969 29364
31081 37158
30819 48214
22290 49311
20464 60333
29382 58578
25102 57581
41741 42012
31307 36014
50765 56188
5052 62459
52913 61288
18351 21264
7598 72105
59638 71764
41915 56893
27905 54686
9799 29263
6997 50398
30627 36583
59556 66303
54810 60878
1341 63841
27313 41501
20502 44515
9121 24397
53140 62372
42633 74703
2175 54898
40906 66086
6762 62053
9039 38803
65907 73262
5759 38765
18276 45337
42437 64354
71025 73237
9785 46863
8606 11794
12466 49081
10471 70892
60847 65179
8294 20004
12860 29163
39147 52589
13112 29505
49180 61156
12391 41050
13040 44855
59700 62756
18584 30739
47562 62506
22564 29468
8094 42611
52328 56273
2381 46561
25030 74144
33491 70523
12883 69679
34213 68875
21660 72461
19094 22252
359 6820
3693 61654
1166 69052
68941 74396
26296 56139
64623 72790
29863 65894
50140 72797
10311 47973
24459 73909
33625 65800
34354 47469
41736 68816
5217 70525
45652 58133
22633 43522
55398 59359
16370 59433
48434 59992
36935 54279
14902 72842
3108 6062
20 48774
62094 73237
3441 53373
3941 10160
48635 54174
64490 69923
10158 25560
17743 42591
20762 50263
9746 44069
25273 68484
5489 44351
57918 71000
5745 71187
50061 65565
47620 52141
5735 49619
30249 40347
33980 41661
35079 50453
49262 54168
5980 53225
9842 47282
14470 25627
57827 67103
19037 67452
4776 36870
16443 22941
34863 35949
10027 12903
44026 74824
20759 28206
21927 37836
1246 62567
4583 65984
33338 65049
26261 29384
30143 66645
30960 63455
19603 41893
30091 74437
21612 46823
11617 14566
3790 35414
26668 67579
43285 54813
20158 62463
58085 60029
36295 71080
40434 43707
41631 73430
38665 72458
5200 73018
13538 19504
23920 37948
25470 47455
27690 73641
37994 44966
28285 57697
2540 58861
17526 41336
514 23093
39986 47645
28642 39279
10038 68111
23898 56447
21252 37903
1703 25034
2843 17717
3211 57469
3227 35336
25470 45425
63134 71243
40614 48446
42274 72367
20577 50771
11182 12294
16720 43090
4176 9664
2605 39442
39571 58473
48749 63247
34661 45702
19993 33263
14697 58324
7583 29128
29876 33239
24818 54120
33362 33392
34479 61481
31580 74358
29199 60086
10290 44415
11310 71480
10020 34080
64278 66736
40263 65066
784 21992
63644 68696
14898 38144
49816 65366
27672 28011
10817 46563
38124 50750
53742 56640
22942 47968
1312 39382
22730 41220
18690 56195
67925 67958
29741 43985
35385 70948
18235 54194
39853 73941
2064 49085
5915 65262
15682 40443
8260 57175
7392 73430
35780 68422
12806 33267
15841 54379
11224 15803
55193 55492
40067 40110
9335 49074
28934 32140
21370 54238
3279 42735
16831 35072
3549 60448
33561 51044
37330 41132
33103 54934
37268 43444
41137 70766
64401 69762
71637 74308
54421 70508
6630 67594
4678 17133
62984 72108
10999 33469
44585 51214
45673 51395
207 45122
2820 49966
20717 58094
11600 15970
16376 46234
19394 24237
26567 65959
43932 53978
58964 72655
14395 67981
40520 68057
54211 65851
53135 68432
57124 63891
41451 51451
51587 61765
67497 68493
10014 22647
29685 40973
7983 19050
18081 29731
56540 63984
27406 71527
28963 63431
14383 56469
49014 50036
23388 65434
17372 30326
67841 68207
7216 57318
38388 46463
45757 62996
50103 51929
42541 59551
21096 68589
20554 39890
40101 49948
26303 41306
1978 41539
5199 63073
8568 11239
11623 67731
20602 65072
31006 74456
18990 53716
14973 26845
47776 49937
33871 54955
29662 36084
53702 55111
34115 37528
26309 49805
43331 57621
22684 41042
3833 18844
33260 72288
46068 72090
4374 14475
26291 27675
28069 42055
33145 58915
13723 65878
3067 70957
21962 41576
15826 49679
25688 43287
12412 62583
25698 40327
17152 72492
543 45183
2237 58488
4838 12814
25123 63903
622 1666
11264 55678
42020 70781
52915 57336
22927 42166
34174 38774
39200 73086
46761 71302
63691 64526
2922 49551
29403 39308
20441 58396
33157 61043
2458 67697
25116 47631
15193 28618
28681 49461
13302 68964
5403 58540
6780 72932
53792 68214
46058 65294
1517 71122
51374 72517
135 17785
3430 37547
20591 39371
19234 55952
69053 71426
16280 38629
5411 61069
53052 61371
37947 43629
65229 73851
1110 23908
38585 50147
53609 56771
61299 69269
47524 56630
5068 10197
16965 52553
17306 73675
47119 49138
57550 74363
3313 17985
780 30987
3372 10218
10791 59742
42814 43486
25054 28026
22441 69552
23904 46712
47904 65380
34744 41853
8003 73160
58994 60482
23257 74849
3193 17274
60039 72041
55828 61867
28062 59008
23532 43525
399 24269
21083 42493
25842 40958
22439 67919
53544 69046
3201 59075
1454 24438
2467 21429
4971 26685
6743 29914
3647 41885
23023 42206
1972 10041
54334 63064
1998 2867
10733 41677
8994 66391
31568 57394
22420 64767
45650 60425
864 48795
55043 64359
5770 17381
54997 55222
25826 40723
19318 49836
20129 32557
46237 51734
31546 52082
35517 41629
13281 62619
588 18963
6823 18954
9352 21772
14915 71911
22846 35562
5554 59154
8381 46312
23388 72421
801 9364
21586 35069
26164 33162
488 66494
3271 41948
66378 72546
3061 6842
33034 66099
14941 29508
14176 56027
16818 56622
56008 61446
38209 43475
11358 70528
43400 59897
49922 65919
12007 34488
18347 61124
30197 53305
39560 51088
31687 43507
29377 61402
18182 54219
41921 73613
1162 70605
3551 37639
27529 55827
7015 9817
20969 58335
10565 40593
6021 37321
17966 67066
2195 14964
11166 55557
21246 36728
21500 62696
26758 26886
20476 56021
15507 56234
28502 44479
19876 28086
30255 61598
12538 73832
6217 46667
31209 40764
70882 74160
45153 46562
16444 21459
42299 64249
7083 7129
52683 53371
27839 50579
61795 66510
14764 61806
71568 73611
62725 73579
36005 38955
11232 49690
9481 13421
30230 56979
16358 63140
40585 49575
17163 50891
43216 55735
24218 31415
24664 37080
27288 47819
19029 64371
15077 37420
14559 22940
6759 17051
66582 72511
3613 46738
48065 50094
41508 73611
35693 64288
748 44383
28731 43051
12588 15490
27945 61123
4561 35170
463 56446
46412 74489
1195 70463
60582 63262
32285 66394
17325 30455
21382 31935
11774 74071
42717 66717
28066 42017
18687 24709
26617 60780
7052 44074
37753 46333
37933 59360
32527 45826
38426 45793
33516 67811
9056 26155
7537 19104
50806 60935
41296 49221
22078 37756
16540 71317
7196 45004
34168 51701
31463 72941
11223 26739
14971 60725
55285 68106
4675 46222
5796 61506
2992 27038
34596 37904
21082 62390
19716 63865
26434 38572
5583 31998
5521 25902
61055 70338
1374 23309
289 67462
32929 42773
27535 49473
17092 67138
9085 38885
61846 67674
9641 55515
52846 60712
22953 24200
3152 15509
22365 32392
50592 56486
43033 61104
22150 36590
16479 37551
13661 48715
50535 71658
9255 37172
13031 45679
55856 60385
1903 18215
1593 31600
12466 13128
32952 73425
36164 42788
27403 66705
4681 25287
13250 27021
23913 70300
37287 37816
12458 51488
13561 43292
33008 44013
28529 39928
22673 52243
7430 10725
15362 35960
31973 74019
25009 73816
46994 55954
3297 31473
46166 67713
6930 29681
14648 42999
15334 39025
45773 62598
12464 23849
8709 25109
50507 64928
2274 59994
57174 69300
375 57527
27082 48807
51864 56372
44176 49877
54406 57681
22435 26124
34032 60934
48374 50732
61516 67932
22071 69918
32130 55896
2426 23389
13033 40268
23346 42612
42896 69150
19620 69445
35359 66044
45882 67773
14006 56226
9912 57874
14784 19437
8815 10255
9730 61223
3760 39695
18744 53965
45692 52559
3703 23534
31179 45072
22009 68448
31510 41869
43432 67482
14460 68641
34598 36421
44679 71382
25040 59421
24553 29031
24770 37419
6353 72920
34434 59218
28088 57576
37007 48678
11780 54629
39219 39270
1943 18658
17990 30273
10559 61827
24623 50038
33390 54401
9528 64333
17886 30295
43006 68622
41471 64765
3644 72521
49490 64770
5451 73939
41053 68254
38971 52025
3104 5697
31067 35637
31677 56948
23669 32160
27874 45309
434 12172
10394 49506
14064 17191
13998 29208
51785 53080
43820 73024
45939 53322
26045 45416
25254 73645
6771 60652
46751 67451
631 4589
6006 45843
43998 45361
15641 65473
57461 70028
1238 25601
32886 39637
20204 22147
34830 71924
36024 71120
30980 41466
43420 46459
45320 50981
54780 55560
12587 51796
30291 51053
26636 48469
8948 42936
26396 52768
33890 34385
41534 56978
27368 44942
33477 65594
58905 72035
8602 12657
44775 71925
24445 39216
8701 23809
23301 28059
29121 63070
12181 32413
27101 39116
33522 36944
35887 72191
30747 68862
3745 19864
4904 49322
52400 62291
19308 26896
49565 49947
54864 58045
12059 20494
65193 71972
16649 63517
9025 59265
54489 66278
70555 73502
11017 18965
24253 50699
12278 69982
19593 29818
19933 22721
3388 72902
19109 74229
656 27687
28338 60268
2306 50839
41759 64150
51801 57627
2152 35878
15808 55259
20941 28337
38578 59085
34983 48036
41968 44386
61732 74401
45089 50110
2411 37173
60289 71677
57073 66719
15652 33594
18900 42678
61867 62683
6388 63013
6713 51959
17106 50364
36400 46195
36454 46456
60312 72375
13640 44955
2386 25640
17495 65197
42676 52174
7187 15178
44208 62461
255 47049
30811 50288
18764 66349
237 69320
19456 34724
68534 70904
44525 70499
65178 71318
26545 66192
5471 64822
20276 34401
6265 69645
21672 71945
25404 63330
19222 53033
3579 16734
26847 36937
10217 45304
31807 56889
2218 45577
22116 30642
4885 5241
19309 24324
42783 50808
15302 67435
6803 36411
42474 53921
5883 19088
40840 73546
4743 29686
10361 61219
8686 70444
1874 67526
49078 67655
28394 62259
17320 37926
31214 61424
1142 1935
1857 67539
54727 72055
51683 69710
18444 74775
35709 74594
31821 70606
20338 32812
13156 70175
2562 53229
40720 60890
65114 69172
28298 39081
55877 71945
60364 70461
20167 42245
17298 46087
10508 68442
22717 48850
42579 46550
22995 46759
12677 73315
23358 62946
1643 34381
19313 74792
20315 70319
37432 49231
1512 21204
50217 72449
34987 50237
30250 30973
7601 25933
1983 40867
20723 49470
18455 27554
59279 64557
20845 62008
3295 48506
160 50528
24639 71553
39208 47233
14212 17937
2075 62880
1988 32100
10379 74840
24778 33810
35811 37802
19951 57764
11127 55359
60436 71270
1925 40695
27570 63778
34205 48549
52020 54548
8603 38064
8562 62729
11325 47428
37995 39734
17494 32871
3287 27896
20440 70466
189 46730
14959 48884
37117 45155
36142 52087
30316 54847
11979 60545
10890 22577
36687 37857
2040 3399
53361 68428
4873 19630
60976 71229
11835 43905
25128 36619
11544 60049
66564 74383
14608 16675
26471 68091
15367 39143
7652 44656
2612 5169
9151 32055
4234 67940
45813 52773
7165 56434
10387 37949
35455 71619
2129 63155
38341 45777
30304 65235
37936 50162
50414 67923
29494 67035
19657 21286
2854 61797
305 45350
20110 41685
61486 71787
9675 53631
684 43615
10529 22627
2286 38728
5751 46149
52770 59698
23242 47987
14883 25949
20711 35027
21944 69655
1919 22122
63579 68228
7580 22038
13539 51859
57639 67354
49640 66909
8797 12383
30499 31516
28638 60751
2206 38696
1198 10096
4558 46431
33137 60907
8048 66203
32603 51634
47079 48001
24212 55942
5355 19203
57491 63676
15809 30506
48901 63410
786 11618
13185 43262
16003 56988
33850 66331
27566 56343
21972 26808
32125 45991
9154 25600
41910 46816
44436 57024
45272 46258
9326 35417
11083 18917
1222 38623
33779 61082
49509 68325
12333 38166
18665 70737
14947 30640
29104 63116
21652 63093
15657 28223
49165 61027
29216 39842
10616 30235
6288 29124
6761 51391
48705 50785
18231 20189
17007 18732
21650 66517
4122 37957
35219 46961
43659 47796
935 52569
16297 26627
8903 16889
2801 52451
4858 59181
12902 57701
14130 72998
68112 68839
424 19865
24130 38124
2936 7498
126 29691
7413 71178
19461 55331
19636 23545
22462 72472
31331 50009
812 3289
37013 57945
20938 47114
24258 44766
4871 33177
47053 47798
3633 36407
9287 58270
12172 20010
50493 51281
10477 63599
52953 68046
195 38656
1192 61457
21418 45647
18995 60433
12540 31839
6461 36370
7305 55065
33802 37263
7397 69395
74355 74532
32025 68621
28543 34891
23570 41176
40147 57968
59905 70874
9340 32756
21170 45095
6078 38007
6385 55670
11796 65602
7817 55396
13812 40257
20235 22727
42809 71325
34317 65119
14761 25979
60023 70698
4942 32657
53755 69143
15269 35940
41352 56337
12730 21180
50823 55562
1077 45582
38633 73365
21025 44982
13619 71064
27373 55316
43355 63227
5841 13441
9377 13746
58338 67512
19216 70474
13515 71316
11283 39372
27783 37869
17815 44555
12855 12998
42611 73930
5447 66354
15641 66459
12810 45396
2159 13962
32192 73410
37089 53860
21420 28072
2670 30768
16289 34856
43653 73782
6258 34926
7318 11822
31460 47211
52454 52907
25885 37387
29328 59485
12710 58900
28847 72417
33942 53935
17397 60336
12846 73243
14634 44520
29481 65463
33208 69935
5090 7077
35130 65013
14468 33710
49056 61010
34224 54983
21068 38328
17924 21615
9105 20182
50351 52614
13604 17551
1688 70588
25300 42202
48638 73742
23296 51235
46286 61709
5027 68652
43041 65278
63141 70019
16792 46372
50672 66226
32007 60483
15108 46543
2154 25124
25919 46527
22423 47648
12779 46617
10258 66326
38061 46429
24284 54810
3658 62483
4404 34752
16152 69154
31487 40790
954 60758
14625 71791
35438 65232
21938 53769
46692 68458
10279 59123
27988 32031
6215 60197
40602 48107
41241 54521
1989 28323
2797 25595
27653 35961
23297 58447
11346 52601
11195 44347
2835 9048
12553 57189
62854 72124
17954 47464
44429 65885
46221 55142
12187 29680
43865 60550
4487 22359
3859 71899
27597 27887
56149 71422
26884 30793
22966 66296
21668 73733
17102 29628
54924 71963
9190 19715
41228 56757
20221 26232
58808 69644
34558 44382
3694 31183
42627 56180
7191 16490
3344 40513
25621 29492
35699 52944
18468 38439
7879 39947
1062 3714
45349 60216
15004 53062
46987 70143
20831 31761
9198 32681
47162 65396
8729 49215
79 37318
16414 52871
31281 70461
14729 70554
31974 71390
28706 63618
88 42458
1862 24345
29655 58781
7155 68831
2601 9670
35592 63196
27927 73920
33300 71233
31302 58883
18107 40181
11151 71279
33165 39643
38718 45695
8442 13587
37323 68537
11605 33509
13643 51204
61763 68161
40560 51631
50779 62057
21285 57232
7918 27132
10997 32571
54763 55389
47633 62749
4018 34917
62818 74663
6 34061
21334 43582
2315 21936
9852 31818
56745 57050
55445 74823
32446 61870
37979 46147
12929 43282
436 43713
11020 52965
2986 42390
2093 21998
3029 50854
14837 55917
45730 58916
28858 38437
30085 48386
4317 71131
8980 16825
27498 63506
21988 72249
37472 65688
33056 50101
25668 63063
37859 48140
40260 42692
6418 11720
34974 42033
5525 37471
9377 57726
15230 53481
7825 14662
50258 65402
26 2702
45005 49557
16316 39282
39099 39249
24463 29087
54196 63674
44175 66927
49069 50853
9844 49644
5774 51780
7841 42409
63368 67431
770 25461
12473 15751
21903 23097
68179 72198
20503 42470
9009 31571
19978 59298
30407 72381
8100 63347
7310 28049
6496 28572
37116 65693
29071 40700
28753 60220
24002 46333
46781 64580
24931 52306
46029 67909
6017 13266
25566 57354
45943 57016
1508 35291
29538 31248
29975 42429
40375 48110
13431 74634
70970 74719
42810 67439
6699 55088
22088 29650
60984 65825
47037 66200
14022 42035
8626 12205
52047 69943
4480 59027
29611 59921
39930 62537
9810 32344
54420 69502
66287 73214
9306 19099
38513 64059
14597 21265
41182 64255
17128 42566
12231 13774
20823 32778
6272 13924
10025 59181
7491 45809
9938 40276
16178 20556
52053 53674
6493 54755
12090 46240
9931 61044
16550 72089
19666 33709
35043 66940
31440 67642
43085 60621
14642 37641
46278 73061
2668 59874
33222 45093
8232 57831
47813 67560
9405 45824
4088 24561
56205 64544
12868 41593
35245 45154
45614 57522
10215 44263
12124 62260
13336 60410
21576 47392
66087 67207
26991 65711
36067 72208
25713 74079
6794 18106
15365 53595
3700 30822
17646 64816
43660 65889
45473 50035
14238 51623
43815 64726
46936 51951
35103 52948
68857 73160
1515 29541
6293 18582
2070 28289
40686 69742
27795 41341
22958 51106
37882 44299
18010 26210
49459 54542
45807 48244
5758 7406
9031 71144
1238 21814
27531 27661
22576 47107
59280 62370
6280 37952
56670 68323
33192 63263
27727 44172
29553 63980
30043 35318
8292 26182
13649 23775
53754 66877
27922 44731
4998 40324
69325 72165
23673 66479
28257 63272
21495 63003
10210 67943
22233 34035
32995 58337
15126 61492
23267 42081
35936 56187
33357 60639
10882 17136
38180 59453
22748 70575
66006 67799
13819 36110
29609 53388
12824 31698
3280 54529
36885 44350
2232 73231
42819 47634
43140 67955
26364 58141
155 70907
40764 74759
26353 35396
349 4470
2836 35246
45376 64068
53786 65604
12524 63816
39740 63972
33439 51523
54908 61028
46989 64823
2744 13592
14293 50469
1382 24011
24892 32028
32882 52373
32533 44761
39301 42025
19645 22643
984 71352
3126 67368
17173 44873
22655 62752
18555 69634
18728 69739
143 66691
3876 71132
10487 23543
11153 14607
11666 54610
7189 68964
59182 69397
22141 59388
517 59507
16930 27230
13779 52591
27481 30110
3288 47345
28349 67864
39714 54149
22155 73246
26984 54801
4444 57745
34589 57533
27584 45081
26532 39324
15961 23986
33583 50126
20754 45615
1038 23542
13042 48323
56510 59418
17771 38077
28151 39785
47535 59707
9665 58347
28859 71163
24769 49771
7797 35997
49925 52295
25831 67959
29173 62904
23761 71389
11962 31455
26945 37646
12156 19625
7789 11157
12218 55328
18605 27627
27557 70808
27904 51537
5699 74139
10556 17274
69976 73548
25576 31144
62056 68476
27590 41427
54744 55907
15439 74500
48963 70687
26763 38697
46541 54297
40875 67219
54438 66866
49446 51121
45913 63099
4503 13583
12237 17470
14167 45574
15132 42372
15727 36200
41719 74748
9181 70196
20357 22065
30549 39530
4027 12408
20166 46242
23242 28186
49361 57267
13490 25083
2602 72491
49388 55527
5668 45552
5303 71017
15847 36566
23888 50363
57421 69041
13032 64033
23356 72881
3934 24468
34762 36906
15313 71960
8196 73488
11546 67725
65274 68395
20181 48025
33887 53764
13450 22909
2073 16701
25718 37703
30800 68643
67851 68141
5893 8826
18626 34557
64220 72324
53639 54053
25258 33662
32779 38837
19007 61120
7408 31738
16121 28350
1245 21052
152 52852
55671 58025
7220 21925
20652 33094
21722 54281
8528 14632
27868 66585
8611 61930
12865 65279
1910 10634
18533 28275
33217 39030
19841 57902
49166 57923
19575 25855
41376 44912
56656 57356
58125 65120
46902 66149
6981 27852
5928 23639
19599 46000
50272 55428
39550 49361
16612 48068
45172 68595
57289 61929
14044 46038
15070 24201
45065 56075
24807 34183
18607 60487
52498 74641
12402 57470
682 3140
12871 29383
14450 58409
38699 39919
13330 48498
11898 32513
33279 49794
44932 45525
37146 45530
29419 59313
14370 23080
11336 61773
52712 56256
58474 64581
6469 36465
33845 56411
14712 17300
7340 69356
32079 42665
47157 73339
824 65576
13208 56218
44330 52842
3761 18827
27730 66903
48871 61723
25486 30498
23076 70441
41329 63877
19087 54910
20477 57799
27606 34821
6001 74843
26950 72881
675 48549
59666 63706
23173 40819
32967 40452
9629 29872
1318 2051
8752 56076
11231 29909
15939 62341
39424 41825
21780 27153
41689 52965
2972 70654
20849 51384
10755 50688
6243 23981
26437 45603
7078 33208
39566 56566
12985 13418
29626 38779
13889 35673
27843 50824
17545 60965
7201 42557
46381 66765
3983 49775
11415 63175
9224 17386
1561 37826
22209 32261
50167 56404
32292 50569
37687 44962
23886 46781
7760 23154
18066 46654
16578 19390
8331 55293
23646 53953
22287 60965
37156 68551
3491 13515
8794 33457
427 8796
19344 33033
2998 20387
40666 58130
30763 64012
14055 49702
28312 47441
14308 20663
3180 8344
1699 51633
68931 70147
67803 68866
20415 32682
47512 73301
17492 33917
50760 60523
52304 63334
52811 55239
39134 47156
2625 35192
17822 36169
19601 31897
43403 43508
20819 59948
15871 48663
33531 38132
30723 35406
60173 70435
46096 60297
17427 45298
20769 33398
3904 20301
14271 27810
24389 36767
22776 41123
36707 53214
32288 36166
64010 67222
41729 63379
10564 35268
11612 51920
40934 51574
40949 48751
1196 43166
36249 59834
57960 67658
19389 48888
9979 42103
32436 55405
54273 60820
6463 64721
36178 61816
47984 70498
8330 50268
40549 64439
46837 58061
10934 14503
6410 35728
625 57303
70085 73660
35800 43171
20338 45931
5509 59072
26604 63801
1186 74297
24400 55225
9749 26396
23443 72699
64655 70812
53843 71934
36405 39724
17900 18275
9198 54250
50809 60321
57094 61686
24273 42917
50544 73016
45515 60940
16798 43730
24518 38876
41748 55726
42945 58067
19519 28826
29793 67210
16311 37280
8882 52282
8839 70802
5155 41612
31415 61404
28207 35013
401 34515
53333 70215
36477 52060
45568 45778
27094 58821
12979 14601
2496 63510
36830 66005
31779 55839
4755 45443
37530 54480
46089 67137
34331 70658
5059 21732
5630 62550
21453 31604
19846 25791
58393 60464
53777 74197
36663 48246
7858 32807
34436 48795
26388 64432
24644 41519
8734 19133
3576 52321
67178 70897
33969 66106
37668 58366
14146 24106
34573 41981
21123 38618
18023 45348
48308 50197
10178 44475
6616 37888
18703 31515
15718 51874
37121 57924
20650 43791
9880 58844
9225 60164
137 40307
8080 49084
1717 72444
9964 31314
33384 61026
3292 35061
7045 16579
30049 58605
7213 44087
38139 39485
4246 16790
25257 67188
49543 52562
55938 62710
40519 67732
5439 45546
8098 72340
1455 5190
43607 72406
41985 66729
29426 29707
25706 37790
27150 65078
5129 55946
13667 61669
29518 40627
11242 15552
63646 64784
17690 58509
33667 67255
17696 73905
2037 69801
69294 71215
28409 59801
6248 40338
28895 66837
38167 64264
55098 72981
59832 63964
27469 67809
1259 60618
36733 50552
38884 49849
4495 42647
24204 56433
45185 67983
14488 49989
4511 10273
28659 53495
24477 67818
55291 74709
44157 57995
2540 50028
19460 29099
19457 40097
4616 53138
27439 40462
35732 40572
32014 42669
17693 27138
38430 59618
52970 59834
256 45781
12093 51639
43978 62850
34134 59934
7320 59349
69077 71631
46447 74297
13594 34607
23743 71015
37169 73587
50143 65956
28523 29282
16594 63716
57172 72673
57334 66326
51401 62199
26869 35568
34018 51727
62363 63359
30346 36540
34892 45445
27245 46414
62203 70323
5473 63063
12639 25692
10175 54726
44455 50298
52823 68385
5638 43393
12643 33193
61052 65065
16054 62173
32908 35018
15138 20087
34805 71581
10346 38725
7768 17548
40130 47423
43609 47658
20005 61775
6348 20119
57226 68627
29607 31645
12769 53222
61789 74870
33460 63235
31200 31904
20102 25128
19496 25416
20251 37696
34169 50939
14425 25852
30194 56386
39239 49581
145 12976
53832 59593
17635 67477
11282 64010
6785 73319
28309 38436
1990 49892
48576 74466
59883 62321
1609 65440
10198 27029
15279 48615
54144 58061
8581 44150
6473 27721
34255 66733
19642 38250
6675 11672
23768 28263
23332 32677
36819 66377
4440 23873
68093 73407
38644 63273
6318 32350
29956 69195
26327 65047
35009 59384
11589 34327
31650 53384
23937 43125
6062 49675
24408 65904
63345 71507
40209 46330
28367 51651
50145 55036
28707 63203
23515 68223
24992 70601
27104 55041
11216 11573
48636 58259
33080 61969
8093 20334
1247 46637
24403 65272
10188 64717
12290 39189
42457 67273
28902 29544
11868 67107
38118 52156
56963 69560
34232 67694
34918 59919
1160 13126
6395 57271
25798 37109
9394 62382
5837 29304
15655 73501
66575 67538
38088 74829
9027 31263
23518 54571
8034 13226
19539 36314
12404 14724
23384 27467
46819 71815
21343 31224
17978 38109
23831 26880
4116 73125
19271 55343
47955 71444
22384 60957
6042 12416
52739 70502
18795 60839
6116 71579
31153 52301
11154 20392
1548 44408
49458 51404
22157 44237
12760 28205
41545 48414
38790 51533
27098 45854
20061 46815
36259 62464
32718 51317
48283 73687
58300 69064
30884 30912
3447 62176
17400 74399
65250 69277
7249 62844
28484 72922
24775 69612
23512 66441
71936 73576
16188 22325
25065 56332
17472 22290
17118 70426
26038 67347
19586 74344
58137 60784
35377 69521
36030 43930
22950 32272
3129 74458
31166 46068
50309 62475
1475 10875
42848 51135
39502 60890
14096 39156
54666 58375
30352 54821
1538 30844
28132 42153
56423 58449
18211 48105
28334 55749
943 74356
51123 60911
41773 54106
44463 44954
8057 63225
8047 25771
4807 29918
5909 10786
37370 47267
4909 39004
46001 60822
3810 4050
19759 43509
17169 58111
3887 13945
22975 37131
30128 57892
60973 70834
66169 72025
17602 29523
45170 70282
8796 11568
2497 62625
20342 26552
26213 40997
1613 59341
43056 55125
21298 24798
6162 72850
33487 57014
73803 74875
31201 68900
47750 57943
66931 69870
20340 56776
18832 50827
30072 73960
13605 62437
24180 54265
46776 55603
24901 59535
31312 32819
32644 62327
12135 68985
33918 35556
36117 61581
41961 44835
7184 66857
36460 57751
53344 71264
4228 64293
39039 59782
9070 27901
37522 63622
34871 44020
10884 40917
45925 54071
14552 56348
24925 50355
6236 65443
50966 61593
2272 40274
11972 20876
22796 69305
34723 42254
58564 61699
44647 64494
15370 48057
1794 61518
60825 64253
9673 17573
45140 51815
5258 56225
1132 12452
20783 23456
18247 53238
24836 31789
18758 31256
5393 25859
43363 64603
26115 64208
30285 50067
16097 53138
32823 36277
4314 40373
43385 64388
16638 44358
15427 33154
14368 67699
6344 54451
269 9232
5644 52726
49045 57818
30339 36123
45551 71351
28973 66797
37996 51486
33142 39581
43130 74067
19839 59773
42282 57975
32378 64180
31484 63161
30665 42475
69 33209
43389 44677
3623 19740
28685 38469
35784 73469
1431 31837
2226 8432
33507 48937
15778 23190
32873 56328
15104 35507
26332 67018
5781 38127
13016 43677
36912 44708
34509 74162
18628 53689
4117 12737
22682 73157
3006 5071
122 66557
22037 48485
37234 62114
59407 69539
2149 16745
61521 70830
21292 48823
21026 68669
4854 30585
22544 47083
66402 70327
52024 57543
44412 66706
42479 43303
9517 21286
24252 71423
53201 56242
20431 28308
9783 11683
48377 74565
12760 47638
10599 39278
58208 63766
15645 43773
32939 54962
51979 69091
30197 44530
32201 67782
41653 52408
48573 49331
1664 36072
52799 55601
52616 74888
2737 31066
11650 15330
13541 20605
48113 53200
5851 54940
42555 52707
36768 67158
47538 59108
32590 34632
9369 13416
17341 58519
37124 61982
3948 4142
18497 45515
60701 71529
24543 64804
27363 34445
37762 65998
10361 27779
37971 53316
46940 56415
47765 48803
30038 57880
9561 64843
43079 52598
9019 30002
56067 70638
4567 50461
43767 69297
30646 43959
22920 62708
8392 33557
33294 34984
47222 49894
67367 71271
7590 62775
6654 67504
8419 35269
6325 53256
19616 49984
67970 72584
64327 72131
34900 66760
8993 53933
2511 7226
23311 58053
541 59343
11475 73477
30926 55182
13448 33506
5846 65710
4481 69596
18830 73601
17760 37706
13631 60209
47234 56520
36145 68193
67550 74304
45335 48072
3697 67521
4075 4382
30678 57820
9660 30214
61670 71609
53393 69677
7173 59417
6637 61406
2157 74253
6941 44793
24618 70501
19114 50018
25731 34836
10942 42803
37870 72468
6911 26226
4069 45745
48730 63499
23340 41535
61023 70963
6971 61044
18526 39745
37230 47521
15677 27980
2439 19613
58629 62257
38606 63443
13981 39312
5259 39453
10582 10864
16115 22395
10571 55764
33659 34823
9315 42086
34717 53453
29748 30719
12615 67979
67058 70052
22579 48437
6701 50726
37810 49737
31250 57216
62251 63159
14846 47462
10913 35498
24342 26770
24149 64267
45620 62829
7000 70129
25643 62666
36558 69046
20812 53546
9506 51691
3935 74023
20187 65006
17181 69174
55402 66290
34831 71438
43960 57290
4463 68340
1307 25973
23291 60075
3134 15719
26705 43340
4353 50878
13403 18197
39653 41293
18760 54200
1854 7232
24682 66873
16586 27976
43618 69791
52741 53641
12352 44181
58017 61649
13367 74476
13557 61596
5831 66259
11781 19068
25650 74598
17200 39548
41317 52277
7283 39832
61188 73402
41860 51902
15037 48266
25240 65844
13384 18204
27534 72246
41021 51385
24843 49028
5536 45097
71460 72673
8590 25501
29476 64298
1997 71852
10658 71408
25932 52030
69713 72278
33135 46352
4666 40110
35650 59433
28620 38225
37680 44182
27227 69481
854 43785
8955 44924
4657 52100
6073 11520
1721 7900
16883 23759
68835 73683
36954 60510
4031 55950
12331 65810
40063 68349
14449 45715
1289 1969
7753 74336
11136 25261
3406 32357
27713 73511
54710 56637
21430 54098
6636 21796
18959 38389
13043 69424
22797 23612
34250 73370
21982 60215
46558 68820
18191 59013
9040 17143
32084 67986
6080 66660
39925 47756
32798 51393
39449 55908
47687 61358
19905 57536
20153 54081
26674 55419
3913 37807
58804 60668
11929 64759
46538 64096
22864 68713
24496 55750
25540 74411
382 17617
29074 70672
20527 47929
3489 24678
58275 58398
17873 18483
29811 56133
55567 66472
23523 69895
48306 58792
51197 66011
15820 19236
6979 63569
34497 66273
31550 32942
58421 63477
64995 69756
32453 60416
52226 57477
20271 63887
13541 21949
22566 24118
70939 73636
50040 51239
1330 32946
39658 52996
11338 28717
10969 63231
24401 52881
15766 42002
25517 64989
23887 73507
46176 57815
33525 43835
49510 69135
29870 45742
34910 63392
5833 30073
3940 64702
63399 67537
54095 73322
35414 71596
34210 67018
67500 71240
35057 72694
30495 58880
50752 54754
30769 68085
15162 34960
17604 42913
46121 67583
912 30054
58372 66893
5195 34593
3119 29474
59191 66499
1731 54513
34393 64089
18257 46309
4363 72363
61567 72532
6319 66731
21293 43634
20765 26636
39299 44338
24810 50171
2240 40465
7469 47923
18590 29601
6204 73962
56539 66225
32061 49246
35898 48080
23861 32010
601 31304
4946 47347
53161 65160
30545 59031
48243 50751
55585 57780
7960 10257
46648 49259
29450 72076
4411 28742
754 921
59768 67814
54555 61762
47860 74662
40491 49440
17412 52545
52534 74319
14977 58870
3202 29051
52008 58162
55875 72542
26362 32765
29125 51946
27754 40671
25612 38047
11461 58362
6053 58385
56222 65781
37224 61594
1830 44478
16833 32180
21783 59555
29856 40383
9836 24764
65191 72924
8068 33993
7276 60308
11220 22773
65125 74875
28080 55550
21032 49314
18593 20640
31246 54065
64134 67699
40625 64926
14977 61804
7947 17178
14733 30696
33139 70050
10592 62263
1045 68572
38552 72261
40180 71233
39721 47054
19349 70725
19838 72170
34980 47496
28209 69844
4370 5621
5944 65142
38834 54597
27476 52211
35577 66925
4233 60080
33951 51710
29493 59520
4590 74786
22586 67900
27210 41563
15101 70263
26184 29940
20256 46953
29414 29803
37273 61979
2684 25836
5334 55032
22637 55882
46198 56184
54544 60212
31013 73817
26621 45192
9439 73886
14980 41065
53351 61512
29001 32340
2527 38539
2098 6522
15346 19454
2943 20405
43371 46786
34483 34973
41234 44876
41526 62489
12734 72226
15355 65045
12589 69517
25999 68952
54820 55285
53601 74820
25982 59118
1105 29646
71362 72428
56448 71415
16211 52419
27194 30394
15281 64020
7916 69652
14372 32654
35206 44814
8840 9244
13184 13608
17950 25371
41960 58709
1699 74386
53741 55913
46235 51777
52056 63920
45044 68038
25429 44416
13070 47039
33901 57044
64798 68718
47942 51453
22806 59937
43467 59034
39095 73161
3745 18960
37103 38541
11070 49390
12148 24180
34704 36501
4744 40797
3603 7714
52052 68834
35147 55233
36352 55111
13651 25709
14294 64201
55511 58358
58121 65385
37767 63033
3334 43422
28526 37895
3056 65231
40256 45931
59769 68301
27999 58684
20862 52853
51280 56296
32583 50522
59089 63626
9170 51326
12741 48933
23292 26055
28627 66290
54904 60382
15432 36023
1760 28881
8450 15235
51497 62247
36684 42700
6586 32053
58421 59714
4846 59593
10570 33100
12495 25751
48895 59807
29042 43252
6923 56332
9858 14067
9396 71262
7757 51406
17503 62358
7079 9919
34450 66388
4329 71383
42595 73139
36115 44983
12206 55380
45575 57317
26102 52391
4247 41249
12330 59575
32308 52376
22636 61811
26965 27953
6410 41870
37332 69691
33939 47118
45659 51679
371 62286
22706 70836
11068 55064
1034 31008
60471 67373
55152 56629
3676 8988
52750 72755
46802 57939
40466 44223
15672 30959
54825 71113
52277 71155
10357 14491
39614 62184
14253 44874
19840 64844
13731 22828
22271 48022
31843 59217
8601 59220
7344 53644
33180 68798
41951 69632
34995 53736
6864 57160
2448 17262
13163 13473
37144 49984
63770 70620
51604 56513
53186 71030
38765 50667
13664 49198
21995 67198
55524 63331
11566 58673
41829 61145
14371 56951
2713 13718
2658 23628
4179 12828
31399 50861
53828 59197
8778 24723
22336 54347
2957 26230
59888 66793
34934 50456
38539 74243
24068 24637
2700 44220
13645 41500
21822 62371
46503 53719
24199 55091
8953 25908
42588 67986
33100 38248
72701 72942
7109 39028
26948 61320
41667 66630
44845 55455
30526 56900
31080 73781
43226 47285
8917 68011
18817 69499
18532 57138
3542 8617
36489 41815
49488 70887
21301 54876
29073 67854
8934 60333
7790 13083
27060 62630
7117 10381
3737 23881
60125 63548
51422 65008
61420 72267
28795 41232
14457 66016
13649 33560
6661 33358
10305 57233
52138 68518
40260 54254
4947 7584
54968 59326
36680 36853
44834 50695
44590 74812
31738 34072
49218 65490
19135 58682
12922 14396
25592 70822
121 11807
54509 54833
15662 30223
18928 46574
30054 32977
1042 41135
2786 43104
64017 68127
21815 50780
2212 39554
27353 38638
17447 57019
30189 69874
54926 71689
3700 60660
33103 38804
19199 63000
29688 44275
33228 62161
23636 63591
18244 53414
27091 39990
23674 69724
39204 43855
66351 73308
6839 40693
48909 50019
49227 55174
42352 65961
8309 65771
14025 55624
5505 65856
28636 41308
3948 47336
2763 13902
148 2572
11797 20926
5280 50250
555 36628
8075 9221
1823 8685
23239 53267
9220 63435
45324 54621
8956 33791
22226 54273
20155 30105
49694 61757
5700 42568
17355 63342
15964 61526
69087 71419
6466 54158
62783 74313
5412 20404
1333 72276
4073 71309
43088 47637
22016 54828
3892 38521
11539 60941
2741 51671
17711 45899
910 27090
25254 71639
18905 39808
21811 59492
27674 34586
41742 43929
27868 38248
50963 73865
47823 69447
36208 37159
51841 70952
36343 57615
49881 61366
5704 68355
2184 6428
26889 54943
8759 46502
5088 55435
3547 41071
59336 61784
20729 35933
50306 55479
47943 50515
43734 59485
14911 68524
59638 67270
6356 22224
9796 72379
18207 72067
1706 16521
5993 44811
25310 65548
45243 67304
37265 66212
13705 35921
19119 62163
16511 56842
54924 70347
13936 60509
7366 31267
8303 44738
34578 56152
26134 30927
10003 58578
1044 16118
41552 55886
10051 56116
13266 64508
10745 22486
2336 58140
40823 59067
41233 43668
31857 61607
19413 56536
51046 64404
26620 57215
25379 60418
69933 74248
2165 67456
44196 58254
58980 69018
35152 53533
56807 68401
41236 56455
13013 14430
11779 13202
38870 41471
23617 70920
30204 41565
43683 47764
4739 35123
37263 37793
16611 55270
19156 68408
2041 49170
33996 56983
54779 59230
62378 71572
2112 49038
24316 46318
9308 63887
52578 58008
870 72296
13476 63150
49613 61559
31923 59810
13901 34318
29519 35210
21544 38226
4214 70348
17820 64368
20799 37246
48307 49449
8165 12928
25431 62311
15577 52571
48616 71857
16541 64774
11881 25452
36326 60164
52586 67580
11378 36510
9867 14193
18948 38855
57284 69525
35233 56298
11222 54582
35162 72580
16948 21460
27267 59385
42603 57824
16837 67599
26240 30818
53006 58850
9292 43820
33603 72420
1532 10186
30694 52254
23177 35004
30074 63502
70196 74274
23725 47211
8497 61056
18810 40015
51162 58176
44484 65460
15624 19068
44751 57465
21528 26650
26853 57139
23713 53455
46219 49180
42956 55755
17469 65357
26570 49190
132 60726
7338 47275
45769 48450
35322 45804
14138 69855
13447 45802
45968 67695
2198 68901
5101 14649
12332 34281
38614 66915
7523 49374
20335 54899
1740 56545
13689 17845
59503 73905
8572 11330
11641 62516
21131 27395
4025 53806
3427 55847
1526 36380
21481 59944
28528 74067
45531 57662
9121 61441
51809 52109
48994 59100
28368 66122
65052 67558
35068 71806
25274 59588
852 37784
14034 24542
26406 61760
42289 47368
24793 70353
46401 73757
6084 38192
11517 15270
2075 32780
4254 62180
17008 59224
66439 73756
12953 26338
32740 35322
8522 45240
4125 29777
66125 70098
27542 74539
44488 46874
19405 47389
3607 57214
63970 68844
7701 40487
26460 65606
7500 35335
40177 53377
34356 39829
50482 53168
5877 29196
20138 70097
14310 46317
699 1763
39858 64739
1118 15821
47082 51288
1399 44487
25604 58214
25519 68877
2056 13666
24808 59871
60638 71556
52753 61535
7297 34936
25442 60213
70109 72969
18911 56574
40335 45313
47422 72013
41632 57152
22894 64446
36097 60457
38516 74422
30424 34264
10566 62489
29160 63745
12313 36032
3722 74169
20801 71671
17176 44084
33054 35652
3225 52577
36980 65931
30110 59459
10271 44892
4466 42846
27420 36766
5990 66948
20549 26716
35684 59139
25078 60567
20887 22289
67661 73251
6718 19559
12471 40076
2985 57678
27617 63572
3070 51090
12988 14910
6237 30705
37878 59345
49778 71258
38603 43566
2823 36137
11236 31326
1 67472
5013 13173
55252 57535
17029 50293
9359 31519
3231 31685
23915 73761
21666 38423
5942 58977
71871 74099
14263 74570
6523 37448
16521 63308
18659 71342
33790 43358
9073 55459
7726 45723
1363 70829
20385 32734
10179 42715
26008 62613
10013 71792
63777 64015
32766 59849
46024 59377
13756 71620
20796 23493
29723 55715
12679 16934
19290 42567
68058 72356
14079 18863
65239 72047
22440 44863
54304 66985
8606 41224
44154 50608
39941 42814
53394 54018
43320 71525
10249 28494
44147 58841
44139 60377
54610 66071
46577 63182
524 30446
6901 9488
17481 27633
19885 43898
61350 64795
21441 35671
4752 63092
44549 53703
43264 59080
21149 56150
4674 14715
11731 61941
61362 73521
72333 74697
25274 74493
22060 32414
17063 24619
20872 47999
2796 57230
56952 62161
6919 10297
2710 61543
3767 43807
3604 23274
7112 66614
51047 61354
7473 43805
11504 71212
47165 64725
40277 59242
35145 53362
47391 67579
54526 61727
30124 32347
5009 58855
49767 73314
12791 58352
27477 54572
37742 57638
27777 37302
57981 64113
28980 38756
37803 57572
1114 64298
15635 17176
50075 56596
25779 60576
817 61242
61339 74682
41274 50147
9616 50605
18647 31095
32409 56935
30426 48530
41474 65716
2762 38380
11980 50262
14524 30254
12848 37348
37802 38954
6915 18760
5528 20428
47530 57843
64106 64600
16579 66147
5569 53378
67650 72348
67352 74563
20354 66188
32047 66826
34176 34971
6510 30726
11431 41551
8989 49312
1364 65149
9054 12470
43496 62620
28097 72963
7016 69409
44520 53237
28272 60507
49573 70009
27790 43443
13011 37757
67934 68507
17940 63153
41538 56327
39984 71642
30519 50368
11199 71781
1363 58419
2911 58041
21643 23281
34297 38165
8814 26590
13339 38131
9338 17431
8671 26598
45437 70301
5801 19405
43408 48066
69402 70873
17565 20601
40985 54534
43206 71275
7837 17518
18406 50929
3200 54849
4811 11637
1573 12809
7736 60959
4885 31528
47369 65241
30229 41739
50396 66666
25232 57706
10163 28046
18458 21184
67084 71802
1769 18396
22755 40441
11788 21808
56077 57243
14959 60695
2579 3640
39327 40862
10180 34270
15277 55471
951 28023
18770 51387
50526 59031
31308 38141
559 48222
20419 35365
31831 51821
54275 74046
29048 53718
28447 32995
26175 54504
45112 62622
32687 63177
16466 50795
23695 26499
15648 34674
12335 67866
63427 67744
8881 54213
7928 35826
15254 36753
4412 71474
41953 50360
14752 32081
31054 37863
41952 45788
35032 57836
3464 32184
17977 24493
49634 60323
26551 55903
26122 44286
15874 45148
1007 13207
66521 72265
16914 24169
33420 54100
48267 58369
12448 38068
61254 63560
7185 70661
15952 25823
10837 50358
18362 70027
30397 49912
14393 26493
2520 10153
43234 47902
3044 73675
3210 10865
20466 49782
19572 64909
7168 59103
6444 16452
47197 74524
3018 19497
58327 60501
30787 54306
42974 59991
43395 53964
430 21811
49426 58256
17294 29270
23772 44159
9839 17795
3115 40356
54599 62825
15737 71281
21683 56570
9360 26224
8890 67220
11038 41200
60277 68807
7073 31878
9036 62500
16486 38754
33102 71148
38454 46074
7942 71784
21369 27960
46523 71031
38654 57699
43188 55574
18333 66323
53886 65980
42379 57081
57089 58701
16371 41516
43739 49335
28047 37016
15014 39234
1200 28443
25264 39663
7862 18432
26140 61054
57028 58616
44076 67903
16162 64435
55345 64167
2091 6079
30931 59843
41645 57504
14998 27289
19661 26373
24835 42646
783 53924
35970 73295
35926 61643
10024 52911
32317 58903
30027 62890
8662 73215
52778 70530
14224 32497
17308 38863
14861 19057
37106 37261
16772 38296
8356 58502
5715 47436
7998 74115
18168 61009
16750 20184
53894 54723
20964 60611
6417 52317
10223 23179
7185 72357
22182 31038
11530 45254
49007 73101
1308 39228
28985 55569
32311 63107
44915 62314
48213 55143
59234 69311
25157 40256
10544 17349
22919 57394
14203 43176
32015 71476
5384 53089
7677 67051
43014 56231
32917 47390
15805 31980
17595 18358
17366 72057
36496 48134
12896 38916
10938 51196
46275 49669
11695 53402
4143 28721
19404 19527
51754 71337
10328 17567
11524 19556
28909 44537
45527 60542
21742 45533
533 66133
5513 29927
50069 58163
71418 71811
14875 19455
22236 50676
16309 47142
30583 47760
22572 59775
20198 52635
20682 59806
50889 71858
18430 40861
15521 50851
35105 61502
16994 64814
53003 72686
66995 74138
10260 64232
3815 5282
21914 47643
29018 35835
6941 48979
37507 59950
20199 53142
9052 17155
22020 57714
12254 24964
25401 69146
6921 31306
8121 72100
64660 73967
4697 61142
10696 48468
7032 39071
35759 59024
25336 26618
24115 53211
17367 49274
13916 30210
42416 72046
1263 62907
43301 61109
47254 52856
7920 22072
40705 67529
33284 72738
25841 53439
26418 62033
12744 43148
54581 71367
3187 28652
26951 59741
44045 46037
36307 70488
41909 66142
7298 62307
14025 21363
6800 13944
40651 46110
20188 48341
8907 10496
52319 55174
7085 73560
27827 48676
2523 12516
37974 71050
4168 51886
25353 68534
44803 62666
12128 42505
4568 31567
9831 12999
53425 70313
3786 25160
27619 42548
29094 30459
8748 29833
7955 60122
31785 72622
20608 50575
52628 72177
49353 56566
4287 10367
55354 73749
16924 23666
21817 50786
30916 56052
14537 26454
7550 17654
38516 56371
12367 26253
21787 50941
44744 58217
1444 52175
12125 50257
8424 62546
117 70875
55319 64386
25145 64588
844 14972
52379 71015
45568 47283
20909 49961
54060 63621
19012 56876
21278 52929
53491 72852
30015 47605
32372 40390
34507 46537
21172 64113
15038 15533
44680 62145
1126 10087
11141 50165
13353 64110
1888 26387
29792 72130
62048 71148
40089 65374
4816 21080
25165 34494
2711 48497
31088 71343
32476 54647
29983 39198
23894 25311
56360 70205
27844 35796
20677 40739
24434 26516
22914 51411
11696 67170
57753 63749
722 74150
14243 41889
341 2921
1918 49821
17090 24302
42428 57609
34815 74282
52820 58766
3922 66717
1256 66908
38571 61048
19493 63190
50428 59962
39638 64244
27083 62211
46674 66405
13974 53763
35725 44785
7161 28999
565 71425
68432 73188
15512 63929
42169 70103
14239 39847
4983 9627
9600 43929
9404 47318
8580 15593
25843 61695
34728 50352
50510 74223
73343 73943
30306 65546
30761 67422
14066 31468
19764 58481
7225 66658
19703 25724
12049 42421
68813 69025
3728 54495
38538 45519
1939 10680
31299 49210
41596 71089
33631 58024
22185 52278
70370 71852
44496 50426
24328 52512
14284 50371
29851 57121
6279 58905
34707 35442
18304 21507
42913 48991
26693 56783
6380 21876
34944 52540
34192 62856
4855 60623
64661 69432
27345 53218
63775 68018
16710 27508
2913 3832
45357 46632
50197 60328
503 13488
60330 70057
55914 69683
46304 62133
47770 68873
20104 21529
44734 62629
11409 35983
5566 65757
11983 55416
12401 62378
8831 18370
26533 40518
36151 70166
23879 26828
13251 73332
21215 48761
16817 52250
1040 67391
46743 73574
4805 37566
19375 36773
979 32770
67721 73356
3773 18692
46392 52368
12437 67148
55180 70303
11555 39775
11683 35477
14704 36549
1905 10207
18223 40455
11177 17356
4975 42801
2243 13824
39495 42269
18011 58270
8473 46964
42865 70736
51520 68737
10155 55955
41470 66372
25485 32112
1570 49784
28202 70323
8754 68643
51081 59730
19724 40024
19021 59512
9419 12364
54200 54287
5385 18710
1627 2050
22269 50142
373 62743
963 25364
29818 51906
70163 73209
48362 63654
38701 51331
2879 48487
16304 72453
32162 57161
16136 48558
14298 16779
40137 42707
50096 62007
44131 62677
37561 65855
62634 64493
16875 22715
15439 23096
24539 34215
48116 55873
4158 25447
20140 51299
14287 37421
29063 38077
24262 73009
9143 73705
66616 74713
5122 25359
45237 62722
36911 44307
4435 68876
13998 39466
17049 67909
36655 66756
19189 20374
12796 71541
63746 70809
5378 5757
52526 56396
9222 22231
3216 74375
29592 56070
11071 35185
45827 51340
2202 39574
4685 64163
29672 68166
66411 73130
9801 13497
20837 50438
38106 62497
21402 41655
1090 31009
18716 59197
27814 28472
6632 47196
868 12035
44554 64678
13127 19395
21127 40924
54460 65715
30170 58564
10561 37381
35265 58958
20079 65000
9432 23530
6899 47996
12927 50518
25612 42262
18504 62241
37498 55820
55263 72531
40809 51386
20522 48168
25909 61139
18183 59273
52377 61942
22949 67453
23250 70336
8788 50864
45932 55493
54255 60138
61722 68378
31529 41619
9234 72582
18536 35012
29477 63687
16120 31520
2990 4309
48794 63692
55036 73731
16558 72919
8557 69972
17714 31925
15879 27573
9874 72004
16335 45358
42042 73632
59250 72615
983 15174
17672 36936
16398 36983
34571 61022
36359 67510
63124 69574
22200 44070
25953 51736
12576 46138
23964 42659
9724 31423
12922 28759
6365 54944
1683 71042
55676 63363
24503 67666
25646 33341
9766 23703
2068 29226
3344 72085
30071 59960
30553 70055
62046 73780
896 44939
58526 68631
615 65227
44542 55436
29074 66030
39251 66956
438 3204
33677 40909
42404 58823
217 20918
18984 54571
28687 57437
12625 51717
10647 13832
58892 59499
19393 41286
5319 20844
56006 68909
31400 32851
47405 47628
35731 54482
6684 10937
50740 65089
33411 69673
11864 32020
11189 73320
49609 63375
30205 63767
41923 45860
35374 42388
320 20728
27144 42791
44233 55919
52938 63908
29849 33182
12316 50919
34255 41873
10434 32153
34778 57656
4953 47788
1358 35425
3924 32566
58232 70627
791 10649
44713 74599
629 25571
4171 48536
56828 57749
15827 64190
8040 32439
2844 65203
53411 63522
7421 42727
44030 47271
35566 70699
8442 46526
5614 67670
7981 54139
20846 46052
28863 53183
5018 18086
6986 7549
22750 26165
24258 24798
66418 68858
24683 60815
35418 38140
38536 59929
35231 47932
15412 64381
1826 31834
6760 43542
21501 36992
459 58097
1390 42526
1265 5371
4994 63772
2111 8478
12300 57306
44322 48402
23022 50158
29979 35632
50253 69960
14125 20656
34814 63729
23883 41324
20460 37783
45 3090
11535 24174
18419 27806
19556 68372
35480 41659
12684 51619
36736 51492
20193 24654
46876 48658
18047 43431
6443 38263
17756 32587
37788 49370
5893 65300
12131 14591
37984 51507
11890 28749
22553 63737
37147 59167
12269 40685
5281 72509
7835 18021
27593 51263
3812 43270
21858 31469
27537 51589
41194 45314
34543 52574
24811 26422
16182 59550
70983 71169
34314 72729
18722 67612
20049 63156
40702 48908
20328 39415
2545 17771
20922 43021
941 29393
11448 18071
25260 51545
55170 63695
21614 73899
17251 21337
27281 29033
14777 51339
25469 73325
4740 61951
24566 59870
17976 20509
34605 73850
17886 45853
58401 73645
6129 54416
43974 60376
564 49362
5183 45104
31478 47781
28766 47583
53503 57305
59956 70595
9160 10477
14549 73453
27785 49563
31369 36347
31044 36832
6034 57463
27079 45215
2724 64903
14650 68187
48496 68548
6008 13190
30783 35697
13079 65303
26746 40797
12812 54108
1144 50009
20925 24575
4701 66243
2326 9007
7048 55094
38916 59938
27083 60819
41498 49380
49738 52311
34862 73054
48550 52821
130 12246
14886 26134
1999 3307
19065 66013
9386 66849
53246 73363
38769 56053
2667 48394
29916 56531
17451 60141
34605 72226
17644 56187
6330 52212
8613 57158
57674 68251
20588 29107
8453 18687
11605 31796
41345 63171
437 52310
27478 29906
41876 53769
42863 68861
18164 72524
17971 21515
14763 22617
57415 64485
35430 36365
5717 28268
1235 74863
37034 70230
15658 44308
30190 64553
15131 60790
14459 36913
19108 41995
57688 72012
59995 61343
7042 30737
43117 43339
35253 64098
9859 37968
8124 18588
33238 58971
58154 58497
822 8372
15804 50129
55394 74869
29854 47851
19024 57033
11720 53363
47854 51545
18221 43491
104 7839
1001 54003
9795 63557
16986 17411
2219 26690
11990 17355
64845 68385
52827 53615
7877 31791
4737 11217
6858 19240
52922 61858
15294 45892
5238 56065
6379 18255
6441 51324
14795 70927
51396 71895
55243 60542
29186 47380
11225 31891
36240 69757
10861 35520
52702 72279
5857 21116
38729 68411
44940 68067
57581 71708
3625 24925
11883 12898
405 63197
21846 70409
34164 37887
26840 39830
15654 70176
56492 71590
34222 47958
51305 64562
26380 60832
5359 71323
34242 44830
59739 60093
38736 69799
34449 45764
7145 57334
27030 31458
9240 49058
25678 34869
11393 26574
46520 74455
3019 4967
16065 35014
61746 67745
19118 46809
1872 58427
57093 58585
45013 69390
45188 49068
28838 53884
32314 35085
11671 63324
44221 51293
29827 68910
1164 14862
15986 22003
25940 62768
1171 45733
70234 70990
23906 37577
18685 38470
38440 44539
35756 36891
46796 53848
25879 35676
22452 53360
39501 74240
27347 28136
31661 64064
34657 41762
11550 55282
2306 73030
29161 40436
17913 18672
39057 60845
25384 42961
18184 61260
44208 58355
14443 62179
36178 67156
51497 73998
44116 69005
18912 68612
26315 41277
4240 15496
850 7778
71079 72787
14625 49636
27257 30187
19901 33120
9442 22541
3648 49038
44668 62351
12662 53463
56152 59160
13793 49935
23822 52150
46255 62455
6620 37967
42734 51429
46109 62333
43555 44250
14061 19107
47713 71168
13129 53116
53368 67750
39753 45764
32356 36077
12505 16103
5887 11878
13514 22422
10608 63469
17769 71654
1981 50669
31569 31629
23464 39174
10593 62673
31234 47382
31507 41383
20076 34932
6396 40223
41272 73734
20817 33640
9480 71026
55594 68953
8801 61534
25825 58795
21159 70594
18229 35095
19610 74868
36643 37485
36471 53281
20948 21316
25998 31794
41450 60106
62614 74854
22403 41730
38545 39337
9745 24151
56540 74261
2395 28894
8133 37956
6618 63748
12678 60275
6976 24427
6007 27603
43383 50171
13308 31808
12620 73480
17434 70146
5143 56916
31992 35299
45164 52015
29091 55999
25230 68119
6244 47345
5012 33101
9371 43034
60066 70250
38915 68798
52345 60920
2406 5491
13484 58139
11579 52245
28102 45566
45433 53999
51990 68269
29186 58508
27731 67883
6110 66634
1018 28628
15233 65637
48249 64787
14058 18979
44309 73242
17712 19566
20369 74833
50308 62349
30415 41983
4131 67319
14938 31839
29053 37508
29758 63601
57107 73583
39562 71325
19692 68922
560 40823
21197 42958
43451 74738
27843 65085
50498 68836
47780 74861
27278 46389
3534 37140
19474 41726
32801 45643
7606 22335
18029 67861
50862 58960
679 59984
33227 52669
1716 73311
50528 58562
27319 64226
59893 74063
19896 23596
50230 65441
67175 73036
37100 61689
19367 44029
32580 71559
38002 46012
19518 56667
9176 33187
29005 43367
2978 40583
3084 74398
25736 26169
4570 42712
1566 4484
9403 12014
2855 66020
36454 59052
44864 50058
27683 28995
3783 9699
3135 58102
2179 10445
676 43098
2503 69200
1600 38405
17198 25653
12524 69980
8993 71368
44999 51789
32017 52858
32820 33575
65615 66252
13905 20489
36508 67749
21627 35636
22582 56645
29137 46695
31250 39949
54162 63630
15361 58602
45725 60575
45838 47680
11085 18595
5216 23871
43168 70628
43462 44107
13808 20656
26536 45052
2994 66423
19936 67247
26406 52116
22004 59980
11180 39662
2667 5246
19634 51358
8178 22025
9984 52111
10063 42046
9437 52920
49777 62214
46873 48585
19923 31865
13342 44853
64130 70455
48122 64062
64838 65443
4667 51320
14266 27871
35298 44679
53311 67005
9729 68216
26276 69579
10202 74433
29309 71283
43244 54220
71924 73059
30013 70933
5592 49971
35622 73662
13077 51227
35367 55388
5873 33224
24865 32421
27441 65091
8633 34500
499 4850
20785 37812
30624 43867
45221 58579
68126 69508
45150 74748
12295 70306
30388 53044
40139 55947
55788 72528
10962 17520
34803 38420
16419 47548
315 8002
51097 74176
28259 63667
13766 20173
893 8646
43278 59723
23245 58109
5428 9039
4964 69998
60014 71074
35547 43291
22106 62429
43763 55969
37084 72618
21477 53274
40886 42749
19288 61950
24743 51354
48726 72388
17319 51758
1578 29267
28952 64554
6987 52449
21836 40718
29957 60660
44202 54236
31171 70208
28415 61618
4389 36013
8746 74117
48968 60814
4299 55093
31540 31830
16061 62491
28004 34397
42862 58570
59679 73891
2637 57428
51162 68218
1839 35564
17229 59701
4507 58692
14081 60473
60742 65719
35324 65171
11559 68211
57224 62913
50712 63763
59132 66274
14326 71289
8397 46968
5417 19836
36170 56103
70416 72705
5192 67306
29116 69255
990 32269
30576 36285
40737 62493
35725 55900
11854 62465
8971 46274
54702 72317
27800 74149
7126 56767
8867 11862
10378 49465
58784 70157
2892 36873
513 18854
30069 43500
21204 61683
52813 55630
648 15228
26889 48305
59413 64871
52287 63659
14855 18373
48204 62656
8520 12783
40807 48191
24746 37094
41638 54009
5577 32499
5819 49394
9033 73085
4014 14815
12285 68884
41672 59333
25562 41264
44348 59483
35386 48314
335 53369
15116 27129
33663 65838
71009 71606
51494 70214
47183 60775
19282 28579
47304 60732
15647 18548
11513 34187
42737 53017
35467 71878
48518 62388
9948 42455
8928 35948
11833 49561
22311 62902
35160 58523
21708 50253
42739 72467
23423 52654
42966 53783
10410 51409
10806 16750
33032 55003
34403 57203
19851 58339
45768 60608
44457 61755
19926 36703
60636 63609
43134 68277
8924 52364
11813 47826
12688 70053
503 15980
36764 58819
46119 57625
1403 74227
9242 42647
63699 64565
26706 51111
6435 64203
26209 59672
29162 74452
68583 72188
1273 4279
57157 61504
15388 15653
582 56123
15280 37432
19702 39836
17908 70902
2093 27908
21753 71618
24313 49980
26194 61978
30932 35716
41969 59850
41012 50583
9076 11470
20 30340
22928 73413
3835 44500
61085 72698
65659 67109
16805 42459
27109 31663
29920 41687
53691 69342
2434 50825
45088 69871
21260 43080
13926 50412
43426 70979
1809 19459
38943 56836
39665 41854
3923 64063
11511 49252
20465 45498
4230 14570
34114 40889
14828 72989
22055 70749
18197 23750
28212 37358
63490 69757
43954 44207
61418 70128
4606 61003
25519 29356
33463 55454
16939 31576
13854 71994
36120 40098
51552 72403
48575 74833
42762 42892
33123 63479
49900 58473
17644 54875
3367 20065
20858 62016
24453 73546
59514 66592
43642 51423
11462 71171
13665 34626
15770 74468
13678 38253
3590 34413
11441 24467
15925 16298
5427 59890
249 11602
20112 27093
36199 36851
5275 74612
26466 63023
33993 39994
47393 72095
56900 74318
6494 63622
37658 58385
25967 32090
3412 67185
5639 40421
4148 38744
35593 54531
2029 72938
14903 60248
13355 15250
33676 38789
54186 65262
50120 74059
4298 41592
1669 69209
56533 63409
33342 46583
5247 32323
2452 30406
59183 61178
669 31837
53494 71557
26445 54890
31717 54577
24172 64818
21825 39787
28711 37326
23591 47229
12226 38626
13166 55321
3538 24192
44285 55956
20695 23335
2817 46984
19360 24596
10961 51335
12768 55644
39599 40501
35882 46902
65247 68754
47156 67026
47055 61477
58645 67615
18397 72025
26735 29205
22176 22790
11029 39661
46363 70396
10524 32962
6833 40249
24759 40109
632 51807
50909 67083
27061 57231
5158 66361
15024 28573
5494 25108
28267 47415
26110 45158
46488 64289
4184 13227
35584 51371
54617 57380
13659 42477
12157 57645
38002 41031
25413 73293
39817 40514
17947 59742
18709 24831
6363 25938
34929 37877
131 67256
4545 7455
23092 58033
28702 31331
11417 49204
2300 42414
62216 66573
18683 34487
24927 56927
17889 36597
18578 19114
14590 59839
25555 34073
40903 54302
52103 52571
71 28576
7582 62596
37612 54608
33759 42655
25039 34657
19168 30621
24363 49704
17999 24010
42949 55754
35766 51477
23865 32738
8645 68954
4611 59693
56847 66641
1793 72308
41712 47035
49403 49735
67592 71170
61340 66134
73006 74799
19187 34894
946 70494
70408 73587
30457 65823
37779 68351
21037 67755
29469 58180
61486 65918
4607 39239
8112 41763
1297 48131
29865 47625
40853 63115
18388 68114
18089 60603
12264 18627
14348 51160
29184 67832
11595 41498
3992 42448
52044 71391
31911 37044
3378 39511
28970 38959
58445 69062
34141 35299
3434 8699
26633 43644
30613 56762
49778 56732
26444 54499
34275 41651
11848 51644
52755 65971
59797 67985
11815 65524
19950 45924
552 12293
12346 70829
40306 66830
1495 59429
6546 25006
5603 30458
19017 34939
1311 38615
11721 72964
57071 63797
27122 48232
3306 22563
62774 70732
14283 70532
4983 55518
43956 64178
5479 27983
42542 66366
63910 65744
43014 51576
42994 61267
30856 60943
38993 67465
29587 52071
26713 32116
29224 48657
36498 62887
56817 74612
12221 15191
39687 63188
20719 64185
36051 37412
9873 50596
15075 72803
14698 46975
2843 28326
6122 27131
21684 66514
44657 59597
2047 26908
6253 25835
25104 25589
23026 47801
35059 56403
8359 25782
34201 40360
33781 54908
27628 45953
23504 53192
3716 63426
19549 41663
43797 50336
1231 39433
87 54743
8462 67886
36967 51656
11675 72091
22002 36815
23517 40483
29234 36705
19897 34023
61770 64361
17944 74362
1449 29288
3607 33595
41868 48641
42312 43102
47619 62217
8284 36742
51258 63750
8349 65059
31303 72895
874 62590
20571 44859
1277 22195
29212 74762
52630 62615
40555 63690
4379 48470
172 47578
30024 70227
6796 37531
60837 64334
7267 31474
34520 41295
15404 67751
2079 72794
4463 19160
27970 34707
13500 28599
23748 62732
4200 38746
3863 9784
29586 59538
16463 65514
15394 70859
3604 23553
8817 43035
24430 35805
33728 48562
65663 66131
23045 61801
4618 49257
23586 70709
4504 71197
3401 33547
47997 74506
40690 41737
46272 50755
38758 67554
28961 73377
38693 67415
33510 42456
14915 59655
17030 24742
26447 68765
6295 29806
20413 49384
5363 57730
19209 57486
58387 63716
7678 72134
24586 26657
14161 55460
65372 68759
14611 70309
43942 53974
24541 55976
30835 52665
22371 45317
19649 46948
39325 47509
54600 74095
42871 64535
12295 38057
18245 41125
32133 67334
13940 70061
4370 60593
49307 57350
4349 15723
15418 67990
26909 59713
5924 8608
33723 46199
42559 71275
41988 51332
21063 54022
22969 30482
6721 26001
24902 36558
32551 50312
19254 33060
57348 65909
18189 70570
27664 50527
36443 57460
53642 68809
77 2352
36361 57944
31511 74252
9406 72756
12991 45544
11112 15318
53597 55539
38561 55184
16545 49875
26651 55149
9353 72304
40392 41418
12554 15870
27037 45575
19860 32967
49172 74112
52161 71572
43542 74311
8582 44393
40517 65322
14865 44850
3313 37716
23530 35832
7853 8769
53633 69197
23985 29727
17981 22049
9195 16010
13800 68715
5822 63227
43084 68154
436 21596
60555 65717
49848 74826
42985 74407
15453 19129
32036 60756
8208 16557
19485 62549
36017 70390
41009 48966
32688 41347
9926 72844
1467 10383
16840 49698
51688 59396
15088 28058
63321 72361
23167 68272
10088 67217
61656 73150
7787 66574
432 41027
16812 28703
6290 60674
25084 27290
2847 25534
18586 45744
32674 40846
5641 67307
6821 10313
10604 18933
41851 63234
19063 30400
38711 68877
12036 46935
62954 72123
35857 45542
25392 41134
28185 47305
37628 38596
35281 61435
24467 50052
32763 68969
41420 55133
1978 65677
13732 29349
58043 59102
31667 58703
13715 22525
3510 32166
55968 61493
13212 74546
12937 41198
20992 40941
10729 72451
13832 35516
11052 30050
36807 65675
34636 65129
20217 48609
4821 12808
56766 62804
23639 47131
35801 50943
17830 22064
12050 39587
36329 47373
33568 47010
32348 43975
36613 59383
50664 72315
12330 28376
9467 71043
62693 64753
22620 45626
39719 57986
18676 32079
2363 42971
52124 63978
24922 54159
25491 28519
47566 60244
26425 60176
26671 60437
20617 51268
32459 60743
18654 55249
41888 52300
4824 57440
22620 59318
7346 41996
17833 38770
21869 52663
379 39384
6182 64822
34849 63508
53549 66164
31220 73951
1489 35905
37704 64229
39870 66204
18937 29194
2327 57624
7179 46478
46727 65081
28461 47995
23069 53426
5271 73942
5182 17033
50206 67827
41691 43250
11341 22892
2558 14423
24393 34988
8648 45943
51642 69942
44529 56947
26372 43587
4521 27143
44430 45251
34041 51709
19467 63979
11808 54154
43072 45112
27876 29453
1412 16373
16666 45993
3069 54488
14143 22743
44501 63393
29354 32918
53179 55992
17123 74368
23712 34334
34710 58691
49738 51641
28784 70636
14665 33701
67774 71517
14004 68020
17741 32444
31547 47124
28613 46279
35305 65558
11262 55118
22373 62969
280 44261
12153 42989
3485 6026
6714 50993
40929 45937
30795 60690
1293 52616
22074 69572
36355 57605
36324 72392
20151 48089
14440 65604
20414 44869
32290 51484
32306 61036
25225 29790
14738 50139
53807 72090
19691 33934
26122 39003
6703 56671
24485 33340
24471 66062
54979 56896
37732 48111
19275 62675
26952 28454
55207 65813
35050 43665
55204 60673
3993 36270
8779 55140
20198 60917
33281 67678
51082 71564
32977 73213
51322 52500
16632 32852
24801 56494
15422 40280
10891 74550
27653 66551
29009 51865
18956 55943
13712 70178
26234 27651
70484 71631
16306 40552
35114 39549
29443 45051
23537 25625
15242 28943
12711 50221
42706 51819
8753 44768
18116 23724
41011 64612
20861 55618
31162 65536
60925 60936
25291 40845
8074 54004
38370 56294
13712 67108
16754 73768
3305 7222
4065 15377
21028 52767
4750 70320
12307 42689
96 6350
20818 45734
19227 33122
39060 52084
14409 64206
48045 48067
22899 66979
44788 48581
8725 23246
4193 41907
9621 32524
417 55483
22228 55418
2973 13770
38304 40111
19179 27816
50288 67203
39171 67729
52136 71370
23571 51536
61948 74525
34455 37277
33011 71117
34407 66794
23588 46922
1646 5701
9226 73833
33958 48473
1875 39468
41440 55113
29155 47288
1409 13969
34294 34755
37533 60723
4747 28247
17439 59608
42489 69875
45674 51836
63932 70083
6229 37396
1287 36656
6348 31514
16482 50784
16399 51586
19592 61673
11388 61059
9736 39699
66981 74093
30694 48906
46027 48789
29845 31077
15919 42244
44271 56290
16436 68743
29922 70233
9876 67205
21871 28181
2758 14762
19184 40230
11788 73053
33908 37602
33476 71041
9282 25234
3845 37885
57762 63010
21272 51498
47464 56329
24367 41267
14117 56173
7131 71048
19087 38896
514 64684
22174 73315
22241 69672
16865 29270
15430 39115
7228 66112
3688 50683
7610 20757
105 25790
14960 72468
9093 73939
30299 43769
4748 46818
22278 54841
31069 67427
11780 30414
17346 45900
254 5386
11825 42431
6681 56922
25793 33776
21499 35918
22 23383
32119 72774
8553 20778
23159 60371
52372 56744
47013 50295
3899 66147
4998 42503
42476 60322
15487 54394
14421 37623
6765 53539
3497 73132
4727 72631
39359 39615
54706 72365
14440 19151
14780 62370
197 72984
42120 45864
59911 70978
9362 66984
26031 66663
16464 71705
2558 14531
3170 24607
2040 4627
3906 8686
33051 56680
17763 70622
4982 64525
6210 46936
391 60759
488 35951
54336 55739
39293 47305
46336 57317
45651 66342
24695 65156
40984 57165
34348 42758
45135 56990
22509 36776
19256 68008
15665 69786
24710 46975
51022 58944
34471 65252
26490 46917
40639 69330
4376 29932
2377 9588
27281 28845
9316 67488
23058 74238
4915 69784
894 53315
17288 65733
5201 5381
16085 32391
23798 63800
8285 32142
64499 64967
22045 30776
26085 70259
45664 67295
25648 61146
19889 49914
63664 64985
19332 38435
43807 64406
18810 74526
26464 39955
25400 67358
3862 74572
2009 55993
53707 70444
47672 69958
53084 71354
7489 11915
25186 66754
17698 66467
3169 17281
8360 15391
23269 41436
18287 71717
17301 23132
22448 43783
48940 63091
16512 40771
26745 45986
25654 70982
42337 68752
24083 35915
17995 45242
27646 37727
14732 34770
33417 34024
14479 71605
5120 73542
2770 7720
26956 57573
22747 68773
18334 45174
28476 49461
45490 47074
40270 49841
36479 74453
33552 72352
9214 59883
35928 46691
23057 39667
50372 74770
41649 64828
10073 34214
27558 48177
57890 63110
3421 40662
17480 57659
9745 73695
20386 33624
47294 50983
47691 59296
3274 4247
7565 61376
1223 12527
34766 44372
29754 46351
3568 48278
557 13595
46551 65173
33067 40113
7561 67205
56728 65868
36007 46802
18200 62704
15103 73433
59647 62579
29193 37039
24439 45877
16762 72956
57891 69956
41770 60269
3696 65828
4815 13870
7507 73649
33641 36900
13289 16808
20321 26796
14785 28750
27762 74591
42718 72241
31942 33965
16442 71430
28112 45501
12485 19374
7140 31040
18829 68480
12543 57306
58055 72040
20971 21033
4947 15339
13244 15857
33240 35749
32532 66600
11118 22036
2141 24233
15427 18797
44535 47558
2169 73540
27390 43840
15317 26378
59443 62735
5622 68967
40293 64783
37453 44293
15587 69889
18874 21793
11742 20573
32745 65999
31623 57385
57343 64642
31770 69357
3250 29032
1697 26111
2647 37830
5070 37524
3044 35849
27134 61061
56107 58763
32641 45693
11227 34654
20858 60070
39170 67778
33621 73961
4268 8946
69940 72380
3508 46926
22255 71013
50200 71183
1204 39091
42864 64559
30647 47553
25252 72180
25315 43680
7589 44352
15914 54238
45615 61982
17154 66907
13108 56014
23364 53431
20217 69955
12576 44054
38698 52486
36560 51903
49649 69449
46035 65909
14924 31233
3558 13903
8477 66859
26747 31052
7027 49442
65054 65355
23591 32385
16315 67356
32495 37645
4813 44843
33745 60626
14218 26717
22991 33460
4837 27648
28473 50154
2510 18546
54449 62074
34211 53823
7099 22488
10947 35045
17212 65462
47217 61393
1644 62512
9933 51244
27948 66959
50573 60556
4956 48616
19990 54498
44231 62959
34222 71478
58322 60541
8147 28310
45281 62561
8224 35327
7207 38340
1373 44160
20916 24904
3336 5850
7859 37844
6698 58331
56345 64949
32846 38210
15401 37654
26448 49570
9713 39776
45420 61046
22104 66054
46404 50607
28334 60144
34534 54150
72637 73836
8822 19471
52636 60115
1769 55874
27090 29353
70483 73986
9669 30203
6635 33446
32537 42896
31168 72454
22419 51708
34238 48990
5983 12318
29640 46676
58151 66063
665 33672
877 9411
39229 41617
24526 35471
40358 73067
51089 63833
1715 73082
27168 61232
42717 44670
25138 61829
4135 5704
414 24116
22282 31325
27575 64904
54560 59792
11585 63036
2453 11425
4086 17324
32936 36292
21157 36115
29278 34627
67715 70463
21629 34905
23702 66035
64 42167
4551 55054
19938 33283
23262 56208
9562 49369
20111 30834
12194 48004
3508 46778
11978 57548
27926 28567
7066 65207
2490 52034
47141 73474
10519 53655
22098 28418
618 19434
5589 38397
15083 64342
12560 28839
45739 46887
8755 59163
55401 70574
43652 60628
18836 67711
10627 24559
18146 22839
41755 70759
8734 28511
13540 32361
13578 71676
729 8322
23323 33121
52099 55781
13158 61684
23528 31521
4140 8484
22829 65306
25622 30056
35946 36174
4137 54910
13892 43843
38565 47448
2224 70454
27181 37455
33357 59516
11308 27663
13626 52761
16310 73567
19899 57926
29025 38087
37579 46127
59424 61574
14368 45065
59651 64961
1910 39421
59427 74124
28583 73650
38930 51907
9479 41237
50104 71812
20083 72690
6042 58803
5367 70235
29474 73165
1427 60970
3934 29633
12311 28116
67182 70443
529 72656
23459 28722
55783 70434
1881 47263
7456 47507
62913 74814
19 59469
191 2236
8046 61318
31125 68872
20512 26989
15452 49823
21858 26644
21426 46202
19669 37907
25513 35874
20698 33761
36414 64157
24181 71722
69820 71712
40132 49768
20718 38748
59050 72664
4194 7589
20034 61412
60290 66932
3248 13687
31880 61505
23004 49930
17803 65581
70851 73911
26472 55888
2886 70051
1094 28364
4508 68448
20389 69600
43948 57726
26695 57730
6672 36508
7896 47761
49950 69516
34744 52437
8706 32464
35593 72504
5406 51138
49505 61452
4438 63449
48121 52474
7299 17528
4053 60013
14550 50559
22711 68675
46342 69522
31075 33243
831 42204
27421 64741
18705 36909
14176 31836
3974 13743
13489 36165
21195 65140
32292 48961
53903 55090
23659 31416
8394 22678
4121 62098
45886 48330
33073 59539
3732 36440
22239 66886
9727 68723
15133 61185
22883 60932
6946 31338
21360 49553
56112 70916
3908 58932
17986 55784
13764 42995
9519 39594
2674 23655
36611 70373
13728 18790
48642 74503
47122 74755
27873 49817
56584 69070
28269 36499
24262 27044
30787 54012
19478 24804
49755 67626
2930 74248
34582 66976
11864 57391
37966 59559
239 62591
16824 43225
17129 39486
44409 69506
48486 71595
10391 31309
16781 62052
37752 46693
44620 45134
51877 54047
47343 68828
27851 74459
12518 41154
46623 53020
4375 31224
66918 68624
45687 64944
32153 37317
47572 56078
70496 71207
60953 67531
27725 33680
40834 54399
27494 40428
14245 61940
14285 42830
55063 74447
15347 70577
3494 70557
37279 55618
61484 67204
12358 37136
10012 62299
43274 69429
1882 13795
2818 55254
1403 50831
18174 49982
71477 74634
38205 69398
3081 59876
7000 51940
62352 62439
7120 20952
9473 51176
9171 29038
38403 38627
12807 15350
16829 30483
4504 31064
12822 13152
11677 34898
3813 28944
21745 22466
12152 47641
32276 38433
33764 66566
9156 25572
12546 23214
5669 51965
4388 54040
2668 44210
5179 21897
4165 73801
37867 42966
698 9774
6659 67673
60026 73555
6147 42144
10274 41290
71266 73435
14730 56752
54945 62518
10553 53740
30986 57321
10227 70560
59691 72527
27338 49441
5685 54864
2100 59282
10240 72211
56547 60469
26104 28388
2505 34325
34670 37264
27553 48381
58728 70643
52016 70334
8439 68530
5909 74737
16438 40144
45094 68252
26615 34515
31197 36767
5539 19495
42080 57965
54058 60969
9033 16916
35892 45220
15740 18354
15056 17940
32438 49041
50571 57899
30507 48489
54102 66043
51824 73703
13352 30770
8354 10738
20993 54489
28945 47087
28477 47230
66354 66818
37074 64905
29238 48365
58399 64056
26825 51341
53020 55259
33066 33563
8469 55048
44053 71424
42366 58100
47994 63584
3536 15636
40978 43247
33256 64202
42102 44694
21880 73091
31828 34717
24760 69688
33919 69047
6799 56619
33415 44033
45941 71041
30465 72728
15101 59970
10575 62290
3649 47952
10989 56428
6556 62605
21103 49316
12170 31490
2537 39342
29169 66048
15932 25877
11738 74242
19335 59163
15484 31395
9586 37596
12585 22482
8479 47537
29561 54641
46638 53016
1452 51101
32477 59251
9677 14079
5744 21220
12347 66767
19112 44165
9232 54711
5150 6002
22046 43208
1214 4706
4692 11756
55595 62642
49897 55260
29092 33645
66825 74387
14538 54540
33533 70263
36006 67635
39027 41586
68069 73593
11065 31821
8090 46516
11992 16931
1251 39598
8458 20893
22133 34571
21786 72432
15962 27025
41688 44256
19333 41945
35973 50768
30851 70978
9366 56305
49140 64081
1072 26576
43687 55467
49280 63132
53662 74097
19322 68852
48802 74145
8212 74281
52869 57807
28123 67660
24912 46410
34480 65954
65924 69332
44162 67079
11840 55200
33095 74640
39546 45920
38289 62221
43414 48731
19926 38671
2739 65948
2166 66628
18561 59709
29084 33388
40174 61610
13014 67456
23621 46365
2874 27838
19659 66856
30163 43186
31405 43427
60212 65865
10956 21325
10448 29932
13437 58093
40205 54584
28253 37475
52416 61384
42158 45449
26913 74294
7121 20195
22852 42312
2613 18099
36437 53441
10542 37205
2305 7808
30502 31538
29869 74058
52605 57696
7781 40974
20552 60635
22524 69287
69394 73804
22508 33276
7407 28760
66227 70183
836 32379
17758 33343
20799 35966
5065 62730
9489 64192
39284 67801
22067 46174
32513 58715
69205 73964
49031 70683
25775 49804
21038 72814
49637 59368
46957 52081
11062 52690
23927 65413
22187 60420
56321 59131
20139 46930
19426 47610
53989 62066
24226 68976
33402 65620
5611 58919
36410 43547
20395 61992
32730 54636
15950 64789
53628 64147
25448 74586
9775 50460
41326 57368
63381 69879
61001 70192
52226 59621
70277 72539
27998 67463
32456 65761
56735 58114
7404 47787
46565 58528
2818 21740
35279 56339
17746 27308
18080 63682
20874 56557
19172 63485
51429 60711
23022 26096
40732 55591
26321 70338
68728 73233
11477 56713
17766 68145
19113 63670
5584 36581
42075 68239
28982 31181
10595 35591
63918 69886
2248 5779
52658 69571
7994 57088
33921 38591
7080 50201
66980 67163
52953 64141
3314 73968
27238 44485
31824 32676
28465 74426
5474 58908
25415 38083
10494 26107
66931 71127
23738 49827
31351 47359
6460 6985
7891 30664
32358 56002
7301 70418
46152 73925
17911 47179
60160 70135
1378 27795
47842 71033
30965 67434
44763 47622
16606 70656
14780 16035
19579 25992
50697 51803
62301 65806
10591 49752
41259 60907
23726 63747
1304 33725
450 56427
6456 44789
38530 56452
53395 65345
23811 68848
56181 72560
22516 60472
14053 43387
56168 68455
20613 59210
12098 66772
10844 61473
12934 19399
31068 41245
31910 72355
23769 33443
41561 50225
8995 32608
6310 56526
13799 36532
13919 41595
19613 20735
62689 65030
35975 60765
17346 50925
16404 20394
51309 71873
9703 47740
21348 26563
20946 59541
35077 54191
7937 69027
32900 66765
29113 51478
24136 55824
20190 72346
34803 58308
27635 46811
23205 38320
29197 66829
3749 52119
8623 48163
42323 51455
12109 66083
22025 74258
56236 68439
26718 33068
67813 74440
15415 60808
46748 66124
22677 35618
14706 15787
32334 43352
20944 56687
1848 47059
18329 59149
43705 58007
60921 67519
3106 40304
4000 70429
13536 69906
68826 70687
280 53087
15377 73164
47716 60741
53835 74175
56645 68842
29273 29639
16037 69654
34548 38527
41164 53332
52561 70131
8122 63429
18946 73047
16079 39397
31924 62713
12373 29381
43175 72587
51792 70518
16265 24582
38695 43755
13379 37024
3624 69964
8033 62948
28783 43786
9906 23742
51044 72681
6079 35565
64343 72197
36502 58494
41866 55857
3422 51686
20344 66672
33770 35237
41400 67851
17272 24684
1944 2357
22553 62013
22600 39570
10782 61616
23142 69563
38407 58993
31728 33836
21382 73809
37750 63325
19015 64622
38872 54730
9476 35745
1410 48750
35740 36557
59021 65240
28512 52174
20803 39649
8902 16467
30081 67014
29999 65742
3302 66266
15828 18815
558 19707
6598 32550
13814 25253
63748 74265
4035 19083
11398 65405
13479 61350
4008 46215
1325 48278
15227 41049
17233 18785
53610 67928
11913 71299
37341 68699
50133 54154
18961 43377
8855 19968
30160 61659
33207 46403
6723 22151
33522 35912
25655 48046
36976 41327
33163 65475
39696 40721
28825 67366
53005 72979
15375 74808
12253 19402
1667 34781
24224 35665
24432 70609
6329 69827
60104 72723
6730 10541
43048 69945
9982 70239
4410 56963
19712 26324
34722 38259
60870 68603
30098 68313
383 58089
31485 44368
12202 21732
18842 45586
42026 54937
5783 29601
15346 21771
2186 5595
2499 66962
23442 49304
8420 35980
20857 42789
3921 36813
2985 15324
24625 29587
62209 62547
13927 39452
4620 26744
19695 46446
22530 42405
65113 74692
27029 31317
10118 11480
31135 44114
38493 49743
49148 70771
18527 42193
26316 50195
40045 70164
54274 63911
9720 34473
34591 50248
33759 74731
42709 47717
24815 53839
42298 56756
5062 22113
23760 71122
42226 53261
4213 65047
1159 26510
62624 70670
4672 27345
1354 10910
10530 37728
18824 21239
19517 25285
1244 6611
12169 67370
5680 55802
8424 44838
23535 46564
27444 54097
5626 64756
3816 12509
3195 32264
30660 36799
31096 55953
7125 16660
23392 45008
38450 54389
5014 71976
57582 67342
3771 11286
5809 74233
37725 56544
3444 45450
33151 64376
35174 57417
14157 22348
8735 54204
7622 28211
5667 66129
6997 74555
13778 58404
13474 68717
53756 62437
1202 66022
27777 65982
1538 22543
16025 22704
23751 35283
37656 63283
12838 33655
50162 52865
31037 32770
27671 62641
4108 53544
28770 41720
72478 72557
9489 33569
2663 50251
57185 58330
14446 69215
17390 56737
36692 64076
11773 42631
13527 16555
29308 29735
8203 74038
44635 54800
39008 58909
13446 69579
12787 16427
55737 59111
6262 67278
23994 25559
16415 21916
44746 70894
38358 48679
2137 60562
22470 32401
22316 25961
3661 32439
44158 64133
35667 39807
17778 70985
34943 48398
49725 50168
6307 17813
56483 58825
10673 21585
11777 14294
1813 53098
15491 72819
34330 41052
15965 24867
6508 31484
6780 12163
4354 52013
21986 37667
39911 64486
28282 29619
12595 32942
8174 16157
32480 57750
18688 66943
5483 26671
31659 34992
45028 47084
15590 56028
16673 59988
27445 57602
6510 37517
32258 49907
35754 45318
9193 61392
7744 43325
9937 63693
21508 45343
42174 69129
1860 5786
34652 67606
20595 44554
22900 28562
20137 56627
33684 53260
21879 27126
17078 34458
8002 12081
29966 30510
21789 45398
15852 55815
23498 69044
47132 49035
33839 45942
5207 28098
6336 65927
26515 45570
45401 68041
55821 74896
14978 19396
17305 48239
31051 73175
19531 45444
7600 74312
40021 43802
71421 73840
2755 72513
15229 18736
2057 21908
24420 38918
51431 70114
39813 52686
53282 71192
6223 30236
47096 72208
71670 73829
50027 73700
54886 61218
29118 67687
3006 43968
29785 73871
17680 57264
17647 52790
17041 19398
16828 38318
22993 59168
46183 60296
13478 40742
6129 10075
4136 28301
34332 48104
30420 67748
16329 72385
31796 35589
46845 74220
21967 23220
3352 65210
28776 71135
31951 49676
31395 68873
20415 30136
6123 27703
61077 61933
62185 66766
3994 52300
6187 30005
9035 23258
7923 38023
48490 54923
23895 52522
31367 61592
18640 32652
28580 40142
3449 45604
15684 53092
34039 60185
31501 48647
8384 9082
61348 71216
1889 12803
21560 61785
16760 22523
19148 29410
15313 48201
26003 31060
40221 48976
8934 43999
12158 55812
40062 51159
47144 72802
40958 45434
44552 57430
4974 7540
12489 65493
11223 65349
6021 25916
33682 58574
1320 27564
39180 39725
7066 30823
6511 33970
14638 71393
22512 43538
17255 40569
48326 57027
7229 51596
55071 64506
11434 70449
57462 70547
32199 50951
31198 43698
16028 59482
4373 58602
15470 29011
55209 74124
24776 31819
10391 29456
58007 71193
1145 59729
18371 21985
3363 39908
19354 22784
10831 53047
14127 26381
16807 27612
39080 40713
38222 67362
72011 72982
33905 54363
72926 72932
5428 69219
29286 72048
22555 48185
3307 60177
1335 40936
4266 55597
40183 63115
22790 27220
14245 64952
8486 24105
7999 13719
23805 44900
17385 40583
3522 7609
35415 60010
33190 50145
19093 23873
4538 69156
22014 49614
13673 73086
4682 44399
68760 70222
42521 57826
3556 9297
3309 74497
9420 11639
3747 4736
16672 28214
8570 30336
58131 64431
29732 65705
56228 74718
1903 31548
9421 17371
23072 66671
14716 39891
13292 49436
12063 26390
29549 61355
11487 74730
50167 53181
11067 61510
661 30283
37702 68034
31134 37848
13625 56902
37578 56049
5613 29968
4277 33330
7663 12342
26180 52885
1286 28163
47033 52020
18496 48183
1552 61690
13459 51229
7253 9110
18314 28656
16432 22822
25512 56509
62448 70242
8398 73336
35149 37610
60470 70367
57791 60997
127 68240
3756 43413
17310 21450
8479 15266
3469 74615
19567 51397
22931 35323
41639 53770
53511 58509
58671 63277
5769 47353
15954 46236
13787 48577
33935 38926
835 74710
15811 73747
13267 73993
18071 68151
17566 23514
35833 41551
3920 40974
31769 38054
28182 49504
53456 65446
72785 73689
63382 68083
11856 68443
8196 8499
50286 60977
51450 53793
39657 73447
32040 69029
18875 21722
61309 74732
20715 46763
48076 67799
27420 58886
19751 28681
15604 50906
18668 66111
16425 69285
1218 24886
50727 65695
20921 41597
40813 47827
910 18569
53867 56276
19427 31500
36435 48188
2025 9727
26119 48829
42084 61040
123 32378
22270 39863
48369 57204
12537 30656
10036 48759
7049 33439
32590 72302
35139 65581
17738 28646
9026 59703
18943 60426
18681 60015
46934 61305
9050 57279
6405 38923
17403 33098
56381 72260
5243 15360
15528 48876
23141 72024
26713 51633
21140 50177
20173 46391
20113 53706
14932 54818
809 41349
16213 52208
20833 64041
8394 63107
39281 45873
57278 67549
3999 44712
53878 70532
28299 72676
4991 20836
7410 18209
35154 49997
2676 29992
25661 40548
6782 29915
4799 55281
68477 73250
24023 30462
40288 48251
21821 30703
24189 72082
54852 74438
16175 66559
35308 68923
3480 37379
8539 54844
25551 56064
38023 59319
3493 13236
15643 25304
19396 43107
37161 55128
35100 42133
6640 19846
32501 39729
3557 17949
3548 9726
43918 50337
37701 62846
10120 72538
31489 48597
16494 43016
6811 72313
11572 30783
42047 67846
788 7444
22464 57299
1307 67960
9646 73450
16969 32757
49042 59494
61988 65403
53391 59029
13491 15211
9263 44266
8489 69866
9068 20442
4761 60044
5433 44004
56392 71600
48164 58981
20105 21077
13823 71686
27849 64128
38889 41911
5702 74305
51783 74334
57026 63457
17223 21465
4833 64780
51823 67780
35393 44620
164 17515
55481 55994
4229 7291
7426 70996
5644 10584
22392 40105
18206 27549
26092 29770
50542 74769
39548 66898
48808 73481
20087 48704
32037 53001
47597 62294
7875 50698
25211 64145
57350 73254
8687 55399
50564 51290
15051 35942
41085 56852
8467 21375
59495 68076
38368 71462
40136 42665
20452 73350
30867 43464
15079 60183
15980 63000
22269 63494
29716 73102
16377 67858
4603 61269
40044 51237
5897 39248
1028 57658
25355 58614
12214 12869
41161 47278
29644 59608
30030 39208
54278 74521
28471 54410
17440 24717
40152 50335
14487 25594
34323 61582
37594 46869
13764 39772
15746 59272
10865 15421
49522 57646
21863 26455
13545 62420
55101 55372
32747 70543
30902 43109
37398 55551
39988 65216
21212 62226
3999 13095
1517 52734
6072 21320
44699 65570
73 38007
42836 65399
34720 41836
5592 39858
47076 60639
11584 69953
40600 71194
6403 24115
144 49962
22731 60074
24672 28149
52423 64810
38550 61548
24948 69018
6554 21447
14131 67013
23264 46627
21832 57401
18330 67111
28498 65521
49437 64457
7070 69653
7128 48666
55250 67408
22232 58284
39393 65536
5755 73695
5146 47692
19674 34457
44106 55414
5306 21837
8549 56109
46589 70946
10188 28129
24030 49926
29685 48762
46243 56394
8457 49591
64578 73808
33032 73835
53436 58624
32930 65428
14258 23113
10353 23036
9755 64212
14019 64942
11392 51952
16272 57312
58289 61036
64361 71520
39951 44780
826 56088
16898 69680
10859 46053
743 59036
12766 73342
42828 56219
71914 74757
58482 68997
49356 65686
30361 74177
10322 63301
15991 20856
40050 40151
35616 53127
27823 52710
36095 56818
15451 58424
1032 22489
1010 4383
19817 26196
6468 12965
5879 64119
63212 65956
28348 52877
20145 68637
5984 37440
23861 26322
13427 37324
5910 63359
45404 46505
4235 15500
11831 68878
15140 26918
57151 66343
36415 45164
38172 62424
23446 24314
60147 70436
49424 55299
35132 74602
12528 38941
10933 19065
48547 52827
16702 50922
1696 57984
34581 52600
53723 69427
40748 49179
35501 43507
3144 62398
12275 71032
30701 50190
14604 57195
2441 30359
17038 43141
22712 54184
118 19340
12037 19325
56042 67879
39065 57368
22754 73518
20399 25071
24113 25457
20023 52951
17187 41628
31657 67471
19540 37296
27516 29873
61668 63127
10101 70819
50278 66040
69388 72411
2799 32805
3122 61076
27594 39467
35199 70903
1153 62858
17201 32263
53165 66380
19089 59714
45636 65458
9917 22645
33981 50428
891 51158
11581 24830
9376 68187
2371 56100
4479 18301
122 2477
1631 60608
61971 66663
13526 24287
19006 19416
42288 63535
22039 70969
7182 22016
17188 38455
25227 49529
19562 32303
49992 64338
20872 46067
47618 67043
12637 34353
39274 62522
6150 61111
32343 39643
9686 36738
5163 67869
25131 51202
11257 31995
5248 6165
53045 58004
46740 60885
49090 57640
23240 51306
11767 69122
23013 66849
146 1324
2017 68168
54663 60911
5991 13916
36433 73690
42451 67417
49904 55803
2577 21236
1702 52572
11859 23111
27103 43350
51765 63062
14346 49779
10813 65494
38900 57952
42309 51703
12719 65808
408 2807
53905 63963
9897 73012
9142 30466
15480 70066
39469 68608
2480 26942
24975 36939
16269 46003
26717 55891
69773 69824
8909 60868
59833 64357
58067 60204
29545 34858
7495 67309
29254 67565
1247 34042
5277 62184
48443 49214
40320 70072
7103 46773
7642 33634
49266 73926
23436 62977
8175 55748
17001 40551
14999 47255
8409 48054
50352 72811
1419 51422
3577 4758
33311 70033
14165 56739
37630 37911
10052 23368
29652 47998
41395 53202
3105 27221
11906 62344
46039 68299
22724 48957
16225 20737
654 33742
14718 51606
44946 48625
36531 53903
60535 71375
9445 46508
61535 70312
15428 18688
21340 54372
62755 67524
19942 71786
18793 67342
23634 59263
4501 12863
1937 29441
27235 60291
21622 39361
34467 36775
57484 61952
15047 59521
7104 8575
5960 35797
3539 54499
15591 55612
7840 63495
46630 59541
59941 66130
40491 74673
13857 15338
69432 72085
43415 45979
23164 28693
52116 72295
10924 44471
32735 69529
14472 23670
1911 59006
2845 65074
17813 19223
20748 42885
47855 64523
75 31581
407 38363
20841 30791
38029 66077
43572 48839
31475 72394
2210 4324
48713 54153
10046 28416
36475 69353
11441 60158
58904 62997
4792 28313
24127 43688
35792 68185
20348 46815
59969 61153
24614 34089
3119 65137
46160 60266
28738 44192
59157 70183
56016 74703
37589 62908
1801 13106
38715 67113
47379 48784
16596 74122
9676 21830
28092 38847
4754 50373
32267 71489
29274 69929
38513 66702
39614 67362
2030 55681
27753 48424
22664 58303
6810 9942
26751 58356
11613 32156
5598 18153
11922 57643
12659 41835
27496 57307
57347 69271
7527 25347
21530 33746
5480 36462
40741 42065
42401 61779
48959 49432
30370 69296
21947 52273
15972 59562
36478 44681
24489 27441
19611 38628
32855 33251
44903 53224
39789 71427
19361 28404
10419 36748
13138 44512
17506 25955
3976 54075
55626 64029
5931 40432
50442 67338
6616 21645
33143 73552
21972 65762
5970 60664
43718 65204
24036 53862
45295 58525
33118 53870
3886 50485
29780 71499
16583 70320
7067 38268
24723 55683
18597 46707
35348 68508
26909 70598
2455 17484
1160 29674
40190 49581
6088 47440
32338 33034
14343 71387
31774 46989
8023 71640
41649 53336
37255 64832
39983 47761
44049 60253
35275 61822
42377 58700
22614 40604
21691 51253
47976 65267
22114 71346
41957 59287
15742 26685
14546 26721
30278 43627
41294 52578
57133 67068
23744 38553
20653 42901
47050 57479
14253 26510
28469 48106
35914 60698
37392 64844
46537 53682
58096 74318
64811 67682
647 49863
14068 54016
10338 55387
2278 59702
3907 65988
33872 50231
5894 70442
411 15767
46650 67479
48106 69403
42499 67488
17271 46253
7350 41871
35091 59518
33851 47070
25379 65992
36177 68508
14939 19897
23964 73818
44660 52463
14401 19519
12219 16468
8640 9139
17350 47245
34039 44295
13542 27665
35806 47489
36599 39070
11090 48041
22155 32689
23597 67742
66390 70462
822 10866
18234 21296
12776 36250
1818 9027
14826 36517
24641 72668
60851 71554
40786 41904
29181 62731
15216 28914
10300 55224
57065 58842
1952 67334
68295 72323
29702 74184
13303 26834
29103 30352
71475 74047
20304 32897
7436 48006
11420 16967
22406 53264
9154 47089
15734 74741
54687 56493
14180 42471
55539 55802
42642 57500
5046 56704
7108 64529
29300 41198
12361 64201
59827 70434
11058 11291
22059 66041
28762 35861
67589 69722
2809 34396
71586 74037
12417 43924
43591 73512
19339 42071
44089 56970
21533 71384
8867 56698
29513 69295
10530 29267
18181 72259
15429 40877
48698 60536
22177 69887
44212 57451
62879 63548
18064 20227
18364 21540
19531 53602
66836 68660
66793 72561
56831 73381
8785 14250
41068 60967
15797 51637
9393 63992
31800 53819
3266 65555
46191 66418
62416 68161
49408 50209
40980 41264
26297 30421
8119 25488
34340 63328
33980 42171
15731 46176
25029 67224
41253 60108
43921 56056
66484 67866
6521 43247
3864 44367
24979 74277
21504 28621
37918 48996
281 33748
15801 22933
21674 49878
44256 68013
10757 65661
14038 49078
7773 13546
5494 30286
32454 40697
5626 37009
17648 68681
26268 34063
24877 62353
36512 69429
982 7157
5185 48869
9777 20559
4499 7445
24391 36062
25484 30083
6157 24502
23082 30438
52919 54838
9756 39432
20517 46251
24328 57700
25388 59619
6736 7335
32327 37620
15320 65575
7601 51773
13192 60107
16873 62425
152 22251
56972 60961
25483 30764
10929 27285
9612 41605
34134 65822
16136 72331
32650 61664
40401 53767
2550 6737
12681 63078
73078 73087
25556 69985
51735 65713
12589 38448
43009 47571
20839 29558
30573 66892
22751 72640
14886 49381
40594 57802
13373 24066
4416 30742
23096 71734
52029 71949
20304 70905
14417 21266
7632 60137
10463 59306
23653 26852
23973 70567
55258 65849
54402 70118
10173 36241
30095 72304
63829 69280
9024 55661
1988 6258
16964 61395
41423 58878
56924 71110
9503 52354
36961 58854
46604 66902
64537 73980
18622 71933
21054 44964
54242 61596
64023 73244
29330 35475
13067 54558
62543 70901
30832 39268
37042 59944
35252 41845
60549 62860
34097 45834
17983 66215
43473 57699
7501 16846
39355 74354
48279 67704
4242 21276
57923 71247
15459 57038
15713 49543
3610 17275
31069 67824
15132 25111
40872 47795
959 7295
3433 38147
24022 44232
4042 9436
28926 58856
52766 58654
32137 32692
34343 69613
10102 68891
49121 68697
11457 36966
2909 58125
6667 32095
14258 33711
2260 56511
3637 18897
7026 70479
10330 30202
46153 71221
17948 46891
370 25918
15760 29931
8153 48456
58613 65430
3190 19681
16318 54903
10084 37281
21610 22581
20550 26218
28772 57430
25917 49615
59266 60774
51613 69842
12199 46908
33364 46640
43902 58239
1036 53385
65896 68843
29 52645
24320 64791
22052 25627
19055 58665
10810 39938
12818 63204
9966 57489
14317 51813
6802 7870
55895 64434
738 14222
28713 47768
14432 53103
43007 68737
61932 61955
44371 45419
60493 60920
9348 57732
2534 22913
14486 23958
13244 51645
54180 68486
13493 39773
11495 16979
4114 17821
44539 68043
3238 9241
7252 40035
16918 45683
13193 60430
18773 53912
8671 15230
1294 66292
40825 58998
52342 72858
46658 47230
17435 60032
42377 53813
47810 59653
45389 60419
23305 69183
44916 69410
28722 44456
23340 54084
42854 66769
2363 13078
36122 63179
43723 47681
27149 74409
29187 40618
54387 70604
15891 34514
6349 69207
7018 53302
22855 45285
1315 45107
1586 11733
6712 71530
9108 74001
15303 27979
39973 54716
14985 53976
23599 37066
12459 17776
1997 67436
22477 69519
50295 51363
2934 53835
11265 32641
38411 46308
2334 70269
14530 25721
72555 74874
27857 47056
19677 59419
32051 63483
26454 46426
18072 26430
26265 45735
39846 42309
5400 13528
35962 46605
28305 58551
32549 51721
21396 59221
50514 56092
62139 71971
48828 60093
20482 70816
21874 39429
2310 65350
29929 63968
8066 59649
19957 43661
29755 57030
6594 61309
54179 73831
31132 65754
2974 23576
32333 52272
61525 68686
55482 63715
18101 22884
13231 73806
27738 60747
2981 33383
35143 50415
34945 63790
24860 27937
16617 64312
6421 73189
23089 27997
26235 53661
24097 65685
51463 56861
42540 45617
24525 48321
21863 40315
63794 68282
16022 46685
17459 56162
25669 31794
29455 65790
18088 30673
4408 11769
22791 60928
41728 55054
24363 57710
1849 20547
9111 28929
25296 59605
15659 71462
8563 19692
48889 67232
5147 12937
22872 57173
40833 43178
32520 41513
14917 65261
7848 55138
51904 62329
9228 24200
61989 68659
492 60394
9928 28558
26326 29859
35053 35669
36550 69557
35985 46808
13747 29170
22413 64283
10888 52072
28006 35913
6578 67386
60848 64877
38841 54602
16355 31989
11773 44433
35553 46085
29170 66835
11959 60272
19731 46697
43347 43476
53659 57734
73050 74034
47814 67033
15464 68095
28091 63390
6895 15855
4301 55069
59417 74232
14239 68812
7014 26778
34023 53866
20262 22149
56034 66874
49769 67213
28839 32191
30983 65622
22711 48017
42637 59959
13396 72072
23864 73845
11320 53207
25957 27667
24544 58253
16937 22947
21429 61549
11398 57047
36698 52663
32935 62408
24734 66099
5571 58941
50560 51205
23118 40280
12490 30480
49914 69065
2382 40359
10804 70281
26043 60324
9613 42156
38771 69833
16571 41482
63055 67053
1010 29473
27712 34926
4505 51941
18612 61657
14637 24220
18187 48839
9260 23762
21395 49320
6965 67176
53548 62931
53208 64703
50531 69444
18645 29722
3258 66685
12974 37102
16571 47935
6840 15688
53213 73663
54673 67434
10756 64511
48005 62989
63732 73573
15196 58368
16272 55758
1384 47773
11975 72780
2865 70618
56395 74411
42660 72837
17256 68520
37250 55008
3848 39195
21892 45844
41492 43205
65092 65669
11038 35841
15414 44222
66248 66726
9317 12138
34060 62714
7892 36242
34006 61550
29230 65822
22742 57956
37745 67320
43364 72245
5545 71751
33936 45459
12833 63525
44619 65657
47332 67170
31782 50160
18730 36254
10635 46528
10126 29888
37970 40154
71266 71559
14593 57068
10918 61063
5329 65825
1901 24486
26900 63456
46955 60173
47133 65726
17637 54404
14634 59275
9172 61614
39413 70773
16023 31192
19197 27662
6335 21242
31652 55377
10739 32793
13765 26200
29106 66249
25239 27713
45641 67473
55295 70032
25739 56311
28037 65553
10957 32432
7483 31349
7276 73710
5546 26668
18116 31294
2485 70684
42694 66871
52998 55866
37966 53266
20507 22992
15526 55942
2556 12398
10368 16616
41889 65184
9294 26021
47769 59355
17485 70389
37817 69771
3592 68652
60646 74353
9790 29367
2522 3904
33592 41450
24896 51192
55987 74856
19565 60422
4001 39117
19295 58672
7613 48312
13433 63081
31883 46407
24359 74712
33378 42934
16911 72326
39700 54087
63583 74198
22152 48643
28513 60291
50905 70848
25605 71697
35234 54115
45627 64620
7300 69950
21962 38443
7341 48570
23864 52533
23024 73540
3290 60492
67494 73016
354 8172
816 43290
33391 70064
10425 59213
42303 71744
56708 60931
50446 63245
10360 60449
54676 61617
26066 40902
3021 65177
6578 48681
13100 49684
40214 51800
3251 26324
11891 54029
11491 20134
21036 44320
16503 27399
5412 48822
18487 46847
9066 13290
18180 34224
39799 62368
42250 51482
33132 60897
28989 60081
17047 22444
48693 51426
15551 52498
57763 64730
20673 61885
19400 26842
43624 46883
2636 33472
34271 63876
37697 64597
11702 65363
23911 41212
7356 68631
1858 25502
40586 56358
31609 63297
62456 66070
385 6160
28422 66915
5661 66012
46419 71251
24332 33025
5160 9869
17547 17630
26433 38921
16361 59794
6861 10767
3487 39918
73820 73846
30896 68912
10856 32098
19149 69800
29133 43030
8091 46458
54807 55386
15329 46073
40291 63931
17742 40203
22853 48133
41865 48704
5316 13170
54022 62012
8866 67377
50000 56649
65086 72834
40195 62230
14497 52237
26507 63072
2406 21549
19162 46755
4445 5854
57251 58468
1974 57205
7163 68676
22825 38600
27879 40543
31193 39625
3912 9659
45548 73917
29579 69529
18502 59639
45540 47153
58911 64308
13846 65417
8281 36235
10166 22453
11697 50977
18054 29757
6577 32461
39516 72982
8694 30509
45718 65397
16901 60511
9924 31184
34864 71688
9438 33403
31732 38306
44658 63883
19466 73191
18966 28913
49994 59539
19237 25228
63807 71815
3699 56135
16737 62324
31917 34414
37362 60491
25125 32334
25428 30933
20441 35112
6729 65512
26418 62530
20591 58949
63881 69329
478 5820
28166 67800
15696 15953
13787 34687
3718 69995
11147 41802
29850 37006
45742 45783
41100 46683
60178 64876
40155 41118
20102 70040
14374 34566
6888 59382
43040 52585
24824 25552
22841 34365
55961 73618
48983 49292
43638 47528
28421 57853
11694 71298
11960 39162
48820 65816
5725 48090
44188 68482
14001 20141
9215 50555
54398 54815
16241 29352
10845 41609
18611 74367
16216 40485
318 69938
54613 57132
16026 74216
3124 36921
15287 60739
12931 63324
23387 43847
1063 30895
539 59854
43331 67843
15139 36302
21769 31764
58042 62625
11229 54705
22205 39209
21602 72891
19329 19346
11150 45184
23836 61625
19536 33809
13264 42614
4427 31071
42935 66643
4151 17493
13443 69661
9896 14220
20814 33237
31264 40716
49472 49963
37567 47324
44477 55226
9380 51863
12718 18113
19241 64664
3952 11324
25292 63066
8727 34647
16725 52755
47867 52980
63299 65575
15394 51442
3583 8069
40248 59094
45929 53986
45930 52278
34711 65743
42185 55705
59812 66752
1474 5706
26018 69048
49059 55930
37257 58795
65010 69450
26287 31491
27085 30957
27119 64769
4005 54119
60826 64743
40658 50588
15188 25490
22600 59764
27951 28906
42638 49140
2464 31879
22333 36716
11820 37603
26907 34143
31096 53263
11080 48806
2734 16095
10831 64652
37449 48861
2593 42538
19097 46302
4794 59712
26166 52519
11410 15050
1766 50219
24635 27852
577 34769
49987 51113
13513 26403
16123 58026
3095 20210
59830 70881
7693 68068
2428 30827
11395 22945
62648 68029
17827 21062
13137 66441
25830 41326
59441 70368
44925 49760
26966 51794
39271 40104
26569 50960
50310 51323
14586 72043
26998 42721
2400 14828
30731 43398
37508 39852
5931 39148
29396 50542
60406 74307
24753 67197
47125 50875
33128 50749
39131 57870
11197 62838
12143 54882
11904 49109
26098 43738
4987 6444
2239 23709
4182 28259
3670 13673
5691 14355
38440 70509
80 60771
10715 20984
10871 73104
33244 40005
30209 44457
16910 34914
13585 50039
65769 72288
24641 43106
31108 62527
24333 41026
17774 58329
32451 42005
16186 43579
53940 54215
40098 45071
22062 60864
53848 73155
15096 27962
30585 67665
12422 14493
30620 47888
59260 69185
26283 57687
47509 73212
30675 72339
38927 68966
38741 65243
2932 19102
1794 29123
4695 69459
793 62970
1157 20748
16400 39581
54263 67603
52374 70538
17103 43844
7307 21828
14319 54858
24588 56367
39518 61745
22658 27085
2039 36077
339 37033
28340 42372
28128 48480
39879 47941
28739 41798
47874 66867
41590 69089
30686 58496
35773 56117
2084 71534
21574 45927
12759 15575
28524 37598
28905 29648
15556 20256
9580 28859
6475 26221
7436 37750
13576 43446
5656 15979
18738 56296
25868 41660
12459 24334
7069 67153
11092 13598
1506 39015
57530 69096
1479 55021
9674 21451
49085 70960
5062 61917
12544 19671
2635 69741
10409 10764
7734 11664
32306 64849
32555 45895
20466 37306
21173 64615
360 63417
38710 62415
2933 26199
5057 61857
3158 31814
19525 35109
46817 70374
25666 30423
48406 71942
21763 66961
3365 24053
5030 29434
10799 54093
3724 27599
5957 65122
29220 51852
46467 46987
12823 73294
56754 58103
414 50505
4272 66549
12845 39317
25738 31277
8467 19972
27105 57492
32791 59328
6855 58582
7031 47627
30577 41698
20398 26794
52340 60225
37492 69607
3207 57787
9256 65916
44747 61915
19044 73296
2237 70186
41035 69831
27543 40196
66385 69147
44848 66457
3574 65602
2519 63766
5004 56646
11737 13433
22085 39959
32333 53719
4876 45151
17881 37103
45300 64420
70178 72707
48558 70881
46189 51947
12847 61264
24359 37663
15865 73317
21620 65856
30968 67338
8682 62767
22291 23534
36587 38236
33299 56841
45342 67954
9974 69879
24465 57611
28524 54027
2979 26337
6422 38447
13558 53401
26540 36496
15860 65951
28320 62376
19250 28330
4456 71979
502 37424
1952 41022
16384 17700
23116 47356
7849 38510
24057 32265
48197 62229
13198 46415
1463 31119
31393 34071
45771 56384
26796 56427
60480 68763
33438 35364
42815 60387
16318 21257
7280 36032
26558 32519
42695 63765
26395 53540
24871 39656
20560 55876
51695 74040
6843 70856
2587 48712
336 54741
11787 60699
18907 48614
672 63637
20223 37806
5322 14709
16605 48907
53567 70807
29298 34620
15290 20777
70771 70860
34301 67017
39955 74183
4419 57229
56729 59497
13257 22782
52946 67989
5314 13527
13381 26275
18852 51907
68848 70493
26876 56048
5637 14281
10310 53022
26170 72586
27130 34292
10737 23382
7769 20536
18353 55848
33851 67640
13103 63860
43654 64850
23137 73441
23714 54974
4501 32441
54442 61531
45800 72329
6294 19976
45055 46981
57114 60063
18989 51565
9416 69512
842 41696
3555 64311
46464 49013
21326 32834
25322 48607
4143 60287
48759 68914
709 54234
30010 43188
24944 28256
16736 61584
19624 72515
1495 28048
11255 57988
22705 50911
19641 32135
36526 47735
45174 47303
9348 55581
22719 50405
22890 44911
21848 37307
20040 70520
13325 18757
17499 67711
18400 68936
16818 54606
12500 45691
11930 67605
40907 70322
27684 59175
11458 72746
50998 62474
2094 54589
12032 17425
34303 38123
12420 20423
8171 70045
1401 34890
4278 31274
36448 40656
4274 74259
1423 5780
2740 35916
44872 59435
13415 73413
25611 63566
2925 17396
16395 39046
36888 47066
32074 70161
11492 44753
44999 55067
201 38061
24254 36920
48870 70383
34344 49590
15714 23702
69355 72157
41166 43218
33849 64271
34250 36318
30669 71920
44774 67704
7637 10776
36037 64610
41079 45208
1357 23056
70738 70876
34842 49789
17565 39664
27454 55835
15212 28656
34172 48518
33630 33856
13275 53717
13392 37886
23979 24913
24550 53539
5545 65388
35934 60329
23343 39893
11653 49545
7032 69752
17215 37201
9409 26451
27681 65969
3614 62178
28480 65366
258 56885
32689 56157
9934 41413
20729 72361
10527 47322
3355 32695
28852 30863
17322 60914
40131 53562
41794 44737
41346 43169
33084 52705
47117 57694
19765 24255
2102 38018
8843 50242
40074 44790
7231 12792
33602 37611
65632 73151
51981 71670
71113 72671
22127 49272
30447 41108
12312 54650
45312 66883
47069 55478
5118 46712
19116 32818
7160 14004
47959 58428
45463 60100
22350 33049
39598 52877
8412 23862
11493 51791
39420 45617
8742 23859
16411 19800
15013 61861
31211 40734
5624 72224
42078 53161
11673 51789
12302 38938
59026 67533
6748 50792
65351 72425
19880 56681
1497 27920
13030 52701
1284 16726
22738 51978
4874 74837
900 41448
49809 69572
46277 55701
9463 40979
7329 72277
37331 69669
18657 52736
1970 4114
44279 69030
26091 51762
8093 63760
13368 56115
20114 50735
38446 72169
55156 57689
14403 34498
35436 42874
10934 26698
56635 69875
23660 55911
50900 68766
46927 47025
12264 17344
31265 53146
35325 35750
10225 70029
12548 55100
1181 74110
1808 7225
24519 35236
19433 53359
51160 58550
33546 72977
22411 35338
15242 58711
3418 59021
3389 25565
20982 38709
8720 61272
2419 70172
6928 68468
48353 67101
33932 72605
3310 66091
3413 56414
18649 26626
4871 64347
42592 54370
19644 29198
52313 62560
12020 39926
41823 65597
25327 52560
10126 11377
31907 65991
44450 44898
30130 45007
17414 22782
35957 52002
12850 50182
6201 14481
37967 65737
68489 74216
1893 38092
11079 30545
57137 68891
32678 57526
13650 46569
13247 25685
64590 67770
48815 54731
10820 19573
41016 66315
28275 37524
31061 60465
52225 56915
45003 68129
21445 44466
19727 70980
66412 71744
36434 59083
49395 72840
25960 70155
30185 56896
23499 49092
12188 26410
12834 43467
55430 67842
17563 46032
22511 59743
41339 46647
53569 61249
45028 64477
56344 60803
21385 51767
26937 35363
66974 70054
11384 34612
26450 68619
24293 72201
1779 3864
5770 34300
36855 57587
4437 23912
5865 62609
13065 29055
50136 69920
40495 41744
332 36424
655 58974
13939 17517
11619 50836
15653 15877
3124 49480
56589 57042
27251 48147
56624 59293
57275 62852
21014 44573
37654 42438
29614 34217
30562 37516
30386 30789
43898 62403
13782 18451
5952 65336
30383 39176
26040 26548
20608 67798
28918 42786
13441 30457
26047 44718
11318 38782
15025 49299
32 38813
61066 66747
13239 22986
46112 47576
6228 42607
42333 61369
68047 69839
52525 55029
36197 42530
4202 16819
38221 41091
33511 49773
1428 2078
20099 44292
15912 32777
6073 73484
26679 68383
12472 32947
31704 33186
20371 45770
9426 20543
35167 51753
11910 20548
53768 72315
44592 63383
39674 69506
36102 46519
26407 54591
21955 69783
69001 74739
45746 72754
3877 50725
37843 52381
2650 28997
30942 49326
32628 72027
37161 62540
8509 72668
49502 64127
16494 62501
14184 52046
4552 73793
23002 36447
5901 65326
28446 67450
48173 74253
19749 21472
18416 68479
3849 43777
10337 27932
9661 13177
35703 57364
19224 62126
42907 73700
45942 67446
13643 55673
4506 62612
23684 34587
5481 70549
12866 41758
33387 64351
19268 26824
6926 51698
29202 49496
10792 74537
30137 40562
11920 40899
8806 15763
49670 60832
51926 69940
7330 24788
37505 57308
34438 69978
19614 27542
14197 36458
37636 53834
63193 74004
7211 14066
17372 25522
65973 71857
23361 59342
21669 63133
53289 54048
40383 51214
1093 11908
42730 46684
42283 51602
57499 64625
52721 56413
44896 56347
45432 61569
21360 24517
47669 59193
9746 42860
58415 64132
63556 65330
55899 72384
45434 53521
45105 68728
47008 69962
39170 64567
20856 68259
34824 43165
47543 65016
30028 42858
12923 39755
22009 58469
13009 74073
20100 30047
41461 53320
2678 40211
29770 43425
19618 71419
35491 42969
42285 55973
35619 47066
4853 67850
16569 42513
25993 35129
7874 50899
4357 4645
3506 64849
13408 38298
28522 40985
13183 61416
48912 52675
8134 28041
32685 49743
16470 51537
26476 47611
4830 46015
2245 43135
3145 73861
58735 60723
53169 66738
60534 63498
9083 15270
30567 33386
6038 44664
73256 73576
53307 64655
16155 16508
7740 8245
11838 23703
2021 4104
1992 5454
27372 71551
30580 64606
5190 19124
8451 57534
41455 48824
48561 59991
14782 48541
47673 65030
15923 56424
17005 32508
53212 61024
14599 30609
9832 29741
1691 46037
10752 66875
27163 36130
46472 53730
12308 71020
5567 69161
51362 69865
18992 54824
1634 71210
20219 38960
7024 29502
38840 39605
22712 43568
34265 64292
27110 62436
23548 25423
872 66234
36865 43584
621 9872
4824 23068
15800 52626
31618 43350
17207 32190
14651 62559
38155 62837
37100 61832
3680 8881
30720 52246
59302 63138
50083 56668
2234 49653
2133 39409
3856 17700
14721 73535
30578 41161
15967 53937
37213 47823
4599 15319
29337 60898
23962 49260
54284 64302
57531 71827
59847 70442
34368 68374
12079 17200
19359 51521
36809 59709
49606 74127
23342 57459
9912 61258
47108 53108
40574 53419
31524 62014
2253 72167
20161 67977
7162 43840
97 34706
16461 25990
55588 68065
69843 70159
38482 58639
51611 72049
7543 31967
35045 60817
5856 60294
41820 59704
18742 69981
7510 56399
2313 17342
19609 35563
27810 32011
16331 33106
27705 51857
14451 31126
15862 20206
2927 11412
8585 28257
31117 62503
9436 71502
18303 20440
12428 16303
16839 71886
9714 62983
696 43611
1554 62639
1480 9865
33997 55303
416 48461
38546 68286
54570 69932
57279 69283
56592 67027
35820 69141
28258 40921
31407 62353
49153 50914
49567 52370
24178 29936
16915 55486
21052 41557
8389 70869
20008 37087
1191 47021
29737 52843
16740 47144
17673 21162
29541 51653
55243 69361
17656 19600
3704 46624
2272 25063
5049 32265
23914 51361
1465 60352
13389 48554
27091 33967
15331 67931
15343 33173
53852 70528
14453 57313
12234 61849
29380 67050
14445 32433
62 73208
11999 32758
48093 49896
27680 52078
9063 35963
7071 18774
34592 70502
8202 39609
20364 69664
17462 63318
22329 71346
45774 58347
7688 14981
70890 72530
2046 15916
28964 29251
21816 24738
31741 58302
6507 47219
739 14504
36636 46445
45452 59236
6223 71596
47419 50794
21059 49121
17579 58115
31632 74820
41650 58627
21422 46727
5872 16359
32849 38164
63253 66834
6715 48200
31770 63835
11370 74722
1993 25416
17750 68190
21637 27857
46274 56881
15460 18250
7497 69621
5687 31199
9022 9922
13709 18070
12967 32232
1394 7485
39694 64826
18713 20944
23916 32712
42497 60549
12060 48015
9459 36995
19722 43402
24304 52805
21640 37209
36154 48436
15323 66139
16872 63401
41481 60318
42379 63176
11418 53945
22996 58078
14697 48673
13343 36779
61215 68042
1052 43020
22149 41177
56932 74516
42547 46575
39011 46557
44578 46164
65116 67207
49814 63989
5792 51145
16010 39147
63077 69524
885 57793
5965 31713
20223 43901
7730 36737
46369 57265
14421 29257
10596 31874
65432 73788
17690 57989
40468 57078
15713 21018
12872 16321
37517 57915
30361 44148
9672 18589
45815 67984
59478 73981
55248 63434
25244 64752
4334 8330
5235 9310
28276 59890
7528 7997
10352 53672
17766 28802
62213 62867
6125 12215
19314 52683
27986 31971
10468 66110
7173 48707
25032 64067
23411 49983
3901 19888
9472 64540
9531 47533
59146 62604
21655 41479
10211 28961
22882 66257
54798 55145
31778 36680
23867 52579
17 39583
22354 44866
47880 68729
7460 59967
18386 35211
32258 63323
12597 27798
44184 51384
6469 14831
39072 41202
21547 71986
33893 36377
54179 57011
10049 57417
30879 48641
802 60130
46598 53645
50297 58167
26623 30952
21555 22830
11701 64156
45632 70084
19315 37631
18787 31719
32377 66221
32565 71348
15210 39431
9891 61921
42194 67638
20274 28640
30755 62050
33370 42300
24617 71441
1913 6955
4362 47160
34763 35222
10406 33232
43870 60840
29488 68797
9899 69075
29813 55862
8964 56100
30967 54558
37698 57770
15681 57637
45774 49545
19478 26013
29926 30995
30828 64735
41466 74169
23525 30842
30613 72696
28633 73103
3091 7940
4733 5692
41830 59634
8960 65794
45823 73870
22936 27973
21065 23562
1805 8688
1542 26676
58090 69110
29313 70718
12897 65242
1592 74011
25459 45382
13221 27480
14358 43751
32409 46427
22592 66889
2815 74272
14377 47669
8262 37608
48233 48307
34376 38285
7505 73149
15959 43259
41305 56355
3947 33397
51402 71585
49883 62923
35002 54377
3781 69006
5145 31385
2632 50579
10540 34777
24665 39784
17814 52870
47153 70877
45192 48069
25248 59141
1664 28748
13981 27262
13505 36507
3574 34768
29794 42285
50648 54523
46461 59322
2032 57746
65176 66863
11339 65163
40613 54761
6240 64393
2462 49979
41297 41806
54452 63904
9457 64344
39786 66000
38195 63889
34179 53149
20486 72058
13093 13176
4265 14492
18550 35886
37130 63291
7372 64093
11267 54390
43236 62347
2445 46995
54397 68585
18860 18987
4007 65465
58952 63882
6515 28014
56943 59504
43400 55900
7972 57245
32739 51496
45616 71874
4219 39157
2671 26014
5452 42970
44381 49899
48568 62386
41611 54752
67278 69734
31676 49393
31505 46092
52 54748
29897 64135
32202 66458
9708 46422
39802 62552
6134 39756
24319 73626
50437 58268
15006 64737
41784 73349
38103 68457
45268 48688
49783 50513
15119 17221
19882 62521
4631 71992
43701 73188
9834 38425
9714 11762
19207 65494
32643 35158
26197 36907
8445 48492
32126 41863
36760 59784
25099 67248
21912 45145
39132 64927
25925 38939
6158 39137
8858 54562
22019 69169
15112 51493
65854 71856
2589 50864
10562 10917
13796 67967
29971 48890
14136 14932
7474 72313
39478 39671
6368 8187
13693 25721
948 66295
49484 68241
30138 63441
411 71493
4359 63252
33782 42818
61232 64629
57939 63191
13966 57660
23856 26630
36903 55524
39218 42058
8809 44943
12267 43937
2666 34561
10818 44961
12250 18009
32789 52392
3373 27088
4619 6353
17474 47178
29531 58846
4623 50756
5784 32416
11717 74049
23118 30059
12708 29671
26355 42574
1786 10016
9930 38102
15118 67155
27745 67141
5261 73584
8583 46719
3843 34859
9581 63431
9315 18053
125 6950
4157 43341
26052 43749
4254 30758
18045 42713
20244 41635
2198 8020
53130 59940
47093 50882
69510 70764
58433 59366
25380 69662
11758 25805
40363 48031
17464 59600
27560 36890
3594 33463
26078 27208
32547 59166
39322 46168
13237 43841
18102 25165
8975 58015
24128 27577
14429 70240
53648 67397
20185 67063
3833 5417
13276 57728
41072 50452
53262 61618
28339 46703
33948 65982
9904 27966
10148 14124
5934 57149
8755 26093
26992 33635
41931 46134
9993 71221
35118 66493
21513 24274
38197 65664
3309 22240
15775 19279
14039 29976
24246 72233
19370 24763
19119 36935
28889 58517
63776 70012
15161 69888
50441 62886
23715 37545
9569 64273
56191 72335
11452 21943
4757 11875
12509 50072
40878 50811
13788 59996
16053 29941
36708 51565
40075 68172
58492 68440
5290 22605
8824 61345
64975 68364
35106 51464
19216 60477
21182 22962
11944 36794
53002 65698
35195 45412
3000 50745
8134 70804
1578 47162
35462 66214
26351 27292
22242 29111
1300 1383
8440 73942
5218 53032
14133 45994
8534 41278
55922 68465
18528 63210
15525 27654
15128 29486
24430 52108
19419 50951
23369 27001
25583 25725
13174 34173
16569 52874
13259 31422
9606 10049
13942 72624
51094 68762
26670 64642
15370 22342
7933 25511
3863 71761
808 5945
35142 43463
4922 13797
15336 40555
30655 53649
27744 33636
36396 72554
20313 52631
32285 73272
33567 57759
46625 54255
48234 65756
1260 4085
35225 53178
65108 73462
7375 8154
51093 60111
26597 36391
37433 59841
2494 41218
41372 42072
8110 9311
5647 41564
23949 29950
33919 51944
26547 68658
29962 55894
16141 45115
30550 59338
20327 26027
16612 69744
5297 52891
4292 65200
21000 26154
23606 46709
25515 29392
26845 49751
63674 74225
13672 30043
448 20937
16287 67620
9251 72814
24117 27160
56810 67339
40444 74552
11224 45285
46346 48432
7991 18976
32164 32605
26023 62022
43238 56167
1066 55983
1427 71524
45797 58081
7217 66233
3199 7559
6046 14087
20163 44364
12449 68177
376 49240
61976 70066
49392 52788
36756 48972
57054 70804
21923 73265
6090 21546
44290 56215
5194 17539
45988 68086
24271 62651
21728 69932
18974 33784
16642 30792
26150 46707
38051 72546
22445 69302
50642 63956
46423 59732
10401 44769
48099 71621
20946 63863
56214 61168
24155 65276
15529 28602
5986 40804
47331 74176
49498 55151
2196 53314
1778 18848
27170 34526
25099 33739
21222 52413
36002 63583
17278 69128
23344 24638
23820 60614
328 9930
42273 53472
65826 67575
14731 33258
22451 44540
6475 7961
7079 27765
30525 47646
34614 46602
7178 28676
41436 56032
20964 24326
14931 50204
10535 31836
51066 53499
13776 41846
20634 72657
50088 66238
25735 69552
29747 40895
3893 11103
12644 33437
5594 15150
42707 51005
13573 24668
1483 42528
11542 48222
48449 63465
31641 34366
3723 18723
25766 41010
34225 36912
12763 71545
51249 68733
12522 15161
6845 24481
53534 55858
50806 71436
1947 12665
31166 38742
9663 40344
18473 54569
42259 68494
49146 61695
48375 49123
10652 70081
24433 27967
15246 45489
44491 66048
23245 68903
5552 31648
8930 12042
56523 70706
5670 23763
13834 60002
27547 52279
8544 15243
9451 33925
31301 46536
41769 53896
27247 36287
61910 67413
21126 27200
42781 68944
19443 34077
35512 64689
40515 46042
15144 31105
23416 35421
24898 42259
40510 44980
1531 42203
1660 11182
14030 60273
27306 48998
15576 69167
22331 47604
32475 70136
16226 49512
56806 71780
14196 49228
33027 33070
8795 32362
32535 63334
21827 73787
52975 58229
49506 52033
28143 63874
43191 73018
3247 69896
21560 57785
41810 64514
16705 50733
31226 36929
12790 35494
44595 56359
6912 46507
62064 65642
8812 65049
50393 51457
19958 58105
498 37323
9197 53141
22631 67564
59088 66103
19500 67619
886 37353
2085 23724
4095 16885
9848 45431
19219 44112
1772 74332
14162 59223
28261 34639
52087 56449
3772 44656
5017 45239
71142 72170
44252 54412
14610 49885
9463 58199
32542 69218
50983 52590
51540 63165
67559 72923
15256 51747
51603 56985
5300 6955
67443 70292
50244 51790
8965 54665
26463 58014
20721 28938
26903 50447
749 12305
23038 46967
17260 45865
11051 62910
5489 53743
6853 29001
17052 38852
46417 53262
30042 56690
15750 44951
22560 55517
739 6393
26230 46438
3710 35182
14656 27997
29548 40225
20790 21657
64455 70988
32328 33554
29181 30386
23646 51871
5477 38019
35671 60011
4 18576
23664 55502
53858 72898
27389 52476
11201 13422
18266 53331
54485 59078
5790 20505
45138 64992
45814 72483
68017 68024
2228 34846
15061 22668
34860 41190
3069 53198
30889 69583
17995 33627
3778 48063
12981 16029
20034 47654
13004 32700
38243 56425
35677 53603
9829 70385
6904 19928
21185 37608
15960 56378
16321 22540
60671 65138
42313 67476
6879 54559
1719 3025
55097 65139
49873 60201
29208 73950
48167 60073
44297 56753
38851 59617
12523 61333
21731 58050
26629 57813
593 6136
61811 74062
11479 20406
32873 44931
2436 45971
61281 69231
41781 47922
1109 4319
58217 61702
40035 62886
3162 68327
11959 27580
12318 35594
1831 74259
13015 32806
38659 70754
59858 71763
28682 49118
14703 66114
13623 20506
12593 20665
19782 53441
39575 58161
51772 63642
16496 54872
4497 8425
7202 45891
26223 64970
28467 51744
39772 65936
11165 20758
50455 69854
69 9542
29322 67767
8519 69991
9764 55993
45222 47675
13514 27519
32033 54187
5331 5755
42992 54532
39380 53813
42705 44145
1415 38556
23919 50086
4432 18898
17708 29726
36351 65218
1237 73173
19781 48890
54809 58503
203 28215
26188 59567
23287 26206
801 66669
16483 31675
36521 74288
61136 63594
5611 9138
25425 45383
9057 68690
33229 70149
10184 14292
27909 35875
61753 71474
14808 44400
7577 57823
30495 31631
6751 71885
51953 66542
14438 65060
59799 71102
8132 13828
31919 47081
12786 43273
14791 71590
31163 64966
25719 30535
38643 51430
8475 72225
40289 43323
9162 25306
46785 64274
51248 66467
14356 29902
55875 57329
8745 22495
20994 23574
30702 60991
30070 58999
60786 70193
12949 66973
48477 59355
22315 72740
52149 58218
1894 56473
24537 40078
7252 55110
33807 73647
23614 31118
9258 62136
19278 53216
25215 54555
30367 34461
47529 53477
27742 70707
19717 22726
7406 30018
1312 42068
42676 55830
51721 60250
10044 62706
18814 35625
51466 53971
13833 74694
31409 51346
30565 60249
45266 52079
18911 48235
59509 64121
34873 49515
19750 43096
30735 46430
34952 57670
43442 58028
6261 55542
19885 38333
267 41657
14224 60746
1829 61184
4364 41270
37777 60741
24423 51311
54646 67913
22828 64931
11761 45611
6076 37776
19570 60182
39042 62504
36301 40523
35555 51211
10036 21387
16456 21595
36655 65098
35431 46472
13308 37737
10560 41562
14504 30675
5710 71645
13886 51748
15926 47514
24000 65244
11416 54987
41802 46495
19118 40370
26043 70861
24470 26359
53865 65040
35880 72200
25657 54653
45004 61413
7462 59895
55902 67984
4868 51153
24191 34095
895 63163
31957 72223
7993 32799
63022 69528
5022 42886
19739 28824
3472 18886
22230 26005
4544 23981
47116 71751
53306 67561
2779 55923
38679 53424
15715 61020
14736 65017
38838 49329
49344 57349
10718 54447
31255 51993
7534 69133
25982 51380
52476 71799
63581 68650
21357 67624
60684 65092
57829 67598
52805 67632
39252 48891
21207 31113
63133 69311
221 67776
9580 40015
11414 34850
38276 56778
6520 65309
2764 46372
35667 64147
45727 72887
11435 21507
12317 33495
7682 26362
22308 25684
24937 36159
57422 69883
18418 20699
8695 27470
41991 50875
6759 28341
26696 56633
7832 50685
20987 25010
20732 48236
40857 67259
20454 37472
26737 48193
33441 46411
57928 63656
4831 10345
612 25236
41125 63590
12192 63493
430 41687
13232 13920
30998 44483
17516 34389
5461 50947
28143 46368
6286 34395
10572 52425
496 33861
16923 49062
45741 55132
31683 66311
11784 12664
37415 49219
19027 24649
17898 37474
54024 55083
44354 46869
28050 51221
9347 29189
40298 58490
39951 51711
3792 30428
16274 42879
57400 68490
4917 17757
46521 48743
38561 54307
13962 40575
21359 44563
33401 66166
10190 35042
55406 68674
36280 70383
2756 9016
13698 57648
20269 22412
35978 63827
31802 59347
9983 68705
38757 69836
16977 58527
27691 42179
8654 57110
3739 6899
69358 74164
62070 64751
3761 19505
24205 49910
39496 41779
36758 44907
13084 56374
962 62021
33557 39298
13696 70104
22281 28899
42550 59325
19842 55288
28450 54059
9552 66929
30756 48334
16780 19212
54043 70619
55657 59164
44438 45157
25328 57910
22114 66890
3841 37246
9465 71350
9423 29230
13292 38732
12302 58196
2623 11772
861 1361
5894 29409
2940 60171
36931 63234
10234 10283
41323 68956
8587 67145
21691 63859
68159 69271
6845 61552
28684 33013
48913 49570
24170 49635
3277 24638
48041 63862
4785 31429
45440 57478
55290 67648
41156 57876
40298 59703
17456 22117
17500 22615
11665 51998
20568 67537
55764 72877
1232 59411
21300 61851
19044 56625
21583 22144
53 68991
37391 43434
56560 61412
46018 60830
35733 37361
30276 58374
37332 70973
23372 72677
49837 61299
17115 68801
45550 52685
492 10332
1460 2778
15252 36245
22496 54890
7641 39066
2158 46714
24201 25697
43061 56180
5730 23988
17070 74775
30306 65601
17885 46190
41201 43058
36283 54069
30396 49177
43198 44648
11758 35089
36575 56412
12573 17058
36700 37685
1459 11494
47054 55275
7550 47030
16046 62015
42425 43515
35553 58390
14456 46588
60064 69603
3293 34178
11143 21350
32579 56155
25093 44883
56318 58427
35814 40385
30173 47016
7170 48390
18719 69015
14744 27477
45136 47678
14776 63464
65287 68724
56803 74030
9787 34948
53957 57293
9640 43185
6639 19185
20203 63828
52509 55023
21282 55654
29009 34311
8907 20128
36738 43502
4556 35748
56264 65320
14793 71166
34228 59354
43153 45857
22924 58679
5841 57720
13173 14138
59544 72007
35054 51027
22980 43215
7513 65905
47217 47799
42240 47435
28109 58019
17981 61301
53558 61237
22277 69461
41508 67472
51015 61765
27181 46789
45609 53115
18433 31214
33295 68381
37327 58623
10631 55370
16944 18599
19147 26586
1749 67357
42771 65175
41665 64634
29185 65131
17432 21790
16958 27663
13876 50896
37833 62406
33616 73682
43159 50381
29064 34774
49829 59792
21534 44098
23846 26103
17866 28156
6927 8921
688 40419
20253 59595
5325 50686
29104 41258
23008 73324
8642 46914
16327 61439
9184 41527
18890 50161
10122 15404
23344 65655
2116 24920
42952 48230
44418 45494
9821 59569
15880 18024
46027 59245
8152 30021
12449 49220
6016 29066
18430 69130
37243 63007
25 50717
26476 55842
8158 26172
11575 71213
16324 73063
34897 35345
10282 45889
45060 52885
13117 71232
34272 62575
21952 22300
68134 71029
18763 30872
57464 62219
19271 27244
51155 57854
2281 38785
25645 63955
34631 64215
12185 51442
54264 56984
9108 28851
32693 55592
5600 59263
12337 46593
13581 72948
46821 48299
5734 72343
29654 67904
55061 65510
39190 41696
20362 40668
18075 31497
14096 67442
9721 42443
36746 62168
35681 65866
45981 67916
28094 73055
2197 16458
43823 64942
46080 67977
12366 50701
12429 25102
9219 30619
7426 51747
18831 44910
63879 68639
838 48960
26634 43775
13182 42120
3175 38030
11175 71610
22832 58075
3343 23284
11904 69148
23341 31417
29150 74415
18340 59505
8410 10053
12670 64440
37053 52376
41770 42850
41754 44856
26616 35104
46188 54091
42332 45735
10613 58868
25492 42201
31979 64840
54553 63020
8129 72328
65566 69944
12559 36528
11970 71186
6647 11032
20084 33092
20046 63783
2136 24449
19200 36726
9758 12070
39567 41407
51351 60905
1060 26291
13522 46828
59092 69175
6250 66944
17109 23481
17808 55256
14306 62836
58908 72720
35995 51399
21092 24167
6689 38083
45166 74747
2520 63679
1434 32316
21989 68001
6208 23977
5309 70072
3847 10512
20317 58010
13614 40900
14447 44848
10881 15817
5930 52392
17552 74486
45343 73359
3229 13371
25642 45903
17364 40186
3638 62874
108 2337
25937 67021
24202 32391
43603 47061
16423 66684
6513 36946
24383 31945
2514 68462
40122 45002
18442 42196
11644 35828
7757 59780
11550 36202
34062 38212
8441 16217
52066 63666
25065 48858
52143 58984
953 68854
3311 15314
31194 56850
47434 68768
7652 36121
14094 44122
16921 24855
22146 52999
10006 44516
42143 52936
6585 41468
5549 71414
14222 46534
34449 48294
4119 12642
19781 50515
52573 64027
43399 58836
59649 69767
5125 37919
35543 65046
40369 74599
48947 56615
51629 60687
28018 58961
1073 61436
58278 65393
12987 63255
5219 46509
1921 26785
36726 47644
26612 35111
19874 66440
30222 32554
4641 72748
31022 46550
16101 65658
988 27413
9379 50364
13341 24739
50646 66549
4523 16157
50991 53313
16974 71245
4192 71958
55068 65029
17149 50631
20437 24379
5738 64939
22787 65657
19603 38111
16543 53221
9778 19051
29603 60381
58661 69682
45341 49673
66194 67653
41137 42916
16583 30588
51816 74501
2615 39556
31079 37464
42822 59662
3030 14963
13045 65967
54229 58269
5444 67030
56244 56353
1151 32179
41017 58286
20983 43794
25241 73972
2894 41933
42856 67787
39159 42386
45418 69660
27925 74299
11057 60904
17770 18908
6299 10257
853 55796
8470 52255
23767 66654
1687 37892
24041 62482
57194 72964
12275 54669
24456 73243
5295 36043
33719 57695
23821 57878
9327 51092
7404 64083
36831 58945
3991 36016
34666 37117
30213 43984
1021 9032
6300 55147
18778 24377
39535 47155
51688 65263
28996 34652
13101 64303
27888 73703
57096 70465
18512 59617
34116 43276
50618 67993
47007 53893
47551 62345
6772 11279
28994 55124
16724 49908
53374 57858
6572 39809
46992 54176
61112 73881
58682 69685
67717 72373
3776 20365
46343 57352
11481 55419
42049 69223
19536 51320
52263 55723
19707 32205
283 26382
8313 28724
5372 41005
2330 61074
30644 70770
41640 52038
21545 61198
15065 64909
34374 66800
16972 26117
8255 51731
15275 44218
47993 51766
42089 45874
35051 50613
2944 70805
64491 72325
1407 8973
35715 37601
23197 32343
50591 61944
17283 19778
18122 31372
3707 61141
34924 36470
11989 15769
41863 57387
27443 32928
24421 33790
28108 29583
7113 33372
22035 36644
41239 66609
48094 49301
64990 72679
19706 33021
3533 6162
8232 21311
926 50179
35220 72044
19959 66163
36541 36658
14121 72867
6869 34296
44483 53779
16909 62621
8047 33940
6434 29773
32340 74557
62229 71100
63243 73440
2114 74581
22341 53810
47237 54596
22640 50731
30448 56422
67707 74578
7636 59932
23085 42683
5903 54392
21391 26159
22780 63067
45792 50937
1908 62782
43634 73072
12123 27073
12396 54473
42246 63287
1199 39787
22535 43459
61780 64884
2988 63004
12678 30165
65324 70358
14215 23605
12834 71513
32709 38905
939 38740
24510 74514
6644 32994
15187 55757
55556 74715
14366 53833
11026 58171
36801 42597
10082 35282
70218 71202
5719 46855
7064 33212
54512 70925
6186 12625
20376 40246
35595 47295
32102 47495
42152 61685
17873 24686
65735 72661
45823 68843
65660 67788
59198 74397
34964 48054
5168 51620
28402 33715
3917 52010
31357 55090
10608 31396
32526 34412
16853 44006
29441 36052
13682 63815
38527 56905
58969 60159
65763 72139
483 52778
24139 66587
25370 33093
13355 66832
3711 68288
17712 55725
46729 65811
7796 57283
4084 44425
6610 48296
3198 71683
19951 61468
29632 55981
49337 73613
12251 70202
17413 73554
28278 64276
2517 55050
40976 60730
36589 61578
33424 59680
2457 54153
296 44882
7287 23360
66985 73777
15600 19689
24613 39641
2355 8789
33630 66044
65353 70294
2007 41380
13559 58649
16245 30642
35423 40930
20977 29276
20383 71750
26158 74281
26419 44760
16933 33778
41837 50300
4626 39555
10761 16759
21421 53241
19415 27907
24233 54266
27968 58993
7155 23580
56120 74413
38105 61933
55547 69665
7873 62926
44621 71218
43720 69306
65156 74676
6157 68918
24738 32395
49721 66265
54282 70273
794 72118
4673 62993
19374 21864
11231 45386
3379 44986
13102 39061
5599 31481
34642 40352
28213 72749
6883 36557
11845 14916
41780 70611
8262 36118
14 71905
63821 64005
20584 59061
1048 58485
59195 67667
54947 58737
21211 74859
52414 64378
3995 62889
59087 71246
22516 68617
29408 59440
46249 70524
3116 57919
30434 49149
3710 51090
44734 57346
871 69611
21778 25584
66583 69073
26675 53348
5754 74789
50482 60445
8719 60410
14261 33110
32296 36792
4244 7204
11765 42298
38116 47723
30490 61747
46180 53479
17861 21474
44621 68630
52679 53360
62302 65202
17762 34308
51663 64244
49660 57830
46079 72506
51388 74851
8705 41971
8291 41785
2427 18684
30432 74350
23804 74053
2531 7573
19367 64394
24538 69730
6872 30444
4104 35578
3516 46589
16139 62373
34856 74783
56596 68965
8177 23163
40195 61078
761 24478
21759 22354
18055 61072
51963 56941
20932 35116
11933 61357
46947 46981
35383 55410
15815 52143
1235 26503
30865 43909
70939 73776
13088 46128
11977 70522
68880 68913
23839 44606
32793 33598
15155 67102
18025 42440
23124 51516
8171 21518
1933 62721
30482 71248
14097 47234
8365 37829
15045 29886
2704 66612
61542 67390
713 33717
1023 52407
3022 7683
38252 51250
63742 72708
27928 62654
31322 73873
24067 37155
30371 40416
19608 71724
5896 35044
2 59959
12939 23166
50720 69417
27475 51919
6965 28906
2176 2783
5375 57432
13992 17719
68782 70703
20331 29647
16093 47508
11426 65908
33086 44480
4787 74746
23178 51315
32140 38518
32737 50523
21894 43180
23863 45618
61292 65195
37670 39922
66715 72289
40128 59840
24561 53992
18929 37393
71194 74478
28373 52642
24704 55756
7740 8814
41081 70726
6207 26644
66029 72210
14811 17681
7984 10083
17789 29079
53616 74798
63245 68287
11829 26931
29712 46898
18743 35117
18891 63947
46570 48047
30924 73036
16072 19181
16662 31439
36342 47267
19489 20093
20344 55480
29975 46560
44551 56734
23043 31015
6369 12981
46264 64169
25717 65169
44685 56775
22487 43746
4492 26726
39982 63760
35929 41931
9644 54121
16677 37179
27579 51802
29604 49897
50746 72053
8071 19168
18773 38799
60125 62386
4199 17851
39406 63619
17135 70893
48379 58618
33443 42068
15580 55719
53328 73249
20360 45278
43525 66806
8109 28914
39839 48098
2585 67644
6697 54946
24733 26439
16843 65063
51843 67875
29855 60857
8320 17451
16174 20774
849 24370
39073 58762
10936 28191
26595 42582
49099 51069
34192 64598
42177 58584
46752 54150
7812 9151
50677 54521
3941 55030
15013 73244
14227 63374
20380 60386
9446 24564
8941 10797
445 39630
30590 52469
1333 41266
42917 46545
11149 11494
12363 35464
5740 14805
5732 39847
260 69586
15571 55697
39962 45579
27930 44336
57913 67168
49126 50116
59071 65186
54092 61713
25200 72111
48062 53967
14408 37365
2325 6037
25273 32648
8697 54868
43790 52260
20557 49758
53577 65803
2824 52129
38414 53962
4284 39960
8951 48886
24869 74371
15190 54953
21221 63154
6684 38233
1212 44595
6304 17075
45393 47386
19460 25614
27998 30139
2772 47113
17422 60241
11814 60007
26574 46349
33122 66971
20913 67314
2146 59976
26082 37070
18913 72644
31195 31475
19252 38596
4913 43974
4240 24846
25146 34312
48899 74636
48329 49978
1224 45149
4554 63610
4728 71438
30880 53504
11050 17500
14975 27470
38854 45716
7843 47212
6663 12426
20680 66120
26127 53583
57442 68932
23207 36129
56954 68792
29532 35742
74734 74893
4858 67976
50386 56451
33606 62973
51647 58467
49857 57528
57537 59209
2174 25523
27639 58036
35388 68867
52923 54305
39731 55495
6066 58924
8050 49090
13761 60356
19910 54759
38791 58518
3886 52362
10704 65779
25440 42139
1624 34991
6783 55653
41382 56080
30649 72422
64040 71014
23196 24535
17612 58388
10109 56473
32227 42731
7462 36049
48317 62966
33292 33512
24473 64466
19376 70160
8096 19221
47946 74316
8913 38321
14877 29720
55862 63542
59800 61454
11146 44073
3164 17280
53546 69295
30034 61482
63051 71992
47249 52219
33818 51067
29696 30343
45454 67615
8130 25837
52075 53209
49158 50463
1216 68698
46170 57349
40921 53944
16536 32920
47040 64973
3255 55713
15133 42355
20282 35468
22722 50592
30093 35860
15527 24772
8530 34388
28651 44673
35672 61332
56789 59302
52521 55887
12226 54612
17253 47832
643 65370
8417 53535
33210 56849
47524 72185
27212 61358
5550 12260
47317 54630
39968 47492
33418 50684
18983 45791
70705 74280
2841 58583
21551 25747
8554 72552
44419 74405
4489 16770
24195 38418
2689 29064
34650 36297
14613 41076
43436 61921
12962 52651
5903 6504
29386 45139
6179 49899
66261 69968
68528 73855
43548 44205
13858 61660
10334 41359
17667 18598
115 66032
5446 7014
3471 21993
19870 63905
27272 44012
63135 63240
20605 66101
32594 50134
6982 53866
9206 49032
34370 35550
6013 60284
57433 60420
22123 30223
20493 65391
3881 41133
10410 66184
28105 42503
19280 62781
33280 63106
8404 51360
23956 47949
12077 69127
2589 65297
3385 16755
59863 63619
4662 55349
9690 23521
49429 69983
17656 18150
54123 64681
45110 68268
10825 72103
13100 39333
70921 72430
37642 61492
685 73236
40525 64220
41034 51505
72001 72866
45603 69060
41543 52518
31748 35334
45352 63184
50993 72380
20692 33485
22768 74718
31026 34653
6269 11387
12604 13540
8859 54403
26618 48786
24084 55835
37903 73855
31491 51433
62275 73854
21374 51261
25081 57608
7142 34909
20479 29749
18410 25134
36457 43575
3516 44689
30805 40841
2567 48857
31155 73558
1490 43550
55792 55887
2373 73449
6772 22625
7895 70966
28806 49083
14636 50053
29917 31451
12090 20120
771 36231
23850 49055
15271 73664
2780 8281
3082 44045
38393 69050
13884 53543
25003 50590
35134 55373
58738 61438
4060 40849
10719 33325
11352 63780
23791 28866
50186 60114
26390 27532
33893 47586
44559 62702
48525 60186
69937 70884
60702 63808
13283 48184
2398 58393
25626 44782
28489 70971
2268 45544
26652 46878
21584 42192
36144 74219
10450 40119
29547 40445
31159 62285
40324 44363
44548 58642
55295 64470
21427 46962
81 67763
38802 73476
36285 62405
44569 45547
5266 17087
12724 21939
12276 32178
2435 55362
20803 59188
36390 67056
32849 66584
12852 30350
32400 67117
92 74224
4759 27278
16488 40484
33006 70561
46530 56651
4205 8168
4775 69942
22809 59093
63276 69359
11473 30971
65630 70921
34403 35014
11952 44947
14012 23652
18429 20819
56323 57227
28484 53712
4656 49486
10320 64827
33802 59216
2732 28520
54881 63763
14318 48882
17806 72172
57698 71540
3210 6059
23833 52636
33672 53286
9216 54220
10434 49885
11812 17171
9474 15765
8662 74729
19144 34615
49707 62438
62309 73017
43894 66302
48407 62528
44754 46469
5334 6566
10042 29475
12285 28837
24257 68938
30248 52195
32304 51372
31628 35559
25401 45811
72264 73459
9295 41868
5616 44544
12790 74648
17793 31128
1991 66481
2320 9375
12405 51335
38015 65027
3468 35153
33840 61821
34790 62108
38411 74350
18242 40355
8400 27302
27387 39241
19492 28814
54739 67795
13132 60694
34569 55369
21006 46572
32083 38241
41334 60856
7270 66359
66081 74096
12896 24775
27358 68336
15197 63394
6730 35877
928 67112
37977 41375
18422 27250
6099 29390
58754 59023
29467 67885
8593 31918
18550 19526
34461 46083
6543 47442
18290 68445
64030 68335
15441 53249
38246 52390
49315 60421
54510 59202
6516 13941
58626 61679
20188 27632
20511 27670
34247 45607
29700 46297
27068 48151
22764 56672
29776 61702
35849 70938
52671 64478
15100 56233
44922 71913
39811 52088
4330 6352
36229 42287
30890 68513
26613 53472
51143 52961
4067 69279
58690 59802
22885 41220
17859 60871
14378 73827
21209 46345
16190 73897
45818 68485
14854 31133
26934 55371
42723 60883
40787 52884
8750 56463
20661 28779
7727 65070
5673 44899
34680 73771
35799 47571
53139 74819
26798 49357
3795 52826
50946 67490
10303 72764
10487 71737
33761 33950
28172 69733
31622 67714
25093 66069
32503 66446
4187 62534
7495 23348
40719 45545
4752 59861
12551 28441
16653 40265
19127 59151
9944 26474
63813 70325
32708 39109
5832 16837
7669 21048
12646 28805
25690 31540
4971 65285
18153 52716
15809 17876
65730 67351
7469 48813
50230 71753
17830 69852
14293 24460
6695 58600
59641 62563
3259 35769
44945 62789
27052 48026
16795 34602
24276 33117
18748 45461
37552 62017
8113 25912
33092 54542
5449 46461
9302 74089
3593 9270
6376 45874
30454 30917
5151 25013
62198 71664
6156 27646
49927 74848
4588 67574
6798 50056
59264 61149
47123 69867
36613 55807
1871 29377
47919 69703
58117 67956
17800 70420
21099 31576
1003 59105
10916 74749
11186 43697
18436 72559
15455 43918
63147 67294
41019 57608
27715 33044
7215 58864
70690 73550
5953 53074
9352 73434
3898 9553
12713 21847
24883 59915
9666 32044
22758 69397
41643 55045
10148 56930
5543 9491
22972 67507
23237 50566
1141 42215
44896 54476
35776 38871
21694 52891
15395 45838
17121 25874
4730 69735
40986 56280
1395 17105
2055 23027
8238 56466
70908 72220
15830 62603
56642 73436
13193 39332
27553 30037
31615 32618
25538 54750
35463 73785
11434 63011
587 31189
21749 47405
15167 67696
16561 64007
570 12658
55381 67128
4080 52434
33043 47629
14946 55240
47036 52107
20065 66746
18334 40350
30709 31670
31210 65974
9826 43300
45089 70786
10043 15855
23312 35309
2445 59043
37451 48195
11225 37027
33246 71488
40681 71903
23007 63470
26665 28380
21424 65013
7854 65963
30088 59542
58037 71867
36425 49263
31669 70635
47594 68810
42765 66960
12520 34756
39966 61828
15442 36724
12511 45739
43706 64651
8031 42054
6945 53473
23052 40964
24251 69893
2830 10019
5582 68179
28624 73804
10201 18766
7927 47429
36704 59696
13917 16248
14431 37181
11016 74400
20615 21009
51841 60642
24670 55755
53076 58640
17246 44598
19989 48971
41348 67492
11716 41495
9307 59998
42892 58553
12722 59074
10289 14277
45988 57625
21496 34955
53774 58487
63543 68444
35558 45747
46946 55420
34527 67822
25591 52758
42895 62601
30754 73195
31268 65451
33429 36150
39069 41973
28585 73623
16894 74617
37025 48017
1133 33390
10880 33175
51441 53874
877 62080
71552 73863
50445 69916
47014 64118
3818 42220
24832 44110
41409 68120
55988 58968
31375 45629
36123 48596
28304 58052
39753 45521
11319 56171
51164 56659
38502 69266
25970 70419
31060 68262
35421 64894
29704 37574
1108 43100
4718 63840
24074 25791
304 28641
46087 48917
22329 60388
3526 15912
7200 8025
24910 37110
1478 51518
757 62533
16058 61122
28158 68611
5932 66193
4901 69067
42267 48269
8205 53193
20955 51452
23627 44587
43669 74874
41757 58845
1417 24208
13835 36390
57201 58464
11198 73667
18390 26202
44574 60344
38408 40969
53416 71132
42266 52385
45191 57520
33178 53850
7304 71734
56747 64105
30107 49091
64043 69386
28670 44104
13752 21104
5547 15885
34383 41484
644 49916
27457 57011
7035 66215
34690 73765
23389 52089
6099 30174
53438 58558
2550 30470
9383 11290
41517 41894
58870 65191
43125 47937
1482 52986
60779 74889
17761 42053
13094 23524
24714 36332
27071 73380
30611 38227
24245 63442
8918 47905
15922 41349
17096 61705
4155 50095
53381 64653
58875 60627
34045 65557
2161 10343
5803 29990
20522 71958
16813 45369
50497 71297
60777 69751
35944 46793
26817 42200
48671 60658
14231 16289
3219 30876
16980 68477
6190 34756
37228 42922
10249 33295
9549 61422
62944 69241
10848 31565
15853 32957
6499 17899
44790 55814
9964 48911
65306 67306
17002 65304
36848 44934
4009 58912
5287 9193
14521 26452
13030 52619
4981 47824
3114 73389
45918 66312
25921 69211
53445 60538
234 67320
7722 20676
38535 48233
8455 37138
8256 8879
27406 38086
1236 73801
2310 57390
48482 66352
38035 43485
558 18710
11469 33996
35274 49859
47184 53767
8449 48559
49111 58149
30485 34223
7325 15200
987 52192
27417 57264
47291 66957
14670 14773
18488 46768
59470 66232
25411 31571
26914 49339
13315 47707
45649 49824
52443 62024
19599 65016
26040 61490
3033 6922
9503 74502
13067 55884
8088 25053
314 64355
21735 53268
12297 20693
12832 73810
4596 64015
57291 58307
48922 52888
19267 72234
19228 27173
13599 16336
66504 68942
1020 4260
8494 33407
49251 68412
5067 15469
44983 57202
2028 73201
22601 73903
48491 71384
31790 35103
65983 68030
28420 46306
69551 69934
6220 59873
58505 65128
34787 47532
2132 33069
8191 62443
6311 36541
34358 56487
27750 71757
60616 71068
53426 74597
55724 60528
12455 15066
159 61950
63995 66177
32080 71303
5047 13854
33192 37115
11899 32628
12700 47357
52807 62195
61332 71517
5449 61767
17642 20917
67058 67379
10930 46326
2842 29279
50344 51174
45133 69220
7233 18968
42718 62882
35787 58704
7642 58967
16926 48266
40747 59434
69248 72675
6495 8218
59376 69105
2962 62490
45648 65232
28520 58816
9505 69351
10567 45820
31913 73609
5293 61346
8415 17229
58054 63221
26145 55922
6071 16204
68968 69080
19754 31765
22539 24569
41312 61895
3648 71516
20896 38590
41544 58830
30272 68222
18903 48272
1302 9581
31392 39729
60503 67451
50565 57503
52836 56373
20158 63519
18758 49348
15422 57475
6806 58423
16838 25566
11486 74715
12345 43904
64999 69058
43620 65914
21304 47833
60043 70557
27331 34170
3340 60781
13471 59057
12101 61313
3143 57160
35722 62261
32021 49131
4894 65267
47128 64547
69964 72638
3672 15082
37889 54282
40364 65594
7872 71765
3946 38334
7733 65908
36303 45596
19363 65254
60218 65419
34623 35384
9434 21330
50748 74190
27833 53825
2186 64856
4598 74374
57357 58606
32354 57053
61888 69378
30429 31746
40615 44108
22441 34929
43277 48964
2177 12549
53075 72883
18001 52613
40398 62005
29782 70832
10877 38953
21182 43610
21929 57847
52301 54198
27256 67840
62700 63414
34713 44677
52838 53555
33958 74471
60880 66930
20809 26190
934 11533
929 40404
12065 49589
13351 26904
25016 34305
32489 40699
15155 57144
4393 15333
20237 54056
17270 28017
34880 68184
59423 68695
591 55817
18855 41723
6393 46841
35892 68471
3274 24851
28763 69650
13498 21273
7424 25329
12555 67698
6361 62063
9762 10896
56201 58976
21930 73456
31180 34603
3750 9451
39661 64633
55588 73323
49176 64593
44283 61628
12262 56933
16252 19330
14719 66850
21753 24643
16437 61874
32030 39976
11844 44351
19387 26631
46002 62288
37987 62812
57220 58068
15492 61156
28644 54967
45218 55326
1566 9407
20239 53267
19109 43173
10166 34339
3611 26767
10264 39018
29342 59465
38535 72871
7647 15318
49826 61953
15568 39194
24624 47413
17419 17964
14489 67649
3322 7565
27230 34696
30579 58113
60828 61637
2441 44445
19040 67671
47501 63389
11435 38537
2008 18041
11432 58788
29868 37128
14792 72339
53901 57649
26865 66960
19013 59365
15032 21064
45422 50244
37329 45319
20812 46091
40426 41968
5153 14450
6562 33070
18396 26927
21265 47444
38267 58152
16340 44310
12919 22667
30752 39456
25788 55389
45026 71287
41669 53973
1802 67008
43904 67693
25256 42831
56620 56974
15006 45945
26105 69318
6485 18921
15172 65883
29945 50153
34276 37338
26151 53550
1610 39234
39541 65577
31588 53176
19349 58718
54718 61210
15244 46194
2327 72875
22136 27985
8873 60194
6722 35016
26351 42347
6635 60068
69648 69938
35010 40245
39101 40696
17610 62944
34925 66563
9602 44050
3676 22762
24709 48920
54398 58904
34935 60707
70020 71962
18847 27763
20407 74745
14115 36191
10342 24550
29895 51910
30616 66895
36329 47072
15278 15389
12608 23123
39264 46515
8923 68511
30563 49332
11735 44568
26705 45857
47266 58184
71225 74313
59252 70752
5771 10136
35167 58191
39118 53892
24402 71240
2786 48295
62432 64891
41379 47545
15893 57120
25292 67375
75 35171
25827 34152
43541 50321
2259 55481
65508 72436
344 41226
42979 52470
37793 43202
19767 38081
14062 74017
4033 11669
5053 45495
7957 13179
33922 37049
22347 69262
54393 63354
26380 29022
8071 53910
963 46250
43652 60090
54960 72792
6363 66887
2484 34384
3113 13516
34808 41487
29977 55450
30533 66348
59894 67083
9221 48488
34563 59750
14579 54075
10600 16786
1588 28630
49824 72437
24021 41895
34140 71088
47501 58477
18535 30626
24873 41121
3487 51171
18286 20449
14580 41059
25921 55429
3254 32821
27700 61161
58887 69382
10620 42715
16654 46029
4595 24436
40006 59650
8780 48548
21463 73208
27074 61084
15012 57265
25038 27072
52190 72610
8144 71039
14189 71152
26932 39619
52930 69478
63613 64787
3995 74631
30678 32711
4988 68128
61544 70817
23870 45363
13754 63658
30313 58128
7368 45537
65631 66487
60393 74844
1951 12700
20117 35897
180 19953
651 41772
8950 12004
6256 18618
19302 46357
20375 59657
12844 59734
20824 72636
40380 69106
1847 49627
26691 38812
5726 11018
29679 33356
8567 67444
21621 39917
15393 29523
3281 5416
7556 17302
6382 51435
34572 45749
5777 61622
22388 72015
4776 23602
46759 63684
36852 38599
32581 51273
30749 69470
36436 58539
21019 59286
20215 49241
20169 55292
16454 62949
5519 32262
1975 17068
51654 65318
19414 30724
26666 26883
19504 71300
11111 46429
15604 71410
28835 69853
8076 24793
59796 71469
17555 55635
42685 58820
1259 17715
43501 47489
6878 10908
1991 22772
7293 67147
55059 61194
8211 54369
33605 69215
20007 74701
4026 69225
15030 23087
14925 50925
17540 41906
15182 41157
12961 65599
3222 66737
9848 10286
24355 64836
38152 67172
39076 52026
37682 64531
61053 65743
8894 62300
44659 72306
3809 45540
4702 67939
35654 57355
6564 12702
21227 42764
15417 29334
44746 54921
49110 71544
24071 62040
1124 30027
33749 74262
24508 47173
15198 72216
50891 53505
5651 28131
25618 26435
69764 69801
26548 37217
8275 41991
1089 8141
26841 56799
38198 74672
7127 39540
12352 51534
38505 49331
44841 52539
17891 19957
11523 30419
11743 15913
40634 69588
12582 33897
40687 66764
53132 63307
19912 39334
33506 72059
47762 48008
34386 63473
56692 65561
11476 62374
50393 64054
28655 49574
16108 16349
4640 14350
30628 71276
57131 59789
44563 57226
36151 67208
11191 23331
7177 12108
8028 74239
57950 65281
16530 74546
54869 64353
47223 60924
9526 21649
9884 70704
45877 56774
23577 28680
16169 17511
3617 11419
22312 38414
41880 68044
18557 47136
13221 62981
42729 74244
20098 66049
27336 62589
622 2566
11299 70251
50872 64565
5369 36112
2769 45769
33908 56790
17025 70541
12984 21364
21335 27321
44858 69911
10015 24404
13462 40542
4367 5591
23149 32373
30564 49830
49113 53626
26131 57748
61931 74056
65112 70414
29308 73816
71154 74549
53594 67097
16858 73833
47410 69323
40012 49258
57558 62345
20600 38678
9113 43356
56656 58576
18030 65178
60530 71915
17541 66011
46030 61182
35338 54746
40701 40966
30425 61266
43666 72626
43330 67874
5082 6565
13199 71232
8483 44918
20919 41331
5346 29895
2383 49077
61100 74786
20731 23790
1821 13781
58668 69827
17837 18824
28999 41366
54860 57938
13250 63607
18248 46051
41623 49400
20176 43121
7365 8212
5333 6240
47001 66624
33016 35034
42754 62112
16517 46225
15306 52414
17885 43596
57768 66145
16600 53982
13281 18664
24807 63901
7255 61116
39085 52387
25358 51073
23571 52127
15283 62799
10247 65837
7665 23510
13526 33731
32875 53807
19187 42325
10220 11021
18479 64386
37078 41843
3918 39376
25232 62362
11997 30172
3743 11084
11732 26596
13490 44397
25788 71121
31563 40033
44653 56130
21949 62430
29585 44223
8548 38329
33963 35689
22376 36712
47216 51054
55599 58653
35422 54446
1180 11505
7175 28031
42545 54146
18796 61173
45332 59350
44909 66599
53162 73718
59246 73076
53738 69992
19370 69497
31640 51806
64767 65671
41225 60375
8803 35988
13613 54043
38519 70706
28395 28863
16542 52752
11174 53802
22720 60204
28051 72529
65836 66017
32267 59964
36090 36856
5609 36989
25804 51948
16977 33712
15049 26708
21978 36791
23488 56060
41094 60563
25432 64026
54182 55935
6419 13825
1244 30049
35382 54572
5634 50575
27305 41656
27752 30792
3135 5377
13632 36861
24216 49649
21302 45372
39072 52021
8681 69778
29793 74121
27516 72590
43685 60010
26820 52048
20920 61458
17004 64747
45980 68591
4045 21594
25483 62855
16867 64895
34997 44017
5996 57310
24531 67688
42472 70197
9637 33857
10849 51564
9897 57173
23250 44725
1062 36065
16936 43521
57840 67641
3900 19453
66718 67438
25893 36576
10722 34418
6679 49794
44670 64065
11406 62587
19456 51328
59248 71977
27581 44456
19267 50353
12138 14302
15501 59517
37891 47426
48481 53062
7938 39645
4294 38651
14957 15304
25185 35554
24099 56214
42576 50799
7295 13326
23449 74853
26809 66222
27049 33484
11790 12694
50879 58445
18834 65857
1969 7025
60249 65422
26910 35571
7838 43053
30506 67076
35464 37928
4914 22875
7166 31231
59130 61383
27819 37470
1372 74618
6624 71189
58549 59989
39481 57837
39348 46104
2436 26958
1092 12696
4252 49483
62814 64525
11302 53152
15736 39957
23965 43576
52415 66454
11745 19787
4751 29343
45239 72474
32857 45054
20732 21344
18572 68746
34190 40361
28251 73666
32595 32896
16008 62981
55348 69349
27957 56441
16604 68526
23704 47598
12016 60281
43643 71493
1282 9024
3298 27097
28456 45359
66362 71890
5515 41515
7820 27804
23567 40014
61037 72674
25051 34593
49938 64597
22982 25561
27645 62289
2639 66624
6424 18740
1758 73085
16449 54635
20679 51259
39499 67101
40114 73616
37666 58202
23005 57499
34878 61501
25715 51828
12673 56505
52799 55622
28453 49793
23996 54616
13460 34687
3521 28060
6366 11096
19967 24067
53168 66039
32447 60499
36255 63373
10432 14206
17251 28457
48764 72370
54753 71554
41953 67513
16435 21899
39600 64945
8444 13229
16174 46099
3154 11859
999 52289
1318 50568
26397 36516
32110 71216
3596 58595
31039 41786
10169 60482
4889 71620
55769 69298
53837 68242
23256 73981
10347 16338
37443 41185
2263 45640
14169 34304
63864 74668
23587 24289
13978 63257
11728 42239
22647 67453
12355 65970
56592 63039
54595 56006
14590 46481
19047 64155
53773 58280
18939 64042
29937 70082
53078 74525
20579 47815
21059 64695
10294 47544
6769 28287
5005 51381
36354 68116
51338 57474
14123 29387
13001 43228
58105 64123
34742 71413
40071 42082
3219 5479
34334 69504
16589 25412
10200 24013
29905 49439
27689 65512
1633 10224
33931 71078
30261 74722
21049 68677
60153 69167
2396 52702
57362 57678
9681 72988
15692 35541
32287 74777
31234 69804
70884 73544
5990 50090
29299 41575
20013 27922
35026 46812
3445 62338
3244 41866
11245 66108
19851 59591
15704 31728
24309 34870
13937 71764
663 52402
25478 33860
45534 56910
45483 50360
31117 41306
40955 60129
41914 42844
26700 28401
47609 61140
27133 31610
36335 45746
10230 36430
17048 45281
15735 43450
23148 27613
23846 55855
25792 30354
52676 61960
5517 71499
24689 50179
48925 74440
43852 68837
24974 25001
3882 47871
4872 65055
22340 57303
14810 67462
6940 60886
45448 56220
31191 33540
13584 39347
14526 15686
22075 36430
49723 65402
40521 74462
71411 74443
20889 28225
37058 47836
31299 46291
48810 53600
22859 37023
14617 65560
534 53803
16463 31448
35098 48289
32707 65197
47671 51323
10647 16435
279 35170
43619 68636
2369 45847
38464 67623
38199 60539
47121 72437
3771 23337
31907 40683
1030 10698
17137 71371
12069 19802
44690 54198
28826 47832
30815 45163
26054 37759
17774 34902
51891 55919
1737 56665
23580 43089
45395 45905
5554 42325
22008 29067
24610 73019
7486 35156
26126 74361
14781 52264
55193 63684
15515 18906
63636 70016
10183 54660
25008 42760
56239 72221
2620 4704
24072 30347
16244 26114
1580 58929
43289 63986
41942 54897
51970 63668
72500 74471
36374 53088
6379 10514
14019 66604
13034 13601
2631 25477
13901 45273
16218 73456
66989 73045
319 22631
33941 67624
17024 63780
54012 59829
56175 62870
44216 49417
35812 48842
25336 43032
41230 49200
10127 17619
60267 65903
23126 36446
8987 27878
8786 66722
52743 60879
5881 35599
582 31877
42575 55304
65412 74858
8567 16004
11040 17904
7242 20929
12430 24042
16623 22801
7029 24146
12817 29319
7845 61523
21685 59014
34669 65954
6662 27437
57412 61089
36048 59618
11925 59678
71789 73158
62737 63518
27050 53726
64506 66562
24992 50446
11937 18216
23650 41848
50017 52494
26524 63465
61401 63743
30024 63482
8537 40827
58768 71711
2036 4928
41415 56860
20962 44441
35321 59265
12765 65325
32201 34218
4821 29515
47948 54700
23293 30207
48480 49647
58476 72354
26211 33397
6482 16335
55084 62706
43848 63744
6774 7264
19501 29457
7256 53239
40303 70440
6571 14568
352 43615
13442 51892
30957 53959
54416 70410
27081 65570
14517 52974
9804 32556
37582 43911
5158 67701
41131 73386
17998 63105
22205 33096
21767 27918
43111 59232
63696 66309
39253 42860
3829 36420
5278 16929
56040 70780
25229 28468
18352 61855
54838 74896
34637 62471
21789 54599
56463 70034
47739 68880
10841 62957
36810 39326
23434 66385
24865 45084
46336 55793
28692 68449
16693 55867
18152 24687
21084 21957
11632 15839
34139 66246
38348 70852
14601 25188
8138 63693
69718 73234
13908 65474
29297 50761
21394 72640
41678 63921
62510 74333
26954 34240
17945 54788
20109 60666
2190 41842
13815 31762
40598 56738
40649 74128
60625 69420
29138 52727
3912 18440
38384 48076
47714 64414
35437 55732
338 68885
4797 29666
31532 41685
5275 46016
11465 24731
22464 66420
27878 38099
50077 67045
1162 30813
3089 39277
36473 71622
38095 65797
14866 18695
30426 73266
23506 30140
4003 20747
8164 24891
28020 31542
10862 73361
15666 33528
11206 29987
20760 56945
39077 62909
62033 62859
28191 44844
18601 52786
33030 45517
36149 66610
31606 43141
38805 45064
27205 41443
26216 36865
2898 6894
30433 44327
3267 19588
28538 38344
18048 68180
34825 51166
4287 32898
18552 68270
20943 37326
3268 70440
21421 24196
62760 68950
33387 34365
50164 57545
31528 45347
20024 49972
6936 38647
36076 43112
2139 5886
18620 29613
9568 33762
20451 29769
22011 56617
30319 33041
45649 69935
24016 26940
53305 68257
29219 62710
65299 72499
22063 40976
24621 64413
28597 61472
12734 53475
62639 66949
33434 60633
23880 40869
35919 66087
34804 57629
21051 73307
15535 52961
42368 49680
49595 55375
20543 40885
39111 61057
40544 74404
2733 70763
8310 35880
3252 44410
1362 7311
45296 46570
15122 51940
51199 64004
6966 36640
60678 69520
69351 70179
55382 56321
56794 59573
18391 33760
8084 8862
72052 73629
35275 59822
29166 37101
52984 59887
21482 39834
1317 44783
1519 62253
2865 35656
43110 47077
569 49788
8904 22965
14509 36817
49257 49650
42636 46608
18908 65495
6826 38948
17925 28879
29462 69613
7961 39237
4723 45667
50820 52470
16526 65537
24515 27217
26168 66780
52609 74250
933 61356
33668 44812
27462 36011
34389 47450
31647 72243
14009 31184
44904 72075
12453 44536
1174 65206
4569 20266
33704 63419
36416 67930
26761 58405
55888 74765
6944 69695
41699 58936
30951 32078
2268 59225
2271 57618
19995 63870
12210 44348
13005 66251
35869 69206
1041 7410
6178 8782
9846 20361
9604 47811
6535 22309
2580 34188
44166 51037
10684 36387
10951 43026
35807 61216
48027 61774
9871 62323
30279 52336
38101 51199
50236 50273
34287 58748
36810 50969
32947 50459
28027 30259
32322 54755
33354 55701
35214 68749
50265 66750
30887 49391
14098 18733
29400 63304
54256 65545
31680 67075
27621 45140
8543 45897
58198 61392
33618 47751
45503 57820
42286 62528
5982 46567
16650 24437
7665 62579
5008 55845
27016 42067
61739 66679
32958 62186
13995 18159
16252 72632
42594 55273
34975 50109
13107 56726
51315 63530
13759 25516
2588 39834
54137 66438
2266 12492
14103 18049
8401 68434
4243 65541
18435 56594
24520 38432
54645 59366
29819 35215
19593 55286
17864 59370
47733 69170
43845 56190
55033 60359
200 28994
21502 61807
13695 45461
13251 53629
21794 38520
24962 29710
47451 67779
33820 58613
42914 63034
6822 7749
13710 45195
23558 47888
3790 16501
4679 48844
50354 55797
11958 26949
32460 47630
17045 58179
54078 58357
58674 74741
15631 17838
69961 70071
22234 61161
7600 54053
38038 39837
18270 70399
37443 60798
12520 14109
47363 52330
5267 14139
8985 12604
16661 44541
42546 51212
26730 43960
2421 30748
63481 63597
24245 24380
4790 44432
12792 55035
48626 71155
11951 32612
5688 31755
22063 68858
20780 58407
6985 21403
13107 27266
46223 60367
2187 16538
4579 43409
22813 53265
37998 69503
11934 73419
15949 17643
18670 69228
21139 71260
25756 66261
9536 29344
1553 57359
9129 73634
43787 71549
59068 65271
15255 63026
14056 61222
21771 54317
48744 51087
14611 40660
61293 61394
17243 28820
25730 63639
4496 66401
2504 33195
51331 68367
17132 29889
21703 58467
16070 35616
18205 35658
13837 72753
52049 69034
11776 13713
9358 51124
21225 69668
39440 63692
1511 15301
12728 63994
40956 49706
13334 70305
10140 45970
14002 44444
31295 50032
20298 56905
71727 73819
37032 45606
21839 66992
32761 72063
21339 48962
4756 39869
23235 58639
44813 48433
18868 68115
19418 73538
41468 53804
4698 10711
7685 34610
14231 56291
69863 71139
68817 69216
3762 6323
48854 55242
53705 57675
7666 15369
2707 10666
26401 50689
20435 55231
10315 16642
33642 44370
24542 45597
13411 54946
38720 56688
17661 34916
28396 69822
34297 45435
4590 68021
24610 29484
35555 39414
4655 48144
29765 36563
25910 69913
10877 74276
47816 56191
8539 69441
61783 71321
23598 36868
10169 48510
60944 64471
48452 72324
46102 71539
11199 70485
31697 68735
63321 68491
35800 61718
7442 7909
16140 71912
15166 36124
11730 11746
4392 71466
21908 69116
7443 64631
25115 42953
42675 47364
13098 63113
13048 60837
31593 49363
32748 40271
10650 16957
21109 58336
21393 71864
5675 7899
14394 35547
7613 66885
39441 74007
38716 66275
62187 63236
57754 62552
22235 58532
16202 50879
25573 68224
51064 60981
46276 62201
25945 48921
38880 73944
8712 65654
908 38734
2791 50385
15832 64409
5067 45423
54030 56662
15285 38783
24414 26269
59425 61030
16509 44642
5777 10855
2479 3198
12802 48236
36261 55271
12932 61705
12059 38177
4166 53609
2586 16041
23522 55302
8965 65088
16716 66967
6763 9168
48399 67570
33451 53879
10786 42743
14757 50183
5418 28244
9166 36371
22105 72452
6443 47609
19378 37791
11140 40923
23858 70190
46801 57486
32205 32283
40427 46952
39211 45839
610 13087
254 49917
41352 70302
7996 21408
7204 45045
21840 54111
16364 67681
16754 68490
30953 36895
22836 38801
2367 39670
46573 56844
2569 21240
4859 32853
5351 19126
48065 56102
63800 69549
4174 30859
40506 56808
7214 31134
24031 62473
34194 40794
30253 40776
34549 44034
27840 62871
11705 12139
38543 52501
27879 34537
9227 72388
8868 9732
21475 25247
29128 55843
61938 74623
4360 72058
61756 71518
34688 42336
3876 44562
24957 34864
58789 65987
8052 38899
58726 66121
10984 35975
2415 65773
16214 68171
17409 56388
59456 62764
13385 61150
44960 68003
23905 44245
21632 73121
12257 50091
37979 48567
30020 47910
35221 53553
10460 51256
13590 15945
43399 62175
15371 17329
3634 50965
22989 23104
28107 39492
19820 43132
9649 17353
41123 42663
13456 32076
5468 20202
6277 29467
56983 64293
10825 42701
9487 11451
15036 49961
37083 62493
40064 56091
7619 63160
17165 62963
45438 60047
65585 69104
60846 72376
27763 50960
30540 45909
12566 74403
9406 42908
14517 69079
5653 20357
23430 73039
43573 52428
29798 39708
25964 47424
39979 62532
27871 72897
8502 37893
6321 20534
46704 69663
46271 54418
11112 64053
19766 53442
14027 15095
43961 57809
18040 30106
8691 13209
19071 42862
57411 60716
44523 71772
16049 51349
60918 61172
30475 31804
62754 74758
15221 46541
53177 54805
55472 60751
59711 67448
14249 49049
8107 24315
2969 53674
39508 49697
10887 58696
35083 48605
37568 48158
26984 58216
25853 50460
9892 64146
3789 20257
12730 66714
1059 42268
38856 47758
1227 52662
64520 72709
7631 50674
1096 42780
44276 56476
7094 74765
26817 48678
7218 71712
16297 35173
39117 70217
32461 73562
49234 66914
183 5544
56281 65619
18121 54652
55889 73289
11854 21820
38968 63547
11732 32165
6695 39908
981 57285
50516 51500
32623 36097
14151 17239
17153 17836
10944 24880
35936 66851
40365 45805
8369 64365
6274 15149
21471 31716
30588 66594
3571 6168
40012 60488
16439 24629
55018 62124
53831 63408
30087 68978
14404 26088
3007 46200
36308 62509
11830 48433
2121 55488
5311 28154
41299 52149
20137 26795
19283 54170
37381 50263
15944 74495
4979 16806
11811 63128
3121 28891
25276 25426
41569 57229
28098 67907
25325 67380
9246 16969
24008 68863
3382 52138
14632 61140
7421 67261
4622 11391
17073 54465
4153 66909
3133 38153
56639 71964
9049 26687
52075 54415
46568 63806
38046 59623
10814 44623
57007 66618
9122 69894
16580 45846
3325 38512
5236 49233
64857 68004
5807 61344
16257 65627
9830 29900
10006 20350
190 40362
1811 59274
48257 63817
38113 38719
19786 22182
13273 44325
1041 24095
32048 70834
4841 53844
44092 48262
56345 65268
23885 72940
2681 45711
9413 13994
14234 26030
28303 73104
2343 62830
1919 26924
1350 35255
63057 68902
30590 35789
41397 50417
6372 51896
22741 74364
1334 56362
4322 46717
23211 33786
6362 73904
56586 57108
1053 36610
27989 29407
11081 18585
1826 16224
48867 68987
18931 34474
21590 73882
21322 34001
19696 46209
42907 44696
18736 20713
31006 60118
32001 40865
18683 51434
4054 27157
7748 8477
22179 51334
24491 42168
18942 45936
43706 52905
4999 42183
838 30859
22221 30040
22869 38352
14790 54020
50407 64810
30850 32072
13694 33984
53881 62972
11725 49396
19871 59965
5579 73339
43294 67888
66024 69372
19204 43267
24109 54504
47868 50226
14155 74105
31380 53241
49182 73476
17865 38659
40233 56370
37560 45772
57254 58667
53873 56406
16078 53770
401 789
1405 36092
42030 54515
54130 61865
7798 37085
20455 29764
5939 63995
16302 22930
23419 64946
13359 59981
56587 58622
37196 40585
28344 39059
22937 34112
3115 67183
9412 44482
27566 44993
26097 45961
23243 33684
10991 66308
10667 65012
4874 23140
29745 64143
18949 61318
28144 56172
20742 43156
18438 69712
35392 43479
38371 56259
6488 62083
10854 71145
3631 36696
15619 23177
12938 66276
3955 40290
20219 37311
34190 68417
11450 36138
5327 55654
30011 38761
14442 61246
10058 11095
33692 73701
18146 30729
49781 56118
4529 9278
47861 64860
16045 49187
5775 18002
53407 58785
944 42232
17715 35100
668 13249
45827 48319
5186 15345
2626 42490
27096 58027
62728 66497
10807 48108
56861 57085
7151 32559
42340 50068
53625 55683
2826 73775
48037 51967
16694 49309
18052 46978
22181 31760
22126 45417
46958 67566
34070 36959
49901 59599
71255 73015
32607 44949
12755 39162
30708 48767
5074 61595
1276 61872
22204 43209
28947 36050
13872 35631
7089 57541
12552 23699
17093 42248
7348 62393
33998 59258
13171 56836
35984 35994
29418 66661
62208 66162
44544 64832
17473 73880
63523 72663
70894 72104
5109 7962
57304 74282
49073 72843
10730 15711
19258 42077
13181 47310
30605 39693
57774 71643
22385 66383
27807 65497
1600 33526
46728 65949
50340 67583
58648 70445
16535 62991
6625 43576
27155 59908
14090 57771
4984 31885
57586 74474
2770 10968
7011 26891
1643 66676
22978 25328
28611 66946
27334 36075
25875 71124
39020 65307
22066 49975
3837 64031
16233 27505
16668 32784
27059 43543
1032 29012
32117 62716
20951 58274
7057 46925
29926 64323
6896 23323
8240 37805
25582 43430
38720 56837
5104 22452
35284 72952
32855 35413
21710 68405
13409 18567
30330 40146
26892 30097
5998 27862
59710 64249
38888 45567
8648 36754
15472 72237
18768 42128
12533 54033
2852 24490
33716 52288
14242 35650
3997 55145
22152 22769
8714 64292
3751 58997
20240 24819
48175 59615
5130 58322
1337 2654
7996 57315
315 44514
26798 43699
58866 61106
3523 50822
61788 67002
5674 13286
18003 52591
28055 39287
10184 50816
53387 73102
41192 59805
20302 44609
9420 51752
48073 51168
24283 49502
11526 34319
49861 66078
43866 54232
37650 52191
64438 73860
393 53659
47381 67621
14257 70070
47082 72442
25497 31747
4080 24270
9251 54829
18642 43319
37009 41089
42338 48630
16042 18423
34130 43069
21729 70934
14516 65887
31606 40462
58783 67428
49712 54574
26318 55761
9340 63340
70369 74463
12614 15672
44214 66010
45368 61261
47850 71236
28875 71567
19018 59110
58395 69513
41309 46100
14926 48599
36744 54547
15615 36545
9512 66601
49201 56655
29512 51485
65200 69887
14268 48225
20537 64448
14734 73294
43605 71916
11122 35140
1081 4516
43845 47417
31237 52105
7022 44829
21416 22863
1203 6554
10156 31348
31148 71404
12460 56101
12969 22779
6115 35332
19225 31803
5199 17037
24062 47506
55688 71343
31554 65751
9588 59173
12477 34874
68952 69654
53663 57465
16570 19020
34048 42549
22262 32931
28141 58516
2256 62284
43774 60800
17723 74595
5366 7518
12404 34640
41501 65867
4054 11493
28978 54262
30278 33650
20019 39403
49255 50581
22996 50259
38144 74476
52758 74403
53837 55488
11738 13838
17533 74827
21721 70291
37097 40908
43199 72562
62239 66696
50621 67637
35702 73725
30171 70634
30530 33412
59361 73449
18111 74064
28020 66869
11644 54912
25005 47000
19236 53090
15732 53212
32546 49535
2228 44170
35942 68096
46755 73910
30974 46095
24988 53888
52440 69247
1859 16462
30556 37232
1846 9178
15530 22112
16722 74120
17384 18537
39818 72549
13077 16319
25459 61606
19703 35125
3055 27483
32027 54791
2620 32008
18232 40475
58020 72591
10687 57007
25513 74252
40665 69185
52179 55453
5733 20926
24904 49021
46934 73775
34772 74633
25643 52235
28731 67216
5086 20056
29049 60600
70831 71959
13813 62720
9210 53666
2515 35769
12201 33875
22766 27318
8718 60822
8022 27836
28423 65499
34002 66064
6648 19323
42316 49792
56498 69755
795 30398
50804 58773
2592 34012
59332 70176
37265 58441
230 38972
24805 68565
35614 64451
17476 29846
13324 46365
25299 70714
25588 40972
32232 33164
10990 53429
9214 34128
11250 31919
42237 74138
65753 67302
8551 23696
1226 71107
39960 65642
1700 27114
7979 41412
6470 37199
25194 31127
51003 60792
23044 47463
16137 35969
44962 60090
52633 67467
37758 51117
44342 69100
42265 58948
47430 73947
40872 42808
1454 69602
23939 37955
5885 35747
51988 56555
12185 55777
6414 40940
13977 56161
63437 64064
55021 63426
12438 27591
20041 55328
6456 18621
52767 54856
21719 64100
10902 32286
32814 55411
31466 49396
169 57771
17118 62220
20365 27688
1890 31345
27884 65410
30593 40607
55070 62704
31786 38214
6361 60956
22812 50693
10285 51450
8811 74029
3906 5473
8456 43022
17441 29060
28747 34927
3509 68804
4308 70171
8730 58047
3656 70944
13374 51535
1651 61243
56966 65637
6482 47429
19318 60766
13088 53900
18707 36516
25569 52455
10066 72966
12799 52383
19490 58743
13855 25767
46672 74483
38069 40120
27758 34890
52181 73828
61835 73817
628 56304
14727 70379
8335 30481
46321 67483
13375 70565
10769 21903
26477 31644
39017 44556
529 38040
5289 71184
8933 32047
1016 7850
19136 48030
8216 52943
31252 68711
38339 54682
21825 42235
7087 22708
7106 21036
19854 20371
15505 74014
12331 69815
27427 39673
25298 73876
5247 21800
17605 62392
22202 58537
15499 54870
18413 65748
68678 72397
736 34148
66436 67024
29715 68775
32582 35366
21719 38969
11213 38827
4815 31729
22126 30993
30847 58395
22244 30218
20714 25700
16064 33765
45219 48318
15975 68226
3932 25017
56256 59340
43517 73856
2053 44716
1973 38081
61090 74034
38207 57619
10349 39430
10716 46015
37480 63675
41804 72402
7871 33771
45047 47205
30077 68363
10719 35351
73618 73976
55979 62199
36247 44278
8665 25601
16096 41947
6831 10226
3722 25783
36789 65874
48066 57211
51262 55856
66410 72952
41817 44249
26179 33502
43430 56017
5140 22749
5127 36066
12414 14843
57280 63437
55255 61624
11053 72490
720 25962
6273 50653
25956 26981
7472 33418
3459 53832
58914 66771
5690 12837
31067 60978
24347 31472
47952 55736
26851 68628
20478 55576
10077 29790
10686 27490
30501 71084
10099 62511
8434 65043
33416 36443
3635 61842
30297 48837
20028 36542
6326 49757
3247 4801
1620 16261
11739 62012
7730 15283
23926 29225
68524 69535
1784 64903
742 11847
37930 68859
21394 28134
53059 71066
3624 40053
13296 69045
24714 68692
22683 27934
58344 60213
22834 28660
9329 74029
34809 57425
45110 63440
15462 28572
3272 21228
29156 45202
32494 55793
4990 49478
9346 56552
50007 59447
6477 69187
35715 47402
25349 58850
18886 26961
7755 60331
54691 59392
5477 62745
21856 74152
23349 52796
34020 50932
44583 71081
20657 64326
44044 47664
15396 43312
28362 42845
25665 53957
2548 56405
14742 45707
63865 67160
5061 66616
7512 32046
6852 53611
71854 73534
48270 57449
37606 60663
23109 62134
876 58688
5133 15917
34907 45675
38003 54349
3644 45608
27445 62342
63132 74517
11137 27386
49319 63969
12407 20317
34231 51487
44377 72071
23754 42071
6192 37050
54189 72193
53647 60021
65108 68327
55577 72051
22918 26498
19859 72755
29690 34513
44786 60017
20467 42569
9126 52575
24158 30191
38097 42839
124 18549
10571 71288
10915 11581
20208 21008
16641 71107
28411 69585
15540 47623
5503 40616
42629 61922
9507 34423
33259 64472
35364 37638
22442 63631
938 48627
19850 30473
58471 68312
30265 31469
32105 69347
6091 35429
44818 64109
2883 5976
8989 40296
40550 53641
13792 28829
7043 27559
53026 70892
63268 69470
41206 65305
20410 55212
51696 56959
21243 74543
10950 46725
31525 69849
33794 45016
12054 16832
33925 55595
17114 29513
3155 16082
27859 62304
26315 74858
27721 60405
13214 31165
24987 36266
7180 49169
5365 72980
10425 60399
6292 30333
5384 25365
19249 47480
12290 64492
29709 29902
28619 39135
9492 40847
9895 19337
43129 49205
20923 68828
21658 27975
42500 56342
13572 61557
32863 33349
30632 36113
8427 13954
63388 72119
43603 72179
9115 31245
43348 68625
20311 21854
55416 59480
28639 45987
38569 64566
17997 41369
43124 57954
9385 44608
31378 43346
6762 69971
4076 73588
2313 9441
11882 63417
1681 17244
26024 69518
28545 48952
53391 73066
5966 74140
69091 73670
16938 56964
3068 4736
5392 21130
63528 70322
51857 66034
8389 52603
26089 46741
24241 37999
6919 12563
32250 74380
18186 52182
2817 16382
10798 73946
36362 72182
16744 52856
16846 47550
60162 67347
13958 50326
10847 67385
43704 44249
6770 18108
63309 71817
30439 62122
27012 45902
37184 40123
30729 31772
58800 65496
26961 52665
15486 23868
27307 63987
3329 10858
29689 35567
58894 63370
15594 30389
65280 73084
5055 50511
4884 68260
2792 34220
14102 22467
25861 35928
33361 39273
1225 72088
28345 37187
7067 14499
14141 31638
8719 15634
10952 24004
49017 74814
39018 63534
24791 38866
2908 15944
38584 63757
19719 51154
47198 70996
21171 51413
12102 68419
61369 65215
65917 66094
41060 65945
41788 46342
3612 44198
31049 45059
4130 60149
34778 48033
30228 30940
37797 48120
22284 24529
39782 72769
59362 63062
41656 51876
20508 61997
6651 45328
25830 35433
8614 41453
55786 67812
35499 48969
7282 45066
16428 43230
25118 35488
23815 68368
34617 36229
3564 5696
1601 60214
3285 12602
4840 33670
35661 38534
31118 44580
39509 68992
3053 42084
52424 63785
29948 56553
12959 51954
39182 41924
44007 57154
250 3953
22342 60591
15129 22293
7904 65295
19521 73171
2164 6560
42954 57916
17659 29098
6212 13394
26308 61758
71627 74372
18762 46532
21190 25638
57441 63187
28935 61645
3043 42504
18893 47977
28283 67519
56572 66779
1428 54789
28232 65502
33257 55268
21593 30159
46268 52745
56989 69162
33328 50647
32899 47900
21011 45388
43757 74779
12329 18141
12679 73582
3775 26917
22419 71926
14522 18298
32550 63360
62773 65407
15900 72157
20022 74464
25056 65427
20986 22043
283 2945
9803 65608
20378 48421
51207 65021
9016 22071
60360 66964
9971 59424
35163 67289
479 26999
41100 51194
10076 68811
8266 49976
45477 47895
12455 67016
57162 73901
9069 12099
18962 29167
30728 50467
11034 38550
7986 46888
1557 50905
7572 23789
25622 54063
11053 47694
13956 58062
20894 53586
23508 39459
1645 8743
47358 55248
10463 23239
3364 37804
22951 58848
412 60097
30988 55344
18656 59657
5838 62475
9992 70204
22575 67728
49750 73941
21965 34404
43556 71470
31841 57190
18680 72042
546 32760
28660 65751
699 66462
40915 61098
10442 59519
16117 25646
6518 6607
26383 33471
10511 52558
17197 60868
3431 37981
18669 38488
35247 54850
49340 57632
30893 54500
7047 49713
13023 49022
10158 37045
29753 42435
10994 65539
27828 34282
54494 59713
19153 52503
49379 65543
17221 22800
28414 30553
35501 74529
12077 73001
13571 23807
41275 70129
24669 62180
27574 62252
18531 51133
44025 45076
44624 52654
5955 61306
24647 69867
20400 35541
21148 32901
11328 29280
53075 54060
6320 32731
1179 17919
12499 49742
12983 53490
29629 61551
5318 73723
5301 31572
41297 52887
64504 69005
46579 68763
7750 61307
21371 34843
38498 48159
27013 67298
14874 56785
36624 60641
7051 50989
60346 70238
1069 14453
50630 62439
39032 59675
24983 34620
27353 65588
6678 29394
5537 55469
2573 12351
45053 52062
623 25161
18799 19726
51760 52894
14071 23787
22735 39961
49348 59331
9429 68221
10777 35052
46644 52862
21035 54713
36942 63642
34695 58213
11216 59038
38825 68040
26560 27069
10481 27737
1098 65524
8364 22879
41669 48024
16447 46747
4363 41579
42426 66293
17622 61192
39565 64084
34600 66176
47797 57727
20783 54629
40783 66321
40692 60623
12424 12499
24555 38442
31492 40509
21799 49019
20672 54681
35403 65829
29245 70378
9021 25019
34444 67088
30528 41951
6645 33219
50667 70388
41046 71787
9812 24926
6711 7482
38368 44306
37219 54163
10077 36715
47607 71067
25715 37080
16285 18806
2032 8061
31376 35186
57409 67481
18206 20714
9978 64272
45095 67684
43636 64533
6426 57468
36457 58734
4733 54475
21127 64158
10589 26017
7297 22008
51713 67634
2269 6255
20037 39985
7274 55044
27430 43002
1667 54871
41738 68014
13965 71606
63126 69466
25997 43891
9468 19075
7308 60929
12663 63954
11725 45557
26318 61116
11307 52370
10789 48682
28584 45269
36396 64967
15008 20171
8128 61313
33870 73166
26006 68856
30908 34213
68056 68262
15336 27121
57390 70520
24011 67981
16495 49696
21126 55625
27778 61431
10403 66377
48195 66190
17001 63451
2876 32591
45235 61171
24175 52819
38 61453
47548 51241
15798 23452
13219 32112
9978 31328
45897 49482
7817 71930
12237 15089
42976 57757
11770 49244
41196 42836
24299 66785
32401 50285
62977 64910
8817 74449
39972 72995
22977 30574
48959 58106
28205 37754
8845 12344
8599 28786
24864 59007
4906 51029
62705 63839
46252 63513
1954 63963
38383 66606
28589 33785
19130 65603
13161 73978
16172 65490
44992 70036
1145 66796
1804 24548
30487 42796
27092 42531
4952 42430
1351 48193
12200 12631
17498 19850
59358 65111
12894 29924
8936 50819
9030 29560
21911 54313
17694 42415
1018 30075
17847 36398
46463 47834
11042 44663
42104 61863
3719 74660
21494 37090
8818 41189
31519 64704
23766 40288
14904 24636
8900 17600
16864 26062
64346 66067
68556 70073
4968 48287
1541 73470
27555 47596
43770 49816
5646 24249
10418 11366
14761 37425
45392 73856
4594 37294
61294 62807
2188 32886
32945 45707
40221 45858
64232 72132
17408 74147
5638 13803
9133 54110
21798 25055
49185 63856
124 1630
20664 54657
2679 16436
5153 67895
20057 20401
57641 64976
26182 27249
33519 35781
2214 45342
5285 10458
11547 47802
27254 32019
30296 56232
68709 71023
46006 58803
5438 53911
45771 49305
8684 64350
15816 70374
46645 66977
50107 66442
4019 37400
18349 66791
67116 68916
10683 48248
28119 64098
58484 59058
10115 17122
5837 72882
9726 10626
67826 71703
28847 35764
13012 34332
36846 42679
3296 32375
41641 69008
13682 66684
45213 68165
7028 45431
8521 64452
40903 67244
22765 32672
12272 58048
828 68009
13256 33025
17918 24066
39197 43729
54441 63624
25796 32616
33766 51696
17370 64391
11495 21389
32349 47950
47831 52813
66993 68505
45109 68210
68375 68943
23189 58334
44443 51474
33236 53374
40469 53215
47323 70166
1114 46417
20610 26947
15170 41433
24938 43452
49458 49939
22037 24700
43750 62888
11503 46050
43611 44356
1491 56816
19499 21150
19282 41705
54722 54840
46496 74142
73225 74767
37715 73879
26374 47496
67478 72337
16128 27766
33173 61962
6909 72460
38785 72401
18713 29131
6255 54817
27033 33867
22888 53205
12663 52474
57099 71810
23175 26421
8321 17253
45642 56697
25778 43950
35858 67140
16465 60282
8160 43916
2393 6641
26608 30036
18679 33537
7311 35333
59042 73621
17970 30268
20869 37634
47251 58123
262 70387
15044 53658
9524 10711
28776 30583
23 37206
37896 69657
174 6114
2414 69383
5453 24633
4548 11156
23370 41616
10976 67952
29428 53581
4281 55232
28868 48705
1525 16459
20392 28909
28550 50567
55549 68973
2090 16270
60815 62712
47885 68110
21862 55092
20843 65700
53737 67206
30622 74422
36409 42367
65517 70794
54094 56395
66367 73813
18696 19342
44986 74116
11364 68847
48856 63088
5484 70531
65085 70261
59203 74419
38059 44497
8374 32484
6127 64784
65761 74325
28424 38232
46953 50726
39645 51292
15410 69055
11614 69391
28267 50790
18355 71615
35676 41618
12010 27084
40978 42831
33366 63754
1796 10270
13887 28627
24575 53981
6219 70415
10146 61959
15962 36753
7472 13782
41652 43334
2908 30994
54446 74714
11191 67027
46187 70915
7898 53117
4321 11010
4571 26352
49350 67192
22099 44309
42296 46367
30645 60068
4778 42242
1487 14032
34809 55367
41096 59261
14604 32236
28672 35479
10376 61988
7685 56238
35205 45217
2322 48020
13688 14613
32994 44762
15751 17594
41831 67388
10504 59437
51962 55251
26143 73240
32349 58409
12238 49371
6491 13481
8615 42806
48375 53705
27599 62932
25562 55199
26336 34664
31832 70983
38822 64309
29627 69004
16647 66532
5983 70308
22801 56528
33445 47762
27789 68835
46765 54766
55744 62930
35872 67321
21756 45250
28815 66806
53413 67748
8173 69857
18160 73064
17286 46825
7803 47354
22908 62918
37468 55218
27624 51750
52482 64402
46988 64152
74323 74711
16597 45904
19985 57297
14281 26041
6836 52737
40997 43707
49477 63660
477 5605
44199 57990
69286 74763
8311 47088
61131 61856
14312 66551
7708 69497
37612 41400
33856 47185
36525 67806
8044 52238
49417 72372
42265 58216
50054 73820
1940 28668
8641 16040
32086 65459
21889 39504
19904 52790
33808 64313
40031 40769
3515 9784
11898 14794
35870 50532
25702 40160
16595 22522
8656 45210
37493 73416
2108 52080
29119 62216
57521 71943
6529 43613
5072 22257
48097 67060
14466 16845
38237 47400
9357 40041
1447 72650
8667 13476
72544 72984
34928 57736
25253 29694
10233 45234
1701 71087
62246 71162
59239 68677
23524 38994
39635 46663
37950 71759
21653 57048
45558 70766
36704 69775
388 50023
4927 66561
51570 69890
43596 54964
24469 56181
22967 39402
59858 72443
40959 72338
50613 61445
35574 42931
10088 37490
18013 65516
243 3933
26146 67372
41316 74711
32523 56559
28496 39789
2028 14690
12860 27027
22091 53010
29332 47341
20305 37302
12166 72223
40415 45909
24927 42608
50679 74852
42711 66674
38780 49243
10984 31584
47038 68609
27277 60860
43642 44395
19886 58450
9314 69099
51142 72290
30503 55455
3958 43418
38612 48981
42737 61785
22067 53959
17689 61103
26744 37068
6463 30435
10147 41309
9163 54478
14461 53890
9394 53654
19446 24394
41293 65686
60543 71633
19560 32657
21574 66618
57679 70872
10658 33118
51443 72250
16131 65017
38911 53369
21425 41316
6441 68052
19435 50320
25586 44564
41927 47708
42733 54393
27098 36683
53354 74586
39559 54011
381 20309
18346 35598
40602 44756
35365 70847
36944 54021
18403 62078
46988 73906
53109 61856
21218 24634
53350 74239
22397 31401
30943 31400
25668 58706
38973 44394
16930 37609
1391 67961
19553 24295
58294 66384
48507 62958
10399 48100
30424 74157
30650 39827
42481 73394
10395 17158
33516 48331
14598 64236
53348 60585
72541 73803
32836 54296
40294 60102
25621 69371
18360 31828
8659 21000
16464 62533
29440 30760
1262 28494
49844 62841
39493 44532
3735 11741
21012 52873
77 32113
18156 65007
8135 12073
19612 43143
4690 6583
68110 74490
19045 46229
47821 63946
41203 48657
5079 18216
32515 56631
17322 66799
49312 50561
4704 71317
22578 71735
46366 67237
1970 10145
47527 63337
3580 39036
26830 54998
52933 57194
5523 63993
39058 61837
13973 59652
35743 52485
31991 55633
12905 73879
29207 72718
18609 22922
33865 65364
33224 74462
20473 45169
484 71604
48793 55605
14766 61355
51983 52169
6355 24112
3490 15186
16872 43405
20800 50788
28560 69781
9343 46684
34124 34184
37544 50376
3801 15118
44654 66724
32514 47812
12982 13501
54562 74152
33490 64163
32928 42444
15786 40437
5045 39697
27995 70549
9617 74111
13488 58087
8149 50510
64603 69971
20585 64543
41939 57087
350 31863
67756 70779
4175 58884
26194 43230
2307 61515
30963 44881
38362 73787
20567 44040
43203 63868
1193 73210
61772 63174
23619 39425
24351 64569
19705 51844
4477 17728
37071 68191
22167 73622
6047 43020
821 12083
7599 45201
18202 29059
7363 35507
41096 52560
24985 64166
8722 10839
3768 34388
4381 21384
6464 28108
23535 66774
22173 73309
44306 60922
13211 34184
32157 64975
15353 63001
1051 2425
73 41032
10583 16056
40443 70499
35552 52249
65 8747
25663 44616
23735 72600
5861 33081
29981 74018
2600 9798
13651 23244
2736 42488
554 60947
21297 63430
3304 36236
10617 16291
45287 46468
10195 64884
45460 66881
8657 54032
8283 37141
5946 62428
46484 71456
16404 61279
3855 58705
25696 65427
36711 63648
6563 45925
29645 53613
46157 67867
40750 65420
2010 23725
3976 71158
67783 68755
21067 64590
10851 40319
14565 24829
4588 73241
8855 30171
32842 72733
151 37842
9174 51900
12796 64928
28422 50029
4967 47851
1707 12607
26953 63140
11293 35661
45047 74504
925 32852
24814 49858
7121 42596
39246 58153
8968 27500
11586 38676
6075 71716
5413 70846
63923 69703
68192 70677
34409 62513
46144 57237
34853 45151
43565 49333
44276 54925
6244 17140
31693 61125
41332 60624
11633 15437
40641 49673
327 58228
26918 50465
3834 11655
5011 51968
46160 62071
7671 56995
57410 66628
12456 23146
12180 36898
39747 51583
23609 37288
7456 42775
6735 42783
4314 11623
38855 57169
55162 64176
14402 59817
7810 60949
3705 40405
6766 68533
10704 16644
1109 72680
8761 56468
7968 51471
55891 71691
58884 59017
50221 68901
19623 42618
18542 35651
25923 38418
10745 70184
17930 56797
11260 42809
20556 27581
13739 13817
36284 68663
36682 68756
33105 59676
16710 68166
16211 38362
10648 27834
32213 52682
28486 34798
42014 61030
52003 61466
33323 37378
20563 74551
18520 70896
60251 66904
34579 67603
14813 70578
43186 56674
37062 41846
13766 15108
54015 54990
8139 21646
28024 35887
9767 51664
26801 47731
7170 18051
22161 31718
13565 34263
4818 57784
11450 19825
42571 52733
1935 60134
40440 62717
34834 58592
11295 44255
51574 69643
64915 74118
28079 59833
456 1762
25084 48555
6887 59811
44018 57106
48550 51133
2145 56271
8310 42161
12727 25824
8073 57930
1435 19590
63169 66721
1817 7513
19362 26052
22901 66888
3374 39224
7756 8573
41052 54567
7326 14874
3121 69057
9804 54884
34037 66883
47043 64263
4953 12023
29389 53476
53776 55422
24187 69920
17405 40017
41093 51850
1169 20208
16117 54383
62973 68101
41485 67889
9650 50329
49866 70426
26136 73595
44269 45883
59134 71528
10411 21731
11689 74121
3445 46868
771 14933
9788 67716
15020 28168
13953 14839
31301 50952
9826 40154
13880 62212
49759 63747
50775 51056
774 23711
41018 55783
59126 65863
12362 39322
4297 6617
21677 39585
15504 52040
19142 22286
12653 45206
27010 29131
345 12332
29050 73451
36899 53097
19270 52377
56477 64296
57853 65229
28032 56450
39505 71603
592 73142
10671 74391
42024 68316
1406 68530
34000 57137
19233 61380
4676 65554
11687 64451
22377 37482
10295 37494
19140 55425
70357 73273
4837 15189
37778 58711
25269 64359
14427 60516
53274 74359
17083 31878
7625 73295
61880 72419
1755 18457
16629 54276
51582 72156
23824 42987
24045 71322
32676 48571
14402 15369
48044 50986
41158 53235
15169 42791
42241 51286
60459 62153
39408 48173
8937 11009
33450 37260
67885 70199
53919 57199
13016 27412
14307 15113
12051 61442
58212 58517
364 18034
19855 23977
46994 74541
29480 66445
27328 40709
11172 57747
39856 66080
19481 71448
40463 68720
45108 49256
11003 14633
742 73331
15831 40693
50371 58206
42855 69473
3539 69727
48188 65359
8470 37502
45670 73008
3727 32013
18050 52833
1388 47567
7236 15956
19832 68008
25537 30700
10085 61629
32696 40259
5214 28541
20314 36387
344 68450
29863 69758
18365 39210
35737 57206
12544 16186
7443 19614
39636 73346
22520 32531
15791 56847
28679 34584
11698 27396
8446 44779
16692 58377
12572 58520
6226 8997
40490 71539
28639 61064
51412 61636
10047 25332
39484 57497
43061 59606
24360 35349
37679 46285
30142 54836
20809 63527
47689 54350
15983 56223
5639 20764
41556 49842
4278 64034
37828 42688
16017 16826
46991 47099
23194 46406
55134 65531
13023 69921
1419 9387
32785 68504
4828 63710
6446 23607
5443 36562
23272 55096
33258 41368
61935 65540
34898 43353
34079 54918
5591 40368
43833 50751
10733 21644
28374 46311
39304 46926
27870 60264
16068 34445
19708 72103
53520 74880
16070 26523
187 67460
33963 70755
7272 46976
54655 58769
3009 64799
10454 44252
9995 53136
25800 59966
28065 38886
5632 70925
13177 32318
56938 68512
3702 71014
7162 15569
49810 66401
38409 39189
5501 7145
10213 65111
26246 59215
16911 26774
64285 67310
6346 20258
52883 59735
25258 26783
23420 65951
10046 74366
26357 43585
37763 66117
6587 21921
2332 5729
2598 32301
9796 56357
17483 55082
24713 65542
50773 64794
42253 71661
26465 64640
41716 47362
18715 32200
38528 53042
44441 60863
9271 13028
27418 28421
48008 58717
33065 62313
6284 12191
33550 48643
57879 59072
46915 68265
14303 35225
54408 70901
45869 50897
40900 42445
12656 43766
45957 54764
29746 38817
63001 73987
41299 62601
12640 37919
35913 69154
17033 53897
70486 71739
9807 29756
42088 62307
879 66680
18826 56928
42535 72819
45054 70713
13779 35416
9951 39940
61562 68338
3361 27609
19767 31868
34315 57590
22501 44786
4339 7910
29503 62032
30631 39064
22156 68535
24280 26360
14276 26767
41873 55580
8197 62815
52042 63730
23302 43619
45327 62771
38645 39840
16697 52477
18441 64216
11054 72720
48828 68607
21557 50234
16709 34144
52597 54232
24231 49622
34038 58265
9920 33347
39644 44125
4493 69017
4848 56736
7227 10042
35836 46169
16704 68063
16025 26441
10485 16167
10860 62935
22221 53406
680 45001
30924 54135
24413 46801
4454 28747
20331 28293
12407 46743
8626 66966
8261 68282
16362 58512
60836 68706
44298 46084
16532 43714
2625 45471
47408 53466
20226 33863
28410 60081
40821 48495
42654 66999
6581 16992
10669 49759
57729 74723
36906 73515
7337 71877
8092 49005
11963 65583
4530 33601
36723 57732
2165 47297
51933 74515
10274 39006
35947 36550
51880 69967
4257 26171
52701 55364
46325 60715
36078 41764
53239 60558
54272 65513
157 14308
4015 4810
3157 61328
26118 39298
8949 64457
44361 45460
57837 65204
44672 66382
69237 73846
41015 52150
29989 62182
20471 56161
42864 58740
19514 19738
38567 58546
4681 58461
66 28886
52366 62237
34329 68814
13768 68145
33853 73625
37044 68405
30122 67840
2761 28301
36274 36916
29596 36064
12900 33423
18233 57221
9838 70987
3821 30063
23353 70944
3623 59770
68588 69969
1832 51316
45398 69982
11675 74346
35534 55255
14702 45050
288 67106
19655 34181
33947 62129
19925 23793
33546 38808
21586 28771
9416 57366
37487 48488
19594 62128
2877 48494
58334 60195
47924 55647
27784 55152
9066 17783
58257 70124
12065 25650
62146 73624
19317 31408
21168 41611
16756 62255
8878 34053
27225 40474
13711 50602
26561 31844
17483 66447
926 6096
52452 59071
19493 37831
24122 45867
22390 53536
9988 59004
630 29919
44743 53997
11723 61399
14255 71782
24444 40833
691 19274
32664 47820
2331 60821
26729 69334
57367 70940
54619 64980
30238 42418
3455 59309
30774 74425
39221 65567
30465 66101
20152 67475
14573 14940
21587 27285
36877 65587
22373 66201
27161 68533
60149 68348
8768 69151
58655 63586
5739 40330
66699 68079
13344 22923
44010 61085
18581 55990
6752 69903
7803 23101
25762 51652
32771 57956
41523 58321
54999 73502
60057 72588
17594 63867
11614 66584
39887 74051
20248 27175
34504 45498
14942 32791
28184 54651
28410 64900
38595 38910
15435 39054
32326 43834
21538 58731
27158 53715
17530 73797
3902 60515
45666 46468
2137 28851
45700 46586
6127 68426
32876 44405
11819 73491
40112 74011
6771 20218
11323 41092
4174 61733
19770 34980
59728 69580
33657 68478
34160 38180
16678 19449
23550 41621
13403 25241
26314 66579
2967 64104
61196 67293
33777 55274
53552 69007
45330 73094
1761 15629
11396 29455
11940 53222
31573 39710
18993 19208
9509 66204
65376 71544
44164 73414
3702 68665
25628 65425
13745 31926
30158 52937
47815 51601
3036 39831
39009 46196
40775 41197
20570 54552
38989 57881
12324 71956
3276 19070
18879 69503
34501 54966
48271 53941
52 66577
54703 72703
12230 57707
30301 42261
7853 33400
7931 72756
69023 71420
1064 53620
9850 61590
2379 54209
28290 69561
49377 62938
50626 54458
21251 22409
66408 71366
5970 20307
58532 59359
5475 28779
2175 44507
13345 19840
35430 58776
13142 24324
8347 19258
27380 27814
55747 59328
15258 34268
42714 57225
11200 58310
38196 59958
14824 26349
18316 30636
25947 48830
35589 40674
28730 50559
299 15904
54782 61568
11436 58621
29177 29627
29089 58138
2348 10218
12203 53001
12945 50174
8500 46723
11157 72877
8345 67265
7673 18006
13306 28203
18849 58531
15785 73852
27213 42375
6536 52760
26140 52122
27495 73346
11329 28874
26528 67259
5456 40650
30873 36634
11249 67440
3632 18752
49062 50212
6489 9634
6757 70763
12255 55639
17196 56864
32024 42984
18210 52759
58953 65799
4756 62556
17156 35107
41051 45657
3474 35925
1628 35333
15666 26577
18376 25231
32162 41710
59315 63722
3168 27887
1860 2454
57365 71119
40354 68140
29147 32176
6426 52062
13253 41528
16740 35494
7090 51645
16312 23326
30810 53342
18617 31985
53765 72312
53332 55134
40380 65500
19584 54653
10536 57270
451 22579
40449 50679
35489 65343
64266 72695
5315 50643
37212 41063
30133 66277
20354 38875
39669 57273
25501 57807
38343 60362
13551 64109
35065 56453
62921 70553
25567 40172
27333 31620
6465 73705
50598 70419
42217 64307
67128 71507
14629 21125
8998 25820
52346 66468
30948 73097
17062 31023
7237 27148
1028 33541
44470 47491
68788 69946
58117 60415
3352 8897
31626 51614
12244 21803
1095 31737
44719 55486
53497 69455
17891 33559
53969 66890
50120 64819
33852 47370
61734 71922
11121 51061
12267 19627
36552 40884
58364 62391
43816 65892
15337 28418
14908 71928
22352 57082
2003 2787
38271 54626
51114 54772
38861 47951
22356 33105
30894 32508
55266 61958
34321 50574
52674 60841
431 37380
20170 60306
4988 7705
35245 52585
43586 66263
8277 25640
52696 61620
2400 49009
14862 21384
23682 26046
49757 52707
60856 61767
9490 72446
16484 48005
49935 57979
6457 68400
37626 39220
15743 51539
15343 32708
38135 72996
40277 42824
18813 67428
1745 55321
59652 66433
2938 68096
7561 68940
40587 74780
60321 64981
34509 50545
34336 50774
23374 58675
44839 56185
13591 51415
15955 42643
68691 70197
42470 70769
12905 56201
2604 65976
25762 47699
22780 72232
52438 74442
50315 62662
31983 72251
32997 50870
17684 57687
4377 12000
3237 16762
21314 65094
7042 68189
6562 8138
25242 42671
2805 46116
47837 65485
3264 40413
25669 61128
40199 67553
48632 69237
51745 59463
18236 48028
12814 65806
1533 61177
20929 64382
53560 67625
9161 69792
52434 61415
45209 56435
21461 61942
20917 26916
24250 41908
35825 54563
4461 14246
39295 57319
34615 40987
27591 28828
61794 72714
24748 74217
1589 2630
27907 31680
25878 57991
63546 64313
62202 65332
65311 67752
43966 46750
3954 39396
59584 64815
4962 55553
54968 73814
29662 69888
27012 62183
1384 52991
10783 18389
8561 60141
29430 51623
15554 63120
5425 14602
25256 45246
19988 45259
33452 42500
13554 63450
24728 72140
6615 43155
48612 68655
20777 52715
24543 38558
19638 74699
45270 54484
37264 47329
15687 25471
367 62891
15960 54939
18237 28210
4742 55257
13223 31179
12977 31346
42045 65264
55411 55837
5561 15074
1706 46805
357 74649
3291 51666
2788 66254
10157 68255
62225 70144
3076 48730
19612 54699
62401 68765
17091 71967
37065 45094
30554 62703
69158 73364
17174 52282
58591 61587
10640 13295
19481 51994
45720 74219
1705 12884
26765 56458
10443 14200
1839 30112
6748 13842
24783 63233
27796 65950
9543 55469
55226 70070
56892 73514
2031 44550
25676 61927
11803 57731
30033 65505
11943 65023
31744 53170
45856 63567
6707 38251
4843 15691
22998 43670
4966 38675
27954 45856
28366 41462
44096 55238
4331 66835
21467 67999
156 58871
6898 13220
61 67133
2113 25265
35991 44377
30205 57510
27384 27491
4255 11263
25763 39389
16391 25472
26807 33999
54985 60680
20368 74225
5643 10092
51912 57997
53301 59943
16137 45871
5671 43545
9073 27893
2385 62660
45143 52909
39472 45698
46440 69155
13121 22392
37496 43591
10110 24960
17527 18026
5307 26343
50956 61741
10643 20586
27596 59826
15878 21887
22169 56634
43351 62301
6449 54561
32254 61488
3014 21745
29433 49876
5640 23086
19209 28466
18902 65971
37978 42359
17698 54819
23919 68389
19690 36266
20300 25799
30938 48546
56071 72704
17892 59738
22234 49774
8042 35368
17681 62919
16412 67922
29514 35730
4616 23446
15467 53847
24459 51621
26185 64189
42349 58320
14772 45654
17487 67279
34207 58750
16708 38182
33505 58585
22433 38833
7813 57718
28769 57949
2373 3692
66407 70701
8464 57231
21809 24090
29831 68178
28750 43161
49075 70663
8236 65853
30738 74223
6019 8070
47276 69231
18823 35850
33 609
25968 51115
16405 22641
16885 33561
32012 32577
4888 37120
20643 58664
28234 40944
5146 11809
49156 70536
8851 10056
49306 54330
6788 8569
42877 46254
59164 71976
40700 48158
40652 62240
34359 36526
14314 23745
6603 40905
42655 71287
2737 59965
34581 61674
11621 72550
706 62095
59099 66991
22758 71242
24934 71903
49267 73472
84 19696
9495 72150
17880 45199
32963 58053
39640 56795
11483 69725
51042 55239
16110 44731
11727 58282
5666 16147
13943 41036
38667 55345
38271 74669
39172 44650
50586 63913
28643 40092
2533 66452
6912 55545
59903 67607
47247 49796
20951 46120
35923 36882
18442 59427
11834 30327
14553 65930
34629 37063
27767 50920
4295 34937
25708 56313
48012 55276
30107 34009
36637 69276
27515 57057
16030 60581
6860 33949
42371 72218
17775 44878
15039 53665
12321 14145
11365 49977
13325 49574
15279 59203
9959 15659
5144 39509
44303 64197
16545 47269
19654 51264
35580 37879
13880 22010
12574 20728
15126 23865
2638 41456
8825 68651
32713 71088
53067 73532
32615 54973
54395 54904
12073 27462
37275 53073
7953 47422
12347 12776
282 3381
6769 45411
31535 64969
2595 59527
6098 59410
16232 29351
49407 59672
38688 46230
18510 69111
49752 72244
2215 22902
35158 38689
33884 63018
16255 41911
31289 61099
14557 60783
5853 36904
38486 57623
41351 53034
22303 34921
13376 21309
56461 65090
4795 48362
41537 46558
61478 68026
25074 32613
11405 19920
9020 73384
7461 30314
7027 27819
41574 42295
10095 56462
19765 48391
15696 53917
70645 73494
11252 20976
455 42998
3083 6371
9706 26479
16449 48029
15430 16305
2963 59194
525 23910
11933 38636
32268 49907
38837 49596
539 23801
9236 67926
3891 66124
11138 26120
13443 63927
50890 64024
39383 55818
1116 1650
4612 42000
32576 64059
25154 69861
25588 70650
13271 30910
5379 13895
24609 25384
11270 21275
39167 45973
41532 69960
18454 36263
40957 71524
28403 56533
28551 56251
52700 74721
13383 66709
19515 22460
6814 8674
24997 74390
2952 44800
16011 28449
57061 65522
23070 58966
6613 26319
4223 45940
6629 8014
48665 49772
2333 64233
6551 20186
50445 53290
2599 69161
57310 67821
53968 65095
19161 34114
26552 36614
45116 47091
4579 46662
58727 60235
33885 65227
49513 50780
37729 72827
36098 59901
11597 18650
13631 34731
28425 54987
16813 40427
24299 52842
39235 73489
8244 59753
21131 49493
14054 54949
16744 72704
32715 34608
31848 52189
14082 60776
3778 53289
18056 60714
17470 54695
12920 50920
34443 72768
13780 66695
44493 72998
17664 27298
20521 37765
36 7452
44998 65571
15787 41886
59452 67395
15402 20259
31650 60439
1190 42198
17378 54413
11104 50957
347 53827
28473 50016
36600 56101
35641 58122
18904 62714
9464 28030
7283 9578
2004 4697
50975 62105
3411 70315
45475 52703
25580 33623
22137 25337
28456 52331
46254 47346
16181 48196
8210 40282
46381 62594
7420 70101
62 20698
56067 69224
3337 17608
34374 35097
31518 59600
62158 74855
15269 36158
59764 63097
50490 72943
28095 61704
1752 54823
18409 45104
36452 68021
40233 70128
41807 74756
9212 18354
50314 62538
55628 68420
3451 3955
21056 51566
24971 25890
27223 31074
22027 39959
39735 46717
30815 60540
27769 27839
51337 67843
8743 63714
35713 59563
5310 67052
9433 72548
162 41657
46972 54738
2571 67567
54405 62321
16886 60156
13096 72262
9815 30587
53942 63524
20254 54686
23493 29805
5361 63788
11132 70272
33687 50873
49492 59645
10364 40140
49779 51499
4831 37836
41992 65314
40264 58058
28152 53843
33230 61148
14165 49072
10654 42645
27151 58984
36053 47205
27429 63971
24235 43775
32622 50113
12517 42115
68104 71152
22532 65670
3234 31445
37736 50154
31120 74691
46700 55361
21929 63309
35617 71434
15138 22963
2488 72938
5278 51632
1876 42616
37076 52035
6501 58825
24260 33496
52673 69726
8784 69412
15644 71356
18037 62980
2461 29158
30111 38223
32498 48615
55646 68231
47494 56930
15409 73375
71774 72262
36524 73888
63098 69756
14797 23365
8443 68879
12147 44385
15278 55810
21926 37800
1121 32253
2388 46721
34088 36922
28042 66802
48460 72393
31332 69484
38533 69447
30606 44601
44857 68500
22190 46566
27015 56248
44417 72728
15506 51357
25742 64610
31768 69647
66381 74772
9173 16765
50551 70470
6774 64182
8421 9177
1380 57588
264 62769
69568 72426
35272 37602
8335 67119
8901 30240
11673 22775
3110 51156
30515 37309
18173 37701
17570 36453
55570 69410
20684 45495
12166 61926
58208 69370
16253 57877
41246 48619
33304 45063
19245 28329
45738 58619
11447 59495
46045 62348
19246 26275
1416 11509
29277 64041
22696 35518
47490 68681
11676 43115
30623 54019
23551 50199
48408 49162
3811 44437
14994 27263
9146 14037
32020 33485
9079 20837
15546 30181
16008 49147
51376 70292
39012 73137
37883 58005
28570 60071
6601 26638
9579 25184
42348 73948
28819 73225
19906 59135
40084 59474
40321 40993
337 56739
2857 23166
32867 64372
23837 32131
23907 73976
62441 71195
60910 72872
1833 18689
71359 74665
13899 24718
44846 60152
51554 68778
30934 44887
9863 32482
34496 73461
25075 60411
1047 65482
46464 52963
34171 50325
9303 54961
26166 38116
4575 13662
17379 65656
57795 66737
22274 72183
10612 12203
13762 73869
51999 71847
11481 52521
10474 57124
11107 34946
29374 73994
54410 66536
58173 58542
62075 72272
3017 57957
30423 37763
52359 58161
20096 38696
20736 62093
37553 38508
751 43151
56742 72211
1759 5323
2374 65993
3883 62853
27812 70310
14449 23871
3805 45450
19833 22277
17647 47064
43250 61438
14711 33151
43109 57291
6457 60389
22473 28932
63459 70968
56791 62727
17085 39657
6827 63271
526 62283
29151 39314
5414 15207
3889 16757
20459 23819
38095 73426
14314 68830
7428 39743
22186 22648
11853 33486
29811 56728
9776 38308
12669 25654
17459 53637
19408 32295
26977 65259
56432 67046
18056 69994
24615 57377
49699 72070
44487 69190
2884 13702
10330 35217
3443 18210
22555 54887
26682 43452
25802 35958
46179 50781
26487 61206
947 18268
23458 25399
2251 61622
6605 55853
10570 74286
29885 54671
38139 71584
7544 20978
16581 62422
2539 62496
19664 43299
794 54569
64447 71614
30799 69443
2986 59622
41017 65341
31646 73171
9280 68682
9101 60861
5742 59412
14507 18772
21084 47425
15565 60736
42479 50711
35857 64669
4802 6086
35718 38486
22733 54208
18302 29566
26947 36947
3261 6161
11085 20178
4968 35131
22387 59422
54699 56713
13612 39796
21550 23830
23315 23749
22267 61176
45282 70806
38396 52898
18779 42193
42322 74791
18096 24882
31859 34419
13116 18486
5834 25170
35772 48566
9918 56408
10801 27535
41147 50249
19070 38591
66741 70386
12222 27992
16576 69265
21852 57692
26842 49547
35472 37978
33399 47586
40988 42102
5125 23618
14901 50673
16099 72868
11809 24191
13080 72995
490 28942
63423 66056
62524 63320
57525 59002
2810 44134
12145 27849
34973 69375
49134 72878
18366 47870
16670 44260
1061 63871
65182 74075
6799 66449
14433 50908
15420 50182
11808 72019
4213 22449
41350 63446
24915 73285
30219 70603
47581 50631
40144 69919
26484 62519
34724 53591
35046 51968
61688 67105
14850 71893
183 44246
22747 28442
70446 73936
11309 68235
28791 33886
22431 38842
19698 63130
13288 31569
22605 56771
50160 65146
7889 17801
38272 49143
23908 33588
36222 41325
41571 57915
24268 37006
804 21747
1085 21427
1740 61579
165 9350
55952 69287
3033 65028
13069 63600
8339 34716
16713 72292
20275 69963
5932 65692
2018 35940
11074 15908
46382 69126
24940 34293
35685 45426
3852 6882
5584 34930
11119 14884
24329 59103
45968 50178
55477 56764
18992 60134
9132 36789
25362 29407
45561 55142
17731 30778
15880 60037
29893 47218
38955 42626
28872 49532
14387 40920
1908 57980
4421 28744
42013 58090
9878 66043
21492 71527
70299 74002
28900 56391
20686 54674
12308 70212
6368 62220
26987 43327
47112 57119
15868 23683
56870 74891
17777 74392
20263 39052
26100 29368
33255 58264
3930 26238
25657 63146
32660 58491
53423 69914
41298 53695
38216 74200
10921 49797
26080 31667
1173 69118
37495 49389
19604 24785
6347 24375
69532 72097
9622 28700
11712 42420
49231 63543
11907 51151
20264 48545
5274 58550
103 65869
11259 43387
9314 24980
34784 46512
14251 58957
10596 57170
6619 9215
23404 52358
57577 73401
755 63339
49397 50193
65567 67392
49882 57128
31842 55333
21245 25008
44510 63412
49829 68127
21010 51859
7382 20607
37429 55547
31151 58995
21366 22335
7823 18466
8004 35854
45767 56420
71830 72606
6036 8050
12055 74114
22487 26904
24214 59616
9124 27472
31956 35278
22142 36792
9395 38278
1036 41402
65644 73500
36651 54655
24185 33957
33272 48115
2285 41314
10632 63050
67928 72519
7910 47043
9138 13738
10191 49531
35272 38803
13700 22314
20190 67834
33492 39056
24990 65168
24894 47689
15265 37693
14648 67150
6646 69155
14362 67892
3606 21940
31038 56569
17207 61899
13804 40715
23215 23640
28256 30777
5160 48745
51835 58989
10913 35424
3685 38026
38751 69876
12619 54077
31333 37344
1968 34040
15619 72265
2641 66521
4399 51804
5859 13706
30149 65209
50557 71908
24845 50048
29243 50649
2086 13143
1928 73691
21697 29148
27402 60231
62381 71077
48071 54190
25837 56277
12379 67680
52462 63598
54444 65610
12443 60231
25834 34302
421 57415
44060 47875
8995 16159
29251 62228
14658 73559
5602 13984
4888 14467
34462 62376
25752 60446
3155 54366
51179 52838
31827 55884
32640 60263
49597 74270
54739 57271
7570 31300
55779 73983
22889 59557
5522 28974
30279 38203
47870 54680
59547 70876
57086 58343
68502 74182
70381 72879
2456 63221
35083 48716
14687 37988
4475 64699
16707 40283
55664 64325
41307 55652
38404 40638
15517 37174
71593 73563
27366 60581
13316 16153
27493 43162
48141 70600
15568 26791
74039 74638
60259 66477
22842 24677
34092 39741
13955 45958
30840 43319
7681 29788
50161 74293
19030 37106
70748 72344
1617 21835
13464 39855
14619 70607
11897 31207
2064 18411
34948 68914
53986 55877
21154 67853
47672 68613
45232 45469
14996 74040
2279 22247
12254 34946
44267 73444
3054 12447
39730 54382
23800 44401
19358 20063
5488 5580
38875 73245
33811 54456
20460 56445
20683 57167
23789 58062
50099 60679
22767 56684
5560 65903
3357 5715
59909 68121
62640 71285
36128 54994
28345 42275
3499 3734
30915 49714
9289 61297
4460 50218
14468 57962
34805 73020
37898 74428
21162 30331
54080 55520
39664 62785
1629 21174
51672 73043
24188 38238
49891 60831
35392 61728
4091 12080
10966 65212
22746 47559
22250 41009
2683 61386
24706 67110
56587 67120
15990 64400
2691 8679
10563 16816
44127 55690
40785 43241
20442 28469
12013 12626
40758 67556
4900 58574
809 55811
57650 61346
23557 25585
46332 59143
5552 35851
6725 18017
35873 50324
31424 62897
20118 23029
12774 54863
18884 49383
30595 57408
10875 64578
59511 71884
48888 69502
14592 60232
41725 42187
26155 39039
41530 71188
43212 43994
34008 35864
7372 56119
35446 45061
27165 31777
21610 27786
35179 74548
2851 27370
25888 73238
29460 34706
31565 32190
45536 55682
45822 52812
24831 50606
22228 64858
26333 27890
56393 68665
25449 59599
39713 52484
5045 37216
29600 31194
24645 51420
46138 48018
41721 58865
31071 40569
62681 63314
4442 34137
47030 51620
36591 52973
21455 48014
58143 68201
212 47770
44369 47252
54881 73610
2559 58814
3788 59247
1918 30653
22075 57183
17630 45481
34392 69043
17501 20080
45937 56639
9382 31110
18195 61013
2457 9164
16067 50892
7917 16296
51002 60373
45113 74421
16721 70878
635 42909
21023 42740
33691 55484
42722 60732
9115 73043
43165 69166
15136 66826
7333 25309
10319 30039
31319 72928
8933 19918
32149 40359
10500 16698
25628 45689
8128 39008
13489 21681
52990 62035
31227 52624
244 57455
9211 52793
12447 56812
5804 54957
37812 58620
44758 62680
17295 66429
60655 69689
36365 59143
7141 67963
31714 44752
14001 24515
30630 47617
32453 57380
34607 64370
569 55501
45253 48811
2236 38190
24837 56564
37546 41430
34043 59644
2638 21770
51654 59719
17501 19913
8966 45628
19585 60806
8484 30363
47094 57078
51544 55921
2361 28582
61327 66340
29312 29439
27248 49593
39565 44476
13940 47044
35489 37751
17593 26302
57899 69415
11839 34466
60596 65260
42804 73167
24385 73150
30405 57642
26521 34624
60323 61476
22514 39706
11833 56079
2389 37167
14007 62094
2230 14541
1795 70801
53395 68152
8923 53630
21471 40873
944 24239
20768 36978
26057 48674
18930 42196
37513 37783
14887 33812
17546 18385
27454 44575
47233 69307
13159 37710
26012 61992
67236 67470
14628 31693
30812 50675
10303 33819
42449 66498
52026 61750
51871 71359
68152 74137
16541 34958
18866 37221
30233 42589
19649 47147
22300 61127
18378 33713
19003 58436
14904 57604
69966 73968
37092 60085
55837 72340
65666 72402
24594 32903
1323 61987
21010 24958
58947 66588
9579 30567
24080 25284
483 62149
36257 36837
6192 70169
20086 64137
50694 53981
6466 11590
37986 58186
21842 50298
35473 71576
33521 55710
12503 69422
39524 40547
34352 63650
50166 60586
19813 61329
28006 58727
23180 40252
20418 71947
10643 22816
8193 24104
44390 54704
7818 49770
64760 70376
35187 67634
29507 64750
42400 43547
7031 11719
22271 25059
58928 66097
51838 54023
964 43261
5892 59086
18021 52577
19719 48753
24272 34669
12223 19074
27178 37663
47510 57002
4379 73521
49097 59415
1748 40048
16237 48171
36954 46661
37429 71673
14618 18586
36322 36606
46832 61502
7305 49709
34875 36331
32398 45960
2182 4087
4583 25141
8842 53618
11012 46453
5111 65217
36534 56386
47830 65418
65928 67010
33307 72229
14480 49061
60296 63071
2795 37038
13885 33805
35066 58002
15833 39792
51318 61937
9392 72657
10468 74607
11538 14338
12287 39539
16945 25946
34339 37556
9843 73640
2856 70792
3698 73599
28882 73528
33702 33930
66645 73145
10881 51736
6038 54258
19428 22844
14638 31374
15724 20427
52959 57129
3501 53841
19653 49454
34262 40744
31873 72722
43724 57302
42766 64489
45113 65365
7541 25931
8526 27550
17746 23558
21235 27865
4358 45196
208 72693
9608 54374
27919 60479
9638 69830
2496 2758
17670 50369
7239 67335
29327 53253
26641 28813
20377 31752
53963 62679
42049 42824
16163 31715
1282 7260
26432 68999
20624 55393
37958 68146
53605 68777
19887 27644
44071 69659
10505 24599
8730 29006
14347 16061
21558 41279
58983 72501
18083 39238
8511 63010
27738 46255
49912 57495
38149 73671
7200 43976
24414 64079
8170 73404
41804 62010
46949 53840
31406 49659
20009 23704
43861 46078
49077 55196
11787 39896
34077 51276
49739 58796
53646 70438
9763 17856
30302 37139
460 59351
8660 49800
25841 64738
8192 64363
8333 42680
12943 13273
44117 72300
57862 74568
33660 36504
18326 66218
15204 70044
41087 61963
4249 48150
26328 50629
25324 60986
5535 54607
8383 38887
25422 71515
14533 62125
18807 64812
22638 30661
10889 19304
8019 10885
20893 26090
30570 55623
69222 73660
19510 66727
38625 41904
5920 59357
31040 60877
26400 45972
41624 67364
29581 41219
38257 45842
8812 25582
28328 45915
924 24198
32941 36578
13628 32741
27698 70490
43416 57051
20172 64581
3674 4316
14597 29874
31838 54407
27707 59523
21636 40163
228 71268
50818 67652
7820 69216
46445 67808
3868 22466
61257 67937
61182 68567
45614 62606
38262 65464
57027 72320
6263 24570
29692 47865
26969 56420
1640 10517
9460 32037
9986 10625
26906 35585
46043 59982
10922 33578
1439 48670
53502 64872
6437 61251
37244 51441
12293 46784
65002 71412
15709 25217
10884 27129
10531 29522
47916 55385
38318 42849
59059 71663
38636 45128
666 48589
24984 35224
40541 46621
3968 58288
24150 67856
7018 55141
54525 65315
13419 63054
30245 44727
1053 21122
58146 59933
10517 39952
42408 60960
19138 59228
21516 52348
57669 69923
331 53000
43844 64721
64874 70701
30252 73708
19862 48404
58106 69614
5354 72662
51023 58470
11912 44426
29672 38076
18635 20067
21802 54792
25557 65557
14205 63805
10899 58615
40241 69655
19429 66488
22362 66913
4519 54481
24020 31726
40912 69270
22958 29563
1887 14493
4158 31512
21703 33858
30181 39485
50025 52528
60055 67992
66914 67368
55270 68167
7962 7969
2795 20426
7371 62116
45329 67011
16059 61846
21970 28929
5383 31672
39890 53824
57584 72689
19798 59551
22183 70518
23349 43269
8786 66175
6312 58092
40617 74290
19238 42477
7093 36291
31889 64213
767 30053
30381 44757
36512 37466
29423 72579
45761 57211
28773 41339
23505 63346
21002 42393
28273 52145
57095 70541
2515 4767
25056 47857
25754 69814
8248 36538
11159 14591
11133 61461
11557 71112
670 40626
397 71785
4867 11221
37190 48235
43337 50754
10838 22873
31446 34741
17935 41215
4366 13529
50917 55593
46199 49232
4905 64332
11583 26279
9231 42335
61756 70346
52410 63608
16507 18558
14454 40399
7056 61137
8447 13574
11192 56811
60036 61084
33062 72005
43012 63723
28925 48669
42599 68377
48726 69704
26964 36703
32679 33585
30288 53749
49710 67365
37683 45621
16041 30262
67073 69163
38927 59171
11486 55105
21502 66710
2807 54975
1722 14113
40133 70424
25876 46374
7857 73235
7243 48662
54364 73140
18002 23090
45959 46731
26281 32649
25779 58032
2127 14130
58944 59346
13158 19971
60217 71031
20782 74485
16180 20966
51943 74652
47748 62222
59790 64430
5652 22337
15795 45269
4283 22211
44314 46506
5710 30693
1303 56782
43153 74278
58576 67184
59508 71047
2369 29448
44036 59037
3802 19727
52832 61162
33163 59198
12758 50814
6219 41588
33004 42358
230 22740
47741 48415
15160 59484
14104 73435
31478 58812
38908 52268
27757 49005
16981 53635
6277 37025
17008 74852
13538 25656
11456 70437
12956 62104
19881 71821
15656 17674
5040 20639
40354 52330
32965 37894
33308 49955
524 66141
45145 50607
42059 69899
22301 58403
5283 66808
34660 43897
16584 67608
41510 68201
1613 4766
20235 53989
33706 61413
16877 66347
54348 73966
8515 18610
10624 22379
20967 48626
14405 35508
4907 54567
59629 60310
37953 39483
8263 20144
17089 56709
45959 58196
22367 35815
48028 59558
58826 64917
20495 48080
24131 58341
15445 44004
7494 41730
62808 72736
22691 24281
49990 54541
46493 59963
3424 3740
14350 40781
16278 58612
19574 27269
5555 28057
33524 50987
3741 32894
48736 73547
15764 23990
2785 31227
4341 69293
5659 71971
64479 65270
30227 59116
5724 61021
23354 23662
27829 38174
57223 64568
68156 70181
20214 69554
10054 32489
2853 37743
35596 62312
19390 54159
66627 72587
42262 70126
36571 44201
16345 20575
932 17615
11890 70342
7758 42964
21667 57940
21304 26436
36533 64199
16806 43745
24054 45702
3910 14496
26444 35620
4141 55276
41778 66950
26365 37207
20900 46133
7149 59855
23616 47210
70490 73141
47453 61283
52917 57960
24266 68869
22112 25973
2833 68438
22069 60652
22983 29776
8297 21284
28237 35417
28240 31966
18674 59718
66973 74139
49656 70466
5032 18553
26371 33553
40317 71692
9636 51698
46150 50431
10470 53390
1576 71446
1957 4425
31056 70078
13898 32312
47129 64621
54233 61285
24605 27183
34486 36273
632 26826
59730 66430
63009 71083
23542 26008
31590 33091
10432 18011
5564 6998
25296 66615
19720 39938
13243 14712
9615 15454
30835 65613
52323 60001
67230 73408
19408 30212
42502 62380
47344 56139
14483 29216
25282 70879
9753 53031
14148 18137
3517 6308
1824 15019
21541 52314
20438 54365
9683 12281
6971 14309
27436 31586
21083 44343
6976 31476
11311 14116
26711 39184
13933 69737
10015 21365
9102 25302
85 34682
39142 68203
12320 74890
33433 72752
36825 47000
10334 59824
10356 46131
60006 70571
45542 63513
49036 60369
12406 55078
15898 25811
50023 63084
792 51683
7929 50516
16841 27569
2223 18952
31464 64637
5935 61616
28532 32824
24322 30182
59147 69292
32478 43550
53295 56111
48831 64667
68 52389
41275 61157
26179 26393
16170 55836
11965 67070
22496 66181
29482 66870
17005 45509
65965 74892
9497 34359
54466 72798
60648 64161
32213 65617
10037 38874
5563 46305
34553 40320
16905 26772
9224 19908
497 62346
22626 70741
20363 44884
22192 51585
18322 63315
9981 41169
29469 71465
12707 27437
62586 64675
16348 29491
27194 45200
2584 24337
27641 32235
28588 57884
2509 51041
47256 59226
46155 60795
23086 53286
18171 66424
3599 53275
17124 72803
45639 48216
6098 57545
754 59041
19251 74307
4713 9117
21845 31963
48757 57912
15896 42619
6653 51246
9947 74275
38037 46610
62122 62278
19606 58979
10328 32215
32054 60951
905 15651
10203 19830
36089 65598
61945 62881
11215 11631
14085 21705
13363 24171
13611 72349
2216 53595
8823 14824
20532 53474
6593 25071
14163 51729
51148 65736
1205 14188
3963 5028
18563 31966
53889 67807
25021 30409
67286 70174
44205 61722
5610 30126
15261 55475
31302 50654
10300 36190
59576 68014
37178 48184
4742 64773
3730 47241
17145 53393
37684 41212
11285 33040
4063 15007
11697 34870
26298 62970
34816 57718
50753 61275
29175 33586
19708 56704
12557 58891
58457 73750
2344 40794
29027 54471
35797 51702
36859 39422
36156 73296
51007 51050
45604 74642
6471 7706
20461 27171
458 8901
12144 70366
23786 66947
25809 27877
24063 66667
348 27987
31962 37448
59737 66268
9368 60428
54051 58134
32337 37960
103 70371
20798 68367
3030 60226
7322 20391
26582 32373
36691 69143
22068 26795
14983 70473
17972 21905
40166 67499
7106 43127
8690 69303
39971 44391
49372 57879
23334 59277
21801 25889
17549 61682
4731 35760
59394 61970
52960 56216
22406 49456
37160 59686
5788 41926
1720 56696
40330 54188
626 71879
25607 41760
23962 36676
14969 49222
15380 73179
52697 60648
65505 66782
34356 67030
8883 45364
22022 63721
1498 3544
65472 66281
18347 26279
35316 68749
37942 68780
15088 61312
4337 39575
15833 20135
73760 74056
25551 43076
25623 45593
37462 67053
18222 23592
20168 70121
38877 57657
520 43354
19689 20578
27706 29800
53379 69151
13497 20361
20843 53684
48668 71231
14906 16985
12598 19849
3403 19198
13169 38351
24491 64760
43669 44420
52435 52879
231 24348
23630 71134
2004 37675
4726 46900
2987 37293
12863 35654
42146 59212
10610 37145
31733 60747
35297 41782
2609 14982
30587 33021
13477 74465
31746 67765
54693 56551
24104 25076
10350 58204
33664 37288
8616 50869
24544 33419
17539 53615
2767 22237
46942 69121
65364 66796
14688 56186
54920 65791
53025 71641
20918 25052
25988 64853
5352 68928
31832 72169
14251 35410
20182 61069
41901 55497
35227 42539
36462 47297
5842 35031
36889 51152
15311 50227
1416 41473
31472 69596
29427 52840
16513 27858
45271 57585
46737 55338
5373 72525
42010 43283
22811 31861
673 41358
8735 24620
1980 72691
35492 41365
26764 27864
19242 69401
11251 21146
4749 24977
68162 72185
1864 52325
18658 63142
19421 39900
29504 42267
43253 52751
18500 30571
24249 54193
39097 55472
30325 36591
457 38364
29910 32999
1030 7850
51738 62766
13254 68626
11101 27059
66001 71684
4186 15922
42442 68484
56923 64888
6900 41173
52227 61601
32422 51543
4695 51188
21698 21844
35678 58387
44877 66491
7158 25968
3970 27638
40226 65852
14033 66392
23488 33663
16896 66701
32607 65194
35961 39794
224 923
25120 59240
372 63317
4800 32912
42544 71732
6744 10621
17869 44519
43809 60383
21144 70390
4258 37423
32 50375
22458 73811
1663 7072
11638 38654
35763 43993
15197 27314
72451 72835
53585 69533
12849 66058
19513 46144
11243 65009
38452 47679
48416 54378
42330 56801
24896 54442
5096 29726
61117 64339
23671 27398
56906 62756
24152 31806
18167 67910
9663 59554
5147 59712
30597 48367
59884 68460
35023 61225
16950 51512
966 6299
4467 36872
27824 29003
5442 52783
7335 56357
13432 48120
33312 59439
29501 47461
3362 34070
5607 54082
15798 24972
12963 66925
8363 70021
52977 70188
22175 72686
28542 62235
22134 32002
39779 41808
777 15056
18078 69305
36854 62933
40310 49082
46997 53172
36652 37536
12103 34913
52357 53432
12150 45351
70922 71779
69299 72857
3611 15981
42688 68105
16156 51056
48150 66824
35664 55923
11779 71208
19461 73183
63167 65455
10171 71301
24651 57277
26749 36803
24754 26066
38554 44427
14919 26271
30009 61544
22438 44486
6768 21603
24840 41594
23078 45809
58773 68169
46837 61154
837 70948
7262 50003
42713 74191
51625 55491
24286 56898
29695 67433
50814 58441
11301 39950
24344 49472
37107 63397
29830 43665
51051 60412
4638 44024
33269 36180
53863 56862
28182 32912
3859 30119
71608 72858
4894 46737
44216 65773
1501 72797
2606 23629
32313 56353
24956 62481
37723 61907
71676 73883
13850 18594
9237 57932
13379 21203
27048 55505
9707 18470
1380 62562
5874 58220
36240 53364
40580 71615
70827 70850
40668 54173
10946 14112
1534 47601
15251 55794
30898 38448
24427 61086
14008 18175
33944 43626
35304 43939
8632 39386
9754 71303
7265 64932
42159 47490
19782 40161
1504 57601
2135 56409
1135 18853
18364 50136
30644 71497
60374 74861
51439 70965
3492 10768
17706 20867
20071 58169
31207 60760
20879 40784
17764 34120
10351 12243
27297 32488
6968 43310
17413 52110
35687 54786
33419 65170
25592 66170
27511 36254
19647 69418
31857 35091
575 66977
45437 54076
12706 15856
22924 30672
50092 70843
863 32137
47424 57891
8327 25164
48697 53538
15711 61381
62277 64990
51973 52481
11626 12044
20593 56877
20230 59311
18294 19487
27276 29052
65647 69288
21904 31402
41709 51676
48673 59148
10452 33900
30736 51991
24667 65109
15601 63084
4017 21738
28917 59596
30364 38240
20677 58507
18411 52543
23213 57178
6007 60394
38330 48654
59379 66918
6705 62487
6753 31849
14437 30638
43895 74243
6450 42531
40275 74213
31354 44611
33340 36816
25191 57864
22135 51420
24725 61414
8145 37572
4179 67954
36864 62234
8312 29292
3496 57933
31890 74821
8970 56688
34572 58047
64362 68890
7855 71555
52971 62433
42100 45310
11874 25437
60019 63462
20810 74438
60385 74669
17799 72280
24272 28632
36520 59437
4980 35694
21146 23077
2415 28190
24598 60337
14125 35423
1810 61543
22121 51811
8713 45302
410 40153
4518 59674
44323 66870
7982 64571
39507 58590
18439 56579
1529 6465
57636 65365
25674 74492
12117 73904
10245 71863
10459 69648
49508 71742
11166 12483
16905 17975
47600 49281
29125 71872
4747 52998
23838 43546
27803 73277
42012 69909
8207 14336
38190 51202
23278 47954
9403 37464
21318 21993
51449 62694
22268 74167
10953 68974
30064 33526
22862 63866
26565 69565
43042 73867
9185 62780
58261 72794
25349 56025
27637 72414
52055 63129
31538 64429
3861 22492
51550 66278
10073 27457
11210 36362
24246 26740
17740 47146
2989 30468
69141 73144
23510 27762
18552 43005
5836 12996
10622 51504
5578 22020
31982 69707
11531 43627
22443 30192
13558 72990
39532 74478
16328 21818
38282 60853
30093 73805
22069 46021
439 42199
21141 29043
3784 22251
64900 65322
44914 51694
50635 73045
15170 22144
50708 71988
34751 62427
19959 67127
6207 72259
4039 19687
52418 60400
32691 49071
3417 28213
45543 62061
44822 56849
20879 30762
10901 73082
2701 50810
20239 41805
39448 46827
9290 55889
30798 55546
32598 36683
5098 49451
40135 47134
8388 52115
53245 74774
32387 60016
45784 48653
15011 39916
48316 56367
29386 37500
21042 33127
38451 50935
14760 44864
616 71504
14109 37563
4030 11531
28931 43069
12423 22470
55611 71379
18901 20850
17809 35452
2061 14171
53687 61147
58770 61576
44219 44592
38219 60368
11711 67287
12471 64622
44224 65739
31373 52457
2544 44248
15375 44083
35001 42982
27438 45129
69709 74876
35731 43291
16430 39568
21055 38719
29846 63226
9119 67816
21194 32268
1343 22671
1026 3962
54818 62578
13957 21357
26598 52475
15162 31434
62936 66637
49089 71749
35177 61554
5496 56525
30887 72327
23412 73767
67572 73589
11203 67245
36282 59517
38272 74538
44271 47060
22971 70999
27700 64896
68799 69947
4230 51031
69989 71983
28483 49807
31573 34643
63546 72658
34249 68998
25206 55441
68713 74340
69835 74815
15623 26799
39401 49235
61854 63691
21689 73128
26376 57510
64487 71719
50256 52699
16319 50127
22513 50813
2387 27572
2251 22254
5576 57327
12898 51304
14654 52801
29684 39480
52382 60492
11180 70145
33688 62699
1133 4612
23144 66998
56981 66397
15321 63123
51569 70396
11271 68654
22971 52552
32796 54470
12463 17675
61564 63541
66974 67631
9782 12202
27725 67290
17801 60781
35235 39405
5984 61268
8637 25745
48667 54035
58536 65920
2916 38732
58511 66481
21900 73672
14333 15292
3818 52382
6339 7290
19809 50759
24628 53745
16989 72528
25934 72598
29593 55632
38093 43758
27023 42923
8560 56011
29524 42485
6504 43544
51496 53496
1350 6206
15308 37202
26977 44870
43637 60355
2774 43324
3692 8837
25208 60353
17606 34865
31621 53390
14938 30576
23104 41325
40158 71952
7063 47662
41179 60025
17055 27076
11267 31220
34795 41448
23984 43528
2472 48202
3684 22414
4703 64817
2409 54927
18915 58093
18634 47755
15526 28103
55354 57977
24019 43068
6886 14213
19542 47923
40659 63611
35485 38968
28792 35074
24590 29164
6931 7006
19828 71657
37661 52429
27595 72581
62417 65709
33074 69776
19425 29994
14668 29098
2278 50817
11462 19638
11510 28615
8193 69422
5877 26882
54519 55189
38211 72456
65578 68793
33289 68447
23544 28121
32082 37241
7275 21961
959 44752
37095 57083
38260 61395
27204 65343
30648 34351
37426 66274
24828 51740
11397 50678
20106 21317
7787 71569
6864 22505
65251 69933
31072 46689
4244 59064
48881 51310
5421 73620
37418 52861
46473 58095
21007 58233
8700 17716
14277 43254
17847 28562
4062 9999
15400 39031
35478 42028
29236 73636
35037 53157
42306 42825
6316 32192
8059 8785
22551 31289
9055 28322
16738 24476
11795 72427
13052 61195
40143 52622
51463 59123
39804 56613
26257 44442
4417 26658
8032 20191
25443 39166
43401 57384
41714 70545
10415 55655
8179 59940
16876 67247
17802 43919
1904 63533
369 40970
34135 64886
24336 53819
2006 70998
30593 32154
51169 62672
17931 23483
15035 50392
1735 3101
32617 48481
29699 32671
11753 68618
29580 72011
15350 46979
5918 73513
36755 43278
4799 48745
1725 32445
30632 30984
576 74385
45180 72459
764 61648
27884 52015
29796 41391
17117 46204
24792 36833
7563 45447
58906 62872
6458 69917
43885 54049
59139 69132
67773 68453
4197 59207
40323 51270
13411 16782
12692 63755
5038 12634
40758 67246
6023 36833
52901 62451
4073 53101
8007 27739
24256 47551
27197 59215
20424 45373
66417 72971
1250 56341
33371 58889
10803 72687
6167 35121
23957 36222
51933 60059
2543 10941
7125 50612
2100 4188
48980 55638
18538 29420
7284 14606
47596 72731
34984 37227
1904 9292
11853 36731
25139 54299
41944 74083
22087 40558
7446 7721
47163 57550
16300 43285
26857 29411
53740 62718
1234 5423
14328 30230
2507 48242
31624 70185
8163 20958
16135 68641
45163 48734
45795 51579
35209 72556
6851 67424
38400 42492
17318 68030
38830 71344
24969 54662
10794 65564
14041 16365
44819 45349
19582 46165
40935 64091
28553 64464
24690 51264
8219 60740
25986 59084
21519 71062
39175 51671
33321 69322
20637 70110
6517 74088
12146 40062
36062 37962
6146 69796
15390 42083
10279 28085
39902 56966
44359 48831
16000 45100
6659 52286
3754 62938
8571 26339
50903 70430
7447 10966
50971 61874
709 53804
42457 46527
20269 32087
20078 58504
42214 45612
50820 58816
30888 35976
33681 41671
18716 68241
6736 53811
60899 62934
40339 54642
6365 10581
2685 69037
23564 50234
15966 48342
2106 20040
47493 60721
30814 64229
7752 74412
31898 64421
17340 27608
41788 43670
59174 68870
8959 71459
42256 53324
21333 57447
11299 58933
29495 60121
12798 71883
3074 22945
8147 28005
3795 44289
5375 23260
3760 16406
8314 19201
46195 62526
5002 61768
13093 32272
15599 17079
16444 74760
12480 37195
29635 45200
21048 68370
15866 17585
1159 18700
23914 33768
67372 71878
51833 73871
25197 55052
4178 7776
34846 73037
42897 71844
24471 32399
37570 46735
42741 65648
1436 37454
31193 48895
46210 69984
18086 73797
2900 14209
30032 53095
19679 25856
29068 38371
2646 38021
2144 61594
31851 57725
13402 71612
8531 24026
62430 69106
37135 73042
22168 49832
4597 25625
25350 46774
68151 69431
20066 52613
16434 58123
22 54439
39949 43674
47321 66959
39901 56706
1110 62615
61181 65053
17724 49707
6933 43096
29051 62878
30990 66479
27862 34866
21166 22420
21136 25568
17593 64946
11656 68131
17652 34588
59206 74723
32880 74310
3182 10720
39618 50451
49670 71601
45683 54931
10025 38217
35926 54799
8625 51889
29106 66922
29946 32408
1200 58410
35875 71305
10959 49600
21053 74072
20407 53319
49087 70827
8127 10149
25822 66527
1163 14622
49359 73488
65424 73505
17236 71241
51876 62331
52925 73549
30244 43543
28288 69378
1668 55026
23457 51067
9797 41923
11331 17082
50088 74567
21567 24086
17439 34201
3478 28898
16431 22850
22709 40666
42170 59403
4618 12677
18168 65568
51829 57148
23489 39311
57639 61003
53859 63450
9808 23643
19214 40063
2048 74463
23240 35047
27582 54293
48086 58967
14567 47852
22367 36419
8492 40386
60667 71267
42446 59115
22843 26522
49558 51669
29600 38436
7076 12592
6692 51873
36893 73255
2476 70060
32639 56263
19587 32697
51712 66933
43723 51274
17616 22792
19597 53375
50331 69803
12800 25142
31649 42918
21640 24284
52772 74550
5551 43920
46076 66978
13299 22103
4537 34512
1193 19713
12516 42412
25147 40560
57974 64898
39807 57333
54168 74354
7012 25765
71957 73890
9147 29448
23029 58087
16871 67346
72134 73366
39865 61789
32111 42772
63980 64094
31602 57626
2302 58155
5055 72407
18429 44702
29692 46705
14911 35108
6808 63746
9424 59936
3186 7255
27004 50972
60804 61137
48123 71481
1502 25652
22880 69345
16246 28397
14713 18322
37251 60494
35378 64613
7206 13202
8667 72095
17026 47798
9094 36839
7511 63441
8085 43806
15386 71292
47372 47734
14765 38906
34064 44219
10247 20599
44916 65149
5248 6509
31527 57117
39178 47294
6516 64052
9587 62541
29306 43922
21377 36188
47075 49481
25054 56363
43635 58170
17714 59639
15488 72533
17818 53683
41080 72071
8007 14793
18413 50774
302 18605
7782 53325
10460 71385
21637 33633
45099 70053
10924 61971
35901 50149
15670 26204
58616 69495
2623 50165
6041 55732
18555 64470
35385 71035
55763 63478
4342 24410
24996 47726
11021 36728
9699 67658
17679 43362
34666 62449
20697 53758
8504 52597
79 13790
1105 7919
44667 60425
20359 56306
25716 62172
34049 55739
14164 67248
12745 54146
1182 11059
16270 61833
43220 52921
14817 28808
32540 69790
18218 68330
56516 59983
9525 49303
46161 52640
43224 54155
17709 22465
48924 49173
3174 18094
41585 63365
23938 33590
26340 45228
19231 38287
22718 72718
8329 43575
34428 46595
3105 72193
10821 52086
23194 47006
15682 30195
33779 65342
4496 18182
9735 13442
2023 21294
9589 37069
58357 71241
16982 66860
53317 55709
63266 69593
55543 66336
12393 73230
45694 71623
64690 71420
1116 35188
45144 64831
12770 12950
26463 56971
33666 70789
37911 47412
7661 48506
19643 21777
12457 27626
4872 63951
30086 73910
5948 42963
70862 74210
54149 65820
31147 54664
38183 60811
15471 42769
57184 71812
65099 66318
2481 23730
790 46913
71407 72884
21919 57512
26759 39275
21299 35893
11482 65696
48092 50251
13365 54496
28084 37891
31633 52405
15286 48972
14172 15047
24238 61060
57190 62226
5114 49734
59058 72411
19847 22184
31847 44709
23594 46377
34014 69901
291 52645
20526 71277
35696 51956
1279 16976
18959 67012
13204 37377
21528 64982
52083 66892
43215 66692
38360 51996
64917 71627
45609 58697
56564 68564
12271 72778
35131 73485
35255 45555
19269 68568
39781 44932
12654 30961
23808 62054
24952 46143
20004 66233
26363 60798
23231 60916
38267 51212
29613 60314
23191 34346
15018 73794
11889 20408
25876 63454
21143 27301
32803 36484
23187 53801
24749 32228
4652 17042
33354 61291
13983 61457
6409 45483
3345 64806
20581 52218
32691 58320
20061 42349
55705 57551
6700 26600
36323 43780
20993 28670
18761 72652
2173 68330
44941 54515
14614 38634
33237 57509
7634 67296
26860 49840
59404 61653
32386 50287
16109 51377
18499 49004
34267 51564
16912 42246
23108 43268
3116 73838
892 15163
38945 56762
28614 55810
7077 14424
6498 13361
63209 65876
10820 39155
1296 56328
60748 66082
36771 58260
37384 37854
20340 26975
40030 48744
67036 68744
54215 70096
49760 53961
12144 30066
40013 57159
13891 18434
7592 30946
3320 55471
41451 57429
18999 55113
8703 30198
58192 60012
8969 24721
1914 19175
4383 24827
48324 71909
74132 74211
41834 51938
62564 69125
60400 67551
45947 52742
35436 38291
32890 33953
17164 24655
16780 20911
13986 26186
10706 52990
22468 37041
50361 63681
35981 62407
1694 29703
8125 70102
30413 60110
11082 54474
59726 71422
29378 37939
19254 57574
27452 68082
38104 42837
33109 61240
33392 62049
6398 16652
15046 23092
36554 42885
27525 68320
34051 60034
15567 60155
22462 46513
5026 73827
65141 65288
67753 69288
6606 15497
2952 56670
28002 47003
37930 68053
5760 70380
49979 65595
35443 41713
46175 74780
47846 55663
24619 63742
61447 64735
387 45555
49124 56821
3188 34784
62454 64938
27326 57355
26851 74431
697 39876
32716 35785
52818 61043
23805 56969
27817 68546
22904 26725
27724 69115
25203 40684
27823 45026
36662 67112
8205 60052
63740 70287
16619 22589
43063 53278
24948 64023
6830 10412
66263 66999
8437 56569
44034 56787
32929 74193
2752 12635
12850 31443
40937 44763
30990 53643
8094 50706
11113 56082
7003 68744
10661 65880
43701 61322
12249 36519
50804 71048
3843 69749
11458 27915
53413 71062
63475 72808
38047 74716
29714 70653
18782 51946
11211 38717
8872 13145
2026 57018
37163 69595
44823 71895
9705 21910
2055 34175
2513 41677
8126 59935
1750 9759
8099 48253
13233 21757
33455 37000
39633 60336
36803 64936
42851 45917
12787 45197
53194 66272
6100 19920
4807 25090
48706 55147
41090 50122
40766 43465
8230 71738
13074 67561
10331 62595
16907 18860
9544 23105
46447 53309
55874 57102
11490 62068
9657 43397
21093 24794
10928 70870
68183 69468
17615 71623
31934 33586
9170 20641
17672 59778
72512 74751
51643 59400
2613 11557
17419 19509
14753 35196
3712 54809
27752 60409
50474 59968
11150 21026
8350 13502
10574 65643
14275 27586
16975 34748
17099 47977
52180 61615
20480 60146
46878 48102
52193 63613
2810 15477
23985 62297
30561 62621
5568 71190
16972 22594
30807 71242
4261 8839
20545 22450
32951 55000
29574 41243
41598 62397
5939 65974
26270 50188
8103 55949
7534 65576
10914 37861
28795 52032
17835 30334
2802 46387
2905 70185
1358 18131
50048 68394
22080 37177
7371 56895
9086 13707
64462 67837
19042 33580
19229 71804
14118 21538
30283 47034
33982 65772
27809 67459
29619 50932
29842 50889
22351 36467
4093 27770
27724 53673
5305 18219
49459 63043
6370 62561
12618 49747
40914 49037
11805 31931
21628 25603
38777 73750
10793 43679
2047 60529
25108 61287
33593 45369
18894 45208
7396 10061
36605 65033
13729 53708
41534 68158
6898 8656
28075 29631
25950 43328
38045 51372
967 45072
12490 54366
43483 60912
7802 61538
14539 69189
5436 11380
37939 44452
48038 49357
12602 69523
26954 33106
8101 42821
7707 52576
45644 73794
36199 41416
38939 50024
51593 64873
30941 68619
25631 59914
33603 36962
11574 17083
5650 44311
6050 8510
18671 29862
5309 55176
33332 63858
5580 26492
17360 34896
56664 67040
27039 71542
6052 47069
7427 13314
7514 32525
68614 72310
13323 55375
16735 18052
39387 40573
14573 62527
57720 63343
39007 66614
28534 34737
52294 67119
5815 49539
20691 31322
3103 40471
6429 55951
26948 44835
68942 69252
614 6350
7007 74596
25312 70863
6741 34632
25337 73954
67723 69769
40046 73991
72565 73022
211 19715
54738 57064
22517 23675
32857 60758
45427 50618
28343 63235
4982 34068
33821 63077
588 57421
21922 25377
13319 60611
61080 73389
17363 54324
64980 74114
49732 62816
37835 64469
14477 38112
24340 38717
17145 67886
62845 68711
10631 20725
22305 68692
18067 50578
13378 72112
44838 69056
41806 44866
12971 30869
18694 60302
67606 74122
57518 70037
26198 37908
44254 64791
53129 57812
65256 68991
18945 34859
20267 43571
22133 48587
39151 46898
873 5044
9905 56079
43594 44438
39371 54033
70740 72091
5506 18131
37241 46689
2529 9098
63168 69794
59493 71555
7143 21107
26494 62072
14126 15680
11950 22358
38858 52697
45860 51134
25806 51112
20571 40312
62812 65399
31449 56229
396 59465
36340 49828
61734 74460
2349 52366
32156 57737
32242 51550
5791 30132
4708 71565
3496 46880
50902 52897
28991 47877
30025 65538
29622 32889
5642 51491
2609 72911
14879 69421
1510 15218
11022 22079
27293 71454
17603 40059
50897 54874
506 7101
28007 50867
48358 72269
16031 60619
50300 62241
18425 22385
21626 73544
10677 52000
29321 32574
45717 72290
47012 53145
4709 9968
8771 66773
25231 49181
18838 40967
20093 22308
27565 47966
22526 69297
246 64987
36034 68575
16370 56051
11538 44723
12247 55885
64848 69606
23583 31967
13086 27000
51854 55667
28708 69809
37359 71955
37174 40019
480 44021
44913 62359
26149 46443
8605 61396
12847 59131
46750 73763
61101 67993
17884 46548
10287 35251
10721 29062
4175 33229
3337 45536
43837 45731
24040 66602
8628 9825
32064 55263
11827 21081
463 26559
13123 35893
22635 48639
16548 18391
53118 71402
11603 13203
6057 27533
8286 46184
17097 29839
55407 67282
21915 32777
38285 43999
14047 56989
27228 73124
37882 47934
26706 67262
42299 71433
26910 72154
9054 14954
16783 26121
24040 29661
57258 66370
13827 58934
48400 63349
49739 57369
40717 41351
17556 18641
8833 17952
17338 70672
39719 56093
38702 55366
57630 71128
45379 72127
28650 68769
16564 38580
32097 65143
9240 34568
8339 43792
57156 58630
21476 57108
9989 36632
9225 40472
3402 12998
15412 34234
9770 66533
68382 68703
50319 64644
25524 59208
42222 68727
68379 74821
33415 56632
39418 72969
62901 65917
46348 58348
19868 24015
7654 25012
70 14483
10996 68849
29139 54546
6967 33862
15332 29857
47099 60955
70634 74112
863 70307
60588 72847
33426 48706
4129 33308
43852 49423
43003 48782
51361 53434
17555 35092
13614 67647
24461 27392
28248 74720
58882 68922
32022 63722
40799 69844
464 25844
36914 45324
48879 74292
55982 60431
23154 50170
42853 50212
55932 62725
57752 64175
1208 68736
16999 27110
20003 53700
5460 32368
21760 50558
14190 39300
29217 73079
11671 59157
35355 67028
46972 72161
6017 65379
38115 70841
14746 34676
54950 58252
12465 49039
21261 23160
16800 43233
39066 48209
39431 46459
3223 5568
32466 50449
47862 58182
23662 43728
46315 64792
39993 51104
31426 41239
54634 56282
5099 46201
4384 46204
15646 23273
33597 70011
4326 48942
4211 25954
31682 39250
33819 34065
21804 62803
30237 32553
42849 63244
33862 68266
3716 69201
37739 48597
59690 60704
66307 74065
33010 70689
46847 67553
50952 70083
19502 50844
37819 71129
13879 61931
29073 64963
3706 49661
35136 71662
5107 50714
69746 72347
14349 70731
495 53410
4197 30830
13223 42746
44603 67585
13892 26059
43872 61911
56736 67108
13345 51622
41849 53632
16728 72517
4440 45467
882 18890
42138 44388
24026 43444
3613 18899
15025 57118
16032 66235
15793 56663
11025 38433
34469 47287
16330 17113
55494 72935
10979 16094
1827 70362
32261 72178
1928 29418
13287 25133
7925 30528
44465 63348
21602 37760
22572 46885
20445 60597
60450 71607
4924 49554
400 59499
14949 67963
15754 62140
16052 60910
11849 14307
70099 73940
2816 8628
16027 21647
19445 72139
5043 21783
4193 11273
38424 39053
12043 73229
25396 70745
579 34025
13919 58554
27347 46651
21480 23625
13727 72104
9084 35119
1252 70025
1168 52536
34221 62135
47507 56141
27114 48298
24752 28266
65354 65799
11145 72516
16165 40174
9281 18484
29421 52449
23492 69798
25456 27932
10192 58609
62799 71790
49960 63597
17590 62806
66749 71746
18591 24658
58 54404
27598 69469
36774 63704
23557 44837
638 37183
4138 63461
59933 62519
4185 71257
6688 22273
9313 74327
56655 70919
62982 67446
46687 53077
3367 42204
46334 73603
53479 71505
33926 66346
36539 65999
6248 45492
2124 68544
7776 73044
51551 55579
26849 48746
26757 58950
32792 47809
458 18696
28505 57282
7943 65801
43097 74246
25711 72083
1813 11659
24866 70889
5226 36490
20963 68995
25341 68739
5157 73119
16389 23738
7690 9760
14515 70744
6288 23288
37744 52693
41579 50880
33355 52123
18916 43995
40669 46556
8835 48825
11365 60935
27444 37707
8369 12039
58057 61330
36908 64724
29426 48987
62319 74436
47879 59280
5395 14519
19365 64561
17202 20146
24400 47703
26633 39088
3545 45803
5891 35449
45991 50917
42376 50894
37504 42424
7695 28697
53669 55135
26044 33165
62260 65076
6031 66140
13773 49201
53720 61515
28697 50106
10551 59904
43137 53203
16708 56147
21898 27484
25058 60339
29365 37026
58099 66264
17927 57107
17444 25874
40993 67596
37624 51155
48728 53429
46668 55995
7563 41238
13761 41484
17849 42589
41472 56131
6639 44149
7281 62448
29229 53349
22095 39995
40868 44429
33176 74827
46335 55731
31099 55680
27970 52765
25048 66270
18608 24839
11594 38781
30707 49892
23642 47048
22434 39361
58742 64142
32283 53542
26341 58184
7388 67367
32771 60169
39880 44329
1963 74208
5988 23718
5418 32026
26099 29232
39513 65889
15415 53651
9548 54380
34573 46832
1076 24874
51531 61139
4347 6164
5590 57123
36629 54201
26745 35788
22838 31489
49 65864
21068 28127
1649 10587
16400 37223
13771 59122
6786 18938
14154 72344
41890 50764
17641 47817
62141 71488
41722 55183
9881 32080
42653 57505
3509 68867
38462 46683
48875 71286
14211 66955
24212 63250
21399 42073
34477 47331
38714 43351
69965 71332
26425 72524
51195 73865
6903 46864
20281 66851
343 73258
27135 54285
6450 64271
28548 48372
46827 68503
37708 49924
22861 28865
3524 23608
32431 73802
7598 59269
4306 58153
46893 60559
49397 73727
3283 40475
53188 57471
29933 48219
31137 31485
24584 71179
25838 33408
37905 44506
37534 63344
44959 62016
13162 24761
51390 56553
34357 62101
6893 24847
7488 49260
20284 46704
27930 65240
3 28940
35 32823
5026 65711
58414 61696
53293 61128
6408 9146
52989 62894
22330 57072
11549 28355
47483 66650
39110 56179
19730 24733
10189 70828
2491 56844
2789 29424
55273 67450
10696 71523
29711 40172
2877 73706
38118 67276
26894 74306
3215 9485
39589 65452
10474 17308
19630 64216
6682 47357
55571 61639
35503 71594
11485 17811
47403 54290
234 40326
34770 61704
68300 74230
5265 42949
3882 22484
53877 68254
13072 50509
12380 68142
31028 70652
19982 61374
46413 50057
61126 71797
41377 50710
39300 66598
22044 66738
36536 62652
60272 68306
4094 25936
5345 43614
49648 59194
3318 24661
13783 54573
40056 41878
52741 68369
7948 66680
25006 27491
38730 44524
38564 62671
47877 72030
12262 14739
16439 16960
5093 33581
35680 60192
20370 32146
9929 33588
1252 24762
63575 65503
10408 36834
16210 69839
22345 56915
52650 69316
9262 27136
28074 64025
42447 68074
14275 58524
47106 71491
1862 23518
31961 55164
6749 57913
21413 72395
40004 50132
68402 68833
21805 22649
40992 54831
12920 74633
25378 27671
21532 40009
9774 16738
12843 68075
34812 37018
31246 40409
1233 14348
13417 24636
41817 54468
10758 28715
23367 30266
8708 71100
53191 66901
969 3399
43651 61064
17243 39602
5533 15008
48024 59130
4227 28439
55343 60875
2878 13346
1461 2409
5969 53818
5222 10664
6077 51070
11599 25746
14819 23009
18930 20756
30709 57728
44753 64241
47557 51086
5171 52825
36592 40026
51367 65090
8332 59855
14678 34239
11270 59990
6159 41399
65438 70552
36765 55346
1750 73199
23377 26872
27305 46838
21776 36990
21739 54560
40513 54876
21836 37127
3900 23581
15695 43854
18092 62922
746 57901
59534 66368
2339 3777
8515 46533
11564 31045
7914 21597
2622 20116
1872 21503
49989 58660
2229 28018
33451 68376
39171 51975
10296 54751
23183 54591
17645 73292
72023 72609
7954 50454
19535 34667
8343 71027
39605 63671
19279 56674
19239 32669
3240 74202
2732 74377
440 73644
24950 29233
19961 54688
43570 62080
32992 61738
40262 60981
29384 72955
12723 13736
1977 63203
2651 21345
20606 26116
55805 73077
25586 32106
19031 73390
40477 64000
19207 71502
17300 37562
6390 39389
36167 39325
5211 12943
44663 65146
31287 64882
41765 44693
1025 47478
20072 34417
20807 23982
22475 52247
6945 61991
19422 23366
23005 69193
1314 65937
15312 19575
16809 21050
48009 65606
23978 24166
16873 20898
53597 64639
46780 53598
7762 42489
37759 44042
17072 67618
3003 57567
32269 57785
11733 43505
39294 73354
25894 48154
11551 74802
19600 38788
34527 34765
43725 59738
2295 54381
20870 35216
2950 6520
39893 59312
18299 25398
26779 57198
6256 50216
4662 49955
19176 26327
13571 59882
10815 46544
15994 28309
3437 4521
25129 67194
6686 60846
20844 52085
4522 70593
29417 74377
16373 32381
22398 61045
12685 34352
4654 11514
8364 45051
59951 60497
5668 14531
5420 10384
13714 43305
1031 36118
48872 68099
10465 32973
19768 57112
12521 62557
69177 73622
43537 54303
48800 49387
869 64344
32800 55644
9288 73068
53206 63338
6596 73593
12652 22518
14142 28875
41380 59458
35161 45361
8848 66972
22246 73475
20965 57515
19652 24955
5772 30231
62023 69711
4433 24916
17437 28662
49046 67291
13454 51217
975 58063
19488 63090
40372 53290
15818 73906
39164 68559
45855 71458
426 42696
31000 74113
4211 5806
5937 64921
5198 64914
1543 38479
28270 53014
36276 36805
10588 42565
35976 64958
69558 70734
44268 46911
45381 48087
47306 57819
31598 44160
17983 47433
45947 59337
17306 72084
30099 49190
49115 72547
31398 53400
1648 60813
25757 34420
15605 33282
55904 56178
2362 24790
6752 20753
1871 71182
37745 55264
22181 39931
24367 32330
8290 16853
48967 59317
5343 61959
50142 55719
200 36080
48489 63762
25943 54730
47692 56326
58815 64899
17933 30526
23156 30162
40302 43860
16655 39129
24520 38727
833 16635
9593 34544
19373 20085
27186 35412
6513 68740
22061 35638
472 55890
14406 44420
511 22845
30036 39471
18954 40893
11072 32812
1186 14909
31413 62077
36725 53022
40992 44327
6890 11798
48557 55629
22527 63232
30256 44499
4275 28044
14439 43648
8732 52779
4386 59704
36145 38740
12225 40236
64742 74236
10522 49193
12155 24263
17336 74157
63861 68290
46056 69541
41583 49847
7669 19146
7316 56802
21188 28741
551 58650
33437 37027
23893 47520
12775 66141
24563 60341
37687 58275
7310 66118
3381 60325
20152 24871
25283 37043
24419 49901
34122 63582
26723 70592
63473 73533
13986 37020
49874 66800
15384 22216
15901 66669
15927 45391
30243 48419
2565 42248
23541 36637
24676 61193
22471 72442
22805 36165
37808 60016
4670 63210
7956 70655
15888 37453
26616 40943
8899 56338
35076 61498
60461 64254
40193 61824
39895 58683
8580 54267
30634 63883
11043 38241
20569 38731
133 72369
31164 32368
25922 74324
60679 70049
43129 62045
48600 55849
18237 39459
28175 64582
40807 74544
3377 41936
40217 41926
49967 68139
20607 48773
43587 52659
27424 33196
45328 67254
27556 50883
63997 66007
16384 40899
38310 50084
44659 63191
4783 56224
25284 33099
3951 53670
19884 63467
9344 60713
8806 72113
22276 25320
59899 65093
43244 65750
47259 66612
14183 57761
26793 59378
21372 25887
22288 69853
9020 25491
39822 43938
59110 59415
44317 46378
443 61836
14891 36851
14961 63551
29663 44041
31662 64325
8454 52548
24397 45622
18653 29331
19139 47470
6999 13695
3503 43909
8783 71495
13776 20848
57892 67277
9750 40018
62764 69394
10554 12982
4312 10444
28543 62826
787 58729
4105 24963
4884 8822
42223 66646
8927 74837
18523 20996
32069 73602
18155 49607
36522 59199
27720 63458
22346 35658
31082 61159
7566 51949
24745 33143
8611 22041
4593 44924
4870 6291
12408 28905
11580 40592
54991 58012
49820 57309
31392 54457
40231 61115
53012 53774
35698 37704
33915 44888
29531 66176
18110 68196
14057 64468
23259 60079
2242 55265
30705 48914
22921 34703
9655 55424
23238 45426
18691 26055
45882 46020
58752 73133
36398 39320
21381 25112
27765 40578
61697 72160
23792 26091
6407 57338
11998 33019
29145 32083
57504 67808
15490 43855
38214 71702
2414 20945
67095 70177
19894 33756
72425 74428
12592 72199
29832 40253
17301 53007
18731 73893
43017 46906
388 49144
2791 62215
25014 48051
1543 71160
8190 33078
11326 71671
22963 57039
49385 49668
38479 61685
26050 41935
34676 45497
20073 42394
18300 20334
2316 73639
32423 42673
4558 72389
52539 64766
62120 66241
4539 52942
45964 72163
775 30504
7723 69832
1930 11251
32282 57187
27289 28463
7833 44095
59545 70045
39210 42760
11344 74695
63909 71718
7978 60120
2058 43001
32061 47654
11469 64258
49560 51353
20831 43103
8406 35929
12368 17049
4505 53085
32840 62585
13151 51641
19072 52234
5114 37267
8005 33467
12174 29751
57052 67518
10104 62966
36565 67511
4154 36237
2547 23583
8940 21697
12252 70316
21740 70105
44116 49591
39121 49519
10811 64129
27269 37770
10819 57217
6751 71859
31858 36570
9649 36132
50098 67162
7004 14023
52493 56534
21401 68214
19272 29423
5773 69605
54468 63550
30981 38459
43554 47502
47846 49422
39542 53366
4022 58138
17748 28043
64617 72254
15433 33912
15538 39549
48603 51407
38918 52153
58463 67945
36019 53266
36666 42021
30055 55203
35203 45998
52329 59770
7840 43282
21313 52911
36668 46783
2207 56901
26033 35639
18616 23576
3448 50554
12820 55696
9148 55122
51562 53680
31787 70801
13136 67964
11903 13583
5079 10124
18836 68092
25681 65840
1361 19741
23064 42460
37043 58867
125 49239
706 21412
48551 53906
20974 31215
35372 36082
6402 20462
6877 62160
13153 24069
29265 61087
11383 36551
1691 27402
51122 69178
49567 73164
24373 36818
38649 45458
34702 35662
9740 62484
48963 54866
7876 63699
12768 35935
25100 26800
3961 4494
1192 32780
10448 71975
28246 32687
23066 68197
35882 41265
44925 70416
48997 71302
44614 53188
7676 36057
16389 59518
45279 71930
60106 74276
56085 63665
42348 43614
16729 55166
44961 68860
7822 34179
30060 42725
30105 55975
45875 73081
24274 51365
95 42149
53380 58173
13483 38637
4460 72378
31991 66336
61743 68492
42430 54071
13313 50313
22196 43732
15107 25813
267 44390
6431 11307
25397 52753
3853 42919
25962 43504
15767 57424
20483 25578
43057 57727
30321 46477
6195 23176
22896 43595
36412 67468
39904 44120
6728 16406
11044 56384
11375 40353
49238 72238
26537 37897
4863 30841
39964 42834
68750 72212
8661 45238
19563 52252
15084 63628
26193 70597
24217 38562
31204 39314
62623 71700
46064 46359
19401 61852
28855 54830
6004 59289
23844 74587
14923 17390
32982 49722
41899 71116
54970 58670
15356 26863
32032 69509
25758 49614
46345 60894
12512 29075
10763 27320
26661 65116
4746 41041
36793 58934
21199 49210
13373 15598
4856 42910
67489 71149
6634 18022
7630 17106
11884 25752
59389 70378
45919 49044
66935 69094
8426 72917
59470 67599
17299 53459
1254 61564
57748 60152
34924 62822
10018 31605
24038 60293
3507 63541
55544 58840
15770 63280
47406 58302
32068 71340
43424 58530
55921 69255
7672 44211
2702 28724
33325 36364
37673 62831
29781 38249
49997 51678
20345 39454
27177 40708
55443 58489
35785 69936
63958 67447
36721 59721
22851 23016
15662 39889
5485 18078
8920 73658
9274 53446
14847 59835
36795 68949
43407 59191
11382 58404
30484 33955
26870 52207
58078 69741
37629 53448
3517 69512
25560 30598
70384 71238
18659 57797
13189 27605
8025 28277
21106 41364
50656 56894
59201 71522
29892 54400
33927 33931
913 44870
60424 69144
14458 66568
4608 47973
23494 24121
50651 67061
46270 51087
24558 37976
2449 46642
51049 73938
22551 73223
13807 23452
29910 60419
58239 63353
82 16887
7616 20749
31990 45217
29438 74365
15525 21098
31383 46797
9123 44945
11065 23660
46886 47980
4310 61570
20157 69485
5242 62558
34 24574
1022 23641
11340 45252
17631 66956
42597 54909
11116 49533
18926 70709
13565 47068
34947 38055
7365 15221
12173 50471
58631 68642
24441 28063
7152 27999
68231 74860
43566 62863
29571 32957
16383 60005
2848 42234
27403 35403
18516 60580
49154 73531
20180 27866
70715 73772
8038 20089
14869 56537
40155 51034
6977 30706
46682 48333
56062 56416
670 3880
66934 72284
9835 73557
41745 50688
25817 54606
2127 71431
14816 52583
26241 45377
10746 33982
51681 68403
54681 61924
47700 58533
1942 3764
30854 42482
17216 68135
19407 30513
17677 34387
29192 69412
58787 73432
7750 57157
19813 60620
11408 29099
28307 43945
21329 26069
17479 60621
18394 41146
47533 54109
22736 50869
2688 40124
775 6747
20903 28517
36132 44194
49808 60040
3455 33475
6608 32477
57912 67776
30822 60708
161 41829
39935 64433
38021 63451
23462 60651
856 58420
27310 50995
57298 73190
59271 62687
29043 72348
53041 72354
2603 5997
16092 20498
35442 38877
17784 65934
17078 39335
12522 37716
2323 23817
2208 23932
22868 59818
53529 60637
27958 51785
2939 67609
7357 63357
37079 56026
52019 65785
17727 44981
41033 67785
41064 53465
2834 59049
937 62525
2483 33284
21452 73444
18702 38189
34276 52055
800 46720
54228 58662
5107 20829
12876 20832
39943 41412
6391 65826
41666 52610
6402 70660
11551 64387
5066 25870
42029 60523
8106 56565
33611 34131
1478 49438
7579 53800
18144 44494
701 70016
47828 69952
23481 24174
46458 72350
8254 46526
27495 58587
55124 64902
15316 35944
71612 72885
38528 72225
22643 47513
41520 42039
30829 32923
12565 59152
4666 29707
13143 39098
7127 20676
7041 48239
15268 43369
17180 66253
27318 61490
17776 30541
26876 71417
18541 59832
24809 55950
34541 68726
37846 68413
8789 63082
14803 56025
6895 47052
2705 37110
55211 55985
15228 57935
27612 37262
43821 58419
11431 72032
248 42025
37427 44959
3663 32983
37640 56891
29565 58692
2478 44721
40448 45691
21454 70756
17739 64772
5207 32407
24658 34085
19900 72954
30341 71702
59345 66448
19490 20160
15381 56909
6775 70223
24769 25680
8258 25201
4569 74063
15527 16748
40682 50096
50323 55513
71464 72928
18084 71922
7828 16248
19874 36732
394 58607
462 55473
25062 47725
36699 67009
1891 42648
31660 72314
55307 64851
15831 73748
5019 15402
16964 61620
10151 69493
23459 64364
26664 28835
20766 47334
34068 37053
27054 43152
7846 56761
39328 50800
17637 22191
25813 47009
4467 48246
53250 73378
46937 65880
41676 66409
36995 55221
8874 50964
18221 57752
49762 53193
38378 50036
14774 54580
16507 20281
48306 54982
32246 53975
34227 64580
1024 40157
9432 16851
9190 59436
456 46536
28623 49037
14810 63932
44015 52005
24853 27397
16105 73929
64051 68841
46858 69442
9514 36201
5739 13272
58563 73597
4671 12577
6767 57471
11818 65478
58864 74312
25639 41693
12326 49605
47766 72585
12265 55390
25884 72543
6011 22036
10685 15467
6034 61851
46024 57594
44510 65645
29440 72155
31896 33995
8877 12173
24078 25270
13744 50541
31501 43626
31566 65042
52381 59629
9986 63688
57703 69243
7538 7570
12129 60592
1960 57794
19085 64170
17853 42569
19453 42559
4157 26656
1615 64090
8190 18060
3720 26800
44102 68531
4801 46900
62697 65411
34063 43676
4188 15655
15502 60056
1533 39579
47508 66088
28636 70798
43372 59671
48484 58035
13655 40043
38131 62511
39741 52732
31120 63239
31303 56790
37740 58297
38681 48461
57036 70256
37934 64977
156 55669
448 49919
39934 44413
31845 37690
39921 42062
2832 50124
22001 66673
43120 57276
55306 70258
7580 41909
36884 44633
51183 70219
10979 11784
12083 38898
2332 53818
4751 37125
51849 63624
36824 62654
43906 62682
23625 41809
8455 31325
43980 69662
32839 49048
30612 54916
12733 48965
21802 44713
63554 74778
12133 52776
44984 64557
6487 66313
21893 29220
11161 37458
14384 53121
47865 70688
11051 23490
43423 48595
42407 58863
15741 34434
201 66751
16590 67864
43595 53448
16603 43204
49301 61265
63634 68322
12385 12450
12632 19578
15282 16996
50249 72060
33555 37359
18515 57867
39742 62920
40272 54583
13125 22484
16981 19964
4251 45162
59669 67235
21822 62858
27801 50548
4685 65390
26968 73197
11258 25494
29804 33152
1390 34177
21044 23735
1209 63871
63137 65551
5920 28983
36691 41769
23147 62508
61714 64861
31377 34443
1605 3167
43022 53273
54912 62048
12997 30028
15142 24589
43865 73376
423 43428
39464 41489
3373 28894
31679 65082
47679 55613
6623 19372
56149 60571
28969 66514
9388 64964
1552 1682
42381 56939
21712 40335
30744 66842
19774 41426
53008 63575
51071 58262
33648 68592
25207 71851
38480 65878
52072 55760
38176 56124
2176 2812
19925 73111
46036 74054
25799 29397
203 44226
11134 43032
52775 68850
8962 14937
35376 68470
34087 45435
56543 68233
45711 49430
22015 67915
33494 71429
42937 67819
21717 33789
38024 41103
60661 60971
33396 58450
44573 63011
1650 70974
20978 27253
10456 18161
24920 40527
13664 61469
37269 73219
27487 38087
18567 57204
40299 63333
42517 72473
7815 23138
51157 63697
11253 51581
3441 22538
41510 53463
28431 37301
36182 38697
14479 53698
41874 57075
4215 41987
24778 63211
5391 14696
33911 41491
39965 72131
34659 72109
12140 23540
33089 64811
70976 74658
64170 73006
4844 63848
20422 40943
71147 72913
56527 67823
20845 53364
17163 25978
31092 49525
2532 39731
53026 58194
62632 74347
22359 34691
13918 65882
37938 74791
17701 66420
20395 74369
20411 63784
26964 41112
2608 65110
3679 11014
42827 59913
8675 30096
56073 71159
20041 64480
4098 19261
22895 60491
51798 52388
18906 30774
3774 15234
21161 55083
548 39506
54951 64883
1822 10975
20454 41070
26026 54777
51647 71508
40164 73752
33767 52615
14823 60753
45907 56335
6939 56301
8122 36316
45215 60731
62994 69981
1761 34342
47272 66730
23190 27820
41307 59108
44927 64706
42967 73704
6416 43552
23497 51059
51687 51904
46770 52668
3583 61164
60607 61999
52642 64036
58946 59978
4031 45784
11540 31088
10141 71713
20685 67155
16313 68346
20862 25535
20096 38755
23664 38726
38987 59079
2755 53106
29303 52248
27020 71607
29827 68016
20391 38431
35839 64936
10284 70052
26936 43023
8067 70051
14093 14833
8705 48979
40677 51741
16654 74026
10081 45934
65076 71989
14188 34424
6531 57214
19015 22537
16510 17862
12627 58744
47698 73029
9326 68794
48708 63507
43578 60414
26944 39341
13635 18243
13327 67047
6847 6863
18417 66968
5747 26379
11795 48428
61051 70590
21659 34048
41987 42090
33015 70985
16100 59668
32851 66014
22564 53457
28332 72199
24782 63532
29103 58183
52313 55246
745 22771
13072 29490
36294 58676
62663 70279
30141 52504
61006 73486
19351 36134
28450 31053
55878 64440
18280 38639
25000 62269
29852 42630
20828 51272
15159 53956
17879 34244
3521 12704
40305 64887
8092 69511
19892 25617
8685 60592
15559 68264
9005 63452
22992 37242
16886 56336
71575 74807
14686 40901
17364 40036
32327 34783
29973 37255
20323 27303
25211 61626
793 35906
14084 40577
19580 38315
36439 55024
16777 55136
28061 28235
27673 70082
22094 23297
21369 24565
15730 53775
4001 62915
19686 54197
29847 67301
28188 35022
33158 55448
44066 71643
9934 48491
33006 65069
8145 30767
11608 23049
49692 62381
48654 49949
19276 27507
41209 69016
56552 60033
49114 56250
13122 28846
64066 65135
26785 70922
36333 43562
33737 67904
13334 22142
51340 64301
33014 60874
40819 41547
8963 27628
24407 55042
43292 73306
50634 67093
37780 66414
45975 48293
18030 69597
3875 69476
50852 73858
64628 65394
13133 34658
23437 26704
25707 73847
33899 42041
11352 60959
6787 10765
16604 65985
30560 45010
5514 45927
54732 60065
45558 59402
61397 71921
10082 55869
14462 33077
28462 36166
23709 44419
55834 70510
4936 55863
63438 73696
26054 40815
1397 19436
6305 28465
17780 29203
11134 61744
8819 48611
16222 19768
49584 55237
7812 48769
59860 72936
42118 68662
21873 27234
13414 68689
28071 58662
8935 74477
24277 43148
33322 41405
60342 73987
50881 63983
14009 47912
51398 51572
9723 11241
24483 39091
389 50687
4183 4516
21888 65071
1622 43875
50953 56071
47456 51177
6825 30531
8159 49418
63300 63998
20179 31297
4648 53869
5343 26311
20497 26589
39417 68821
44146 50830
17548 20399
18619 72082
37337 54271
16394 44104
37706 46970
33876 35939
18869 68790
1916 41515
19278 56751
48902 61133
4551 29090
11252 35156
15456 62661
32012 72077
2330 31813
14844 32602
47051 55556
38691 69630
52607 62679
38828 62562
33938 58391
65939 72510
27548 30048
50582 56295
6548 69278
10707 11498
54513 57039
5548 21241
13018 22431
48985 68281
10114 40938
20569 48336
2790 59511
12503 35358
33573 66528
12842 25475
4307 68216
21191 67126
367 4162
41615 51529
29643 36769
23780 56602
28187 33489
23967 66862
30828 73109
22957 69240
17307 66478
9504 26203
17339 73998
72024 74320
22716 42341
5326 17773
38032 49703
38146 39552
33813 55587
39743 40449
7604 62041
7708 18684
29593 51541
26412 48427
44264 70261
11152 18667
11226 43508
6003 41902
218 2751
54817 66723
7904 70428
54138 61452
14326 15836
8653 47024
778 62092
48212 59979
23845 55940
5028 8215
32711 60201
36813 51591
18492 32393
9820 67654
37662 65625
54715 63686
49310 69021
22671 42450
38727 63837
11953 42387
5181 65021
10363 25339
38310 51247
26997 58226
44439 58497
10822 13627
15790 21928
6387 14436
67375 71583
20515 32326
54708 55311
15801 26053
26059 61818
9974 47663
37304 65677
15617 18307
9517 15972
62748 71547
50619 69247
2184 50123
11559 68897
15210 40070
37500 48521
43631 54778
16009 46139
23067 33962
33155 36975
17192 19020
4572 17293
40501 42448
2977 37356
42036 51726
2430 26721
39435 43248
9600 61605
2727 8392
14237 25285
32485 60365
14452 35328
59774 70279
11319 47726
65145 65361
2298 46661
45880 48912
63617 63631
23853 44310
44789 74686
54735 62177
42800 61666
12281 60772
10000 65123
37151 73724
7315 14706
17925 40027
63330 67654
40366 58432
58873 61289
51982 69988
66042 69494
13259 34298
19854 49637
50966 61546
7564 27600
114 22586
50041 64066
25037 54432
13680 40712
43683 54970
10902 29003
18384 44890
3427 51563
9243 64053
24768 38332
323 10106
14202 48284
21400 58533
41464 50214
44477 53480
48784 60486
20535 37304
50229 67114
31288 51779
4857 25862
15153 36314
3560 10150
23597 52162
713 50045
49813 62895
1723 18349
3493 60705
21233 59289
19368 49715
2455 34648
15789 30344
57193 63956
64085 67374
63578 72052
64894 66865
26919 35751
30002 67974
47764 62905
30200 68715
36747 41406
10762 73627
42827 52284
35493 62894
35256 40453
4083 35434
65139 74080
27002 47635
43816 50075
24364 27381
27711 48166
11918 28980
62254 65253
31760 33875
27266 61286
17773 50194
44354 51528
41148 54815
12755 20619
42061 43983
45123 54628
24816 24887
27528 66686
34828 53010
3432 8932
18320 27162
44443 55204
43721 50481
38929 50270
58115 73328
46146 63967
13600 45229
14796 16417
56390 70877
55537 71341
20665 58756
40055 66018
22143 67520
23504 70240
5787 25912
6212 73783
17854 41567
43145 72779
2042 61475
811 74199
52796 60698
69120 71057
47023 54561
72037 74884
8079 48281
9207 71965
5137 19180
29145 73335
2518 10657
21870 22121
48484 68884
2526 3246
19442 21642
28535 71513
44094 63647
16626 65791
16017 69673
58027 67354
45534 58055
29233 46890
57741 61725
40578 46289
28510 35090
18305 26805
46479 66620
37573 66060
22310 46399
1528 19312
19704 28637
12714 69986
5999 30633
41982 68801
13876 37088
47270 49352
3046 16256
19101 62348
62468 68073
40446 65973
1481 40795
12964 65479
23717 32773
37123 61087
21057 57682
15154 57134
12350 27498
25487 46457
31056 53359
46341 46636
5236 60255
11272 63306
19121 46275
66652 74017
22595 43196
5792 53536
24164 68675
60610 69902
3559 45985
19793 29835
52128 59165
73013 73099
54027 62259
27635 37270
23006 29698
30134 71967
62923 64851
36325 70153
11171 62057
12941 46522
6634 48328
5768 59361
22471 51897
43296 48426
10755 73525
24799 54582
44889 48675
5802 35287
14497 71630
32260 35655
45046 46167
36271 71977
43733 72031
19397 59521
14270 51894
24199 58552
12904 69785
43490 49219
32625 74260
51336 56839
21291 44001
29784 43646
36356 74621
5813 69858
32502 64412
11882 67740
35285 60801
19385 54486
53220 67686
34847 66071
54956 55554
15583 73412
46656 57106
30474 38066
11626 74846
3776 52133
3967 44901
13061 52074
43243 54894
9223 17368
32655 70972
23884 25859
55506 64075
35578 54999
15259 66861
39333 65284
31436 70468
54692 74332
20922 57031
9257 62692
2719 31615
3520 13382
10405 34882
30958 69536
14353 54218
209 66619
24736 58860
1073 44788
13871 53347
15545 53619
24902 65658
22680 71052
28078 55150
36986 52238
40868 54056
20989 21320
392 29494
19762 20928
40053 54223
20923 50489
16378 19789
63854 68287
16550 55627
12325 18226
10154 24989
1323 55941
35372 44096
31653 60568
45470 72142
58083 60343
3358 16610
12735 39720
28121 60604
20693 59581
14788 16877
36757 55521
27709 70433
18471 55200
29722 43703
19357 51428
50053 54241
50832 51485
33465 71750
61322 64286
5608 18521
51538 63214
39011 68380
6309 24202
677 43266
42534 72463
14178 27837
1396 32894
8235 21653
28729 68376
37858 71494
12864 22757
8148 72293
15046 73209
19789 31081
62292 64696
37714 40568
16479 64574
28019 34533
3468 16572
43340 45642
46094 65130
3280 29415
46821 59480
2354 53834
41736 72758
34562 67869
8888 24415
62251 63537
55589 62626
61764 73015
8985 27587
5631 8742
51132 56001
25554 34868
32380 57163
48844 58992
36805 64676
21498 67164
16090 41814
26549 45064
17942 45715
23263 29246
12641 47691
26269 57721
5618 23333
14972 66314
3585 32491
36544 41520
3741 50953
35655 52912
874 39527
10516 21686
17386 64107
16341 17607
22871 38045
28140 47784
18910 47386
476 59897
3636 33436
7851 24119
10606 51107
7558 13036
12127 60139
17307 35572
15416 17290
23742 42254
13091 59506
27988 49684
28299 69416
56938 60690
23990 68132
19339 52371
2354 27015
8078 43023
8871 25078
10459 16369
56379 61687
10236 58721
21701 31946
38084 73131
1271 57487
25424 63924
5001 20787
63104 67290
42606 62571
9498 29067
4514 6819
7488 15936
6180 63668
42006 54718
13964 29021
6883 28504
39309 57565
15866 60524
10646 16263
14587 19179
9591 32216
44585 50184
30568 31466
16609 30509
17810 65479
24566 34580
6184 32800
24919 65547
18771 44641
4908 11766
9499 10830
57844 68446
28211 59589
41129 65351
8153 48061
69118 72189
26782 60140
21556 70344
7091 10972
12624 14887
15524 63228
6354 38156
12539 39002
38859 47342
29649 38327
47947 68155
56148 56741
30354 70740
18637 22353
21720 63222
3005 9863
2545 43428
13262 62780
30013 39159
16066 41608
31450 65382
3209 33549
12107 14579
40006 52567
20513 53580
18547 57992
4918 34526
41540 50908
64981 66066
8726 65132
16149 37774
62410 74369
2160 41271
120 63435
21679 44682
9696 65766
47532 68294
54434 56115
2895 60950
63089 63850
47623 66324
10033 54176
46 3173
32702 52688
18198 38901
18892 73014
8306 73024
24183 27739
41692 67659
53125 71862
20404 39846
28752 49324
27185 48512
22295 55767
8508 74086
52667 54240
29333 73452
21463 38958
20285 49306
25951 39734
4877 19265
33421 65004
65841 68366
11442 32795
42495 48596
42256 56705
23212 42292
18864 49030
34810 57426
40706 47728
30436 61889
23041 25437
989 64671
46729 47775
24803 26292
11155 18480
29134 33035
6758 49951
44031 46245
16076 63527
29304 41897
34475 46317
2872 54354
7748 22236
48165 69230
12986 49663
13970 55245
973 26025
907 25360
26943 61768
55378 60706
20135 45018
10541 51489
43788 74061
32123 40732
7286 50807
2747 68941
3541 65476
4198 8402
2982 39962
34142 48841
36843 50721
14131 48507
28008 53951
38569 53097
31704 42670
3451 50565
45938 58804
5317 7176
38470 58853
67506 68554
862 34800
23198 53434
1544 71284
5430 27536
47940 54039
6706 14108
26309 55064
33244 66077
53221 64667
7373 70642
33650 65537
37709 72646
8975 72168
22042 25989
19086 58749
55881 65069
15931 30861
58295 58371
35633 66194
19039 44974
21444 65483
1933 8218
37445 50644
46849 55190
19058 70572
17823 33753
17884 58812
25597 37346
33780 38493
169 56003
28527 50076
37912 66073
30451 32178
56164 65387
6327 66929
17651 29568
72548 74581
6227 36156
17227 40169
6234 68498
37782 50766
34260 53982
16036 20919
21178 61708
16040 33331
48926 66164
28277 49583
35534 58432
8594 25381
8746 65549
11013 69754
43271 54633
60485 64549
42228 45405
5237 6900
11529 47328
27352 49328
23959 55565
5170 57800
8536 38687
3543 32355
3936 19890
36215 69073
35082 44305
31362 50444
57382 66400
65096 69621
32039 48285
41827 60350
20861 52835
36418 47226
15019 20546
28053 57249
6686 26407
16240 43590
14527 41319
13423 74538
10022 66913
22991 74865
3288 6812
36025 62609
38142 54803
35200 70679
26780 46822
3650 6542
39992 68545
28034 33687
20116 66363
67404 71848
34036 63903
14956 74016
28856 49120
16775 20629
30531 68118
3339 69795
36223 64299
33816 46437
14422 36934
31855 42631
32459 55104
3320 50191
2854 56007
57116 61303
17139 62422
47166 67275
63653 66076
34156 34753
11710 46028
33797 71144
8143 48420
15466 29225
8277 24085
4675 25934
51903 63867
31447 69514
40563 57209
62586 66251
3049 65924
19602 20867
33339 51224
4803 35460
21860 23850
10239 37011
15605 45073
52424 57049
13994 61287
70529 72958
17382 73266
3209 65067
52899 60345
54740 68825
28910 38343
15902 19485
34970 60121
28924 49234
1579 29813
59935 61691
16239 34876
5239 32332
42231 46099
40731 51774
12019 70580
24565 64290
13616 37799
8168 58370
28462 33615
5196 37816
10867 72255
3215 73217
23500 34428
23541 52523
5888 32059
36298 54787
59510 66223
10699 56676
10606 30348
490 26170
1873 34229
49497 67127
26501 69608
35860 61514
9603 16913
50798 71939
49139 73060
44507 53868
17074 57472
44914 56602
32986 48656
29087 42264
18820 29648
30991 63860
13805 66046
15448 36056
58921 65454
29323 35763
11713 36267
6663 9680
15577 47466
7975 43717
35999 40124
967 47665
20103 66314
11256 34418
3699 54299
39899 72462
55203 56981
10272 47957
36941 37232
17388 34994
9274 48095
19301 52999
20298 42356
2838 21597
11428 27448
29069 50661
29509 35419
33052 47902
43342 55091
467 53525
6694 68137
1426 71480
4503 69069
4394 26394
17252 31554
396 52488
2009 42326
238 61224
23039 73466
68892 72140
24828 35354
26408 33943
40034 46904
6254 49137
25096 27859
51817 52163
27286 51428
26208 72864
61845 72119
67940 68934
46355 54536
32086 44134
19169 23799
20406 24325
6511 44005
10888 31929
10505 43873
58748 68416
14665 44553
53690 55840
11685 24422
41328 61009
9902 71406
5183 54875
24892 56863
13300 24168
12627 64007
28827 67755
17808 22360
2235 42083
10689 43675
30713 36647
3370 67872
20048 71355
12266 31394
39036 42972
14990 65691
38735 59237
32052 62478
59288 70134
60677 67764
44717 45914
31751 63923
12236 49661
31307 42779
5527 9356
5533 5675
56812 66898
17697 39158
14981 58971
11984 51345
28297 57399
19875 40733
12868 16458
43169 57473
37902 52458
40650 42662
16623 22597
14838 45257
8609 39562
34097 51393
43762 55154
3756 4057
15274 70965
49653 59950
17066 60372
43552 47927
7248 70404
7913 22124
20097 35869
68502 74035
16601 71319
12007 16922
13432 37163
30619 50809
8841 14016
9567 36900
11982 60127
43827 62280
51915 65316
41930 57583
17799 26293
17067 60002
11275 41219
9029 43567
16700 27159
37841 53513
53958 59839
55535 69051
15476 27417
12829 26368
1651 63773
42454 72073
2546 62017
26266 27056
25866 50796
1011 59259
36583 48093
1411 60271
2317 7521
20908 35526
57403 60654
16301 30115
14397 20295
45724 67907
26292 54185
34662 42708
15291 30477
48627 52001
37935 46201
17111 27869
2656 4951
29272 46775
51893 64404
15266 33393
28770 46113
61200 74143
50448 74136
23786 68163
13524 32686
9529 55339
42773 66807
30762 48629
40835 71599
13214 49956
21399 39032
64130 65148
22068 61688
24018 50744
28373 56511
4789 24103
1535 69601
6914 12705
16653 69905
36521 50645
23696 42601
30707 72710
47704 49599
39476 39674
41040 47759
4125 55555
10246 10583
28196 72674
28878 72648
12192 38566
15420 74048
28391 45399
21458 43370
1086 46506
29667 33316
7660 36065
619 2798
18846 54135
37599 48943
28230 45297
14798 34451
16105 20808
4066 41162
23376 48128
38524 72318
35119 55220
25858 33444
4396 61676
8308 66221
20469 65214
8944 37177
6674 21143
25035 42160
1618 62377
35640 53645
24009 74764
44316 65183
51703 73146
13560 56919
1882 47323
62267 74196
31687 32437
18859 47918
28746 45441
47199 72534
21590 63046
2052 19297
18209 33394
39520 56675
8622 21060
37486 71007
32300 71230
23444 44481
14996 38495
15742 16560
72078 74519
11817 29014
35497 46480
23226 58088
36567 71486
69567 74094
32049 52618
29668 69012
48517 49136
12236 28898
44117 52337
17706 22260
5817 72799
49569 72059
6550 25769
34988 38987
66659 73443
7163 12652
927 55830
6812 24329
45681 66828
8670 45466
19287 66432
21296 29608
13196 46035
55192 65400
1573 46487
2394 9584
44136 73922
42044 59643
21677 36899
3465 32473
7753 60470
49868 68702
53984 65448
12062 25965
4948 16959
15204 39362
54358 66740
9816 28703
5814 43293
11055 69158
16598 64297
9833 42573
9559 62647
2698 55396
35349 39718
3845 23081
59010 59352
41245 56366
39875 57842
8813 45124
49958 65421
26879 55149
43715 47483
684 10048
5447 43725
1906 61133
5322 13897
3457 66541
14530 56760
20045 74713
18199 63275
39867 66402
9889 66520
48718 61131
25331 38004
5665 74531
45300 67964
62614 72038
12241 44288
2255 50742
24622 67716
6749 70023
38099 53512
31529 45952
17951 50928
28531 29603
43195 43405
46909 68140
29452 66178
47139 58361
19021 74101
14837 41859
37568 71059
68042 70854
27184 36607
26009 54175
22979 30746
35649 56826
17586 28252
18193 67589
7087 62876
12830 69068
25995 55049
43478 44468
46739 55840
22430 46870
27099 72227
13915 41549
16058 24161
17425 52404
36981 55274
26073 33376
29785 49380
25561 54722
41193 74327
15397 27198
42958 45554
52114 55633
6906 66052
28266 64775
15996 55784
18289 33902
29428 61901
49575 66984
19679 27304
5080 50412
18949 68034
4663 72800
33952 69042
10644 60597
33344 55832
64294 71798
42585 65770
32975 73067
47185 68345
23279 45974
31050 36279
27268 33673
31842 71313
47340 63097
26277 64336
24013 37735
57314 67646
15 832
11539 18440
28580 42794
63718 69598
48652 72000
40403 40994
32441 48806
69936 71897
382 44645
23456 34488
22533 23954
24936 37674
10697 41541
6232 29042
15862 63749
11536 45635
49883 49967
64950 67988
57444 63607
39961 60487
11860 20529
16313 27006
13370 27707
31017 67980
36472 61814
57316 69930
38195 67096
18818 19755
16426 51210
8323 67735
3436 17455
37430 47503
4203 30502
32750 58589
21587 57744
36038 56576
47247 73692
42995 57386
5230 74555
20725 38162
48632 51135
40844 61159
1850 21582
15518 74556
13770 53688
19903 53170
5041 67064
23079 51015
6423 50060
36827 73139
26750 65383
6132 27815
31721 44250
8927 31104
3940 60897
15990 38457
5980 9690
37827 41582
5912 7639
35710 74815
32426 70717
25454 43009
10417 47629
24357 55915
11792 31547
3824 38874
35 29253
32790 68979
46103 70951
6014 70063
4126 35163
7526 24875
23689 32122
65415 67426
25408 62728
42693 53677
20422 70673
54791 65104
57361 61812
30401 30945
2579 55733
64672 72087
43645 62190
53664 69188
23921 44033
37959 44917
36127 73154
27946 30092
25387 72309
31402 39780
2990 29916
53554 73156
29820 51091
15530 35927
15060 63744
2909 59929
23324 41084
29761 69324
11152 38849
69841 72285
35271 68986
14675 15581
16504 69832
34357 52892
48748 65441
57910 68388
10817 38204
51700 58124
2771 3438
53018 58079
5284 9879
67576 73352
25183 57445
25609 40405
49230 59557
14145 23020
58249 68464
17848 73110
14249 18583
43275 47076
28732 39004
33971 46041
54587 55327
24624 40242
52583 60242
28942 54585
4669 48941
48881 51690
26694 71196
27232 63128
55327 58755
16962 43866
8892 55509
33842 72248
9325 63419
40479 57852
5671 40915
5128 36167
32097 38000
5499 59162
15876 36298
22443 62865
196 44920
16946 32544
13297 46093
7045 8023
44386 68953
41950 67239
12030 33234
29211 61575
4220 35738
23200 36752
10379 64321
504 60522
34165 60396
41541 62560
29759 68550
38625 50275
30977 35668
38441 71900
26722 66482
4552 48340
19092 33134
10312 64252
40623 64629
39006 72919
9026 60128
6345 8371
40479 65123
2907 40694
25655 64593
45312 63280
33405 52078
807 31456
25279 28242
3483 64193
37583 64645
38096 52635
33734 59477
20325 48019
48070 70400
19406 55529
22739 66724
18121 26539
4168 7047
5462 41074
12469 55779
15958 67068
42797 71644
4413 25095
19253 21853
32497 60755
34266 43157
33995 43505
27472 48139
35483 71727
60893 66968
44611 45777
27443 49598
45076 73631
27117 41363
28930 65722
27583 46775
46529 54778
37876 57954
44543 72144
6000 25489
30313 50940
54973 72168
33983 50729
7034 38010
46796 62181
47979 54361
1695 2860
8077 65573
22794 32358
45663 63196
15700 21142
13802 35411
10021 13012
6051 46701
6130 18624
31204 48351
8521 28477
56862 66546
22799 74010
8496 67154
21017 67774
44277 46006
36594 69996
32500 74287
14896 69008
41318 47073
61929 73952
5761 60265
7354 27364
2241 68070
18035 24168
2052 72634
7628 50262
49888 64686
24240 60327
28230 34651
1657 21168
1514 56043
29618 30814
2766 5660
50062 69547
46435 46628
2033 68868
3039 68707
46013 60262
43106 50736
55024 55561
24267 63569
42833 45790
14204 14921
15048 27374
63520 66264
12513 60271
42852 65986
34409 68974
5131 72627
28830 41051
23969 33388
19368 59292
28651 52720
35344 45669
52800 67490
475 14677
34053 47934
3708 61511
185 18327
2709 62809
16367 42484
18232 63079
374 61731
2403 5648
47318 50924
54714 64149
17984 23094
20706 30393
30690 58646
27268 72189
9086 28295
18919 50855
58068 62873
11794 16407
21890 74614
2709 19943
56063 70918
5520 58713
25983 27559
12886 72162
56403 67009
11837 63344
25844 28995
15497 64996
33551 73651
38670 40348
1304 2434
26196 41133
51597 56150
16917 28799
2328 72551
11923 21913
27961 50812
53277 58791
63664 71827
12334 56514
53066 60334
15747 31550
15957 19865
46486 50954
31726 53276
38653 49008
23163 57022
54674 61447
12626 59987
900 72659
18106 53045
21211 55336
4333 4555
45099 66986
15103 51945
37676 58980
42043 69245
1878 31238
61363 69526
62766 70514
2628 69732
2423 6226
8112 33001
24457 65041
14807 63095
12608 64173
1723 44874
18224 36777
209 68171
54882 74807
31899 68958
40002 49083
34335 62952
10237 19780
40058 44238
24782 51082
11353 65650
44979 52836
39803 40813
57559 73892
31923 57440
5926 56787
3334 12233
3228 3840
44590 58643
40891 73753
23958 28468
27120 70358
7729 14594
6303 74206
26690 60602
13909 48937
41855 47201
12268 30820
49120 51195
39849 46791
9078 11209
506 13950
20209 71762
32211 66304
18321 34280
12923 20731
18682 57900
20972 73753
26124 46016
10306 54691
13021 21681
31082 50940
11726 21933
1453 25215
40514 47624
15579 51529
31298 44370
30119 68409
41089 51466
5967 41594
50015 51419
55600 71443
31320 48833
58566 74437
20796 29721
28588 56491
10540 16997
13848 37055
48125 72621
995 5676
50317 58085
2570 32992
18969 51149
26259 62565
28659 33809
67233 72715
20911 66791
22324 43544
7653 67838
55425 71985
36360 36787
14535 30270
59461 71614
37011 37977
11698 39781
15457 20191
9687 25606
18490 32155
6251 37675
19807 22287
27800 40003
53004 71678
39526 44129
26544 52908
509 548
32011 61969
18519 59038
15140 44771
2522 38392
2393 63836
61677 63679
43079 70685
32336 33425
36214 38394
14134 19080
61745 62515
31124 37713
13456 20113
22836 62556
51300 67189
3698 61054
13237 52996
763 53872
14842 67754
63486 69251
32093 40028
48345 48604
39331 69882
7347 32698
12900 41079
46941 53557
30347 35340
28467 30297
51879 52830
23378 34219
20854 53389
7852 24980
31317 57560
36203 51824
4398 66167
15398 27507
12974 29808
1591 62698
63666 73779
16814 62166
38514 62573
45491 50985
40756 63108
23890 34172
4827 12725
36909 55956
16133 58900
3504 43122
34570 58461
7069 71137
48873 56834
45077 55522
47411 63829
23220 42818
48170 61964
16072 49429
5760 73355
18289 33723
9235 57605
13280 70125
30845 63990
16703 17979
35889 53662
9085 60962
21644 34075
5709 68124
16786 21374
29797 52793
19312 34093
8847 30318
16527 63533
22756 52093
14110 67902
40472 74755
7512 52502
27618 45801
36275 38301
19343 19574
10588 53599
9492 73868
46228 73882
9057 35352
47990 50237
1892 52433
38468 42368
19286 48588
23050 43829
16413 58440
16778 26025
10389 17772
16951 56207
42696 52461
29882 52054
6211 32907
16662 42387
24986 61520
41731 44795
36896 39181
26310 34813
31864 52798
41492 48734
28022 60912
12012 44207
37473 41062
28502 53166
6613 73291
44345 67862
40219 73728
11161 40730
41796 65638
33153 72773
30743 60246
38605 55047
25509 28075
52210 52620
46973 52069
42412 63205
1886 3300
16917 41301
12825 56382
25407 74343
38457 40722
10415 34370
73555 73969
2027 26508
6064 29358
8704 22659
28575 74500
47772 54360
47803 49604
15355 64813
17369 49905
9194 33590
2124 55016
16546 28820
30051 67153
14513 33680
3415 37389
25025 69462
18874 33068
13487 31655
13332 31928
24712 57239
25764 71514
24301 45608
23825 49106
693 46622
21514 25532
6573 49453
33763 50580
44464 73764
2367 4587
46686 56934
34237 55247
40292 44994
23009 38692
50853 54789
998 8015
39079 61621
12323 57163
6155 68970
5382 65237
39242 53184
6342 32487
2991 38621
10974 72975
60080 61368
3616 10492
45800 52713
49466 52452
18291 60114
7992 21688
26415 33936
890 19873
27520 49028
16 25481
26157 61311
10269 48341
39434 47783
15495 59129
3031 23170
1587 50196
31561 49197
32366 65226
69729 70044
11722 28200
12540 43077
26256 40204
28342 62945
37364 58681
10375 26250
14400 16281
61033 70883
21849 34435
50381 72503
56307 59055
17512 69637
4610 49435
14979 71261
18835 54030
8791 66301
50627 62115
32496 37317
53 40556
696 40998
41858 50030
54529 56051
17932 33484
21844 34405
39222 55013
47843 61041
19451 29878
51773 53271
26569 42099
54046 71588
3686 17225
14979 21896
21246 31477
34510 49782
37104 58486
43273 60447
59814 72840
24615 52565
5215 23765
35454 54354
39052 55218
30143 37960
49628 63151
35182 72026
16795 58931
65067 72054
47974 71022
6932 19348
44759 59252
54954 60948
1485 63125
1342 26594
4120 57257
36881 63283
36561 45034
57322 59736
42522 44068
2293 31741
56666 63787
17987 33164
17559 39727
1103 32573
13921 43857
55634 73770
1956 30087
40411 54390
2915 48258
21598 67035
10568 11429
61536 62734
1779 41525
5437 50743
16815 66054
6473 14512
49514 73008
30891 56869
70321 70988
34049 64134
66451 68638
34476 44972
7423 30848
23588 24364
17852 18574
33130 55559
25463 58641
41514 69053
15446 15522
38444 41301
38600 68832
32640 38071
3856 12856
970 62841
33218 59687
3300 28998
10796 19843
88 73680
3117 34119
9264 36776
44113 52554
23497 67176
41425 70026
9456 35053
2716 9021
30404 44591
5655 30788
240 74444
4327 60484
2168 64657
26784 65302
27020 62197
70745 73699
26879 40786
4561 55962
46428 69130
29978 30648
34289 53194
3689 15617
27362 56644
24314 45708
36380 48646
29935 48863
32415 51083
16294 68628
21040 24522
2130 24132
10316 39652
9847 60733
13299 52746
23436 74203
2752 14174
35790 60844
39033 68117
65667 69753
53918 63753
48503 69440
22091 58880
10550 42496
33511 39331
21776 73808
4332 44809
27837 53991
55598 61310
7825 46054
30897 35256
55949 56246
21995 53496
56634 63425
44811 52040
10996 44558
31838 50626
17341 46040
7674 10728
13113 43446
35972 56698
48092 51964
41933 71381
25410 66064
642 8202
11993 15775
58230 70432
37703 64701
50815 71072
6382 23803
35721 42363
28693 55525
13641 53327
23127 27718
32624 53792
51287 54450
28448 49839
25368 41397
19714 24551
40952 63709
55053 57628
58098 58452
9886 67617
6714 46451
64189 65199
8428 73669
27808 69253
44190 58788
47240 56131
11745 53697
54118 72418
18032 35932
53155 64322
12224 49762
68295 74507
44080 66218
4029 73596
45668 60565
38299 54181
42032 43913
4622 64632
6133 65678
21089 21555
8373 38815
37906 69100
20877 64431
11824 49708
20483 67394
25308 63402
23308 54473
15378 40031
4665 22652
42131 70826
28992 64045
6177 59416
27169 57848
51719 55819
49923 52115
11047 70724
10557 24318
29235 34293
5524 16848
8793 14600
277 17359
4095 64464
17032 72098
27651 64838
59625 74477
45900 47906
4631 6106
17649 51127
36897 68167
1764 53917
20238 55762
17720 63869
21196 49332
11060 36375
19657 69719
27885 36826
20636 47893
8166 42945
73421 73591
20792 31216
9918 36762
29543 58232
12078 55347
27113 67355
4268 64619
39364 50999
4772 26718
5744 19407
47 48244
3026 17445
7618 12564
19685 63660
65075 71006
5094 71775
11964 33468
9328 17387
4192 63694
31383 61644
32901 64944
21094 42070
42706 51295
28533 74677
6472 22978
15216 25351
4258 47757
8037 32884
3390 13910
27518 74402
43513 44732
64688 70913
2155 66833
26338 47159
6886 33591
37211 50423
35919 72742
28443 30611
7770 53040
32786 53039
30978 50455
61781 63400
22734 66952
60276 68455
14118 50916
34788 48540
15031 46616
21696 57958
32519 38857
38773 70270
40381 66770
12925 25096
16081 43097
24855 52456
17060 62703
29360 44203
7037 30118
18169 32229
35904 53785
27856 59766
46708 71660
52270 62518
53816 67810
542 4958
7408 66160
21347 63432
18035 62842
44778 53712
43378 65793
20035 67700
18633 74015
35519 45442
19486 22377
11407 74200
13510 49771
15277 57636
36407 48973
28490 39652
33350 59236
7990 12342
24347 33024
56829 57523
14609 34522
917 13235
10262 21291
3089 37126
2811 32336
9537 66179
26619 50637
42307 44262
7093 63916
16359 23564
2930 19698
18704 33864
16228 71836
19996 26525
12950 68742
46386 61818
62408 68863
46657 67082
33928 55712
59956 71669
41475 48826
60101 69898
24391 46009
8415 18109
46984 60227
15338 61112
21417 48486
41768 45429
26234 29597
22808 38976
26178 26500
3359 18591
52950 54516
6514 60286
27384 52334
1170 68113
65051 72017
887 16275
1992 36225
10374 40161
44707 55945
12018 70354
60174 71377
37757 73577
728 25338
37850 62502
9689 11160
17257 51278
27419 58712
54169 56549
5455 16641
3261 39463
22446 46148
9816 30943
2423 2765
2768 64114
40711 46442
13543 43455
21791 49678
4659 32518
35448 37002
1932 11472
33782 37638
46954 60820
664 17357
38995 72326
410 29366
1876 40877
18470 63105
47221 67214
50486 72151
2931 70413
8836 38646
34819 46896
9983 33791
22670 38981
634 68793
31798 58221
21016 68829
22968 71360
35168 49157
24153 27883
45366 70657
95 38316
661 29679
4910 28871
22338 50885
12709 73371
48046 53791
55895 61428
17436 60067
12530 14629
68028 71362
30090 48322
23572 33757
11648 47816
11963 72817
20474 35296
23391 28782
35708 56455
181 4338
17407 70308
10278 67199
17985 40587
9150 61199
34894 51501
3674 5646
721 40134
41032 52931
18777 71710
23966 45685
374 2654
17531 48110
22688 42076
517 11246
19896 45695
11976 48132
26568 29903
1752 22320
923 3687
10695 35466
52898 62636
30298 64889
56597 72464
9361 33464
8609 22770
7393 66891
63398 72991
2495 18841
3384 73754
26771 52632
310 66373
4433 11657
54455 63319
46659 69414
27161 69107
18343 70871
8700 43799
13378 33891
1177 71222
33470 46876
61152 63311
29880 32810
55871 59974
45384 73420
59017 67151
1858 67914
7999 18367
3570 45922
6086 55039
8683 55141
10017 54525
32854 49114
22118 41298
24398 29966
23144 27137
6309 9317
8725 67722
3971 70564
40503 57022
54646 64227
60122 65929
8416 27435
35025 54259
5209 57485
20634 35894
12883 33108
13458 55470
40083 64713
38403 42461
11861 30065
35293 56160
59 6555
31172 48103
2231 31007
20636 23633
23141 66153
1567 26597
22735 74129
28148 36948
61371 67529
25425 73897
9709 13062
9550 56829
1614 3150
50435 54615
20621 71739
26220 30479
5971 10922
16903 61760
3080 16200
18096 29462
38671 62207
24101 45661
53693 72607
21464 25855
6045 37775
11184 55294
12100 27809
3212 52803
830 58204
30516 49406
13824 62424
44146 61456
9952 20346
45553 52349
788 24095
21101 46771
22389 34933
43500 53438
21232 39828
361 18283
35202 69990
5994 42094
7323 63885
61706 72579
16540 34961
12167 64878
19733 54712
34029 44373
2168 10597
40477 47685
17395 66155
9076 18636
10951 62084
64162 65498
3197 65633
51833 70107
21935 59907
3050 35111
52473 69683
2942 30009
4269 62786
32785 73868
29256 74782
16158 74145
8366 32152
66407 68875
48033 61004
30292 68369
40881 59549
12425 31445
6737 47653
52863 64225
11880 65696
1117 30936
61589 66042
17448 56577
800 57517
8688 55713
46498 69282
31442 74800
11125 64048
15213 18634
29617 45428
22884 37831
9426 38372
29792 62876
13900 18966
18476 43187
19744 64539
34528 51632
45491 49275
19706 59474
35284 56494
31350 65635
56744 68215
62092 68620
37533 48376
32832 66228
38864 42828
49095 68466
53900 59358
13122 24009
58070 71175
8589 19582
66198 73211
40746 49409
35098 38401
7119 48003
31665 38502
14177 43690
36105 45532
55826 67582
16500 53703
18819 62262
41134 44161
4006 30241
5227 18245
21723 38048
35353 38925
22173 72488
37316 58468
10939 53739
6631 49527
65073 67983
43559 65255
18135 42565
48479 52630
51490 71758
33369 38669
5778 52829
36020 67122
62749 63392
29367 31125
33693 71797
3414 39991
28796 64809
7376 12462
71086 74175
37219 52299
823 27408
16422 58642
5332 57708
19429 40092
25520 40382
24762 62189
24126 27227
47972 57523
576 50990
38374 51549
29918 47655
29347 67994
224 957
52634 66676
61144 63281
53749 59568
67071 71817
37010 67361
23310 42353
61886 66482
53851 66739
24820 39194
24399 63490
19170 28430
11284 41822
13469 41097
28341 49468
6669 9643
32219 35371
825 55997
31263 35902
48733 73807
16299 74384
42938 62983
2916 64242
25176 38200
23752 34505
6474 27993
12861 56371
39473 67973
57088 69509
7275 20787
55893 70849
12964 13051
17946 46132
11158 57999
1442 59852
40099 63870
43658 59532
1790 45778
37134 47886
1078 56846
270 70612
37605 63315
27945 73142
65821 72153
18587 21521
1654 29379
58069 61928
23757 67705
15612 35213
3452 8680
56807 63127
68261 73337
44739 67312
61335 66363
40188 72186
41003 59438
15326 17379
11609 28002
1545 6980
54280 71726
29283 52524
15010 69428
30518 38935
59037 73252
3633 73547
13209 26567
2874 66310
45841 57256
312 4431
28452 39913
8311 38568
20039 72399
16767 71617
9319 18660
39521 54658
36256 40086
33689 42722
50690 64859
64890 65900
22588 73455
13586 55615
20241 30099
52447 67291
14910 25667
40795 53137
27359 39640
57197 63192
51661 66845
12045 48862
14965 66635
58416 60767
32074 40619
68605 68946
41538 50695
34149 65703
15308 59334
23160 33616
14116 14691
43836 73322
7847 68571
63614 69260
2233 58956
27075 74687
37274 53216
8361 74181
10736 26301
9308 12092
325 50299
154 22407
24785 41699
20625 29026
30124 67725
1710 57340
52303 73464
44259 64964
39888 40802
8449 62444
8376 41552
23470 44802
3109 51017
35943 37298
7713 25163
33682 73692
8006 9336
49749 65906
27940 51353
38224 56390
11064 11627
34456 74529
25434 54219
33197 34689
66759 68293
9824 71510
49902 57287
36198 45517
70266 74694
8917 32189
28157 30464
41142 53054
44194 52505
10085 41840
15993 73250
45697 51527
9927 32390
1229 59298
4094 11118
47525 62652
12715 28872
22719 42702
39320 45003
48353 53419
34949 41338
31930 47041
39139 48588
7387 71173
48238 48970
53950 67581
35726 41385
33359 57852
60865 64595
35405 66376
4206 43093
46942 60227
5727 42482
10174 23622
1411 56709
41205 60353
14660 47035
11901 51285
14951 55381
40601 71535
40991 66406
8355 39611
8774 22139
27584 35168
1868 39946
10430 49632
1456 31085
10000 47644
70181 73698
47676 63908
1293 45371
8820 59212
36674 52029
45699 48320
9744 23575
17186 43894
60602 63941
60155 65339
14572 29794
5992 41381
47449 72399
5264 18228
7257 57286
6765 10044
39650 40698
20268 60988
44504 63823
28550 33538
8413 26615
56661 63260
19586 28536
884 62992
49615 51546
39754 48346
26701 65173
36884 73961
818 24455
27264 27960
3939 10261
3125 62776
27833 42266
26540 51635
65943 72570
23409 61941
9781 30294
36408 65370
15554 50115
61015 66798
44195 71450
39064 41192
3416 37382
39013 45576
15084 22603
4139 30786
3036 18296
23467 57464
4326 33517
3041 67218
27816 52022
43025 48297
50540 67098
47951 53485
28444 66356
4273 12517
2014 67848
34264 66988
18344 72448
22624 50653
51186 71381
4725 52012
3803 40752
26850 48260
57938 71760
39254 61132
8728 25504
40808 62768
14719 55678
29633 44065
43392 53461
40672 63005
31912 70236
34058 49893
50 64897
10469 62457
35590 50790
54934 55360
11153 21334
35239 48751
7332 16277
5064 26430
22459 47105
60123 64648
13111 13503
27874 74174
193 52657
59817 63804
62002 67076
5649 54754
6216 72362
29528 29979
54315 71943
38888 50089
41262 45514
45224 56348
28765 62243
39601 58120
10679 44086
55513 59389
54933 63910
7476 27968
627 55572
5315 20448
33905 71068
46320 58572
41626 72730
14338 56768
66232 69274
11618 19732
19410 60915
9882 72523
59496 67636
44991 60193
1907 49415
37278 69770
28755 32797
41633 57591
24389 40153
1584 44016
36300 55767
18264 45168
573 48224
5988 51571
11628 54042
40425 68647
23837 28777
19551 30743
2862 12935
53104 54089
2162 42029
11385 39655
3222 41011
740 69674
56603 59310
50504 62461
65656 68227
6786 58640
46739 59425
8690 46383
44065 53949
54358 64402
28132 45501
7230 62445
55059 65506
34125 68268
6535 45445
29284 69768
21578 72155
45316 68528
3098 67168
17850 43360
32745 70984
29244 40684
9167 51901
12370 37352
17405 18311
19412 24222
14999 53102
605 11162
22088 50082
5748 52004
12296 45301
17964 37677
12340 41664
57918 62840
790 47161
42096 58951
12781 28887
15531 69466
4084 72905
26041 59905
40565 68846
38576 53985
42997 74609
1017 29572
3550 58151
38326 58203
24285 68553
1869 7526
8915 26119
53042 56008
27035 39124
20378 70690
8825 27392
12425 73020
42495 59979
37707 48955
33513 66372
4903 17314
8386 72619
12079 47965
38428 59420
5523 62882
36161 61360
26860 28081
19604 30376
33504 52940
9428 47351
29698 33775
30811 50954
9013 43021
42152 52906
28959 69313
12702 50740
63025 63953
525 37107
19642 63014
56166 61803
24129 69951
56102 69233
41477 58668
44236 61787
20527 54583
10354 59633
5018 13142
16587 23760
28603 52956
15712 41694
11343 62821
14136 24985
49596 61972
9769 41848
21885 36501
3214 34254
3012 25780
49469 49594
606 54070
10651 12491
47460 65998
42469 44685
11961 41122
25235 51158
14806 49517
11335 29376
12482 63085
57403 61984
28201 36929
25558 52952
12375 29497
29054 71307
4270 50181
47065 73470
35717 56002
4890 27961
24124 71363
51770 55777
46855 50823
19812 59522
16596 39593
26932 59592
31496 36924
26788 68975
11872 68972
5179 41531
10286 60707
16595 18029
13877 50956
9452 25850
12853 31173
8319 70991
59268 63076
19903 30901
10759 35451
14928 26774
31549 39411
1468 56143
9120 53600
48351 68341
4738 38140
33318 57072
18540 25395
19697 58838
7224 24422
60451 61779
69438 70635
1284 70866
38354 39049
4944 65381
12053 74291
36000 54105
12564 31866
27610 69254
18188 56589
18481 72121
15474 18100
32955 51256
54545 72523
13358 43490
4764 74531
16109 64500
35629 41447
35313 58292
1212 25445
1019 28357
27425 51447
40998 67264
595 37297
617 25546
4041 67621
36595 48219
54976 57040
11635 45919
2023 40315
17812 28758
6423 29466
32782 74170
20580 70318
24707 39498
59923 61652
37609 48315
28987 69903
8558 62245
9563 69797
23995 26377
14705 33304
5037 37321
45853 62470
33406 42405
30928 41623
9568 64237
46175 55704
2151 62174
21898 29660
4626 27346
15417 59045
5094 31626
206 18025
33694 61312
6631 37488
26374 43517
5374 9899
29861 44792
5672 36426
21125 46231
15426 73955
692 58628
13993 45623
27652 47438
932 28844
50232 69750
35228 38997
35998 41138
35097 47137
5450 25018
2542 65239
28161 67175
4391 24598
9409 39286
38159 59099
59243 71256
26995 38708
34432 55669
22170 61667
26047 35044
22803 72245
42228 73245
53002 60927
9700 57766
34113 65923
30657 31616
7545 63217
11457 55390
45319 67726
4336 63233
36533 51032
17544 50015
34609 68977
26688 61015
40554 59331
11569 69071
52935 60395
32842 54441
28587 74076
43632 65476
7717 30706
27660 60785
9006 35699
27036 36823
3402 61379
38480 56571
25754 61790
35214 70381
7953 38387
11135 71472
23526 58324
1199 49623
10064 32979
6602 55944
40562 64257
30978 57424
37438 74280
9668 15358
73302 73907
12213 23941
14104 59549
1009 73465
37417 41512
30618 55107
28762 60083
15710 60129
4651 21045
26846 39267
15929 52894
30202 58826
7886 53871
38604 46412
40115 70406
14753 39104
3423 62115
12068 68398
5830 5864
20534 37748
36375 47953
15518 61248
5520 73001
17315 66469
68948 73482
14052 58612
30637 63180
6818 19867
37108 44888
33517 65317
19919 29303
48472 68292
20988 32987
35838 68310
3654 39133
68898 74544
27460 66900
34279 70067
22425 74007
46721 70604
34489 73842
42339 44032
22730 40071
46338 74333
12620 22101
26688 49827
46870 63212
4779 26959
23661 41742
60934 61541
15027 72578
5436 5440
1340 27776
19002 61800
46139 61835
10869 18173
4762 6200
57070 66570
41117 46360
60112 63651
15069 27295
17314 55126
30950 43886
15622 47459
14944 17249
14661 49142
56105 71533
44067 72741
43035 61090
18997 49727
2829 40866
32972 74597
53396 68761
26990 54942
15097 48016
12017 24519
4451 72129
15288 43491
53929 72022
22433 51920
63006 72988
9827 63311
20351 26522
20553 29066
28037 50389
34599 39881
27969 51225
15745 41571
40828 43747
70417 71108
42826 66698
54036 57186
27215 28678
17929 19998
39344 73481
41988 45625
575 11073
504 13301
24780 54578
48754 50801
21490 44956
12133 50276
53470 65554
1693 3347
2350 55392
49213 68603
21432 70739
56871 61130
38163 73971
23759 30996
10593 73116
17521 17534
35911 57973
151 35888
16703 25872
22361 24354
45162 54854
36631 70469
34925 65137
6448 65011
2992 41432
19298 20052
31852 70967
24475 40910
7453 28177
2148 8890
11184 26417
28710 34504
34729 60595
15608 67196
22562 50744
305 8610
19651 57151
24511 38490
549 71646
28669 73316
42858 59988
27951 74596
25453 46640
23902 64800
41647 72282
20434 24836
30326 36894
6111 21235
3349 29798
13568 65433
35520 52627
4115 24751
49449 71849
32695 49689
20902 21365
47014 58790
27914 40737
62903 71226
38232 42365
10198 29292
6316 68160
23038 71153
41046 56294
37007 42909
60370 68033
13601 25175
50641 60565
64052 65662
25139 31479
49750 56780
194 1673
45923 63868
3878 63423
18609 65523
41444 74241
42753 44949
45967 65133
25051 57023
4691 65039
17375 51727
39534 69581
11006 18717
10207 11845
586 53532
38878 73991
34978 35181
40745 41113
48231 55674
19635 44141
37597 68924
17666 22478
3238 8357
53064 61138
7452 25886
8811 47732
17988 74768
40826 60795
44360 54408
26722 49809
30519 42509
9339 11569
19040 70031
8512 72206
1619 8350
32024 41292
64385 69787
13145 68837
34382 64241
19165 47231
7501 63153
18815 50831
5921 59748
14214 20080
1985 69243
1941 4531
38390 50380
52988 72810
34377 51190
1299 62402
39003 55351
26840 63243
21831 70919
53219 59120
13172 35137
56515 68855
62043 70121
15042 50964
8180 70360
30120 66409
13032 16314
60643 72927
30299 70680
10914 72688
52854 65690
60584 66444
11750 34406
8478 72228
57755 67905
9333 20088
8375 40073
38256 71969
12671 39366
11887 27368
34655 42098
3417 27686
23967 42018
2283 3072
4842 22901
13934 32139
28038 67601
19981 26481
261 62629
52624 65886
13641 21390
26426 70344
25765 48208
36743 65296
7860 17361
38839 69198
4156 68168
26702 47661
32222 61898
31106 39700
23045 51285
6839 12472
47465 59695
3842 12319
13029 62123
19776 43846
62526 70002
37578 54417
43533 51827
23381 66843
20825 66492
34745 66572
58376 69518
2115 19631
32599 32876
56834 59057
51302 55704
27167 64781
44580 58329
2754 6077
49520 56347
639 10021
792 40633
10878 42161
2006 33453
22033 33409
32940 33639
15727 17566
760 36339
9742 50250
30846 55693
25199 71378
22990 33747
59586 74084
50119 55599
9298 38082
52352 58252
25303 54672
38503 40328
42007 70059
7178 47742
12917 73372
47956 72111
38024 41632
1493 22481
12523 56258
114 72166
10738 46288
17960 18383
15246 70989
20098 63941
36480 37002
32666 59688
1930 70459
26288 54977
22393 66349
35774 71198
33456 52516
4056 11931
32605 43860
33436 71566
8635 34726
51593 73559
40882 58515
60631 74020
47925 61278
12244 14682
33913 39794
21518 56750
9596 66523
22077 42725
44426 72778
51260 65835
36856 52224
8528 49158
22823 32070
24541 34857
17528 26527
36286 37492
72039 74662
19010 57656
14838 17895
60991 62885
31724 51356
32194 74859
5434 23201
687 55028
9931 70594
31420 52012
50433 67032
24388 44294
26943 42091
48138 64567
2432 69659
58595 65157
44123 61493
23549 39722
39338 66811
39689 67212
21470 52288
7794 24024
53079 72495
34457 47061
48563 69744
18802 25795
26453 55918
17095 29341
24858 59377
9196 54082
22313 62995
7948 30708
52274 72907
11292 61114
20817 64003
24942 36465
19530 61308
29580 68120
41585 50272
43362 60443
56134 60803
9212 33514
40999 54188
21548 68633
30290 34564
39029 60960
40547 43972
37787 67256
15820 74190
40568 46905
59270 74702
11496 44294
33755 47421
5996 58776
10569 49932
31065 54431
9125 28245
16364 39604
30360 32204
36559 62011
22213 24440
30624 60449
10515 42211
33225 56888
1421 14072
33934 54092
1986 23569
32868 48471
6545 40138
4138 20446
29425 39721
564 71983
35829 38704
5 5961
31816 74655
26930 60467
38466 41686
30243 46560
21702 72260
63756 68602
13930 25764
14274 51226
53440 56758
1440 27317
9182 49161
49572 67363
19619 51461
50032 61509
15403 56341
33618 56904
63 58874
19888 66348
33889 34673
5276 15507
18877 20397
13051 52058
6530 36780
13942 57800
23859 54756
22307 44335
27329 63975
49703 53034
597 34854
44313 63529
49446 58843
22065 22940
38611 67613
5559 57690
17676 44238
2292 53508
28032 74542
4853 60745
8157 12257
24338 64930
26762 35030
42039 51138
28284 29616
17994 28010
28803 44428
620 16329
2446 73241
72614 72767
8082 35125
43384 58573
27066 35836
25769 29401
28676 39601
21295 57249
44313 48469
32127 47273
52256 69396
44883 62667
29675 73573
36657 38822
21118 64266
38253 48023
21305 68754
42925 46362
1197 19286
567 22439
20125 33156
18368 62375
21959 72137
24438 25235
3263 54085
49923 58164
5889 55031
5511 46483
33721 53180
38488 46498
25064 32755
9316 43420
7874 26384
11429 56501
24044 64630
1258 28264
35260 63053
10851 31692
23531 51750
26884 41278
38338 69338
31520 68972
23884 51095
26572 43298
25101 55353
17504 20099
37456 58102
11296 40406
46110 47910
4564 53377
924 73984
11126 73848
12827 67665
12134 52811
31735 73181
3092 56977
48091 70691
55645 67602
44080 70157
28962 30821
21058 33382
3752 65301
29336 68028
22305 58832
35806 73989
22402 23613
32101 37411
68768 74339
53700 67804
6678 18274
30889 62668
22180 74113
41036 47702
19277 63701
35621 58811
13494 18297
43618 72994
15419 38496
18138 33544
8027 68632
15610 68162
36346 40622
12179 48083
54564 71819
44329 70488
19877 71964
10850 72115
30586 53964
1825 38906
47450 52295
48989 67868
18176 44253
58513 72647
16173 20443
59931 62066
19123 58743
17694 73138
28854 70649
24486 54433
17326 17842
44700 66558
4549 60239
31985 35390
21834 38954
9679 51909
33050 50337
33241 68117
64945 66798
1834 72854
71430 72242
25499 40188
24524 57711
52345 74338
8669 62108
21775 44475
40204 49691
3658 66860
36867 56914
39683 71622
5037 10161
27274 67952
39045 54130
19695 71628
11294 18786
28040 58005
26108 64895
39428 47208
25829 31153
30997 57470
47240 69620
16914 29234
9487 33703
6673 65015
15094 32223
7226 53831
7914 10423
7428 27183
29779 48137
47183 73437
36336 72759
10457 58314
12976 50315
29973 41367
2376 11131
8120 49619
4053 61013
8828 9288
91 4715
55515 58254
18929 67544
70997 74220
60 2294
40332 62350
30510 60358
42739 58299
24289 38181
2413 68505
23350 26894
4663 8195
20316 45364
35407 62382
58726 69647
7981 10715
9109 16002
62884 68554
39969 45439
19636 39203
38572 70651
16368 50486
23304 37290
29272 56825
33199 53803
42398 70562
876 31559
53898 71412
6918 32138
17829 66580
13785 66277
6276 22326
45322 50848
19294 61712
9277 10623
43313 74433
45352 46841
15552 15938
19055 45966
22363 48508
6507 67669
52355 67555
57672 69807
36071 53937
7088 15632
35289 54185
56579 65039
867 56411
19658 55725
5823 64475
17125 73854
32450 49719
9564 18733
25420 37035
35018 38126
29204 39172
32943 56442
7370 7868
5110 19837
14646 52939
6383 34182
48301 54267
60718 64406
59827 71336
27910 63919
19251 56726
40044 42399
21437 66994
39441 46929
15060 42753
14967 38353
38385 46592
11573 27343
2729 42015
36120 67159
9586 12158
25900 43300
26938 28587
54996 65820
56823 73516
34634 63432
31607 33071
17196 55548
1163 25510
15593 74131
61805 67586
45949 58501
2851 64061
20806 56056
2079 34735
13995 67683
15320 18735
22175 61918
827 51528
6033 39797
23408 55778
15309 28653
1849 52994
35455 74454
19964 40941
17018 20558
34348 42403
220 6422
27449 74441
10885 30057
17043 35352
1729 11424
21039 66203
9920 43139
18578 21005
68390 70264
3314 16009
32212 38593
35087 63282
21772 29479
31074 56842
33026 64747
31997 73849
22436 74854
37476 60196
50422 51193
13212 57496
7167 53247
9469 17373
39624 50215
12305 67717
27340 43333
24442 35093
43539 65480
29486 64782
27943 34408
26184 48496
41354 70421
13445 58937
8036 30076
25363 37149
117 9046
15185 65088
7384 18241
16081 70198
3486 59308
25983 39446
8417 53940
23290 33525
50471 72737
21030 48539
23584 72754
12066 47209
36799 48027
27017 34699
4549 66159
30911 63726
6452 63969
59552 60947
18598 52544
1248 34912
1948 36538
65132 69999
62551 70095
23309 26866
17399 66423
11288 70372
25030 57775
22179 27582
41202 66897
33095 44333
36112 43394
5737 20710
37931 63418
20257 48050
48274 66107
21483 48319
18566 62249
66690 74569
33455 70512
28354 29712
6480 47684
4651 29718
35495 53375
33717 61046
34181 51700
23121 70987
19032 40617
34052 42442
37318 56502
2308 64122
26726 35450
3762 73427
19218 27629
12337 52334
38573 42733
44623 51855
15982 57554
5302 60454
22809 55461
17218 46594
9661 17068
33146 50400
15382 29724
53321 56814
4190 72482
31270 35257
21838 26963
33202 55001
37097 59013
54003 62910
9692 48348
31343 71561
17434 35474
1353 55745
2975 14451
12738 61167
14029 57684
5827 33076
69390 71057
35686 36018
61333 71494
39647 63822
28706 64306
7349 30765
375 34147
55154 71802
10372 25187
51059 54604
48755 64379
40318 49421
25100 30698
1917 67038
21988 47132
53409 59705
14672 41956
44170 58997
15756 31937
63241 63285
41606 59428
23210 61077
35457 69795
52566 56065
694 50499
21219 54218
6478 20730
33288 45033
22264 49079
12649 40331
28781 51843
40191 74012
21118 21504
42127 51716
1984 23802
4289 18316
15626 43147
38291 40482
18528 40620
10907 65367
10176 51657
42501 51966
13125 38832
57855 57917
8630 64217
57650 66435
62236 71413
12441 25155
43456 48281
33290 56993
4446 67223
50551 60171
36844 68647
55903 70991
11631 19146
41170 71281
3708 58107
56155 63771
24197 65475
3138 19266
49108 68481
40216 52878
51589 68639
12104 36839
18879 35665
34715 43588
43971 49266
48945 59411
70350 70875
2101 67383
17161 44528
56007 63124
25533 42397
8756 48179
43375 66152
23860 45360
9525 43925
8337 49730
40789 46986
35527 38562
49820 58507
35041 56097
43465 65701
19690 32346
4865 41300
26451 42672
3704 6791
50358 70371
12348 26831
15639 72880
14777 33942
30046 61668
42934 59282
17941 48263
61786 72989
11213 50874
16830 21729
35188 69449
1183 44189
29231 60850
7945 71021
15449 60744
34953 45156
61414 64299
3514 38050
29239 38511
4472 70334
12717 18725
44459 65189
29934 46950
1877 21367
23954 26216
25522 56907
12030 49994
18822 60299
15826 45528
2191 52090
27680 48431
12300 74006
10236 32330
18618 43601
28198 46533
1758 71142
1441 3823
17065 59543
15073 43788
5178 31541
25864 69285
7315 19853
45732 57629
39145 72043
14511 67103
30176 72246
12130 18475
26004 49680
63129 73680
1337 21158
2485 4860
2694 27576
44379 46635
26217 45311
19125 61155
45127 56536
52332 55648
11816 40451
2784 39153
37594 69501
4137 29301
14727 20148
26016 42712
10542 28072
1255 70345
38277 62974
46374 72573
30521 63156
274 53860
2915 4222
23259 30551
43711 66135
61844 73078
56646 72948
2575 40397
44978 64288
6191 61101
11842 66588
909 49263
5203 31121
21918 32651
13521 64607
21695 50556
24087 68456
3996 55852
43565 49270
38748 54411
44845 67171
22802 66151
30514 42906
41043 71365
13759 41153
24540 58801
58029 72832
71699 72878
636 21751
16388 53021
9614 50152
3605 20647
4565 54917
48443 58116
12025 33046
28430 29676
8549 53801
4465 44671
2708 21355
11660 20046
13085 68601
31154 60395
21085 69674
66537 67366
9554 53676
59525 66790
30784 42699
25710 28208
19507 70223
16183 26361
44161 46220
2923 25680
4886 47787
18896 45664
5583 45630
6142 71201
5866 27533
19003 56400
34124 55930
58855 63477
45743 59583
21224 35648
7716 48934
14849 21963
36997 42454
12423 16006
2166 58466
28193 65196
22380 37864
1353 6340
45302 52008
55621 63029
18370 42600
59575 67616
878 14713
45761 55612
17090 21617
46742 70035
4969 69388
420 71461
5741 31039
7140 65169
46830 59178
30825 35210
10441 73305
14218 39240
45576 60432
11616 27233
33267 51178
40624 74883
22763 56968
8185 14922
3319 44047
64319 65542
8792 51521
4140 28126
12260 37284
44431 65025
17115 29435
42669 50858
64421 68080
5971 57604
5176 26601
54125 59269
22599 41108
27841 45011
18615 70447
18135 40078
13393 36885
11261 60949
2523 42778
25382 66026
30335 64974
3742 54837
49803 55822
7888 8341
29443 46997
2901 54132
3832 42914
3065 66065
6041 14216
38138 64008
56614 70722
18406 19893
13082 69550
60365 64407
6618 61261
43916 74329
64948 67273
8640 25216
12770 17867
23648 62976
4218 7905
7736 72910
15020 63066
39146 55671
39864 56070
22538 37649
4027 26426
55099 69292
12278 66555
7394 17473
29740 70314
4270 27748
9724 58998
18967 47124
2252 22210
57585 71130
35958 41226
55758 73366
24557 74701
51644 68229
37494 57012
22212 70360
33566 48206
41553 53430
25944 27385
26752 35890
47891 51314
50205 50279
4059 10960
11170 18402
41641 50868
10774 24856
22672 45395
12402 48493
19354 39897
2533 70117
20270 65695
14673 25905
1590 32772
39220 62237
39247 47411
18973 29271
21601 64029
8958 67607
22892 58084
50555 68824
24454 40906
26414 60895
10910 16424
15537 22810
22089 35903
12971 64360
16779 70664
49094 54757
17726 22082
37403 49303
21025 36233
1611 58195
24917 43831
2428 15319
23626 48780
28986 73572
3351 59283
41918 51203
26937 74752
3162 39850
20664 68213
61314 62899
27398 29581
9633 28183
12897 15455
8636 52764
2542 5941
46174 69210
29102 31410
11140 31430
39093 57397
22791 56608
33380 55688
45058 62770
1597 53514
58559 71059
26035 47546
54111 71457
3753 48867
38317 70678
9914 34410
20582 68561
39388 61747
10527 12263
22954 39027
34161 60278
31934 50264
43011 74693
31169 68917
49926 63898
23103 49586
23610 25107
17632 22499
31681 72420
12961 53673
30737 36353
36400 41037
27927 56103
4660 16271
3392 59643
22498 54164
6051 45977
5161 58286
409 35081
57901 60280
49949 60368
22379 45083
3038 71505
61097 74465
57292 59515
46590 58851
3379 25154
19197 72276
43312 46272
23823 31758
39455 62200
47572 61444
17536 66230
6644 54650
4829 65061
10641 62222
38029 60605
604 29489
32667 46295
8654 44968
19737 28904
51231 51350
13992 19648
35454 55157
59462 61793
47690 66813
12938 52859
922 68024
1584 39215
1141 30335
21564 25466
14950 17910
15813 23679
33057 61645
27578 74877
35827 41891
45999 55540
11185 31670
43798 53258
27296 63326
49507 50819
15633 17080
16800 69713
23114 59630
14036 64426
9713 61361
13445 57398
16434 71566
20500 61277
29262 35234
24580 34532
58389 70943
7973 20311
7506 40465
16075 47718
19576 47557
3998 65344
44701 63044
192 66491
9605 38844
56724 74762
1724 65549
4074 8348
19572 35920
49374 69672
19491 42441
61106 71203
51193 62296
14260 22060
33817 58342
12745 63775
29609 66757
47481 58227
35977 43116
8297 37558
12303 55415
25873 31493
6929 35075
40077 55991
11167 40612
37797 57053
1054 71665
18799 64248
2561 46831
3681 57284
10622 26317
54619 63302
29424 40852
3500 4038
4251 74466
2060 54401
33865 60275
16480 27436
45484 65902
48581 68694
61282 70534
24144 64587
28729 49953
9234 67271
37105 61555
7912 37015
312 10222
26847 49597
2760 21276
14717 58603
20081 58765
9967 46410
41901 72612
21034 32309
36114 49542
7668 64411
4110 20741
756 10298
10128 53704
6953 46323
31308 42498
28888 29887
33656 60061
25929 28965
36213 53421
15292 17167
965 46511
57893 69782
14031 39433
33005 70861
7288 29254
38979 45847
12217 62759
32996 60215
43879 69137
47227 62190
41280 48692
31277 63896
11690 18382
31036 61298
31011 35603
33846 53454
881 5962
14132 66060
22590 46669
36470 72604
19316 30850
12930 55062
21478 70872
33052 51233
22284 74665
8808 15553
39625 74658
5490 28919
34701 62916
9443 21948
4236 14581
1289 71808
22136 22545
17963 24599
7575 50725
12558 44782
7647 71028
22661 69490
3037 13719
17450 54272
37049 49209
6597 40871
4598 71755
21 5224
5805 25927
61479 74470
15813 63086
42903 50450
36921 59441
40801 68326
25077 58687
4252 22824
16431 55917
9284 15869
51890 68338
28262 33414
33129 73148
34611 45446
308 6369
19327 35294
27794 73338
25171 33480
67265 74505
63929 72558
10687 63418
22771 59196
12854 45545
39853 74251
46385 64186
43495 56165
36664 60124
48709 52114
29674 46819
10139 19795
5713 34866
31686 51185
16149 16751
55012 74729
15566 16633
61383 73579
18889 65040
41970 71053
67668 74805
8418 22590
30026 30373
58219 72222
10980 25069
40763 47376
37280 65179
17901 42871
5244 28561
6493 16665
2659 11861
14228 21267
44149 51979
68779 74670
31176 32207
4903 5390
22235 27869
18077 53015
30339 63627
43256 49850
8146 17377
18449 26956
11300 36189
21561 22778
59848 71511
7132 18125
5100 43814
60317 60548
1843 46780
59308 65788
28355 44202
2257 25847
22893 35409
17424 43976
65640 65944
33441 70746
19961 21709
41144 61403
26449 38193
1670 44461
7556 28180
16592 33589
27821 49285
32167 46696
54576 61460
12928 60450
25433 48949
32815 65100
14077 37489
54703 72866
22835 61076
5557 69362
10970 58710
18635 68348
56050 57817
32071 73217
39271 47802
42048 68512
807 38367
14895 31324
35775 43859
47805 52468
4401 51956
423 26061
2573 6329
9740 55404
52508 70633
31286 63339
6189 41353
9802 46441
14385 42462
1222 3713
21576 72589
28675 37496
28351 35548
1949 50802
35528 72074
3226 47098
13821 20517
9555 46130
27128 63825
28561 35717
30260 51930
25121 52239
7279 46551
697 64762
42964 70664
3286 3453
43480 54507
24117 74886
20496 27007
55833 64538
33612 35957
57760 65100
4763 19096
30823 32529
67664 69246
18712 46791
61642 65442
20587 48127
12403 62596
38311 50151
1429 7792
29612 31162
9895 73661
16102 56315
42605 70115
7407 12143
27955 31894
13232 34395
45829 51116
54287 54522
70516 74189
31020 31465
8599 19615
7425 7807
9515 23080
4169 63938
23594 54829
20216 32437
65221 68237
4769 59914
24945 59724
64929 72247
1464 65803
6355 37996
3646 41521
49851 65258
9319 49602
3120 7508
31913 35492
10153 71881
7605 60029
5504 19350
3374 35078
21226 42141
16706 37475
47540 62116
16275 62907
24604 61863
22910 70793
1687 48530
34341 61527
55677 72423
1762 49070
35546 70818
16162 18220
40792 55637
60596 64847
58003 66028
33722 37956
45729 53296
11168 68157
30472 32743
29055 73143
8900 9373
43263 50691
30698 42220
7194 62474
58647 58923
28603 52559
37548 70326
3143 16278
68522 73828
18394 46700
20896 46394
13815 33148
31080 41283
269 15803
19324 67203
40314 70451
18158 23669
23230 70206
37474 49710
28735 53788
36059 71396
46592 61277
5570 65110
44871 74103
6643 58658
12130 37015
64358 73194
65153 74286
20205 39428
38425 70538
58235 64194
2506 46128
24080 53545
38553 70209
5890 27096
3809 67417
33607 61242
3656 35057
58957 60789
50383 54373
32465 53624
11629 12379
35888 70065
20561 22139
61681 61918
20149 60812
7292 57281
1075 70535
51600 52561
24126 58158
11274 16292
49185 66819
42434 61368
20373 42728
21401 25741
23942 39974
53156 66950
67816 71796
26007 36054
47831 73246
10533 51526
40776 48522
31582 70220
11552 59754
12573 64008
11744 46757
69881 71452
4820 28217
54105 67643
41382 42435
19532 67100
5750 10027
36952 61409
13820 66878
27078 53996
42373 56690
14101 63869
69219 73928
51445 63361
55271 64075
34709 69691
50279 64055
21243 26751
11913 74664
906 63322
11215 49582
9089 36678
36720 72770
9270 41566
603 31050
35420 41536
6292 74375
4513 64781
21436 58693
54476 65584
561 44232
25212 36532
7749 46301
5425 48677
46892 54589
23198 26857
32759 66838
34555 40950
27273 60070
35068 56034
27486 59267
13701 15854
70863 71164
46983 72867
11370 46420
32256 33694
614 49264
21475 56054
47122 55318
22525 26116
17532 17544
56200 68893
38681 48152
5917 36149
47882 48081
15016 63945
22355 64916
48749 50218
3507 33827
24312 68009
12044 31257
55129 71651
29499 48084
11832 48406
11439 68599
25922 40717
24730 57369
17680 57260
16187 69168
27710 65413
33355 66291
29049 60015
56075 67315
1430 3914
19687 31692
56478 60222
746 37619
43705 64572
23423 73896
47204 68543
23773 44375
37532 70386
10880 15759
7587 54967
31955 49147
8418 20540
38937 44931
59082 60442
28434 56534
24735 51245
9799 38080
52742 54434
9576 38824
32794 46772
56661 71293
31297 44862
5210 68514
2674 48644
61382 65496
6796 62126
2401 5919
21693 34518
29403 33018
9571 30546
3849 70253
1156 21086
11261 32964
425 1181
8943 59180
13543 72077
14488 30151
34977 51928
63018 74427
10281 10846
14592 65560
57865 60567
47383 57186
38902 65498
32646 58675
4290 35277
24482 40566
42321 44166
4712 4997
6592 38833
17954 28745
21311 36137
1640 6530
41199 48883
24470 40088
1896 58632
22057 46854
60151 62658
2134 50290
25932 63783
36758 70080
66674 67251
50958 59620
19770 46181
10705 33642
53163 73417
11086 43010
19215 45323
25686 55088
7238 23023
9291 59149
60552 66664
24621 56010
21414 69409
49107 59877
1075 50170
40995 62151
31691 51330
20275 41978
22657 59671
41752 45716
66735 70375
3181 70029
14291 33830
27696 37066
19716 60719
14339 73073
56921 59054
9694 19682
851 1892
51325 61683
46114 73222
8576 72317
29505 36893
2104 14767
31805 49641
806 9369
11178 59200
11556 40933
15802 20713
26195 44825
44854 49724
2554 20449
33623 41356
70297 74409
54269 71923
13856 53347
17878 35028
1253 67858
27550 60889
8169 74846
55699 58222
60650 64940
5060 42054
42315 58991
33059 38831
23948 52490
30276 65329
11852 18165
34459 73985
11304 47632
5220 70243
28811 51867
32002 37312
25152 56917
19012 33826
27981 53310
1450 10211
44787 58248
5818 27385
33319 50475
10971 41891
34708 39838
20642 59044
43804 51822
14951 28478
7542 71829
46246 62956
56485 58500
499 40451
37993 69039
18543 37008
16120 61608
4632 19380
32059 33076
21550 51495
2739 25891
18899 62690
44062 53384
32286 33012
15547 18631
42005 42155
2964 57972
28837 68049
40158 48631
57155 58203
37014 53249
21480 25494
35207 42276
53707 56057
21078 37339
40162 52191
3407 71205
66476 68730
68303 71484
8267 61940
19206 39429
28517 64097
16844 48215
1035 73863
2054 53555
27934 32385
59171 69792
30842 38491
24499 35828
24463 66172
48435 50624
30203 62505
26610 42132
42507 61865
48504 60933
8159 21108
69834 71366
7451 31175
25695 68373
18572 66636
8408 68722
66708 68086
22298 68027
59916 74192
20863 28375
53695 62402
11629 34767
27464 70355
24464 66325
63687 63703
11906 68283
14127 67574
14309 30939
7212 13458
138 22080
29842 67087
39089 44035
67065 68721
54588 61495
49240 59547
58875 72435
36482 46603
36487 64503
60017 69365
17965 42756
4974 43540
2669 8761
14848 60267
13485 23249
22716 37853
29986 52422
22777 60844
390 57893
22877 25368
17284 66139
37059 38913
23693 71206
54236 69117
43927 50997
29696 32870
624 25716
6622 68896
4535 19742
25087 28555
36234 59699
16620 54063
30864 49852
290 69863
60447 70361
15794 56281
14227 47494
27034 29289
276 22755
29002 60401
35327 68188
61517 63100
61362 74228
34362 68421
24052 49055
52923 68747
4749 37529
40725 63922
1335 72033
22006 59863
25140 35231
38250 59644
1585 40453
9006 64790
1939 21832
42816 59767
11189 30478
10398 65960
28190 51250
43213 71479
296 38333
42897 50400
26236 63166
9652 52260
9542 63667
43199 59449
41261 72440
39568 68640
8102 8916
51243 56210
14323 25455
28849 67431
68787 71497
32091 51710
19694 44126
28206 44316
10587 66896
3850 31905
1672 66778
10626 64044
20165 57498
19488 66912
6790 63270
3986 19660
36204 38923
54007 60512
55568 63891
50712 73232
2275 47859
7605 47829
23595 54362
17542 22110
18955 24879
40125 61513
26395 69714
43272 44404
59648 70547
3463 47038
42780 59990
3419 68766
9228 27890
10385 71378
23157 73427
40423 68121
25298 45567
19450 22358
11464 39221
3207 15675
53307 55911
3528 58306
20851 48542
9538 26887
16158 50384
21717 31104
10605 42650
55780 68440
42023 59958
51030 52058
9162 52157
271 19199
20594 21661
38999 59039
59097 73327
18571 26578
67102 68892
5495 24018
23756 59107
61143 62975
58869 73755
1698 36997
8779 47180
33318 36061
14463 21354
38218 62137
5992 23879
56469 70548
29086 57758
10290 45472
31825 58206
21438 39851
3394 63463
5754 38552
12693 58632
50287 69639
4264 73834
25180 55498
12268 22979
14311 65966
14183 18230
35937 54224
19915 62957
8531 64058
26011 37786
36155 57237
6986 9622
22127 62715
29874 55019
8034 65807
50904 67260
30498 37963
26198 32496
17623 19035
162 41101
13307 27631
31358 59966
37191 52849
47515 52262
53535 60983
32950 60901
60693 63220
22318 60772
15475 24700
3641 7345
40913 45355
18397 29835
44844 57617
14304 56145
48768 58949
35308 57810
16198 43720
3482 30249
8254 50307
7424 37231
34835 62173
583 36227
23635 71466
13 69359
43610 74473
15794 24114
12405 64530
41559 66170
15009 23755
19554 21609
32845 52097
11576 38461
28271 48735
47256 57532
56194 74690
8161 39547
12788 27933
4239 37725
3784 70615
28497 48056
16594 71491
7890 59295
8655 70328
32835 51063
11688 64087
922 11056
18258 42736
19588 39413
17084 28897
12746 66095
20349 45748
39749 42112
454 7497
68935 69458
21977 44285
21936 60498
9060 48568
12129 48497
16213 33056
43980 49872
19648 30108
11171 13385
47544 54407
28034 73738
38497 67898
14984 22830
22585 72458
9077 38891
4845 12712
36660 48713
1319 48234
27112 65832
18642 71849
15168 73893
33053 42606
14930 40600
44912 74590
16253 40271
45700 46861
25672 68010
29019 33036
1985 40408
41502 43538
57896 62545
16083 57516
42899 55550
23756 65023
331 51976
11775 22970
55167 59697
25796 53323
21062 64718
4912 69152
22797 31983
28021 52816
9147 49746
9396 74272
7062 17374
7624 49754
65898 68790
11218 28512
8101 55235
23439 41674
42691 50350
15294 72152
31992 74005
46842 55770
3156 20177
71824 74349
30517 44665
16984 51975
18933 70632
64329 66120
27639 41109
10586 21799
16554 22994
11351 27446
45146 57686
57832 71085
8849 18452
39252 45724
65979 67298
18205 57176
2472 44173
8158 62137
12843 70458
40802 68334
62113 64384
844 44155
29697 44988
22500 42745
15479 34649
10178 39230
20047 27087
28923 52281
8678 61034
64430 72959
11336 39829
49573 50343
15328 73181
41064 56928
72856 73344
7444 16132
34493 58166
26462 46884
27042 74520
2815 48845
4410 7098
60544 61028
43797 45895
38306 73408
17139 18889
34718 61427
4859 27209
45662 64275
4597 64459
46790 47926
14286 24579
57553 67884
30477 47127
22011 56694
12936 73990
51226 71353
25070 41542
21223 55175
40524 53781
66327 74171
50906 57336
7189 71490
62513 69584
56537 68876
12389 51075
2582 27942
6545 41916
14339 16961
45117 54758
11504 34378
1869 33238
44319 68205
15339 73558
37562 58201
4757 24386
21100 37573
36973 73619
21699 23840
29454 61770
9144 62319
9628 28652
9522 67476
55340 71887
10373 22533
1448 37028
42627 59891
46957 60514
14443 45066
14545 39151
32589 42304
639 52262
24592 51931
60210 74687
658 48117
2082 5621
19977 34401
16734 26816
10535 14858
36682 49261
34416 48871
42543 69530
9585 21517
15853 74640
35611 71063
66387 69928
5093 46496
12117 67649
4434 69330
526 39971
45616 61560
6702 64867
51329 67229
22646 55335
27439 37677
46655 63466
58495 70695
73038 73050
21361 22218
18666 26473
5723 73424
16957 40952
36277 48211
7044 37481
49895 59790
23317 55734
5211 6879
43869 46600
31903 38693
41660 42082
43217 52359
23321 27382
19665 60037
18915 69721
3804 54676
20580 34252
49440 67220
42522 70692
30403 33768
20247 26949
55876 64315
38385 45480
25055 33907
20332 61796
7546 8910
10162 69326
799 11715
29845 73215
37382 43817
20961 70087
27716 55908
17933 41408
36734 70500
26167 35449
46454 58822
41922 58818
2421 27220
6588 36055
16758 24821
35470 68392
23906 68531
26273 47280
31530 69047
4735 25000
38925 51011
56959 70265
5498 22549
21571 26712
6105 35561
43881 48875
3628 3879
26789 63794
52070 52904
11063 37510
16395 54487
3112 74405
2212 6666
35354 46662
2747 37735
16915 17323
50449 61316
36239 55933
9283 26370
26431 44315
1595 31127
45057 49646
306 45879
32351 52609
6048 17014
4669 19215
51365 67123
18148 53515
2567 14056
4665 43470
15757 60009
33565 64509
3032 34578
22612 31506
17224 59779
15679 49903
10661 28780
42439 68635
4023 37155
34091 56443
48580 49618
1140 12413
21046 29923
6181 63846
24650 52214
8359 73317
6794 57975
36527 57777
11282 15457
14295 33202
39539 60112
21720 67154
51504 51751
30831 44917
40016 62387
6420 74592
40480 69983
5769 23771
56843 64018
15018 41006
18801 25411
10185 12894
15785 68656
17304 29275
377 2555
29473 67663
29040 49489
36952 57889
40770 42787
3807 36965
45131 51219
1669 36603
49893 66050
34781 60359
3251 9413
2143 56286
11714 12239
25694 49928
40207 63371
50265 65251
69218 72826
21136 57850
3751 52178
8271 11069
18813 36246
10209 46453
22753 53758
14960 73159
25383 67597
53158 58625
37355 59977
29848 71768
22491 30144
34516 71295
70662 70790
55479 71224
31187 34017
35805 64093
6345 62127
19551 69929
23129 68949
53635 61111
41056 58575
36960 68753
7271 51318
10964 27400
48055 73090
18353 66776
14626 44320
9229 15052
1132 10418
36193 73347
13006 50219
39683 49406
59238 65962
38456 62468
8201 17767
33233 44075
19217 44578
18715 44021
19544 37497
23991 38475
9575 26604
11975 66707
20629 39120
46439 60260
11222 34552
7425 64755
42132 52241
25200 40820
1550 49716
12686 29681
64707 74828
5742 15071
13701 52887
44767 66623
16207 23909
628 1430
9309 67739
1037 59808
18194 56920
16649 19577
25105 67096
43574 61519
28970 31352
17660 23835
38041 48661
40521 53791
40019 72791
33147 39265
710 34786
11558 16946
64722 70891
12780 46391
21878 71560
50081 53107
3079 46814
52772 60725
7915 35597
6649 10509
2096 61780
2085 3806
55468 61640
22536 58221
37139 46644
10034 50628
42356 74515
10182 33741
5462 44244
29912 72132
2576 50867
1899 20548
10686 48001
37821 46767
19780 53995
36976 41229
6218 70589
32872 44085
26831 67647
44508 46164
72391 74865
16469 32746
24727 38705
68472 69420
31943 42546
419 19798
6891 50338
14345 32452
15418 45989
5797 19761
14184 15560
26724 34705
4852 57327
31024 49688
63255 71053
19060 59014
1765 62162
6418 16787
29642 45955
17831 62549
20243 62634
12121 30104
34868 71781
21439 57246
17669 31191
39673 67543
11723 15299
49606 49921
62148 71966
26424 50826
9267 69138
40539 50440
3200 52271
21183 63208
14619 20207
43663 60659
38894 50931
3565 55607
19307 46124
14806 45732
19718 23676
50397 58155
4960 49474
6287 42140
10538 20394
6430 42003
8458 19522
3608 57234
18505 41920
42331 68370
5844 40631
3107 56854
9287 47095
27790 51053
21308 71263
4605 15782
23063 39408
25460 35538
33028 43639
19545 57664
5951 22191
45817 60676
21486 51321
48509 50072
6264 32721
2151 2889
37483 42661
21523 67509
3806 34967
1660 60113
205 26520
23215 29708
18920 36488
17433 58847
24560 43028
3726 72019
7040 33640
52649 73921
9854 53464
4543 11793
8555 51927
17334 39724
5291 31798
21964 45574
8399 59188
20875 21808
41964 42613
70395 73058
8939 54262
10945 16491
10665 64184
33661 57005
808 39715
5596 32270
10168 40116
4012 39452
9722 58930
12198 73777
10519 15538
10652 19658
41715 66908
21069 41604
20459 28361
24829 66088
24668 49313
47418 63736
65175 68600
28057 74022
18562 29240
24900 26719
14699 19201
33845 55227
1601 22774
33370 48955
42574 62460
2749 7251
25660 53275
42289 69730
12276 43868
50910 69346
48836 56319
47130 51282
7250 69164
50553 59385
26299 69181
53984 61802
30738 54758
17503 37393
31971 37847
48787 55714
17126 40917
29978 40043
7650 19672
26815 39313
32925 41074
16398 21892
322 37456
42950 56045
9792 27685
2800 48564
17921 51322
23623 50163
12874 61226
49748 64287
14914 53209
54157 56784
27022 55261
528 58657
21489 38110
43582 60316
59789 65467
43290 61508
8810 62969
5230 50035
22798 43390
4605 67873
54785 72008
21033 65471
10982 61121
12874 56878
28593 31258
46058 47746
3505 25563
23172 29236
33730 47642
52677 67775
7440 27768
2583 31019
48344 50944
38386 45030
58651 72566
42232 53492
38563 61361
29878 31379
9338 48864
4954 45588
17204 33023
21482 53015
16047 71611
31315 46829
28083 34532
8014 14966
19751 42186
26177 27067
36902 67418
7245 38292
26402 37906
63422 67534
352 8379
50355 72378
30579 71692
6093 50992
4580 63436
9642 70523
2662 3250
25225 31561
15824 63507
19010 68230
10472 70061
29092 74154
1757 61711
10520 22710
31909 67587
31592 34576
2970 11144
3992 42474
13253 44997
5210 29896
8573 55845
35343 51732
6853 49108
30991 36620
53991 63139
42777 51227
18084 70772
19048 27116
6059 72595
18395 38669
51421 58310
10301 41008
46635 66683
24260 63605
8801 13607
36675 61897
32768 48528
24310 60776
7752 13507
10585 32580
36054 39878
9028 53589
28619 30529
12381 33138
22552 28715
1187 70038
22727 43322
12713 33123
30663 68182
40832 53944
17858 40773
46474 66375
18668 73526
60622 67662
530 51043
42534 55933
50672 71997
24176 53314
610 59537
47485 60463
38058 60852
31701 55195
49482 73790
19223 57456
9837 41196
60664 67974
41181 53938
3153 68774
19831 62868
666 34238
35362 55182
9486 30606
21190 36221
60257 74793
5654 17338
4916 25167
35240 44227
62325 70333
35652 59276
67391 70395
2698 41383
15209 54355
41363 74674
34621 49958
15335 36311
11326 14759
36138 36571
42391 60391
17659 44560
26529 37871
28227 65746
49884 54300
5403 27449
30111 52232
29310 40589
2527 70041
10772 13777
29032 35286
7823 54104
43530 55368
14617 41021
68500 74123
22089 43471
55851 70152
23099 27258
28179 63781
33029 68025
51294 53268
7545 18464
57583 70974
52100 62009
16438 65231
10435 74835
5132 5763
55973 60464
15503 45966
43210 67536
28400 33520
34229 70479
6779 12357
49071 68236
15293 17186
31742 69939
21748 64596
29482 32210
11957 68700
23140 28171
34098 44187
49023 58223
55000 70747
25473 65147
45849 55833
39980 53158
12968 15437
56033 61474
4461 17026
5986 62477
20885 49880
8436 9098
4111 61905
9731 22883
46751 70890
56299 62218
27729 34586
10365 36862
33381 53728
29649 38963
14053 34966
1349 6524
36168 42197
23090 70569
108 11625
11318 65480
30532 35813
32379 70751
41148 52776
61179 72569
59220 62933
13109 33329
744 16706
15915 50078
1321 69871
9439 12583
14093 71235
4321 72836
24081 65892
28155 34248
9842 65410
6270 48417
60484 65740
47270 58555
43146 49617
48379 63109
43803 68390
3478 13903
26642 47937
25499 25770
17071 36320
15494 30488
18622 70640
37576 71809
16932 28600
34852 40822
8463 16493
7540 46224
17734 39660
12412 57782
10157 17490
31952 40005
21506 36946
39457 69617
1655 70984
41798 66070
5743 8289
69602 71083
45101 48516
20855 33904
16131 19746
19480 65391
44807 61083
16630 48141
2479 48058
10400 47959
13996 15886
9222 16997
60559 69021
7148 47060
5034 42221
15810 43323
2640 35180
8445 28578
62164 66202
17722 40559
19382 68430
20012 46411
3728 65787
17337 22180
56230 74419
571 71832
10659 53205
46895 58209
15927 60495
66229 70014
41049 56069
19561 60379
37121 57494
2038 26185
46167 49848
27489 61662
819 24849
32881 50275
63302 65568
8914 55812
14112 69477
26955 44282
19985 73988
9297 44940
32724 72267
29372 55800
1136 44277
49507 67530
58885 69675
3058 27033
20961 56240
7819 29195
40026 73936
4865 39830
4238 19439
14842 71761
45846 55843
6083 65379
17460 29634
19022 49220
31018 34644
7342 48658
17455 44387
10723 59820
116 50988
2081 28241
28406 49802
18843 73742
5803 48885
4995 68666
3533 43421
29964 37620
22847 69289
12207 70837
3575 15120
15793 31100
17691 18267
47841 72706
35456 72489
19377 63768
8618 56078
40593 48263
2296 73583
3220 15661
3794 44797
17702 45496
11661 33835
23840 73992
29969 32214
39213 41672
36677 68703
19793 67350
27045 64257
47585 74510
2416 20820
63781 68982
32982 40052
34912 46864
35590 40573
22084 57074
58215 66154
11577 24816
8155 27924
16552 33013
49272 64400
36203 60937
69232 72441
14655 26887
901 20437
64284 66842
8260 47343
11349 25891
17230 51100
66155 73299
28391 49308
3996 30014
2664 33108
12161 30412
13108 44671
18495 63606
58290 65747
18745 62877
45921 65329
32885 50752
34191 48174
10938 33228
53789 58017
45178 50495
19755 50119
14623 50996
8624 13957
61070 63536
51936 60533
28578 66678
36239 39021
24911 48512
22886 31269
8598 24952
33562 40065
7809 38570
9818 69446
16803 38690
12225 73582
39253 69537
34819 49995
57781 73792
39255 68542
17289 37021
16178 55283
51258 59381
7614 56913
9375 69819
36925 45797
4935 58552
31984 48224
18428 61900
54388 62781
15596 46059
16113 29136
16844 30042
16755 27575
7409 41392
56701 67208
4541 69610
23074 46137
30909 36101
54989 61235
50805 64954
21746 69115
54822 74147
15976 42315
13146 24142
18543 71135
41437 61936
43456 72094
52543 68016
23152 46308
3262 35469
22455 49720
2341 25027
7576 49666
29810 39326
25219 32910
32885 59910
37022 41803
36040 66609
3717 19509
3217 18714
19403 33585
22698 34730
3663 32530
11822 14888
29492 48147
26967 30103
22333 73284
18755 36205
17477 23499
4621 67706
2011 6739
18069 24049
52082 56227
689 7357
13828 25740
4659 49398
13681 29405
6 34840
24443 38776
32382 36447
51583 71304
32875 66844
42861 54717
5684 61552
20103 45062
8273 9278
7294 11033
1798 48769
2370 7767
39617 71250
59715 64882
16082 17057
18648 48642
57171 72519
6948 40800
20930 52896
12774 59320
21353 57255
16899 19188
39188 59156
15250 46805
1019 52906
50438 56572
55519 72217
55474 66651
69002 74429
10026 47915
9676 30067
18655 49027
3804 48719
26691 28027
46905 71866
8137 59078
9218 36408
56183 56678
27073 27317
29324 58940
2626 60165
46631 54679
15271 45410
47898 48934
48866 57259
29105 54842
36563 63276
8572 50187
56041 68384
7033 73676
29058 69666
57 6102
15444 58866
44165 49724
15664 56813
29323 67765
59793 66135
40440 60356
30211 70825
70155 71444
2420 34507
25840 27706
43099 53567
28812 64238
51778 60834
9776 50520
47750 60865
7081 16128
14624 22442
101 70587
21483 30602
9636 20303
20097 47083
6704 62431
53523 66649
19144 42549
23394 37237
27202 27769
59585 64342
23774 73570
8463 12805
12440 20550
53970 65559
12228 18759
5025 33685
14852 37054
4542 62236
14100 15176
26090 56203
26175 43272
14045 19001
15438 52574
1583 8566
36940 59865
35889 45348
45613 68585
12500 24755
31087 66675
20887 54239
38670 74541
26512 53037
23247 61583
22273 39407
57677 64715
10539 12886
12064 58828
20600 73000
33965 59662
18712 36011
2139 27103
2173 36492
3653 62076
25839 27689
19406 72293
5273 53515
37052 55019
38309 44002
44067 48882
43078 63618
54094 69689
40287 42001
9195 16488
50702 57307
10202 28884
223 54648
11181 26086
19479 70404
60024 61428
23570 31633
46836 69391
35229 46462
13401 32127
13391 73214
27263 49806
22599 65447
25310 31287
5151 32169
43239 66998
57358 65899
23184 54428
60374 65415
9250 18147
55234 70375
49370 72908
3256 39362
35036 62164
19384 28114
5664 53102
29665 46310
4880 44772
2593 27408
702 2649
19069 32526
49910 51673
13311 35330
24789 56857
18433 57104
8871 21954
9803 28328
7643 52804
19598 62824
28096 42026
15933 21336
13109 17520
3898 43060
474 69291
23620 33946
15470 50938
23565 63926
40524 72366
1564 25939
6467 73147
70620 73653
38950 41357
1511 50610
35233 35716
47050 54541
52672 64965
22657 62567
21793 50267
8564 50207
52791 55745
12906 52436
35761 52168
29551 63074
67441 71792
33363 58728
14640 38072
663 52964
19671 24452
16788 24146
22778 54372
25405 70759
26039 63665
9779 62501
8206 11386
25049 41280
31223 66544
31334 57517
21885 27082
22461 68143
3208 7071
56699 73040
36814 40150
63567 74074
52876 57841
19235 35429
66512 69492
927 64021
19632 65429
29381 29802
28814 30469
15307 22988
1739 27396
9075 49695
1300 43712
46944 66256
65396 73720
16279 22526
26815 43913
22332 32707
21552 73798
67571 71679
35453 54729
18337 40518
7001 52524
10936 58080
31514 57978
2473 71738
14564 44831
9070 50505
16487 49593
5794 38728
6065 12534
30360 66172
44038 55408
8828 54113
33910 36269
10371 55409
3078 5629
26284 40986
10861 47712
59837 71990
18564 64397
33933 60476
39552 57274
25978 48667
10034 64793
41069 50888
11321 19943
139 64125
1925 8346
6841 58603
31413 55003
50886 66126
18252 21281
31575 31835
682 41892
13697 47291
8505 59945
7646 33897
40029 46030
5366 38995
33305 71740
33156 59930
36226 65212
26253 44074
32434 74255
6054 22717
19941 31537
32182 60606
8306 33337
21694 22874
4249 41922
33937 39074
17080 45345
9435 41590
5714 11607
9599 64803
5206 15489
3510 42092
16201 46284
15935 28933
15836 24593
20562 60876
23950 24051
27176 60087
25918 69453
39972 46460
38882 50525
3629 50266
26940 51522
10291 17094
40048 72494
15637 51915
19997 22693
1379 65771
1494 4811
13194 58680
21277 28160
47858 53411
39360 66116
33901 48429
18241 65907
57772 62663
42614 58659
8552 46278
1417 6370
18111 47721
28840 53287
21435 41476
31743 37099
46639 62435
7717 42279
32345 73118
60388 67092
53088 69979
46049 55995
9593 53760
60762 72665
9383 71942
18019 38449
25083 57830
48403 59051
17903 24123
3907 22303
19867 25385
26206 33059
422 50175
11597 35396
18082 45511
14190 35964
15709 19115
24073 65643
5595 18063
20687 30285
17629 59684
8983 45852
23231 33670
18196 72960
18473 41344
34703 37396
6362 25275
40781 67359
38292 39866
40742 54633
3237 30473
24870 58465
17240 74053
6884 17840
61426 73963
45525 71189
9511 36927
69745 72480
28192 53140
6164 62268
33210 39690
10269 57427
65555 66047
40264 45321
6717 23502
27978 30455
49504 58540
49355 74543
51465 61826
60928 69587
743 68404
21306 36021
60885 65056
961 10649
5269 40200
43934 71624
52043 64463
43384 62926
45014 57079
39025 52404
39653 46995
7180 25347
30470 60123
24721 26205
57811 65883
18759 66648
11768 22215
134 71369
47287 68656
35844 46854
31401 61326
23271 66734
5945 68839
23920 24134
43527 60675
15739 28755
20068 38993
10163 21189
60980 64373
49155 51530
29226 44898
834 39522
7870 51107
30977 69977
27699 32563
10894 43181
24622 63284
38264 59473
20170 46357
3679 56643
5978 73258
46094 56973
4377 48855
42782 43782
13575 22178
11838 48369
44994 66608
3748 17610
19827 71577
20795 53435
34350 49183
36604 51820
9631 55333
38159 68718
17648 69399
46632 56476
21024 35610
36490 42910
43506 69989
66617 69747
26698 74674
28845 70702
43442 51148
21634 61597
37433 50776
7523 16664
47660 65714
19255 57925
11436 57793
27222 43677
21102 55563
56366 68133
22877 48138
35114 58906
22596 63424
16896 71249
63933 74352
51025 63139
2954 23364
12165 18386
35280 49321
21263 66753
13147 21069
67435 73985
10771 71274
24894 55912
11663 73425
402 30944
44588 55068
12778 24536
49830 70506
3805 70526
12344 38857
32062 34017
19743 51095
1775 74451
29727 49135
36647 70060
24991 43805
11432 18007
11834 64601
19518 56586
1816 30270
30688 31730
30483 40187
52210 68073
5694 8026
19471 31247
15256 28695
61282 64968
5187 47269
11540 11636
13628 59565
56814 64030
7951 73388
17709 35149
25602 71269
43050 52864
45365 69393
38870 47873
40430 56792
16418 40237
42855 46844
44103 69415
16643 34881
1296 74434
28043 70101
21787 22548
32840 63555
1184 5136
52354 56261
19976 66415
18844 36286
18579 21620
26957 37782
11162 33174
28960 64708
6948 48766
5408 62242
4406 64187
20827 26262
29289 33810
1356 60734
33785 70366
50222 66162
51007 64798
34668 56460
35848 40281
14265 40379
3919 35197
3066 12369
14292 41945
24715 31916
43982 74355
21617 27416
14657 30726
10694 21073
9855 57883
19176 60768
5004 70580
7386 73752
36846 63366
3902 16622
31271 52013
34258 68978
19294 74483
13004 62434
27119 34304
6067 25373
21363 62101
35831 43822
3364 16012
23345 72886
17022 68475
51818 57838
57066 65774
3055 7344
10231 62358
31627 46207
759 67597
29342 59624
60669 67304
13270 43770
25079 38316
6399 29480
13187 43154
35726 54488
22250 25648
14679 38121
40091 66917
6536 28973
43944 56660
24446 47171
15231 30871
36969 41858
3980 23578
8951 32788
24859 40242
25249 30488
41208 70093
1292 41252
17684 34712
33732 55926
63399 64872
7146 61912
32575 37029
24834 58458
6660 30687
25374 60357
29281 51885
4391 51784
4262 40619
6022 17205
29595 69700
32673 44247
3706 5401
2380 40202
39758 52652
48737 52172
15702 39854
23561 67323
33413 65300
21648 59492
48474 61246
16220 26739
35909 70912
16265 26941
74078 74657
1515 36741
30607 53137
20447 50333
42728 71553
26960 50567
44894 71151
13413 40575
14523 15454
9921 60237
1809 9199
3470 21735
22928 23721
45551 54563
17489 32084
39833 50926
53524 61751
9435 37345
22866 32981
53863 54769
16789 25174
22502 54594
12467 40084
26367 65481
14257 37657
50977 68896
2088 20164
38076 38299
34227 67365
22184 26176
17805 26039
39918 53172
8235 58032
13897 71854
15414 71403
2361 28113
8807 27471
49900 63040
17000 47265
15462 28029
48198 49560
52812 66339
40965 57942
1325 31436
30754 52418
68708 71927
3077 69507
16361 30208
55794 62264
18646 56029
20670 59668
3584 55838
18376 65198
51240 66411
56731 59708
38319 69767
31589 37788
62416 67172
3354 72770
11226 29315
3680 18079
36417 55790
28761 40774
50361 54384
8284 50550
42682 69802
33629 44301
2842 42491
6726 11306
50657 65205
58323 63474
32552 57934
59297 65270
62778 70365
53176 56061
15502 43946
10662 11356
54129 69774
22401 57762
7754 14908
5095 23971
1692 3527
13417 18913
9430 54422
7019 59702
8961 10871
6197 20233
34289 39907
21775 41215
9678 11813
2716 33777
4122 57359
11710 14800
10424 41979
5448 66102
3937 16790
7003 23619
413 28399
1734 26703
1683 50150
28367 34274
39307 40538
7747 42544
1425 41228
17564 73780
31703 32625
36409 56182
17599 52520
4825 52217
20088 52682
19622 61141
14745 45811
50844 70224
58685 60028
19088 68668
38810 64318
26032 40694
34535 47286
27735 45945
12160 30592
33855 50128
26334 54466
36108 53009
38070 43810
12767 66779
32743 34716
8095 28466
3691 39916
17956 68649
6039 27761
36468 57046
37020 57539
31548 64245
51775 53889
2069 24780
43787 47960
23750 42297
55742 55970
28688 33104
46398 56817
26720 50019
31720 38382
16880 31627
10322 12015
2971 69135
604 45205
12119 56352
58890 61018
30076 41311
5129 61275
15184 65131
55055 63591
72363 73619
8516 16087
16502 53656
17614 37732
29563 36236
2371 5875
36372 53452
7288 49991
51618 60546
29936 43763
49836 52715
37664 45628
14320 66019
5048 38778
29729 30825
44156 56507
2263 51642
10125 34667
32841 64602
47680 52982
3515 13531
27493 45152
12683 25729
1276 60769
3260 74845
3659 49969
44340 74445
16317 20659
12806 13722
16749 29890
58437 72175
15586 52023
32512 46379
71161 72240
37649 74018
10344 29718
161 74605
17621 36625
1211 49792
4533 8823
48681 51488
58982 72962
7388 26554
25725 67809
17454 58016
52099 52704
6532 22366
20626 36000
63370 67432
27939 47661
34228 47554
7245 52139
6183 35147
9939 44394
39697 64687
63756 66134
22159 72275
27425 40412
13166 67812
737 64340
6174 51484
29721 72032
55139 63303
18739 30324
2312 13297
42981 50069
10191 63316
37554 72871
64659 69534
4633 11987
20750 46716
69139 72646
16027 37910
37368 56638
35331 53139
16407 47868
49086 59055
27057 69019
1120 1372
66689 73089
1770 11775
56496 67305
16943 50737
10187 23969
17860 70084
30312 74107
64769 71006
5716 53559
26517 31109
26697 60179
23061 70600
37495 60533
27991 52518
38494 54578
7318 26214
7949 60172
8334 74862
55256 70947
47567 57001
45379 55485
63316 71427
5019 60361
22320 58075
8865 18593
16441 72447
39292 56561
35930 46681
61336 71138
45920 47584
32629 71294
10744 71272
41659 43449
28623 45444
66093 68904
25404 41917
17488 47547
19550 54131
13671 64878
66831 68336
44432 70999
23694 71536
3677 25952
41268 47009
14220 70148
4103 28883
41322 67244
29754 49116
16196 40759
20689 49152
1948 58590
30896 58664
2412 63625
20937 53177
13694 54072
24666 42208
58910 63081
22146 44435
2162 47988
67118 69275
19120 47235
1637 55280
15240 20147
398 22421
39405 72818
3225 26448
10808 43252
53130 60606
11268 12479
6139 14844
35894 61819
20834 23599
20063 71680
3282 32234
37378 45336
10359 17963
60268 66400
7594 70729
13440 54455
35881 63603
40336 54568
16043 37082
10007 23336
7793 58364
10117 15295
15574 71876
38760 44057
49230 68900
43907 46021
39603 67727
41443 47561
48714 68202
3177 29093
4034 33317
6494 11103
44137 66911
28998 62896
52781 73641
16459 41880
3333 65593
41431 49215
7699 74647
37156 63831
25119 31494
30041 43526
29095 56942
51726 74754
27124 38704
54074 67951
2935 19725
21008 37969
48343 70296
54181 73948
3862 35452
882 50190
31833 47404
2827 26067
57200 67013
40910 41095
50343 55673
54593 63854
15434 33211
41550 74185
37067 64522
33154 61034
68221 73056
26400 47749
16764 18500
46263 65534
15729 21383
9337 25133
16312 46601
1393 13148
45456 73953
47286 55363
20626 39128
43519 68039
11290 19422
12376 25348
34712 41191
52105 53572
20928 67612
13428 21704
17538 43083
653 23867
50518 64833
10219 48427
57277 69070
7833 46194
9400 26016
19990 66880
8694 48494
26200 69337
27316 31862
14142 69249
58460 74141
31457 42980
19411 27300
24907 64480
23236 26278
39103 69718
41599 67656
36399 67831
395 24981
4939 54724
62096 72967
6793 60532
11350 44412
24695 40175
20470 58548
916 30098
16225 69701
63934 67349
13744 72105
8085 74041
2039 5776
56481 61600
9213 14747
62038 72851
14462 55313
5332 47878
52268 73597
13794 44764
1837 9253
60940 61827
62175 66249
51419 52904
29664 49291
45719 49106
13386 25148
8974 65333
34109 43062
49727 71361
13783 44674
6824 19947
31968 49443
17309 30148
24881 38046
1081 67523
45531 70179
15637 26773
34468 55087
47709 55118
13388 24742
34078 43935
17569 52337
1008 10859
9402 35472
49452 60504
45243 48168
11748 35115
61617 71245
44402 46613
10784 73313
19150 55799
52882 66498
21160 29826
18158 29489
47534 65295
17956 72976
4913 50584
3625 70563
35069 63466
528 58318
47281 53507
8167 18835
39096 71322
41328 73138
18845 20341
35959 60048
2781 74204
16522 46679
13053 64352
24756 46549
42217 64519
23801 48440
21615 42089
67706 68704
31342 36309
30378 32493
10210 43635
59376 74027
2516 71984
26834 44765
42380 46163
17450 42205
28349 38862
7649 15889
14331 25490
5616 21710
3097 5541
10314 56385
37854 64797
4788 30328
13388 21046
37943 41024
37376 58012
13775 14166
10836 29355
30692 38814
8042 19305
63420 65172
1941 16132
50407 59383
74360 74789
30363 70916
44346 59019
44254 48250
1447 71397
40931 44712
10325 32230
4548 62058
25790 65529
24509 61684
33142 53720
31856 53156
33063 52261
30971 65921
16381 38025
10503 26142
11410 20535
42051 48741
1429 69169
2491 46032
6803 33488
33536 35387
6305 6802
51470 59224
17320 45442
18424 31290
48910 58059
20025 26304
11694 18253
3916 48783
28153 44458
11066 27473
5907 24060
1241 25704
1622 60673
2158 9685
1352 65550
13224 49344
12951 28751
10805 39633
38683 60200
14437 34115
8840 46767
31911 73402
22609 28640
67910 70143
31604 68199
7773 8759
35478 42378
18974 68243
6148 40303
2744 3519
47676 73598
21479 23417
7762 70807
38146 67766
33929 74831
12856 22848
4851 74127
37622 53353
54853 70608
5404 44230
42551 43692
16267 16593
10724 29014
31970 48459
42703 55523
32094 38360
796 43764
49115 62991
2796 73055
6559 12218
19699 25693
24365 27259
17150 64527
38369 49241
21900 45671
21643 70286
58965 70977
53908 57665
22948 31936
2402 23185
3042 57861
23683 57508
30964 66601
31046 51928
13593 73003
1943 47856
21423 62166
7745 68888
5937 12074
45019 50554
15919 71674
1806 44880
60304 63459
13703 34943
17633 63802
58379 60261
35791 52059
40126 73823
17534 30802
50786 72909
42027 72743
59489 74209
37252 70551
41529 45605
59254 62805
1313 24308
4164 50024
62557 68783
57479 65592
39160 41633
33774 67241
7381 55056
3928 52668
35323 68706
8833 9513
35839 74008
33167 71188
12067 62553
63052 68051
5487 40492
6405 64073
18317 32804
33704 52529
56186 57541
40606 59237
43598 72650
16518 32197
12081 49067
13866 54096
11412 62782
7378 12741
33892 42786
7651 40911
17655 41330
51704 63386
60378 63580
16287 17926
59160 65048
20320 32124
28871 41088
23409 48207
63512 68537
9985 20678
8844 9191
5933 63460
58200 58786
43251 62742
12957 30234
25419 44168
32538 67461
37213 72216
54579 61110
15215 71125
64312 66178
67003 68138
4729 34200
4777 27288
2349 7709
27360 42258
14014 69766
33529 34506
6773 39744
7092 16409
58972 63504
295 57323
27971 72841
25417 28964
53404 64710
51134 68159
42763 55435
431 72412
3426 51332
14628 52219
20069 58592
4320 66743
48464 57185
2260 6314
31394 37685
12551 21283
19014 59234
25642 58739
5362 50034
6428 46279
20905 37754
31655 48446
8758 31090
63391 68106
25442 55394
20007 67226
18801 23610
1936 57927
8233 68170
13149 43877
15384 66276
21053 65435
47593 61173
18392 28767
5350 67197
6148 43232
35342 45380
24556 55214
34145 37279
30232 30763
26030 35165
24062 56095
13615 29204
7481 71311
10841 57685
24261 59971
69850 73420
9171 22058
879 21882
48081 48779
16784 46299
28823 39094
30008 56613
66509 70276
31146 32299
19330 60011
28228 47605
52338 58831
22576 69108
38638 48982
12572 45753
51514 63515
10193 30007
20832 24626
37442 38327
46965 68755
15398 39933
29715 33102
60756 67868
6795 64834
30046 40896
17040 71773
46053 48586
2185 36808
9632 31273
61386 73950
29150 33971
41743 70510
44214 46845
4614 74513
22093 57386
24573 27886
54985 55614
42777 56488
24942 45394
54551 68495
64715 72018
54762 55971
10581 19246
29243 64731
9183 11001
41944 42843
11024 68683
19540 21964
46356 48701
31034 47955
30440 52441
12672 35108
29804 59112
13991 52275
16520 42658
14763 20174
38632 41900
36686 38672
17166 29295
17195 28576
29478 41704
10734 19986
49011 55703
19161 57693
35743 62889
65491 68993
13830 66361
30253 38835
52976 54371
29761 44059
24477 40655
4991 14384
41888 46127
2856 62320
28876 48570
7567 11976
34128 63738
26592 37363
11971 37322
38621 40246
4635 15501
39238 52200
73232 74661
4075 68297
18447 39134
20132 57579
8798 23206
59916 74309
34731 49582
10955 37618
15635 49523
6163 67460
40118 73406
22381 24492
16303 21100
15772 55650
28244 31488
30456 36493
3184 40657
42894 59813
46748 57945
15740 20558
53644 73072
24835 51074
17121 41260
20268 48594
38862 65312
60853 73741
37029 47971
5422 62322
11999 13950
29090 37417
25383 53468
25882 70519
71143 74545
9551 14510
15262 61838
34660 39948
48358 68817
46287 50365
29458 61253
16687 17380
14839 34663
53169 74361
50282 59889
40387 51157
24044 51873
5259 59471
52646 62415
3622 7499
1773 15633
3531 71909
3503 28751
1920 55148
24852 59900
28202 46371
25375 68302
24741 32716
54324 63726
5397 10539
49501 57381
16785 56725
1873 57814
64785 68899
33713 36564
12995 42993
46424 73046
30625 54540
38320 60613
19264 74296
60459 70359
14682 48426
20312 48129
19824 47788
3885 57760
9296 42344
35518 49565
5415 11092
24852 31664
2517 49414
12689 64410
54028 68479
40493 72868
3512 47610
22562 33951
28134 35337
51844 53202
15998 37669
49940 62597
7532 59420
18469 25495
12559 57936
17438 30126
20950 34294
20789 69395
3757 18610
1490 16191
6798 31808
26766 42648
4459 13537
26838 43364
65592 66758
3366 22337
37876 71991
39733 39832
44970 58177
527 25095
2993 3471
16250 55379
13180 72768
9656 38188
13553 29555
46211 61017
21490 30303
27602 57513
6193 69086
42037 56382
58938 72428
2209 70227
21702 66284
12387 20417
33314 43700
149 68772
17859 65269
52253 64840
1332 4286
6722 9716
49058 50424
28094 51598
61437 74237
962 17892
9152 68298
18424 65967
19501 48776
11193 56500
20746 25829
24606 27686
5235 51807
11940 23841
39456 71790
24890 70487
32630 61712
5048 10727
19062 19887
19050 66237
37023 44686
50011 58488
2715 16700
18513 67190
27223 62324
5173 28260
8535 10842
40259 67299
3463 63367
67917 68002
62002 67284
2526 5683
42105 47909
17018 37587
12426 47383
32614 72946
12819 50301
10280 42384
51121 68249
1583 70998
4866 51573
35965 62191
42716 43590
18790 40612
13046 48973
30527 62672
13025 14237
40416 56854
10254 45590
20981 21887
28247 51716
59464 61388
18517 29621
21573 54140
59534 71581
4025 44605
12948 15895
13170 60218
14814 49285
9598 17104
37180 60938
12286 14207
33490 43000
35639 43883
32623 43216
36957 54667
4758 49791
4081 74406
19544 38342
1863 18882
34452 68679
17059 22752
52722 70615
37147 68240
48827 71893
7380 7582
64718 67827
14173 24243
30663 44907
15098 29295
40122 73393
9015 63468
34094 60577
37075 41825
31958 62692
32722 56604
16067 53352
40953 57909
15357 72117
32115 45512
5720 12469
31643 46935
40080 56760
1637 10876
12103 28989
40839 63824
182 57257
16130 45044
2602 8461
6761 63037
19940 30382
60187 74547
34904 60715
39865 73772
12307 57251
40471 53082
35273 57077
10250 15146
66181 73478
17057 64586
25981 30183
24512 25005
6962 24934
1967 4141
781 8680
3730 30153
49948 53182
6858 47595
6580 55582
24546 44860
40345 46973
52590 62606
12795 73280
31584 58247
40818 47599
22122 60411
9045 36265
17967 33843
36098 60228
62418 70779
35591 40904
48368 49737
51705 66310
6552 29262
2966 72654
9136 60714
38781 61655
3984 29495
29249 53790
21638 59307
42736 46733
44817 52734
17313 40628
6627 72583
2634 57166
43320 60154
21091 48511
27775 33336
25603 64213
3577 61783
58455 60710
831 1963
26277 62993
18427 35761
6336 71898
6943 61384
66821 70337
39001 46047
33375 52830
32123 46419
11588 56480
7479 57765
9893 68409
44169 49547
7479 61302
52487 53111
5697 70503
30067 32361
14448 43073
6679 60828
3846 19845
71994 74522
41143 68081
31960 56545
31517 34656
23593 63893
29077 41359
50686 53114
13228 22697
34132 72347
6724 42117
15703 63851
21531 45147
21196 42075
49965 73733
31737 42219
36117 56701
63317 68608
38389 54905
55584 65728
39352 49555
30001 32505
59520 59781
2722 13135
35989 42346
5972 68709
13555 17973
758 34440
1506 69525
34665 46848
9535 42365
16589 46852
10069 24501
19141 66297
605 36473
18420 56024
50074 67161
2438 50363
36243 38532
21837 49533
23373 54534
16855 42233
22708 33364
51837 73168
56099 60515
10722 31933
6708 18698
8291 22609
22288 26786
20101 28354
20412 41718
25408 34226
24297 26655
43383 55575
376 31936
54941 72614
9564 61417
26482 38890
13757 32527
36281 45036
40580 64668
26818 68497
7317 9955
23393 43144
16197 33273
24875 40965
56288 60022
24401 61965
56652 58508
6809 46111
64948 67020
39385 70412
4316 15918
31580 42705
43931 47352
5891 63595
9711 33520
23348 49401
10895 56838
12345 52714
53367 68717
54760 57673
113 50414
34073 62019
53415 55197
58840 60217
52791 71537
54831 71603
15828 68601
9365 60818
38753 63496
43160 70524
23892 66611
14676 16048
39103 63158
12112 18982
52865 53798
42812 69527
4044 9019
16888 25281
15589 63301
2741 23589
38148 39436
27917 73793
14501 21321
59498 59774
21969 47443
28869 72949
4195 8304
61655 62383
3239 51713
51906 73174
26113 45290
29606 39346
32809 34131
9083 32648
37943 60091
2388 10409
14167 37278
23209 56198
14658 54530
36379 45006
15594 38677
34710 42852
7767 74659
32558 44527
28118 50859
40486 43638
14389 22673
17047 51357
2140 66593
3235 7486
34496 64057
21859 40292
7051 19895
4525 27971
32146 44523
49517 66732
4649 52924
23834 59705
35216 47444
53333 68119
34202 45789
23339 66847
46281 48711
34685 71047
14857 32374
12199 73203
28365 36968
46083 64462
8229 62442
23779 35151
25512 26154
24020 63351
47395 57467
36977 38009
16515 47308
43969 61000
14827 28648
34109 69783
30907 50017
41999 71054
4102 46061
13148 74324
4284 70005
47651 73533
39307 57138
44938 72477
19825 65272
4395 24406
20822 27603
40104 68267
18817 54004
18727 41803
13309 30599
7596 39561
5324 12586
37236 72561
26781 71653
69085 73556
10070 18363
7574 13752
54448 70278
52678 59572
21853 29980
41442 64485
43546 46517
30199 63430
22102 53076
49541 69126
26372 29690
510 44517
21167 28329
22849 71648
36268 39193
31369 33715
1167 73074
13913 45559
25581 36932
28225 50563
53543 70647
32224 70973
70368 70670
8604 63045
23366 42438
51196 69560
5042 23525
36 54954
15362 56944
10001 68059
33880 54976
37718 48566
33282 46938
17910 40311
1721 50970
28760 74533
10954 54114
13852 46607
32370 50533
5855 14335
8033 12944
7223 13115
12720 20907
45699 56831
41970 64175
7884 47505
33956 54409
11187 53060
64675 65598
36079 62765
25951 55062
28924 39929
64151 72021
72010 74761
7135 9180
62428 65756
14192 39078
37795 40249
67496 73012
8669 24081
67255 68851
6225 30086
35303 71938
28265 49861
7035 38799
8991 57818
18691 72273
56086 69904
16704 73912
42142 49500
14137 43246
34132 62449
21762 67805
29305 34009
42362 71002
29293 62110
32999 54072
10797 73358
13128 32888
9046 24845
8242 9486
1327 51649
36515 61281
42067 51409
4169 12454
6563 18361
24239 27704
22293 71530
20286 71125
32422 66496
65344 73170
3713 65629
7882 71841
5443 5448
48302 54631
11338 11902
55614 68044
3945 48982
14603 68808
89 35286
12283 49665
55163 74806
2041 20726
2442 48285
32718 48352
27064 57210
27996 70671
9719 40948
36293 60243
34159 66786
29419 74745
13468 35853
58745 70570
11433 68454
16309 62056
26986 52839
9131 36791
37747 38135
12662 41763
51140 63273
7081 54325
5530 44226
2220 52211
49578 71234
47932 48119
15263 21883
52394 55272
19691 57674
6116 58291
4255 44681
25563 63048
57872 71963
6984 17739
4475 38492
51558 53444
138 65844
20957 55016
6018 74071
7381 28958
37899 61554
12014 68318
3543 63193
6731 66858
16327 23784
5305 42058
2677 20883
7285 21758
17858 40739
2780 50561
23049 26498
13317 24713
4724 57869
60866 61391
36293 41188
66004 66816
16578 42916
20114 43756
46492 53277
32339 37950
8380 66865
46919 58478
28408 51863
6188 72608
34928 65368
24711 73707
51967 62150
23307 42811
39751 61607
4057 52860
21004 73495
19969 57520
32827 43892
39911 67929
14646 26265
64157 69242
39806 67871
63737 63768
4929 16658
37411 64304
9252 37297
45273 50081
3520 32749
5311 32225
41965 53030
56719 61859
13413 53817
9056 42846
912 30969
39607 73830
27604 69425
9044 32355
372 72359
32769 45719
18999 25064
20070 26632
12818 14803
34269 67746
24928 32621
1278 37284
38459 45632
36184 56267
29048 43466
1917 70961
18711 45712
25020 52694
26473 65378
27984 54440
29637 44599
14367 25801
8045 33960
34641 74570
26302 59065
6373 35400
11333 48739
9883 50600
27291 37873
23815 72861
10931 61555
4517 30338
26902 61203
13002 67150
14707 40215
45458 49309
25558 27200
2200 73382
41083 55872
58009 60956
11922 67841
37746 69577
15284 52057
30061 38137
45136 47589
11335 37575
25908 30803
26631 33788
15926 52638
32813 50587
43 6893
11000 69011
20133 27011
30395 52177
5135 70397
26148 34284
15192 65403
20998 58435
6185 67369
40855 72939
27270 42060
15929 39867
16024 48194
64868 73810
19847 65271
36235 46895
5906 12216
30390 64348
28016 42043
41385 62655
4989 8693
23448 25044
2335 36709
8337 74416
45381 72970
19966 73362
63900 70369
846 28208
19150 48453
18479 51039
2631 15134
13786 52398
27367 46552
52492 54133
41912 42227
40937 65425
5547 44016
63540 66822
5729 25598
3454 62063
25410 65160
8249 12808
43149 66009
14381 66121
9623 61432
44821 72370
15383 32824
5942 65152
15551 67547
40549 52203
9814 63656
19900 24176
18677 54329
21595 70736
49438 49505
33071 43931
27167 34536
9607 11394
2033 16412
15365 30015
29834 66085
19027 42841
2488 61698
10371 34333
12009 36828
35939 47697
9213 20456
41127 66905
27551 28903
24158 50123
34821 56211
15612 54493
38722 50353
28882 58349
2756 22812
11359 18339
11151 57921
27468 56033
17465 41575
11777 56410
56278 68476
6943 9836
1548 31444
25485 63145
7219 42150
20278 69531
24662 42114
26459 72358
14121 72441
232 71252
56023 60045
1527 26994
48602 57772
24552 44827
13038 43694
27920 41638
40434 71180
14100 22513
3291 6969
60390 70959
3977 7789
17605 22189
42635 64465
13071 71518
37678 66316
9279 22085
32147 68084
18633 27931
66745 72564
1258 5919
3375 16234
3893 24774
28991 33849
49909 66131
39024 56086
4700 11771
953 3895
53382 54115
215 69904
52027 58111
11020 20545
4624 17906
40545 50010
578 24490
62646 71986
50089 60630
7795 57948
16363 20690
26858 32369
29921 30704
46705 74245
2680 66473
46090 54344
36760 43094
14640 65690
1117 37600
26428 40706
29796 45997
2063 46807
20417 64484
37303 59001
26181 33564
27077 30356
22432 32240
33929 66905
50494 59744
5716 26693
19785 21207
59917 72635
46856 50278
10310 70435
15122 47917
13763 37587
42744 67577
17896 37862
25906 67396
17631 25166
7705 24839
10976 42990
20264 69442
10766 12372
9159 38078
48898 50057
34471 41355
47804 55267
27102 28552
32006 48768
5119 69082
53907 58073
21416 56691
13126 28238
3705 43134
24431 37723
39302 50332
50001 64635
36991 40309
7135 57798
14050 47449
28234 71454
8545 68244
41072 58883
29656 73737
693 48079
15157 64383
7493 62786
7062 64997
55385 55631
8882 64745
5437 20336
53077 57644
31357 69823
9450 37505
7869 21491
24878 37758
40113 52647
1828 22839
1174 49174
7800 66119
11129 39983
23547 61919
25345 49142
15729 67250
24234 50029
11345 72400
8676 72991
30968 69642
18380 48618
42133 60062
27698 39422
20023 44472
52627 66076
14235 70370
2627 15268
58831 66432
26559 65759
11100 69591
38930 41063
35510 64461
50589 57328
18840 49015
16338 23458
30634 31087
35330 38635
4737 24331
20572 60297
55434 69173
4985 24340
53748 69731
4716 59502
5512 69671
10495 14213
37617 61258
20869 38145
45504 57289
31444 64327
10447 23171
14527 30374
19151 19309
3655 31374
40775 45359
44638 62077
51348 53180
29644 58058
34719 66928
3673 54885
5228 9259
35646 61337
23422 74215
40073 62947
10931 74094
1885 20823
37773 70203
7723 43750
34729 48274
34965 38211
14357 27092
29021 46406
42590 46910
28790 64000
2591 39216
22703 45726
24764 45268
30437 45518
4311 17468
70773 71486
14656 21604
7664 28023
58489 74418
36299 58001
12003 56108
44756 57091
9782 43678
45529 52032
22873 63841
9037 38261
20649 30154
56973 58417
63446 66112
47053 66346
49642 50789
3178 59330
25151 61095
15531 45969
11985 73271
31636 38361
17223 65339
42006 56167
33496 73588
1961 19341
55512 74187
54992 69600
14049 37175
62900 68772
32562 70725
19411 40566
47840 61329
995 12911
33976 34195
5077 74284
21704 74758
5279 50532
57 70477
20358 46193
14741 21031
15036 17074
65209 69139
2591 9545
58597 69244
29783 57679
18804 47348
11974 51398
13438 49864
31202 73048
32788 46096
5902 21609
23450 69274
11117 69127
16959 74328
39381 66455
625 43454
45108 61974
33406 61410
21749 64563
23575 37395
14901 46695
2243 23182
22840 44330
8489 29015
5039 50128
28111 42235
14819 23011
17935 73144
41098 72350
2450 27364
5834 29533
15887 62602
11620 74818
15549 72237
10653 68362
23677 24876
31811 44472
3573 54148
58410 59028
17827 61943
7844 16525
5558 9397
46247 61820
22217 73437
4196 16732
25113 42032
34329 63206
38947 54304
52064 56558
7355 57414
28594 33598
15539 46782
31854 64185
32419 41989
30555 53778
47635 47863
507 47904
16478 17446
19932 54856
33549 66015
20064 39083
31225 47025
51414 70498
3318 12819
2549 24029
52637 72112
55807 68081
25667 73370
37925 73504
31801 45184
4420 29820
36159 63333
17678 66567
20585 59244
2403 67975
17401 70493
3142 32986
42912 52164
10925 17914
17937 34543
24606 43800
44268 60252
18038 48656
9268 59865
55188 58800
24530 70864
27950 40289
6394 21899
49599 52917
63407 71506
1269 71839
38523 45638
59651 66725
916 51058
1592 27001
10187 54295
27929 38412
5850 39286
24933 42657
53514 64889
41912 43185
8351 34057
6070 31660
27179 70660
18133 65712
22196 25325
2967 15366
49945 59109
32651 61162
22763 28531
34792 59749
57995 71061
9722 29132
8634 39508
31240 35771
34736 70798
65388 71231
57775 57834
10538 18518
14758 39410
14370 19777
49041 67024
41600 48929
3989 70853
8911 56979
12800 39818
28708 54852
35312 37408
14074 22207
21247 39859
69556 72366
40202 45704
1524 64991
49080 63952
73617 74498
55976 61677
32961 69851
12140 51402
6324 34708
340 28739
7671 35306
4481 44409
20773 37137
22907 71906
24130 33030
35621 41882
41030 54711
28581 36417
34452 56197
25727 45908
28585 55796
42252 47062
13033 57503
9031 45587
7654 9718
25686 72017
19424 25147
31678 59803
25330 69564
17767 29491
5336 59268
12315 28377
51378 66757
8851 51268
265 14313
36109 60731
12388 62507
11496 50707
11812 19475
47328 50534
3743 12035
54090 55718
30382 35336
49251 74001
14744 41503
41581 66654
37541 40863
24448 40496
10195 43620
21826 22172
19130 33530
63256 69357
11638 22774
17663 49807
55015 59412
21658 61711
31674 39809
42034 55265
21591 39005
20840 37399
18804 32077
60672 73004
69289 74137
14469 52880
16337 60292
1310 58209
29536 73895
8393 56066
49289 60439
50246 73423
16148 47389
37334 40034
46186 54066
19316 51826
52155 74379
21893 22361
27610 60137
57796 73166
12507 24685
25952 27916
7759 37774
27571 46480
268 32543
4457 26434
38417 56114
6729 7662
15585 56509
67829 67946
40442 57439
4918 29020
46074 64376
4010 37042
27371 59732
10408 32822
26684 60566
23179 33150
48703 53016
5279 73485
16469 45646
32521 38492
35669 47208
19785 64160
39816 67121
1166 6070
1728 31244
42943 53665
36291 43651
37853 54848
48560 66882
16219 37671
12526 12692
28728 64738
19916 36681
2 36127
47991 62419
31608 60568
34887 40295
63475 64009
41291 57593
3047 50189
4237 8586
26852 62674
37604 69719
5707 66308
6855 24582
57597 58561
52489 60579
11911 65070
14914 19202
8169 45844
1243 1744
3820 41787
22000 37214
11831 50465
19549 53844
45770 46418
10139 12118
64316 73177
1711 5765
44821 55707
54889 71170
16259 29621
27666 33612
18746 42053
20159 45855
39005 40234
32955 60367
7055 35579
7352 40258
55685 70602
8689 73922
39232 63816
38217 40516
40061 41470
12684 45602
51427 74620
25301 40068
719 4826
10241 51870
27826 49869
39487 56888
21966 69467
3205 10177
9966 28854
24305 55356
21192 28495
18638 23261
15761 55531
21064 66852
31493 71860
13609 71139
368 17897
31279 74590
23650 37404
17905 55184
29339 69704
522 55512
20473 67494
11093 11234
34847 54664
35373 41708
6569 12301
38453 65977
41410 41782
40198 70282
9880 30905
68192 71035
13217 29731
8253 8493
38206 44195
4933 42155
13215 24007
3452 48485
4128 57150
419 67174
11219 71506
28064 54609
11505 28220
61316 72954
14017 34205
34303 67802
18230 43679
60624 71021
66825 67337
1263 20490
3894 55153
42873 57895
42673 71725
24982 40390
66784 71330
17135 49248
20802 69074
39201 65019
33968 44550
5636 52766
25698 44744
16998 23428
38338 49906
61272 64396
28677 35427
52819 67300
2086 4207
23441 57778
16567 54543
2465 64920
45680 55146
2871 42977
6911 74035
7504 34500
19757 35380
62411 63111
4400 53973
8566 52184
45989 50402
21604 41919
23797 27592
4424 6935
34785 35635
5141 31722
37822 62201
20826 38584
37185 73348
48132 49610
30194 61041
27900 46736
14010 43449
44941 65760
7925 63879
32683 61504
48532 67381
21973 26946
27246 55937
48816 50702
43808 51536
7277 15923
4222 16900
44052 64533
2446 67289
51254 63278
3173 66703
62960 72500
37849 71997
15557 55999
49170 61335
3275 29683
1654 34216
56375 67679
25706 36930
31850 56329
5433 20759
7759 64576
46747 73023
50758 74401
39817 63087
10991 61270
22204 54440
46842 63806
32817 64493
26756 37364
28104 42444
7923 70023
7518 41600
27842 45127
45499 45697
25543 40710
22171 26805
53545 59670
8852 51925
43554 70113
66015 73847
16145 40670
2697 61661
21725 71786
11857 56378
15628 69028
10426 69766
25688 61439
68125 68930
22825 55708
1196 60638
28488 62186
49625 74279
21173 58988
28957 30882
64297 66971
5368 46098
306 47577
3631 27123
4490 43019
17428 28087
974 74631
9448 62463
21980 45833
24417 63150
15882 24924
5416 31160
24031 64144
30901 51659
14088 28276
37133 42290
32984 38269
31159 54865
14931 61202
34993 50943
1285 47793
36790 49274
21001 62578
10002 18093
4909 12844
7902 54827
3720 60695
22185 61964
23974 27946
654 55511
31870 47997
14354 15182
26069 42323
19517 46692
3183 14159
25559 50676
15425 24093
31073 50383
63385 63434
805 48314
36584 74635
17205 69955
33420 52027
6776 33705
13374 42440
32251 37198
72636 73145
34631 46965
10794 11451
7023 34516
8849 62400
9652 23432
34872 55077
28347 74591
8702 66079
46769 56975
2665 3959
4008 38345
24863 53112
1704 13819
1354 70450
10594 20775
26970 34035
31596 55412
36497 68091
13268 27423
3808 19819
46036 73128
24879 34882
3388 70418
13550 62762
17327 38655
485 17939
29213 58360
32616 61300
58573 66369
40676 43518
56196 71906
9493 33199
51532 68226
24048 70048
32029 61276
21847 44376
47414 52510
10779 41183
9979 30653
20421 29206
44132 52231
47397 54770
25177 69266
18754 41764
2920 73581
29706 68899
35735 67344
26004 42748
25469 53355
11385 44629
9993 36105
6745 63174
28567 41792
31015 42686
11235 32158
16563 47375
1880 68993
16005 25210
24417 36260
38832 52045
2399 52083
44683 56922
8223 67995
21777 74479
32705 49970
3642 29971
7543 44422
21093 51026
19771 73021
17429 35304
21152 26021
7188 32775
25665 36483
17688 23098
2627 72230
37336 49616
33412 38028
39884 62740
25926 55986
33735 59596
47378 68750
57781 62379
29704 60713
19821 36646
36395 69376
26979 51538
62292 68889
23233 33822
19388 59347
39815 45935
43314 69890
27861 33678
1445 6413
29941 44225
34322 61539
18977 19560
13348 37098
1437 30951
11598 53338
14420 32664
19592 39591
14919 22610
62227 68352
57180 72638
4895 13843
26387 41403
2859 65728
14921 56832
55361 59787
9671 28538
16125 29192
56326 68468
12780 53150
28001 38700
5457 65772
25451 27097
17130 41028
5812 11348
18399 30839
31259 42584
4851 48264
15744 63341
4277 33111
12708 71931
13841 23059
19438 43675
40557 41205
61993 66567
51229 60904
32671 71884
38846 44376
6367 49040
40022 60670
44273 48894
3151 6935
19909 37159
30490 65674
3169 67951
15097 26550
7414 65466
23758 49931
32043 50137
15351 50834
5186 66989
24938 46341
3273 74005
2686 32905
18054 71074
16100 48986
37916 44352
23205 68094
13642 61610
28115 45353
2864 31792
23782 36578
42125 74702
48607 68907
23843 24755
38399 41887
796 10264
4264 66378
9318 32736
25641 34207
17687 49569
69431 72839
63705 69772
41979 63526
21575 69440
51568 64962
67752 68304
34673 41048
51682 60241
65827 68164
52046 52316
5105 21599
14801 46779
21730 61957
27280 34189
16006 32155
56481 58483
17040 28150
35506 35779
61894 73894
4601 61985
59083 68613
41724 68102
6992 17453
31989 40806
48639 66129
54352 73197
55663 57091
15540 55693
27729 56267
16098 38229
29326 53855
25812 58630
10847 54586
6968 53777
2324 12087
37135 54644
14865 29349
35595 74026
18098 32144
29949 70806
30817 62257
12599 14473
55232 57769
28549 67174
49418 69734
34118 54811
11823 36442
7698 41774
3816 49740
28113 38543
14934 45017
28136 51049
27947 51432
9659 73039
9547 65721
13329 43176
64785 72448
32944 40675
31 67720
22969 64224
13599 43570
5254 41259
1899 43900
24232 48420
19947 47793
38613 68497
41693 44740
25624 52092
16861 39887
1569 9528
7785 24120
45843 55566
8379 40683
42770 72733
64261 65222
9925 58349
33061 48986
56470 61075
9992 15421
11532 68053
6682 31793
6716 11652
40603 63495
27659 45646
7330 21577
27992 29557
6388 34210
50476 50650
13401 68222
12427 28718
67413 67505
19313 73348
12481 26137
47970 49131
50060 73057
18208 49104
47763 63126
6300 20134
18103 48204
18750 27370
42429 45143
26413 30492
1426 55070
65501 69163
38657 61118
956 44796
40989 63095
47849 49018
7208 21509
23208 51830
58810 59275
12039 19123
22613 58562
36133 68286
12334 15353
23477 50396
27593 38966
24030 62797
24323 59375
17636 53526
53697 54618
5540 65879
20784 43182
18828 58879
59610 66607
17440 59985
60339 66210
24138 25929
67 24643
8666 46080
22404 24603
47005 69085
11373 70455
5712 42572
5605 17609
24854 28038
12829 65875
51242 54427
52185 57982
11269 49128
11503 52459
50705 53954
12837 73259
26143 39626
56474 58705
43689 59146
3063 44570
25403 54257
49236 71487
18632 50189
6375 24014
29614 58827
18419 72664
46887 61669
33539 60583
8131 67503
35124 43602
17980 36238
40685 61786
20195 49456
5431 29611
14645 25351
41831 50007
10524 51451
8345 70521
27007 36275
20847 27711
8091 66761
25534 63700
5102 70010
20322 52943
34346 42638
50682 55826
7510 40430
15928 65437
43025 56819
42305 74329
21358 23382
24270 44820
21361 73049
13767 29898
65582 66370
18941 55137
6233 30232
49689 50755
36131 49764
8460 58559
25516 55517
648 42090
39231 50873
23528 63711
19371 38971
28664 64577
354 17124
31669 62763
4223 31947
26319 71999
56262 67835
38012 57703
30639 55652
8397 13426
53234 60647
67167 71199
36709 54167
2071 64046
35601 71575
21741 28311
12804 72050
3011 33822
11371 13912
20596 33495
7896 8437
36649 70141
40780 61648
10718 73077
12388 43700
26667 73397
52472 69238
36353 66158
4687 61195
21072 43028
1245 39306
7084 53151
63215 71512
9397 48064
7939 11194
16787 50042
6269 56019
16723 72703
50382 72470
12875 41522
2857 48821
35866 58426
6784 22378
12397 71628
2217 60181
15293 24802
32331 34822
5371 11285
30430 74150
46762 55870
46665 73607
42225 71011
28577 65286
91 38853
15195 60348
60600 70356
261 62154
50034 54212
53520 69905
25869 46168
37821 69341
10277 22356
11193 18723
55087 67867
44 66928
9701 19674
52843 68263
14464 66795
24402 45186
9460 69350
30265 65282
30271 68836
53444 57080
10265 52747
12389 60953
3387 38107
17335 67499
47531 51474
26420 53614
39437 66993
29573 71998
3719 68582
9651 54524
46025 63713
30220 43853
23797 26980
6436 13220
14771 62950
32561 73915
19879 29159
71837 72545
72 27615
70816 72414
15918 66282
23822 55358
41528 72123
11263 29659
26248 34261
55077 69437
41270 64247
41665 47908
9546 59364
22504 38179
25793 60060
55750 68752
164 9208
45901 70089
33943 54268
19444 35378
13677 57347
43912 63671
22929 54353
31476 43647
3059 36194
22891 66852
8676 20997
27204 72239
28067 74717
1888 60764
54367 64885
1587 3852
32206 45069
40407 62678
27640 73845
1469 59501
19465 56815
14754 14811
4840 74663
47338 52480
608 41269
31601 56140
9618 59349
3598 9704
51089 62661
9907 29481
26738 30764
2298 70653
62848 70249
29028 33722
10823 57797
29201 45071
18708 66760
7348 10785
14652 45070
20232 50377
57374 61464
1936 40854
41283 47263
10345 26712
20949 67229
28335 71130
15227 60799
36423 54050
1898 18570
10548 49741
32315 47786
30967 50999
21762 64802
41636 74682
14359 58059
26045 33916
14769 62575
36926 72191
14680 22279
63683 74699
38739 72476
31298 53747
54057 65291
33483 66596
33898 48386
26048 73602
40528 57228
57335 64484
54704 69793
16159 72900
12811 26077
59796 60841
18995 39814
5007 42188
38160 42061
11499 43217
16168 30272
8715 50772
17173 23277
64560 64846
61407 74749
38946 53923
7303 16216
53483 61735
31014 42929
66444 74813
5191 49171
10725 45799
6455 45326
22010 72110
10816 38881
23334 46857
18662 59454
41272 60496
45956 54226
66730 71866
26594 34779
50797 68751
48206 67959
16920 74847
3858 63820
27155 69201
13471 22353
5249 51006
39227 44660
13863 24826
35980 66202
16422 45181
40736 61875
4221 63545
5134 70127
24941 54443
20341 44745
38293 52352
5604 53148
39363 49754
2764 51330
42447 64437
64131 74135
15844 39367
52655 63099
44389 53945
65667 73062
66592 72786
1638 24729
63539 73011
43284 45725
38975 74275
17888 62731
38219 51344
54773 61351
35391 64698
22064 43630
19347 65858
2831 53372
50318 70775
10601 16103
16718 28604
5145 66996
17927 34473
19808 41582
70723 74461
31802 40908
33626 56085
38207 50794
1279 72092
48185 55442
62857 67477
67445 68687
25875 30855
37247 68355
23678 25066
21680 56996
19299 47783
9793 64855
33493 38465
42263 65518
7257 73881
27751 41475
53980 56410
12501 51294
63680 64267
52048 65488
6321 69877
49177 66646
6375 21958
16281 45819
16618 65854
3111 6172
12881 72281
31433 41587
34672 50255
7845 41271
54901 62963
66347 73089
16970 66002
38537 67189
54896 67219
21727 31875
6615 18862
38609 42610
26317 28217
42399 50512
61862 65802
12086 21346
23491 68194
28171 59969
17002 62688
62558 66848
42104 58519
7735 65676
23031 53621
13580 24672
46339 47251
5962 55841
17570 64526
6130 60003
47238 50628
20351 66442
20105 42074
13420 46227
2183 29395
71000 71453
27130 59333
7819 10689
9527 28699
22083 26458
43270 57034
4593 51382
13340 69609
11156 40057
16001 21819
26460 26935
27928 73536
53009 67779
47562 61058
12947 24050
10949 11785
24143 71982
3060 13000
2390 62941
45798 65795
23410 24956
9298 34814
30939 31634
36509 63058
30984 63229
33459 35036
27143 62464
15254 20854
13089 35559
46440 59894
9778 43359
3903 23615
46992 50144
25178 37556
6925 32906
24282 45187
19771 26492
22915 62273
32297 33313
32165 60601
45337 57790
22606 67269
44581 61254
28723 54457
17765 70294
41679 74678
29539 48898
14202 16018
9424 62928
2682 5799
46332 71546
2211 68470
17256 48823
2489 54490
29453 41457
42615 47472
43963 56047
34725 50043
53688 60703
8327 39750
45754 51882
14779 40179
14863 21806
28012 34007
5380 67086
15405 71795
6446 71862
10502 26811
68555 74445
35474 66269
21682 23307
19338 72775
23506 54990
3074 69950
17591 41242
36581 47896
5876 66954
52789 56986
14036 60999
65724 66305
45388 63940
15287 17829
45223 59564
20895 63898
2892 50490
5091 57966
10441 19569
55534 69463
12693 47277
5635 53316
58231 67794
37813 70796
5451 18278
64512 66330
28617 74499
238 69184
38427 39075
13389 59791
58122 65192
15673 17046
17343 31539
38417 65915
12748 18140
64179 65005
3532 36721
18275 22168
7832 71870
56096 60078
33160 65053
38540 72489
38468 56576
28429 38298
5308 71441
4774 26267
42826 59866
45893 47683
43581 46810
54900 58975
62635 71630
51742 65895
34045 57812
43944 68552
38337 72301
18122 48520
42045 43841
8157 56864
5035 34702
8223 73729
24594 63913
28122 55395
41428 48475
32304 38802
2521 30608
18686 68193
44822 61485
76 12749
22999 29886
61274 70346
37091 53632
1303 23248
18109 56775
12666 53636
35916 73715
18157 46495
8422 40308
25343 33385
50476 53838
66586 72002
53830 58986
53382 61284
30921 64935
32510 71841
30398 41864
8131 58889
993 73490
15023 74724
32400 69016
508 22622
49559 68148
9155 74732
273 3600
14172 31500
69244 73933
27985 73864
32869 34326
10580 69443
25043 61121
32578 39258
1138 42721
42671 63509
3185 63353
23569 61401
28419 35993
3440 35218
16672 74607
13054 45264
11186 31834
18851 29998
39131 67548
9418 68945
38381 56171
10982 45500
41864 72100
12952 32846
12118 13700
5687 20434
7138 32113
14344 26032
19077 49726
9200 11367
909 39923
23015 67995
38898 42622
7894 32574
32919 69626
35415 54310
38136 60292
5276 12159
18535 42490
148 47096
16530 54926
15364 39883
15358 54855
2781 5726
13954 14550
826 41463
55230 73844
34913 66858
22013 73303
23507 57526
66600 70860
13293 25188
15145 41826
46955 50660
35271 69110
44650 73262
50436 67626
43616 73251
38406 69948
39659 44139
21509 58266
39698 68598
8538 13569
252 68283
15947 51209
18679 58744
7751 62857
5389 19381
15201 45397
10478 25763
13855 62044
40450 64183
6857 35974
41128 45796
39067 47649
50425 61545
41884 64803
53996 61803
24352 37189
51189 52804
36063 51085
19521 36843
23483 74677
45420 68663
9656 23192
60258 72520
31948 32909
44920 49665
10507 35407
40761 62041
38617 57765
21331 66578
26773 51169
25482 40196
22347 22803
14097 73170
6174 30030
1884 33528
23691 42360
23617 59040
52780 62619
13519 24878
54770 68379
54565 71418
29953 32887
15173 28714
40054 56453
9343 55503
22330 36445
11799 54377
38920 54472
11556 35484
37127 51571
7343 43859
48458 72086
35300 67667
10675 16774
16860 37441
39875 48476
27958 67828
7361 56548
47046 64246
41795 72603
22345 70149
3131 5860
11362 74469
1886 4960
39059 61853
6169 56423
51110 62715
282 22700
36871 74475
13156 32600
6658 35178
15547 18009
12299 24344
5782 21758
718 9554
1254 62486
1926 57870
4395 49514
51986 61792
21716 32010
27414 37314
58120 71896
13473 38464
55454 63493
47542 71331
5618 51599
35898 66533
11537 64410
4131 55121
45408 45559
1716 38063
23604 48082
1345 51004
1967 68436
27393 33303
26354 57388
15843 36667
41284 51493
48146 67132
60845 71373
64579 72405
30094 61019
12096 14418
23287 57962
9772 11651
174 6202
14473 33792
54873 71448
31651 52748
29506 62399
19904 70142
5426 72471
20270 39280
13804 45565
11482 58049
5364 32096
30799 63382
16223 43893
32757 57482
25959 39623
379 27010
16286 34066
51501 53482
48894 72925
22328 65945
23052 67896
14106 25224
43339 65958
736 1703
31863 56684
109 26835
39929 43154
35445 73671
40655 73607
36919 55879
9289 16288
59462 72159
11549 35127
6590 20291
19085 28771
6296 25930
45810 53622
25158 42519
40357 40470
18312 50703
23227 72319
3058 14408
4768 69599
1012 15290
27759 29899
3561 29552
23774 57283
59291 65071
3400 52263
53142 66428
23711 32427
1443 12913
32405 34322
12230 44600
2521 44010
18965 70219
54211 61533
7645 49491
46889 47555
40365 45538
36621 42339
6302 58126
27705 53568
3511 5398
45405 70539
41941 63807
21689 33558
12591 44502
45509 57863
17456 50434
44295 73554
4819 26497
31795 34959
18381 47324
11938 34989
23546 41120
53284 71090
3502 24628
6850 73198
45729 61352
6358 26125
28079 68088
23592 63909
3715 42575
15147 50944
66055 67703
41023 62053
31012 65290
10764 40826
32479 73697
24600 68323
44540 46408
4921 48966
20120 38193
21989 73834
34326 70198
21713 36837
8775 51990
36717 66575
37514 73157
16369 32266
29646 41136
23455 33205
38027 72409
58829 71571
19546 47031
61389 74226
67406 72678
16884 53865
17887 56084
14779 18428
2294 30945
19733 69915
25124 51297
17088 48824
64160 66063
15408 17764
18185 66648
39414 57070
20226 21939
26826 67580
47403 50399
8053 60849
6233 45962
39784 74257
49519 70114
7107 62695
17934 35240
2721 32319
23238 58555
41203 56466
15872 22424
44635 65847
34746 61764
53593 73912
24930 24944
163 65664
33250 37401
36804 45965
28591 53731
49179 65827
34901 48227
42776 66789
17154 39330
16822 44200
42062 62939
43942 51389
7258 40640
26431 46919
34768 36225
23100 42602
15472 16451
7777 58011
44181 58411
25324 50967
42553 49211
34963 65423
12873 17613
46423 65671
35088 68594
21982 42370
27448 46367
40947 53164
8723 54603
52612 66320
41751 68116
49956 59898
37659 74302
18008 58149
15532 53502
31630 42625
14508 48037
50261 60937
6170 46753
5789 36772
19364 42177
8457 60094
19472 36643
47958 48136
7235 30779
18706 27154
9598 17823
12163 58451
34044 60595
51755 71005
25870 50135
5148 43659
15595 27081
26863 73732
8336 10634
17063 24268
24339 38325
2928 13322
7831 10579
44293 63376
10439 21535
27748 68580
43281 71335
8952 52724
7844 17786
32161 73325
25816 37922
8268 62334
39312 46237
38700 71286
27910 63200
7415 65079
6805 24513
9960 16953
38323 54929
51271 70900
48364 50863
43441 55816
13639 14012
28314 63207
8960 71273
15899 40239
41081 67257
171 24330
69138 74719
24017 73084
48354 51937
28082 62958
16942 34482
11994 43024
32613 60024
52738 69773
11372 23764
20321 51875
9823 26731
28139 28840
13528 55872
43657 54309
17426 28001
2894 53460
47415 53155
890 28491
29940 58050
14351 69864
32242 45986
29799 66854
9204 63160
46260 52127
615 13058
11309 54677
19019 26626
12119 23605
23600 35867
7446 17560
1946 21716
34360 40312
11367 20194
3927 28662
15618 29239
2375 57618
57651 65574
4333 47473
34911 56221
9753 49250
14147 64231
110 8703
31282 66154
41469 67329
51548 58265
5999 30582
13605 28575
18123 65294
31614 48335
11125 36621
43789 47418
11128 45516
8288 74151
27265 67421
2072 40698
3020 14689
9703 46355
4229 60471
3117 16831
21174 30817
13865 34968
32966 41164
26656 34686
3657 33558
20026 70954
64388 73106
36025 42613
2364 45027
37849 55348
30934 69224
54203 63006
12958 71771
2014 23168
40189 74315
27162 71722
21347 35400
5154 59872
5221 52294
46 71636
18034 39738
41013 65646
67842 71522
20538 32921
45350 48874
11606 73153
40247 46993
45409 65275
54241 62440
11555 12801
58065 59016
3869 70992
12085 41184
61011 74123
51752 65940
42889 54155
33252 64965
32588 46134
24061 70088
30959 48763
14369 34432
71127 73178
33257 71121
61047 74803
33194 51072
6582 47242
996 1577
10242 31124
29153 59137
15952 73734
9560 42052
34542 67328
16328 49555
50753 64592
14412 25945
19386 56822
23394 38557
23763 65625
38027 50884
16717 63592
9067 57882
33772 56770
14664 25276
20433 67860
6683 59498
26881 59611
22169 39726
4135 63925
36610 60589
40494 44090
12371 39712
41085 50890
17609 41743
12006 67011
54318 72605
54067 67348
45670 69035
24602 50818
34811 71180
8179 40837
56846 72355
7364 33518
40444 69455
4043 74423
55301 59138
60008 72968
52137 66049
55331 68450
11699 18978
11962 48288
11401 74481
20524 73668
20782 65653
19078 68809
6109 55330
31666 35624
27377 63497
1058 56601
16038 65101
8280 41044
4822 36248
25358 26316
70407 73914
53085 61826
33500 72629
27251 37281
27688 39874
47187 63553
18950 39409
287 40630
5590 74194
59721 71521
41483 57485
15762 33480
6756 11986
44048 46723
6506 15776
10029 28239
47744 64837
56914 70584
50633 73052
19863 44696
4335 45721
15059 50065
1799 7766
8004 18833
46340 67921
10513 43753
31597 44439
3366 57240
13205 44473
5908 6442
47702 50264
35603 55832
11045 31755
408 30071
48378 53795
56035 62531
41805 65196
17980 25400
34143 37569
14540 39313
50143 73326
20884 22328
8764 10690
22959 51594
29641 57141
33577 40961
30148 73824
22666 42646
28060 56289
2596 24475
29871 49079
4396 70686
31701 55641
61166 69120
47497 65707
5785 45600
23903 33691
8824 48294
63087 72186
19968 68377
35700 51916
43412 71243
459 15608
2989 70123
36514 48691
11047 29121
2639 53094
2873 65718
42101 69489
33072 58942
38805 41286
27415 50004
40749 59594
11317 45612
31397 72218
19895 50627
28867 67878
36982 56242
25869 32710
33488 61840
28807 52580
16433 68994
18431 55138
39924 46629
20439 36130
30676 52095
7888 25132
29773 73496
10929 38377
22952 23472
16468 67081
24838 26475
24077 33804
1539 31972
34371 66749
30849 37761
54671 57268
19476 69379
139 50328
4332 70209
9341 53350
56595 60994
32861 53886
16627 60382
25444 66932
14607 30468
1719 23435
40180 50649
35249 59169
28846 73345
39055 65328
21621 26673
31131 40371
11577 51144
40364 51241
6602 8090
5482 56941
23106 41789
4527 66564
23439 57593
66722 70539
46484 54021
4447 42206
28606 50553
27923 58511
45779 67859
65376 70637
23372 63911
5557 28007
36713 39765
9990 68574
3553 8401
45430 62705
58303 71304
12884 38133
46205 50114
2902 22865
34985 74766
11811 18006
10287 60583
2773 51952
50813 67295
46123 71707
15607 66677
27458 74470
2670 70287
26162 63396
15504 21066
29242 35532
6235 9925
15438 73525
9272 22781
30289 35112
17923 21515
36091 39108
54514 64686
25817 69665
8762 66515
24893 47978
8970 14796
65727 67536
9850 45308
55266 56867
9107 16625
12204 16925
7268 23193
30963 58367
15235 35071
6586 65875
44536 51033
40190 71435
16599 42134
8868 30131
6829 65564
16689 24813
4870 38203
33658 34727
16467 73269
4509 15902
32129 38113
11298 53956
7662 63173
52423 65104
51178 54477
35487 53895
11254 28398
52517 67648
645 35539
2470 31473
55060 74558
52795 67918
39 6673
1499 12270
61295 67313
13858 58145
32406 73590
23944 42172
44153 67173
10770 26998
38640 62156
4606 18780
26743 39868
6873 26437
50506 51662
476 67183
53057 69604
20132 30315
128 17066
51312 61626
15614 39242
38322 47314
14645 27044
40622 55664
34976 55606
47364 49346
9611 66495
28622 54430
46758 57856
11995 54314
31351 33091
19103 46034
18297 46113
41839 49343
30969 71635
25979 52599
32870 54403
19217 54927
35754 61406
9717 57400
45998 67719
39514 58623
52153 53841
20532 70695
25493 29068
74298 74670
40835 64124
47302 54913
2768 50522
41775 41800
5089 37734
7668 39515
11863 66428
29929 35445
101 18281
70864 72498
15511 53931
7250 44625
52532 72491
36480 73273
54874 64195
17653 33085
10774 41564
15942 52005
12327 57622
23785 56694
489 62471
22209 33882
11197 28045
33428 74364
23111 71904
74 68058
10377 19115
9116 18988
17496 59372
16146 30362
52875 69102
9480 43850
16978 64720
16621 18061
32498 38363
4945 6734
46394 46943
8182 10323
683 54225
26050 59909
19163 64861
12235 27225
31212 60720
9261 69280
46045 64830
1531 74427
59168 66438
18431 53092
11052 15860
13890 60617
64460 67409
25703 62366
23740 52531
16830 50003
4809 28436
55139 58345
19000 68205
20160 74447
14581 44228
14856 21350
7754 59726
7240 50152
9987 32588
23256 50739
50201 68064
21477 73252
16570 70011
48478 50484
26281 36701
72957 73763
550 64369
3191 70289
52551 59121
64671 73578
19415 28975
43118 49287
25966 56497
7747 19705
3224 19334
36104 59685
16191 46531
59555 72526
53187 69724
23003 52289
30016 46680
1444 16681
49027 54178
39503 40722
22814 46978
17686 71489
22451 59955
9700 17621
22282 42382
34465 44610
10741 19763
49572 70169
7390 10159
56799 59895
1397 41263
54448 65929
8456 62640
2024 36474
38854 39854
72706 74598
56578 63570
13534 64126
6817 36069
32124 56784
50245 60645
21434 46141
32065 60035
36307 50001
13938 25439
52125 68061
56677 73674
39212 49846
45263 66706
28975 65987
11437 42336
25675 46910
41411 65224
22831 68874
69676 71105
5826 45205
16804 22135
14058 31033
68062 70341
42517 59879
34787 58127
21699 22807
724 38579
26115 38304
17486 41850
47101 72963
6709 49336
33646 38634
7302 71471
8760 30113
33984 70691
36296 72876
9760 47789
15890 31544
1845 66774
21563 26962
46262 55857
41790 57828
8558 23048
52243 73042
13095 38910
20225 20343
9037 22737
3827 44265
4288 8576
32754 52326
22944 53189
36634 72735
54590 72461
4890 71696
19589 67576
55004 58448
33268 55627
674 41580
603 10935
5405 16029
14745 34429
47409 73979
3457 73474
41002 59660
16624 53079
43983 74155
57131 67610
11227 30610
44099 72535
7536 55460
1170 25080
4472 73156
27132 35580
28420 62147
14585 27365
22130 59126
4644 54816
20990 48007
15690 54965
5148 38505
11635 22651
10923 56170
37298 70977
2993 51337
16682 55006
31887 44692
17536 55393
899 31888
34368 37980
1339 54485
33264 34316
44213 52802
8293 68697
4414 68870
19450 23312
42023 70237
49583 66153
25043 59860
32236 58722
23924 44886
26507 58279
25670 50907
7694 32865
18321 46077
42213 71948
26260 32557
62029 65299
20048 54100
40630 44491
44270 60902
27966 28876
54230 68005
11958 13264
42069 54821
13200 72739
2131 28712
8713 56471
119 72892
16874 20501
28070 60681
11599 23579
41098 54301
38745 65782
58258 62883
52506 69576
34292 63202
5316 46499
41417 52475
13905 36187
51677 72853
42690 66728
23400 40418
3267 40529
8664 28348
25073 39451
26923 31848
32997 64281
19937 24301
14882 74577
57887 58183
29665 39730
15092 20904
60579 64037
59946 66319
5500 18127
41214 59993
59939 59972
23968 64691
12336 72727
34051 40727
16793 26959
49072 69122
35325 53053
3469 17086
13068 39150
10068 52512
64570 69382
19800 21764
14614 36053
1368 22474
31658 52490
43219 73653
37215 57894
14775 15004
26859 31102
26129 64892
57132 64977
30213 45303
62149 73508
12011 21607
37166 49869
4301 74182
31707 41940
33808 60404
25842 66903
17816 52969
25955 63873
23851 64893
25718 64563
18769 39245
49690 64893
34653 42202
1557 74287
16659 47961
5387 50289
21660 55787
3985 13204
11314 50093
21859 34430
20934 27169
36161 45549
53939 56997
44664 46894
21520 31416
38770 53816
334 31177
32560 52841
16048 47730
15306 58634
47967 65612
7349 46042
8903 26011
57582 72611
33807 60520
33385 38771
1240 8181
7703 71018
18042 22022
17616 34733
14512 50430
56788 63172
60062 71771
16295 56430
23835 41336
2773 71659
2647 16098
2948 46982
27499 35569
31740 43577
51019 53123
39672 71773
39490 47474
64540 67948
41570 60906
21611 34952
9748 56693
31721 55244
3429 37303
1029 42181
23345 40531
70878 73565
1815 60995
52430 52477
4100 55264
17523 26519
63544 67542
58518 62633
47719 53995
13167 47568
20996 26628
41666 42971
19796 65461
18249 27799
59062 64689
17662 45452
11596 72628
39573 51343
33116 53574
11874 20975
1469 24365
66426 66625
5233 36973
33513 62103
45457 55754
42386 67895
671 68032
21639 21788
4334 17077
35850 63603
10359 23448
42453 48575
43357 54385
47614 56974
59045 68322
13684 18522
31031 69690
7241 73195
2467 19432
21014 25086
36010 59878
40030 52069
37256 50841
24527 35871
19054 68441
16238 51390
19812 67905
24484 27719
22197 22816
37057 53794
31763 53671
27338 61938
55210 57701
33002 66899
45170 68592
7612 37888
59740 61580
13717 67737
24225 56521
31719 59061
36338 72680
19741 48487
7417 12479
37761 39244
38244 40262
43839 71181
6467 69136
7293 24217
41785 48029
1753 60963
35613 52967
13520 25895
2213 57269
48130 61067
38836 50622
47528 61585
59603 62735
61146 74044
26724 54736
19290 60363
31780 68865
31873 53296
16231 35285
2746 72209
2204 65208
15848 16799
40119 68271
22160 65184
24522 58164
1636 62133
39056 45684
28295 72233
1521 21999
5256 25807
19651 41946
1616 37059
25936 62130
5402 19132
32339 39012
7389 73982
49243 69321
19242 23461
15694 34019
52643 54638
19590 29673
17336 64508
35258 60968
29389 47924
41883 48830
36955 73216
11543 65161
7331 55649
11885 51987
7606 16195
6690 13440
30666 46119
38563 71657
48411 58064
48143 64887
11752 27310
35358 40601
54283 58973
20593 74655
27009 61759
45894 54013
62061 62570
19443 26094
36555 58597
54 54524
27018 49776
46677 50411
32209 71455
147 59655
3284 43847
55545 70550
13733 19274
17671 45808
1404 16761
36182 46664
18004 55978
14385 42236
1385 70585
15002 30715
19547 29071
27977 56479
53287 66036
6433 39538
19762 63186
17547 63440
11034 43178
13636 67033
69405 73612
54430 68958
48135 69471
26591 62828
8787 10466
32859 67735
17685 29328
14208 62004
41200 43453
31503 52487
11558 31689
16457 47864
27203 73980
16205 49662
5298 7631
15930 60612
13363 42720
17880 66534
1870 60495
19333 25422
30759 47996
1467 8068
25145 40382
51410 58792
23714 41222
633 39606
29035 74857
44121 51464
32026 32653
15176 20661
29700 62487
40836 57552
2358 34641
35517 38128
23752 38581
32715 45828
28789 40349
25506 41898
10181 51057
22051 62150
7670 53263
1146 3213
7579 72285
594 57004
27371 32872
28333 43018
47157 62860
34235 69501
1927 73467
12911 41361
36688 63884
45831 45889
10186 51216
24888 73432
2905 5647
4458 32016
44545 63648
7466 20252
47576 62162
43135 46856
57379 70059
7400 36386
8957 22099
34818 62576
18393 69954
7732 11709
38416 48380
6378 68721
17538 56243
36402 49367
19399 65850
8200 62039
47439 62546
48396 51689
50760 57086
34677 39445
20060 43812
42732 45688
41374 73002
31175 68208
64207 74688
18754 22973
19057 66109
12112 27875
73122 73404
38079 58325
14704 56871
30410 62980
10031 66884
15257 69694
64011 66797
36385 38743
23672 71558
5706 54436
27267 41928
20075 68271
60380 69924
3004 7130
21759 60377
48692 54592
32522 61891
39291 48258
2924 67824
12362 65530
41429 47350
62572 65520
326 51394
45527 67054
2923 23467
8884 35383
8315 69076
32090 67502
4875 36960
32003 69926
54747 73826
7795 74568
29222 51660
6887 24195
45868 59064
69176 69361
12107 27734
27712 54145
3053 31295
6969 24736
13987 50648
31200 37283
34168 68022
22291 36027
58407 62018
2965 43448
43054 48326
2059 51127
20648 72142
40571 61191
42013 57560
5930 11677
60063 71682
43657 49316
33299 59487
42276 42458
13773 39981
54141 56605
40753 69553
29598 45321
717 65681
47479 62610
42759 43067
897 50430
29120 58524
18987 56805
36922 63407
16351 28221
43193 51356
47727 63195
60050 62961
15849 43786
26603 37982
13575 15223
4130 33474
5112 48100
13375 44287
37847 47652
66641 70191
61753 68923
55501 71636
10065 31008
32202 41409
33710 65600
5073 67474
23889 49656
11287 55864
28236 35605
58030 70960
19285 50388
16462 57025
64643 67930
13564 21020
44424 53726
3132 12041
39595 67177
39243 42542
618 35025
20894 64372
1593 29624
15623 56731
19423 35972
14375 45455
14091 17400
8831 70094
36969 60036
11340 51232
15695 18323
19149 45660
14558 50247
39260 58577
18986 36530
39503 41921
25600 51769
16631 18865
27146 70220
3071 46958
9502 55240
25198 45244
22738 26312
41784 49624
9518 62775
4492 71819
11366 20616
6875 69257
34129 55632
2917 56083
9124 40219
13968 14290
67498 73005
18523 33220
67216 69886
49186 72147
29669 57020
43306 62521
64425 67566
6113 58699
38551 68734
61498 61996
49933 71845
29923 37566
46427 47660
20179 39041
48128 69700
14334 19756
10621 41300
36104 52384
18982 63433
35283 42763
48317 57511
9531 68141
29658 66375
1129 56331
18628 74196
24751 67115
11973 21578
41530 71569
4718 55910
49006 60884
33894 34189
16124 58255
23866 34937
7383 12721
36546 38891
32506 63474
7193 54814
42884 67684
48422 60167
12893 63038
6472 12033
13425 53983
15888 21428
18942 28560
19013 58780
23841 33481
33579 53912
12667 59578
19053 58298
37390 71891
35783 36920
9885 20899
18672 37739
13213 74103
6620 35409
4557 15992
5245 16686
39524 43499
2766 74205
2303 70888
62660 73748
55535 62221
11031 34645
41314 58402
60538 63444
31877 56801
3323 36377
30804 58820
17513 69159
1905 57922
41506 67565
36687 40840
11192 39987
20033 63021
5839 16126
19665 56212
13147 39092
7611 72683
25700 51185
20074 36932
32570 69649
32507 71022
13720 59209
52681 63116
14490 18338
16016 42112
26462 64058
39512 65035
50410 56062
2317 32567
15095 29967
72873 73665
5683 28844
18253 58809
45798 62868
304 37925
32729 49345
26383 57663
17468 43281
13646 48878
54134 68933
56037 56039
9009 12222
12297 27514
12190 30368
45766 54113
10709 43064
6928 47574
2269 57880
7821 12743
1632 63240
64138 69900
26929 53398
43790 54687
2941 41394
37553 51763
10565 58119
36334 60455
18331 52169
11585 20069
3331 69183
8637 71279
1453 67933
15738 56177
20683 24908
4107 40189
19444 23041
48223 61048
9023 70392
12908 45645
22079 51028
18798 43496
219 33326
14541 74583
20554 33797
36877 59079
4048 74615
36924 58731
19902 50268
38179 67286
51298 62822
6066 41857
27630 59161
39619 52632
41234 53955
584 43778
19568 50539
12383 28184
16094 54391
23271 41401
5467 53164
44976 71376
25748 36588
10710 15583
14546 60099
15481 36506
4312 56506
48729 74052
31897 58975
10185 30917
10326 71093
35891 40962
8472 22881
16539 20625
22814 48808
7266 32524
2240 44557
35896 37543
40299 66025
4097 73022
9998 13400
6630 41038
18328 66783
35250 71473
17516 63355
2002 2618
13979 64732
2097 48980
12672 47365
35583 67682
14736 61782
48038 74813
1874 29795
4544 64217
47624 59823
25623 53541
21690 24159
11331 58015
20416 71656
2311 67268
23073 26968
45219 45655
31635 67493
29255 37929
20228 60917
6339 71192
34684 50796
42536 60682
19133 51643
19927 48879
18240 60126
60995 67932
42609 48267
4923 70251
14871 23687
9447 34055
50456 65957
35739 42201
5097 42093
22413 51509
28010 51924
26838 61873
34915 51629
55470 56302
14076 25737
5119 56089
1737 57519
24981 56029
20682 72466
36486 61507
43952 64268
42389 45161
20092 63962
64094 65914
34219 47207
19198 70555
12062 18564
22186 39963
2122 48600
29500 41054
8058 64805
25863 27250
4973 47889
37457 55374
18792 44440
9945 11915
635 50500
16114 32223
59093 59142
18946 69554
26635 43612
20954 59893
20691 42661
10030 50488
13668 46159
836 30145
36469 48189
32701 61843
51788 73401
3935 63157
17901 68676
14735 21543
16682 22336
20211 41140
46348 66941
2258 12581
33551 35924
244 28064
1224 15910
32877 66316
12757 14930
44684 49492
20511 42504
8677 23252
1173 5458
41572 43493
12565 26346
47670 67138
6095 36987
49262 66295
45610 69477
34732 40864
3711 25931
37476 59911
32353 40581
27026 31000
23371 67215
5596 49957
53120 60793
28497 68381
323 64517
53588 60366
37467 70716
18812 47056
39915 68599
17527 22043
32347 58154
299 72651
54911 73958
9050 44188
43352 60787
4305 50058
19319 67311
25917 45334
66115 71936
33846 37987
23235 69837
63014 64662
13039 63171
30922 55155
9187 20765
43719 63708
23717 24783
17212 65586
21436 48829
41390 47602
16820 52738
60073 66869
36216 42483
1248 48172
22789 61720
26553 33087
16861 45241
33044 56733
36290 72572
59679 61795
9977 59954
44996 68347
14500 17922
60446 74768
31642 38940
12111 56447
33766 59435
30801 34236
43103 64926
9522 72865
52893 63405
40894 43474
19059 74785
55666 71181
41067 48290
18653 37652
48449 51275
32395 42469
49395 51584
5790 71024
10067 73224
2637 59677
54261 68653
15913 60012
45049 67719
1402 17100
38132 40224
63528 68212
33753 69490
284 58935
35918 58376
13319 25288
2983 21377
8512 8748
28326 45583
19928 71900
32681 67484
20130 32581
56327 74832
25867 73887
24228 44218
25497 54054
12549 73962
8446 25986
1565 20396
9074 72934
62309 67234
29947 68288
49936 60192
43443 68130
33234 59010
37753 44177
14420 38738
39650 56108
21546 65556
19728 31335
17461 49087
13461 51955
49671 53035
6508 74379
8794 26646
29138 37794
38555 49368
39836 68387
22577 24857
53548 59443
41480 48090
4204 55367
13566 14644
24773 51370
28965 35413
33014 61285
29951 36958
29280 35787
4555 67880
418 52140
21383 58960
33771 34166
27965 72585
58990 64398
7490 23934
15259 70459
40667 70663
16244 35184
51672 64483
40254 65368
53458 68907
35747 51883
3075 32428
36086 70393
979 16970
14681 55642
27257 28100
5272 33477
60961 65867
15157 15694
17786 40208
64913 68391
10624 72180
65590 74553
4416 62811
28635 43709
8386 43540
3542 7034
31932 52821
27561 59926
4162 70204
9534 40916
12648 40070
31939 71974
22096 32944
37144 60569
46949 51971
29183 35581
53489 55711
4986 27323
18087 72020
38708 52171
33669 58641
17666 18259
9709 36223
18859 18967
6194 7865
27677 55815
48520 61925
11942 29363
3678 38130
5177 51594
32237 73005
15341 51780
52061 63950
28740 33285
27740 47526
20615 38685
50647 59922
17187 42212
11007 20720
10017 74402
8116 53713
5329 6500
34117 43469
4911 44279
45566 46859
35389 70154
50757 54566
60148 61118
36796 60665
9997 72854
26599 58263
38648 67400
36547 49562
722 26541
15985 69315
2642 54090
20427 46778
58228 74021
9963 55902
4532 9018
9835 11091
54469 71335
17928 53321
51115 63972
20143 57029
7966 54134
48531 69746
26890 63985
54661 71919
56365 73247
36086 60019
14639 49127
5910 35833
15392 62613
37806 56287
35643 64960
3128 12749
2259 16290
37662 44855
6384 24220
3249 61569
18629 72951
8510 11548
18953 39521
44502 74414
23732 61666
12954 24169
32837 34574
27801 64609
31546 54963
43977 54553
15579 26420
31914 49686
24483 67811
41395 55571
6846 46276
806 50662
57030 65944
26331 30137
41603 63938
33986 74322
7373 17353
31681 66578
14397 29972
29928 35767
43348 59050
17864 65466
10406 51870
34726 71207
22164 69721
1848 63532
23549 31286
45214 54348
20029 69765
19962 62989
25004 72202
28019 54337
57999 69780
19336 44930
13877 29527
17421 27433
53150 71834
2249 37655
9273 31140
9648 28481
69693 70589
42040 54960
23274 41531
14289 43015
38809 70432
18324 37034
21909 53027
1973 48747
21230 58663
6738 28133
3580 22528
15702 59179
26541 53718
14615 48292
64503 67051
44171 49550
70964 71886
24877 50979
51383 52626
25502 33895
34433 63735
27458 33745
8426 64839
7774 13261
22679 50305
42382 46770
23820 29908
32442 69010
36460 63332
68046 73920
11059 15296
14461 28220
35139 40588
1128 64670
24612 54128
11511 64978
3942 69087
54023 57295
45675 55074
58838 73010
19166 50227
21047 48142
31410 46678
13222 55115
38419 50748
12761 20266
1185 9923
50717 68618
53259 58535
28218 59065
27358 28124
20597 28783
10714 35063
8904 63445
22086 34267
42181 55484
12591 70929
452 7573
26891 46606
18462 56129
28048 33714
19091 27127
11851 58021
4221 4922
21076 62610
53337 62170
29881 42869
15451 73367
17429 30047
33145 65593
6224 66784
34576 52661
16609 41361
12530 66380
14553 39804
44930 62068
7666 13653
33131 50203
40106 41221
48686 59277
984 16045
9585 26797
2919 64065
22587 23485
52727 60314
65605 69891
10933 30813
42834 52970
44434 47933
6633 48880
64391 74856
16106 38014
21589 73570
45678 70566
36367 74735
46319 66260
8488 59874
36686 65963
26072 46611
20253 50893
3042 18281
2809 17240
14219 45755
21741 44280
11961 57530
22402 65599
17765 58652
31614 37699
8413 36276
20025 43438
4381 22072
59584 65528
47991 66653
2254 30257
2295 65327
20756 39536
28058 53640
27308 28083
23183 36279
15698 31955
10429 60301
17188 57610
48499 55883
6261 13935
25251 50210
12925 49714
43089 44270
30511 39470
22923 37863
24214 56369
45681 49548
19193 59453
43359 55463
62624 72269
17157 35062
21618 28976
141 6521
43172 71978
40304 57227
30311 60087
8906 64611
30517 57330
19524 34347
47581 54431
5003 73859
23275 60555
21975 57614
21269 38290
25854 32317
4719 49964
32516 69304
54305 61011
44237 52620
56110 60554
46505 63934
27303 64636
9330 14587
9386 70554
8617 36845
17201 73640
39622 60716
25301 41753
23798 74735
22447 45417
44454 46467
22003 40346
55575 57964
16564 41061
14985 72883
13731 33162
10978 32470
44478 70470
6903 20544
17982 41413
44269 51884
7911 15310
20899 53226
41702 52909
23516 28504
11563 23181
17349 48269
46766 50220
24506 41104
5678 24688
19424 21945
10990 63017
7244 22477
13768 50738
1907 6025
21290 52700
8717 33999
30605 67426
20425 43131
23931 42708
39635 39716
13835 50713
30654 38376
6364 9407
56635 63491
37348 73719
19942 64452
38194 61033
31379 72088
50222 55386
18529 40020
44901 50347
515 68714
1715 2891
42528 43734
1108 54771
31300 38683
4977 48533
22369 56934
18920 66397
3082 33317
27687 69622
6408 37342
26320 68780
31656 57994
36651 74523
608 12514
33564 35619
43955 45042
7195 39763
40497 55698
50022 61864
17948 74096
36078 37005
54424 70776
8982 48504
19213 25578
19909 21466
39530 56324
25896 41080
9488 70069
28389 64196
62483 72494
51051 70774
55213 64613
7960 18039
1606 40165
19548 62852
46761 56380
10348 31635
18994 20192
17936 65398
6074 51373
4231 60005
987 65652
58328 62627
12752 63184
30722 55967
69969 71463
18211 23690
25744 56804
7377 66136
25920 37698
4180 13699
12113 21164
9351 59706
59466 69031
18868 72072
26504 37622
55736 61892
31575 66388
5342 60691
47276 53376
37258 59317
15078 17867
27796 35531
12076 60717
37180 48248
43815 59286
3772 69464
23800 39774
2451 70712
40496 47985
51237 72552
8846 28081
38674 44489
43378 46497
33604 74871
31190 68007
26263 65873
8162 41242
1466 62022
21527 49152
28359 50704
17729 25784
16236 21307
45727 55258
6572 43516
2482 56340
36725 44626
37624 66052
28279 72268
22527 23137
3537 30725
31439 38348
6492 16943
4295 41726
44266 58843
60190 69165
16063 34808
18829 67181
7183 14749
14513 49428
37695 53071
48722 59805
63263 63494
26657 46544
15973 53684
38452 49043
3107 23842
34838 36100
26033 69651
46884 55718
6143 73429
7924 25283
24648 60986
3964 64408
54861 56605
6396 23601
22445 68827
6789 21039
7733 71265
60338 63361
27695 67609
46597 53182
10754 64757
8130 41432
15311 44174
823 68133
37857 45562
2991 8931
45814 63279
24035 44840
11643 17747
29159 35115
2881 3165
9402 22334
281 59009
9401 72460
12661 70115
23195 29206
43712 54995
1833 46616
23442 35991
41812 57250
25266 52594
18985 31788
15493 26639
405 54171
29472 64864
20345 38594
286 13550
62992 69538
1774 53920
23325 69837
15436 65375
52759 74534
40656 50663
33178 62363
8723 21907
20890 24771
57849 58991
27217 62722
1829 30722
8279 36383
19335 27233
44830 55250
24727 45850
28458 34919
50899 65860
35081 39434
23503 36335
509 39839
7417 43486
72593 73924
8623 27822
21400 26096
37696 60769
1228 67067
7906 22125
33493 48924
40629 73392
16628 54389
4344 17474
34414 44126
1863 61074
19792 41969
54539 56192
68823 70245
29432 31208
2309 25430
2450 72439
36136 37286
20201 33166
5845 21960
25370 46077
50842 69275
19104 65786
16326 70077
8021 17961
35265 53533
7112 63786
3178 21760
4037 54980
15971 42580
14287 45552
37764 69912
17581 62266
4060 58704
302 65993
9645 46543
36580 72626
653 32298
23491 50749
26258 35687
8269 34084
13302 54345
27330 40456
29575 29824
1338 32435
46242 68696
71520 74537
38686 65317
15041 17893
10470 68818
30275 43018
30913 51400
12771 72308
54788 68602
35956 40402
22843 65136
9658 51757
24787 39736
33346 37973
33353 48053
21579 36572
27730 33003
29077 66864
7952 61978
41992 73984
10180 34714
68970 70559
54851 67006
44992 46117
23501 65731
29734 47890
905 58958
25896 52794
12823 59447
23744 44452
58529 66213
34157 47317
28240 47090
15573 21414
23855 29750
8568 50231
44347 51802
33698 47146
5197 45403
5273 67836
28160 44272
61845 70855
53368 53751
428 7236
13050 39068
21248 55991
18325 32048
31950 60847
20876 67479
43810 62436
8838 26002
43457 70577
4963 46634
25364 56780
43509 63635
7887 61217
7811 19734
11122 35270
26833 42813
26505 49500
14514 23051
8579 32825
28557 64082
5648 18573
23253 30513
41447 72228
30298 74754
25803 68947
6601 46108
20409 39953
7975 23624
45068 71597
11855 71816
64835 72299
13398 32891
31517 67466
7312 70508
33844 62618
37435 73312
3567 49763
49103 70813
27188 46923
3093 61744
6842 60696
4619 13084
55596 71823
15627 55322
52782 55752
33833 71715
60161 71881
9625 41373
44534 54367
29828 42922
1270 25753
27229 74574
1301 39455
33045 67651
40860 73786
63409 70472
29269 36116
10682 60599
12866 23922
17749 46185
20606 67204
21711 74828
5806 10850
33456 52786
36702 44806
11278 48945
50606 74352
662 34694
13634 45334
23560 65755
34157 64162
14873 18592
8659 21954
36561 51093
17169 19981
28785 42558
5020 28110
26222 60269
48809 72194
41163 71320
31672 58627
21147 26516
19159 70946
20471 52765
2828 34685
37451 61426
501 64334
27142 57401
6419 11884
27552 56763
36971 52101
18764 28716
17415 73357
25659 73270
26364 42203
563 30633
16681 67468
68 7422
4845 23918
32976 70815
22201 72115
3104 30449
26061 47319
18031 33296
7623 24164
29767 60724
20947 29787
19419 59285
9933 35252
32416 60337
8747 19420
41978 47034
4594 47969
769 51347
2042 25476
22219 25809
3519 18295
30759 49167
1831 54045
11628 22355
39910 50524
18940 40111
29934 55549
40309 72652
30161 63162
13570 46627
4136 12441
23923 58034
13754 48160
62344 63606
6668 73479
25163 74784
12209 23843
48916 66332
11277 46248
9702 68927
60100 68551
44728 53027
25565 44455
38357 40127
29163 66945
1376 9856
25106 37738
53439 65618
7866 70330
18333 69511
25816 46028
13748 55315
29368 65641
40435 56118
54205 58146
24336 67990
25988 72401
43189 51690
8118 59391
572 30175
21565 61572
27306 70391
28763 43981
45641 59081
12738 58707
46952 69463
11281 48652
41427 53858
16320 16511
7086 56241
20292 52664
25159 69840
17868 53647
19171 58175
13247 72492
12353 24646
21984 22263
10366 57373
6790 29885
2814 26667
5325 64605
12282 69954
41583 44603
25872 70569
22951 58766
2056 20583
33288 60693
3384 27732
16020 23000
40294 64723
32767 39420
35999 57323
48075 51860
9209 12533
6650 27543
141 47259
26743 70731
26113 47105
41558 48591
35001 73953
15897 69627
67186 71361
31846 33668
48180 69860
50762 61546
28009 70046
49067 54575
30442 61248
27996 73292
19221 45175
27107 38472
5828 10724
40892 67239
20218 72178
24652 67852
60782 72320
35154 36450
54858 55014
4134 23319
12735 32188
38172 45407
56734 62779
3360 43163
26523 55433
26930 52972
31209 51277
27205 63878
5695 54426
59856 71638
4944 66208
32741 60699
44997 47003
19668 47549
21456 46581
5510 22294
3914 17718
301 58893
54801 58994
31782 41634
106 52706
2016 71564
29228 68886
21442 55798
14626 53494
41434 52119
34433 67949
8326 53883
3963 36342
8213 41214
14807 34485
62939 69083
42754 48689
16683 51590
45830 69811
60692 70078
5632 49932
13195 65781
12397 45722
580 67544
13703 22949
64469 67353
9483 18988
46947 63086
21967 54344
44124 48172
24102 58810
394 62719
6004 42734
18575 71667
240 27042
1567 57543
13925 68245
2562 42019
8287 47063
11565 16143
25732 49524
41141 72741
4487 52760
31508 41434
55803 60274
10628 13066
43304 44808
31954 39378
46860 66815
44303 68345
32610 60027
11991 15148
9299 65296
26135 29063
66288 70795
51886 63290
17542 68946
9521 11248
13241 54334
27298 65342
22819 26440
4582 32405
5975 33226
6251 38978
10097 65818
12250 74256
8556 54383
13867 46277
47492 51661
35348 57522
35795 59494
18575 56380
15513 73875
37689 73083
29875 36437
46312 58091
9769 34922
13131 66997
13686 28958
24555 32436
10347 52283
15361 72986
4232 9518
9520 45645
13159 67231
64043 64883
13516 51458
6092 70924
8835 20658
9582 67514
47736 54112
2701 69892
6349 56050
54039 65354
38629 72821
33748 57356
13200 28444
28193 65001
9038 49375
1026 55790
69377 71228
11248 70649
2538 72381
35902 62109
24023 63322
8250 23768
4476 6591
14472 22728
19721 34309
9852 14296
20769 70967
1764 58762
9543 24922
4917 22783
5597 73708
12912 37681
28832 38461
19881 38460
2812 34972
34116 45662
28967 43242
39400 58002
30989 39354
10 56972
6974 14571
64821 68667
54745 65992
2659 37018
29550 46711
50714 51506
19539 22415
11130 33007
45073 56117
12525 12965
42085 70318
14909 22393
34553 62280
21221 63502
38821 71887
44340 65312
27145 28005
2665 16615
43065 70068
43197 48124
16071 44615
5864 55247
19989 30581
49906 50311
43997 53093
23152 31594
9751 26888
20619 43849
43128 63997
35573 74793
22189 41708
33097 50857
61680 69171
43008 66488
30385 56275
34945 74250
609 46726
40132 47975
18346 42822
53254 56554
14768 65106
37591 67598
8765 51555
5682 54452
8436 42182
18902 26901
30929 47354
25036 59450
41511 44937
1121 67881
44449 47307
18377 56196
10573 52782
18114 45042
30824 55522
19749 74069
42757 67845
1844 11322
12645 51953
36391 49444
22295 59401
34996 60309
9617 60872
30411 42805
59513 71184
36875 62366
15529 38909
6880 21596
8578 14206
18382 67509
16712 21931
8468 69780
30376 40088
9582 29728
7958 56113
4568 36183
2648 44513
13851 64418
11514 64049
15240 51517
10208 55329
18108 44567
7963 60537
67709 72049
12731 60247
18707 30056
55006 64054
17639 39392
36814 45389
26509 38792
35391 65652
14966 50416
34577 57568
28614 74363
28166 35381
5050 16859
5354 6153
31739 58805
45973 65298
16834 42329
11924 49226
41364 58428
9932 37601
4014 36727
29339 52141
55286 68937
5015 53455
25879 47423
11594 65025
60288 69702
24996 37236
52307 53175
51520 58986
23203 36800
41188 43924
12115 52644
7386 53675
30060 36171
32698 34769
49298 68688
12097 14267
7277 55648
19498 51377
26402 62506
58128 74021
37983 51781
44102 46172
13552 28988
32015 50646
4688 35971
39415 57483
28674 31003
23463 51592
37 23762
5810 54857
22868 55711
6104 42519
32064 42316
13668 57299
28408 43732
54381 67846
25961 40467
2553 38255
6039 31922
356 70092
387 55233
9011 12409
33909 64308
9949 24746
26348 55127
18763 54362
16123 49473
25013 51235
38768 62553
35917 38324
47543 64696
55442 65633
11615 37645
19912 23878
34718 51911
11048 23854
20604 25860
31236 63838
49987 72933
22536 58248
1955 16410
30665 70295
10043 59114
925 58118
22012 60668
46220 57296
21909 42162
15850 29385
1845 30263
10537 72830
2012 56953
13827 60465
8729 11124
47212 50333
6357 25180
14286 55050
65916 71834
11488 70910
17276 46670
24181 29931
40946 63326
62724 68967
12908 63460
23338 61119
46835 70213
37531 49013
22566 43551
67228 73825
3201 20347
48573 54695
41442 69868
68463 69040
40023 74372
16869 36244
31790 39102
14545 23280
16741 51066
26558 62006
41792 67587
37713 59232
36148 40984
27572 58416
25662 39010
9265 38008
28476 32491
48896 49764
29348 45031
35426 72937
57716 70122
11148 51071
5913 46182
7586 46171
9454 16514
32181 74753
18977 32975
8298 63599
25546 42621
56795 59342
8358 14798
18435 44015
330 17392
4993 53318
32896 33571
15920 19028
35193 66882
12870 46161
35317 50549
41705 42272
957 13359
10308 61751
25137 60886
24659 64317
16843 74671
24905 37672
21032 50390
16726 40858
62548 71115
5078 72415
69192 70167
6957 54548
23010 51535
4784 8264
12726 71248
5821 71397
700 8769
34016 66540
8286 35197
15566 43133
22937 42529
53627 68961
22734 46822
613 43523
57795 66201
14304 16343
16854 59175
32544 48137
32670 58796
22005 56048
23347 64979
4422 44070
60429 72198
23469 26625
8248 37948
25577 67739
34454 69086
59211 62544
39479 60332
602 25104
1288 26251
19585 65153
4935 60543
58242 61378
54601 72861
35546 74314
57276 68903
14696 23377
30094 68324
59402 68079
24472 48651
13058 23108
3316 19991
17404 43850
2118 51954
3712 33833
47711 61390
10493 59183
7704 38119
45983 70244
33544 56478
35871 50779
44118 55814
28649 71453
22578 28392
11154 39604
237 21358
13868 56546
31260 66262
9698 38394
10678 32187
20671 40890
44162 46651
14254 37584
32170 68267
61456 68988
13577 28730
27781 64482
17658 23079
24184 37498
58916 73335
9084 16424
14070 29085
33671 49588
19447 70777
21431 25171
1178 40744
61204 73749
17646 35692
69411 72261
3193 12280
19322 72795
12786 23890
7536 46656
22531 64019
15039 60232
18081 19675
10206 39388
5698 55038
57930 58633
30848 64022
584 47820
21380 48978
13255 69389
18595 42059
35439 39531
26939 33498
16793 17432
26472 45478
4239 33079
5444 33083
25209 52202
5221 46883
17872 55948
62412 70467
10272 58177
5947 71416
48059 52088
3342 32573
13808 73977
54658 58617
6476 67253
10466 55421
2632 16743
10226 35971
21121 24456
44781 64269
16749 28934
13038 30075
42905 55117
24976 66053
9088 71468
30505 33313
38096 66802
9792 66072
42468 54947
537 54884
4702 61073
36031 59763
32038 45286
30747 36070
4921 35410
7435 57733
42697 55564
4250 72536
13002 69699
45807 61866
54170 63391
14523 43166
56370 61920
16771 62107
22739 43559
37233 43516
51307 62597
21149 28935
36315 52304
41182 63757
59005 71694
26727 53493
19038 51437
6595 36096
15011 65997
35876 37972
3632 72249
12742 18664
69262 69998
43070 57564
29412 72901
69487 70908
1877 26128
574 70621
35437 39812
29855 43824
12206 19644
942 42514
17599 67031
35059 70982
10603 49297
5353 51567
26329 50828
20644 40300
28565 51874
73970 74773
40942 71583
13140 22053
51012 72717
5474 37855
15044 23838
1820 48971
11591 34241
10912 16690
35428 68207
16046 59142
29447 58092
37828 74660
21341 68992
40886 53884
8176 12287
7487 74309
52486 62429
7921 36435
13073 34907
33137 50276
27282 60257
2541 46233
15548 71769
7569 54992
17865 70928
46760 48564
52401 60185
20973 52768
14221 31996
26363 62895
25407 25821
22637 29751
16863 61411
34807 37923
63038 71061
1575 53709
19878 23315
31384 47930
34564 48756
36301 62676
29110 64934
6009 69927
45996 52422
22926 61980
14102 37940
11521 53613
47188 53331
6979 64516
31664 53506
56971 72999
26830 52234
15347 32323
72143 74869
36666 41793
8972 43150
17171 51170
7351 56431
44586 66360
13931 61557
26063 70015
17841 51369
2178 13118
35367 59128
30564 33830
1617 3824
32779 36195
7998 48720
27623 28173
66374 66505
15312 57941
54925 56213
16611 71299
33721 41881
2129 34914
9023 11137
28181 35307
25321 27906
33099 47353
34110 67801
25749 39035
166 71230
19607 56619
3807 23296
67337 68504
43062 73096
10387 56912
52364 65105
2655 63949
46466 54873
16322 38412
38595 56798
24444 47372
42986 53755
17781 27447
4494 41190
8353 69211
16446 62658
27923 36985
3176 52873
58677 69061
17612 62328
11132 47885
35351 49981
30012 49918
10325 38442
35629 53063
32388 45248
15815 24426
49704 56183
28447 49630
50839 56742
6712 72850
32233 64286
37932 66350
31556 40152
14285 68959
46564 54183
52437 56948
19538 23399
23357 25661
48720 61990
52197 65003
9010 51234
16145 22416
3788 52807
27111 61943
24083 27228
2015 37915
4238 69425
51910 58099
48762 60302
9824 34575
31673 37872
23947 37509
54486 56867
17908 45878
16475 57372
9937 19663
28974 71179
7153 18227
23291 28545
20853 65398
5587 43440
6354 66450
24999 39842
47703 57038
8838 21120
44179 62462
9807 26763
31019 42153
2208 65949
25149 44136
48049 63004
34361 68100
6710 50584
43946 54799
32189 70000
42445 51532
25127 60221
20882 66597
21134 35827
2359 23234
18532 39823
63225 71651
28292 62367
9546 42189
33841 38936
26583 74143
34350 62282
30836 65702
36667 70086
16651 62733
27424 51889
9164 10066
19190 49630
12147 24037
1966 54073
24450 25289
15837 66822
69580 71117
26408 55035
52895 59360
18145 52130
39900 54421
52983 62421
40537 67675
25521 72054
33615 70794
22663 44576
27273 70319
27579 62675
61526 66283
20715 51345
66480 73268
35295 48502
18926 26613
31146 34780
9747 39177
27189 62818
47371 52769
43684 51635
714 47964
32990 44334
553 61571
16492 42255
16827 74000
14759 50810
11964 18488
48107 63083
22405 65935
39165 60398
5544 11452
24620 25278
42525 49805
29709 62159
4715 12195
50485 70879
5341 25575
31965 51648
15010 34760
233 28358
3230 37099
2072 74291
50803 62097
17721 46776
67817 69134
43569 55022
21027 59448
27182 50622
59172 65821
7161 20085
15638 35402
8221 45078
21029 60303
32954 69160
57873 58628
3342 71610
12487 23655
858 41718
43718 52656
18494 58973
11950 19823
5904 61581
71001 73323
24722 60557
11043 45294
112 47110
45055 60507
15974 55780
42564 51068
10267 28503
65248 67953
13119 26749
54009 62209
22090 23829
7591 14782
36299 61871
1319 20316
19675 64255
4654 5059
90 1726
36606 62514
69066 69840
29164 61914
2805 49941
43710 47374
48884 72806
29509 69416
1612 49278
20306 63305
2928 24079
53990 60117
7927 28235
52466 60074
781 22881
36116 65830
34006 46519
56352 70730
17557 41077
285 14141
15893 23552
11751 23180
3413 19174
23095 23440
480 73799
41959 50936
540 27214
39582 69582
49202 73908
40165 55806
13313 43396
16919 49612
45128 46622
49202 66524
36361 42389
25367 66226
16184 22134
1712 68384
13211 53541
8728 21561
29100 60246
44861 49889
24994 58919
23192 46203
11427 69815
7991 67407
10620 65732
61949 72642
42028 57099
19811 23980
4449 64172
37633 44749
2267 55428
47417 66364
50896 69642
22457 61408
1480 53614
29899 53410
57746 67550
645 18323
27122 45211
43617 45142
36806 56729
7737 26816
21529 72359
19739 62831
62368 72192
2063 55799
6622 13517
2941 47246
8435 67251
12255 14042
20577 21390
16884 53488
43758 44617
27496 65474
10309 48444
33736 61144
1653 20313
8574 62569
35294 52930
27897 50254
27761 63582
17231 42636
8863 69190
36985 61092
5287 62885
46402 66906
22193 39416
46293 62934
6485 7675
5397 22041
35780 65628
559 18399
47663 71509
18374 28532
6332 32031
10894 43083
23935 71120
594 24607
18526 53247
60136 73852
15550 27274
26905 59853
28628 63292
7519 55311
3022 25196
14849 44403
20583 64085
19833 24448
9938 27297
1414 51879
40613 56710
8199 21341
22729 34028
48254 57006
17444 51297
32224 39866
67724 71691
16543 55546
31552 59762
39699 43059
2387 60145
62106 66206
12606 19025
12434 47313
42123 61334
32533 47363
22242 58937
30320 56516
15814 62356
71019 72485
43754 45091
46912 51128
62866 64716
38936 63902
28197 62331
20144 29521
33755 42502
25079 54222
1559 51669
53049 61533
21544 46846
44586 55261
10498 74330
24730 67277
3558 9053
25980 44389
3895 70046
11736 67955
5085 13737
17625 74179
15663 20514
7587 53495
37724 62925
13146 63285
8010 35862
27898 32071
12453 61884
48149 51050
15563 22593
21985 34548
9145 35723
11195 30904
5201 10242
28529 40399
46324 63796
12849 36575
21646 45382
35094 48230
36821 41813
15946 44009
22948 55594
56908 71345
30919 63577
16702 33975
25969 32196
7049 62648
20244 53113
17519 58894
18192 45466
55127 64572
5730 11139
8696 72985
13860 28658
157 16387
32899 66050
21664 36953
5768 6746
41241 73278
22459 42290
19559 57603
48355 55613
7146 30221
46479 49246
17162 20231
43832 46192
5627 65310
30952 66436
23241 60896
3168 46182
9935 66230
49376 64383
20384 56151
24043 28065
20557 43438
23933 25619
5798 44640
17598 49676
50094 69977
22013 25462
44046 61650
36695 51556
52373 66606
6932 11115
3755 16759
36685 74841
61315 72940
41838 63325
48764 51349
12162 45595
40525 42260
1146 67622
9165 18369
6583 12635
35451 42461
19039 65126
46475 66247
39169 66794
66345 69221
47806 54974
40731 51856
30806 68894
10987 23631
49445 52388
22539 34773
30992 61292
35360 41497
10339 10911
24114 61524
16636 65789
1766 54637
11203 16496
4839 65704
39406 43308
25028 27080
10893 72644
1529 14430
16169 38489
2138 54773
36640 66460
16887 50887
40254 61049
17577 35979
45256 63228
16142 52314
9902 72039
14880 64638
16490 45640
16420 44088
28493 49455
11852 53846
56483 58474
19192 29891
8019 72738
67936 71391
66143 72171
1966 7384
31817 69048
21937 29686
42171 53151
25117 51397
33813 74336
36645 68898
32553 38667
1153 36281
56585 59501
31994 38686
42487 69113
7992 24661
43138 57845
21537 53237
10895 63192
16402 59847
24079 65966
19183 35698
19745 69144
35793 58736
31995 33577
15034 25344
17660 42328
26250 54143
12 18742
37315 69333
12630 15941
17273 60893
31975 69751
5916 74802
28294 30975
19736 45888
42800 60413
681 20526
10108 23614
14011 19748
46983 50473
48543 59339
7096 8332
26245 66677
46248 49175
37081 53030
24752 51761
29687 48901
4115 6398
17907 19512
21594 71270
5888 13933
41949 58598
30017 63577
51008 58834
18870 38829
7875 48121
17155 18293
10256 22322
10580 24888
10134 17091
32934 57064
7343 71634
4256 53634
48606 53019
36879 61319
41943 62788
1272 36414
45185 65465
15033 29165
5771 39495
36126 44701
45888 68275
8045 62809
7119 23232
13826 22371
32723 61431
19808 65283
61566 66552
18151 68816
27483 52259
2899 68365
21978 36248
51895 67467
1387 5260
45820 62308
4016 18469
1189 10038
51319 64994
49920 63035
35261 67891
39097 46923
6071 62492
1124 52928
2633 42701
15297 18612
58025 71907
3759 36592
1700 21022
23115 62762
25412 42931
446 53090
34897 40130
21120 40473
46911 64748
49499 60424
63027 68337
36395 40519
56268 58604
18864 20601
50635 55722
27980 66297
13796 54147
39626 42511
22261 66655
18208 74036
21766 63730
20604 29938
9516 60250
39687 58009
62570 68761
32434 42173
35691 67059
27340 51825
26341 64695
63653 73536
63189 73277
10953 72672
39802 64191
11686 22714
65995 67070
8529 26146
14924 38818
4225 34176
35082 72685
17255 69336
9849 68359
7964 42110
22384 72253
4910 36971
50756 66919
27361 54110
914 67186
36596 36623
34570 48857
50572 74370
44771 61676
26662 65869
30019 69406
4327 23997
22160 65868
25892 37636
3601 26051
21807 28850
23254 70058
12555 48328
36635 36972
30920 48360
42422 70820
303 5849
10004 50633
36189 50800
9684 67142
7742 10056
61731 68784
38795 53787
26276 55023
46583 54475
4457 32816
32971 36668
16768 46838
11484 20499
24175 39571
14166 50409
730 1043
10960 14014
35344 73963
28798 58570
50545 51725
4732 17424
26814 57713
1136 65843
16152 56535
23808 70500
18560 51263
41637 63398
17272 48984
73191 73631
197 24056
20525 44654
34081 46203
47016 51163
12701 59235
7557 70182
2617 58224
13315 20956
976 66710
43043 48287
11545 70192
45786 65007
22765 69439
14460 29456
33121 37277
24504 55829
21015 69816
9515 73460
26074 73983
25072 34754
51394 67025
36671 74456
50698 73684
40721 62010
2691 30293
35159 41572
11247 65763
5604 58244
7367 23792
2885 16432
27088 58647
930 15733
12245 14291
6792 49160
12165 30862
50111 52122
32825 45572
17732 26389
65648 70182
23033 72301
19079 19128
33158 69032
34760 50770
31725 32104
33891 50039
34830 38262
20020 21553
27339 44610
8850 13716
33356 68879
4866 38883
37271 55466
49968 69102
21105 46059
26971 50401
5958 43222
3100 25748
53779 56377
51052 63198
33077 37822
22895 51680
20512 46788
30104 30329
23110 45380
4267 28356
59783 69798
5612 45412
4781 9093
25135 66414
4113 27322
23322 50835
19084 56994
1625 27376
39894 62352
30307 50828
30211 30772
4132 11357
25361 51296
21552 22511
61160 67736
2564 52271
9324 25218
44186 72426
42890 58459
64042 72914
74082 74624
32620 50443
17791 52564
40740 60626
57538 61748
7072 24760
8701 56235
49001 67491
6448 26914
11046 43693
3398 15699
59648 64411
26287 64496
17592 34467
14616 44709
27754 38265
49857 71877
2230 10125
2270 35824
13499 66605
2664 23854
21695 40321
6537 34046
11175 16561
8318 33815
39654 45955
50379 64105
1550 40017
6781 37800
62798 72574
14199 61501
10129 58380
43200 72924
6140 27860
33611 33933
34851 46145
2840 53493
15924 59946
20330 28453
12475 33524
25940 66081
38713 45386
44796 45188
54549 62497
37319 61883
20603 45211
38524 51433
416 62239
36147 55789
18255 23500
10200 44324
3349 48761
14791 73364
18568 71935
22059 65942
33172 64302
45393 63189
3047 35106
19449 52947
42093 74480
10144 39136
33854 47592
35711 46996
32244 34525
68400 69542
58496 59964
41258 56005
5128 34027
10228 60802
9373 19547
41893 74452
26274 42422
40924 65377
470 63872
15459 29605
12726 42135
24676 58373
27567 67853
24346 60640
9630 17099
14046 68741
62207 74606
19000 56653
2389 58910
32255 58418
10839 22614
23658 34969
891 38035
3739 16118
136 32186
31975 65118
6675 71613
9202 24291
7679 64492
18680 47059
11257 31356
18556 65115
7931 21973
4291 13216
48151 74609
13057 18534
11819 31716
8351 56767
36411 56835
19629 59257
24335 54802
15846 50026
2253 44011
47488 59222
64148 64276
60818 69038
34324 43727
27530 56385
36466 68099
19305 41027
12298 43756
22249 36071
12977 34761
59947 69408
3827 23793
13677 62113
61008 74398
34964 58922
6044 44895
15388 39984
39861 70729
26053 38589
4468 49229
46340 60696
2392 43535
19864 67847
56723 65166
29577 36028
10802 54826
37920 50612
17794 22823
27061 48339
10708 66876
50443 51784
41 25339
38242 70446
25174 38760
19552 47520
24631 63725
7549 46388
28966 34243
6445 27474
8869 44628
1598 2610
29000 35035
33374 38548
37349 72516
36273 55578
4473 31490
13288 70986
29996 47026
2494 25164
34893 39369
25357 29626
4216 19486
4224 40347
15090 16661
22694 34459
22651 73498
190 44406
1507 66503
3735 17721
31654 45418
16205 56825
25712 43267
39130 58698
13195 23972
47032 53753
20912 53899
26197 71959
25479 25996
38125 57722
47284 59380
3171 27467
5572 58020
16189 27974
25277 49373
3671 38525
53242 53469
55366 73778
53551 57789
24017 33594
2444 3839
23495 30796
22531 46318
36923 62247
19498 37477
49060 73428
67025 69194
31152 37881
49651 51955
45472 74092
68473 72413
36003 50833
43094 62644
11039 22349
10635 44952
33187 57947
23374 34311
10352 19237
32221 41794
10335 20704
51471 51708
23889 42980
6301 53319
23084 23596
15447 52562
25389 54352
4028 31797
31396 58181
47257 62987
30061 39442
52341 72737
67666 73686
32398 41525
16567 27624
52456 60181
55581 56556
35921 70331
43937 67377
20959 38458
44851 64834
10813 36972
23295 55403
14647 53416
3896 69367
33873 39679
31035 63840
62243 67810
58094 59516
54733 57218
409 2912
1188 51262
8612 72080
38540 72081
44732 70785
1305 16065
56031 58386
10276 25018
33620 65948
65442 66163
41555 72205
26092 50224
253 1309
21856 24779
57420 68093
62544 72092
38894 59708
13222 14755
28025 32108
57047 73115
29109 49209
10367 41871
26602 29329
64419 68255
29682 61123
20807 71472
9254 73878
50637 54129
22249 62234
19818 48291
62943 70741
2307 65167
34126 36949
7347 42961
8167 8608
25415 46222
38974 40217
28204 57602
26814 74203
64513 73059
54617 59167
6547 20290
32132 74626
27282 45206
71351 72146
1144 29174
30571 43982
19799 47391
66530 67064
1632 70529
28962 43551
2029 48413
32811 68208
6810 43932
22558 27261
44012 61880
31887 62156
51811 55948
263 56757
32517 45643
56821 59888
25615 41231
35663 64069
46007 66622
29119 67652
41559 67452
45759 66527
37691 57563
10977 16906
35868 51308
42953 43409
1796 60570
45760 56496
36429 60669
4108 67004
23018 67455
22915 60064
25230 54557
18291 26344
3830 16949
27518 65142
21670 22467
38034 38856
27908 44598
1958 36333
1368 70415
48842 55616
28435 34746
32087 51560
30051 59892
1477 55841
2696 65263
21209 44872
13391 53135
12501 42456
67182 72181
43604 69559
13154 57792
6118 65198
22260 61997
22283 69064
11949 39666
35955 66344
63900 74450
42273 45098
44755 60887
2688 46818
31115 70217
55081 60096
11880 20544
36233 39824
41159 47650
12360 31078
1322 4302
34696 73744
34408 61086
25607 27773
2954 60466
918 49226
39942 41256
31029 71209
26812 66683
16001 28009
13407 70202
6604 43095
42063 62085
4517 28757
53462 72055
2427 17912
16366 22172
23121 54824
41536 57501
13610 62326
33760 64472
4038 40447
24884 61914
6228 33033
27679 47028
33896 62924
40757 52621
50169 70118
8864 50342
11912 66490
1676 24015
49088 52747
8677 13784
61351 73126
39936 62103
20531 37715
14916 64156
61124 61858
6366 63383
16952 37386
15544 55791
48936 56672
38816 51018
2914 59390
36638 49469
16763 73643
36556 67211
37669 47686
11074 67123
3753 13853
44082 60166
3129 73046
25924 27455
5822 45656
4029 69818
10365 27875
45387 47982
36440 48826
2574 46251
22050 45429
30873 72833
64050 73788
33505 57669
15905 44241
18046 52155
40771 48556
53563 67865
29955 63102
30029 71693
15152 71339
23098 70723
7658 20225
32418 64949
23378 49856
985 60335
55690 73201
57616 71562
54286 55621
5430 28921
51856 65666
60306 61850
15958 36049
24280 61298
14327 56650
34689 40495
9059 32727
50651 56009
48334 63886
1803 14119
11177 70278
25002 47257
43196 60717
18313 63646
4241 24435
8646 56988
6585 11411
47425 57405
38706 47272
39247 60067
4641 41957
567 32564
7691 19735
29281 60801
5469 19563
20433 47564
34546 56703
25074 45409
21810 70232
10142 34166
38051 62582
12583 13938
32114 55140
34811 67137
386 10320
19328 64634
36058 68973
28631 36828
29253 57063
50924 71937
65038 73299
21079 54845
16408 64394
1063 2197
24265 51723
65 67455
42079 46070
13644 48445
18851 57953
31733 55400
27180 55383
14366 56975
68114 72009
2188 35276
20260 54972
44798 63138
48111 72914
12298 52467
7574 58180
48610 53845
5264 67784
40923 72213
3808 73741
22865 47202
22904 38649
3757 52497
25110 51344
49066 59579
9815 58839
27245 54660
49084 50834
23313 39976
21327 26775
3654 72336
42817 69474
10238 33262
364 22396
61327 64174
29031 61233
11879 30884
18621 28404
12201 16448
22878 34212
8710 47077
45198 73154
44072 67014
42210 66029
16504 55253
15114 49242
803 65165
3897 26355
5677 53204
30591 73590
45385 60229
29534 49154
61460 66493
16322 39111
52131 65432
24468 73848
15598 43053
686 55974
19384 26801
46172 54707
47178 64422
41499 71409
31915 40726
29959 72798
21460 72801
50870 51167
24810 29485
30849 39294
20206 46259
8630 60945
43382 49537
16501 64643
24428 59798
17998 34762
18656 72383
12784 24850
54138 55880
50100 63261
30744 43470
36175 43231
60553 62479
15458 65098
15102 35641
17029 72853
18508 55667
4081 35192
57786 67125
16336 61577
56800 59844
34137 70786
3357 50402
19856 54104
2926 26371
27778 42065
28426 38397
7712 73842
4812 26271
7234 55219
39763 57704
2902 15057
26352 39264
28968 45705
6267 37112
9956 52308
32973 49269
35249 60739
22321 28300
69847 72496
12392 22741
45233 66138
11168 72748
13790 59659
19315 25832
27864 43030
14881 72538
48348 65745
26733 26822
56336 56721
13923 66322
15194 25184
68075 72136
22460 63832
44446 51866
13930 34366
22794 74435
16155 64865
14860 30258
12219 17193
29427 58276
13106 26699
50141 64716
20943 32120
36574 45767
23264 70909
35886 70088
39075 51265
33916 35814
27512 67272
17492 67935
26098 68251
26637 57779
18873 34538
15967 23043
50439 73141
35895 73585
552 33373
3570 28026
930 14762
20977 31707
11960 52213
31929 64260
2099 28252
31228 66027
33786 59407
27585 41977
378 73318
9112 35606
20835 43221
15214 74726
12343 38635
33312 46970
69052 70445
45672 47539
56987 73735
22824 23955
9061 13666
2875 24708
27254 65120
6894 24378
32895 35204
9504 33763
64461 70667
15788 35180
30292 71659
28953 54290
47033 54288
43996 62144
58970 70590
56781 64139
47440 56227
19145 59322
7391 8709
20142 63314
6023 20436
34200 39161
19662 40170
45265 49693
399 52464
5304 5767
42052 64069
42633 48098
40346 43381
9616 37437
53096 57921
15345 21554
7866 10092
31977 65065
11856 67736
15881 73822
72400 73520
55171 74879
41340 55324
22476 72888
2938 47971
5588 47484
14766 56751
30397 44557
36545 64144
12751 15780
10240 13034
34832 65406
899 25318
39475 55859
3037 44361
8114 64553
35056 74161
27292 42384
31037 49419
44428 54477
848 55984
33515 42085
45002 60807
52987 67629
45457 67412
3990 27327
18134 28407
46062 63297
17016 72434
54087 54783
184 48975
393 14340
22316 47152
7089 65801
36597 39845
17385 18681
14894 15260
21425 26765
13395 43317
301 62339
55560 65912
7457 19167
25042 69413
62343 74558
52361 58240
16966 52184
7548 35812
40936 58694
12095 18263
8465 46261
21058 38658
39638 44235
48603 67535
17905 41896
4184 17568
19606 72227
15478 70719
208 31753
39778 46746
37368 37692
36196 47753
10160 21868
27984 43972
14537 60999
8518 59866
47711 69901
6822 10516
8257 35987
29459 54634
36829 39125
38783 47057
12607 37267
29965 54116
1095 27605
25733 69928
54118 73996
1033 62815
9322 71675
21686 72735
5296 28719
20700 32906
8913 67092
54962 67384
32988 54164
54835 73163
64938 73870
31855 57724
45326 49464
25290 70255
16497 72258
20292 64499
27355 55069
19911 44955
15584 64517
16836 60399
5445 46258
7423 11934
31973 40003
6257 24034
9208 26780
9706 50433
43649 57573
22171 71119
5058 54429
3481 14499
16539 41681
38161 60908
5526 20306
62231 67674
7416 24037
9080 54006
19701 64012
29229 53542
19371 31941
29881 34031
24597 27066
23585 36427
3770 39536
10692 54528
5344 65573
30231 41755
49538 72034
5262 56675
5243 50178
18072 22478
883 12830
26195 43241
38015 48196
1436 21737
50846 61375
41867 62467
817 15349
2750 20743
34153 39516
317 28356
42411 53806
40469 47264
40830 55497
11873 35853
56154 72682
31785 37243
24281 39791
13472 29738
6057 66746
1164 60160
51021 62962
96 31419
10779 50737
1374 52964
26036 70711
10183 67805
6108 69319
6874 72128
23892 51201
9743 32612
68814 70626
24648 65744
10219 10629
48397 61274
19063 44342
5581 40729
23902 37450
22670 73340
40862 72316
4985 62082
982 64549
22408 72194
57754 70411
28705 44374
38792 48909
7791 46421
17309 70193
29059 44582
51209 71227
17143 18156
44968 74168
53298 74335
3686 72689
10451 20059
10958 45165
9285 69301
6818 25564
33275 44284
22608 55336
3380 40688
9103 38123
4957 40626
8295 16057
11645 35151
11892 13633
25369 55201
15916 64745
15560 51544
51974 52867
5122 10491
52910 71879
68218 70710
34826 72018
21562 32700
22933 66447
39760 52126
4340 71011
22257 60936
24796 70641
55568 72833
14352 38651
22463 29586
740 67039
5666 41435
43928 44505
10642 35862
52427 61878
15324 72844
36827 43054
18450 22961
6568 13907
40389 48218
58516 61540
839 29632
35947 57210
98 56960
36041 43326
31595 69540
42820 67294
6951 58699
53465 65211
53471 58455
4892 32920
22921 59769
53269 61465
68357 69925
54766 60587
11238 15520
34195 48739
45357 48579
10788 72520
33621 74321
35002 37848
61100 64427
11183 13557
216 42968
7946 67542
22736 53771
16923 69072
54639 63635
66620 68645
33679 40079
16394 28242
2687 44879
35516 54492
40850 43531
10930 46556
24988 69663
39805 71892
1744 44559
1532 6424
14424 67590
4482 32675
47106 66501
20189 48793
25262 49093
4951 53038
32596 70907
17922 73520
60120 63587
49341 59507
7965 43872
22404 32988
56324 65872
20842 67836
28047 67506
60692 67012
45851 69684
755 56803
815 71312
46571 66939
19033 54286
33641 37148
44512 46960
27825 36060
62730 67790
39085 45011
53428 66823
65314 67260
9358 38829
11449 46330
9059 72785
17391 47552
27650 59634
6820 55747
36910 42288
41791 57302
21016 48919
9671 42555
43695 72137
7219 72978
55928 74497
7900 20882
14506 59233
21450 48742
69668 71709
6671 28139
37325 62065
42142 60072
1746 22934
9205 67586
21433 72575
2008 7474
24183 59886
38031 51045
15723 40817
6061 66047
13081 52171
20481 33857
31371 55825
36256 50384
5601 23420
33124 43010
2273 38843
52312 64524
2507 56575
34274 51002
9244 30244
36074 46380
6742 19558
1976 19292
33347 41244
11219 24590
8250 15961
17506 54747
10923 72389
35007 46716
35102 47116
68491 73523
15571 34435
11158 66022
3346 65833
34122 35724
29967 44077
19080 42086
9053 42321
41493 54752
32629 70438
40009 45341
9456 52160
26709 64916
37592 42586
8241 27772
28834 45946
17607 43964
16903 59696
12145 39359
56623 59745
49466 56560
6505 19136
48664 67741
48394 50127
34367 35373
6137 54365
9544 69515
36915 65473
47617 63614
18125 59635
9512 11313
28785 39425
66109 72745
31696 31956
67729 70313
48840 72886
12102 69028
23556 38663
2822 21332
49063 62820
17206 26110
34920 43342
15089 71023
6364 49365
44158 51065
24312 31487
68762 72721
9300 67246
16555 63509
33994 37048
67760 68309
53757 67165
1546 44474
29046 66930
37535 74424
46765 68048
9936 18675
26753 63352
39608 39906
65029 71495
17655 51348
40951 67857
5989 32194
63064 68041
47919 68453
64495 74156
38623 38656
26562 40438
35150 66595
13525 43545
36220 52678
53101 71126
55675 72890
24306 56389
15068 62827
3456 49434
3586 38749
19650 71040
23791 35577
4705 53988
6868 29778
5157 48509
12671 29957
48442 59430
45476 70487
74255 74326
13217 65860
26820 32318
25023 42189
13356 48134
26873 41117
25554 32149
26224 63890
8844 46829
54048 54315
24242 55072
3951 45256
4476 65511
24935 48310
25742 58343
30131 57890
61419 67786
235 46745
13811 19098
38893 65230
24601 47940
14444 60169
4722 64594
4375 68724
4426 22832
10532 55729
5097 24247
11416 53521
10137 35189
626 28682
7464 28496
68435 72744
40533 43286
15094 22032
1614 63565
18058 64764
47639 55158
27040 50180
23812 40107
3294 45815
15177 42704
322 28080
39705 55869
6399 34850
13745 20388
13840 17150
13454 67849
10962 61534
3765 21389
32199 47339
10830 73685
38820 64627
39491 40351
44823 46493
12828 14732
37223 44062
23454 69473
6757 33427
25850 26813
19975 56439
13607 60554
13240 47709
64223 71234
23375 41818
24579 58741
8161 58318
56098 67105
29840 33840
12535 29786
3077 69831
25846 40654
48454 48540
17343 24193
40489 40920
22208 71055
31888 60517
13194 57822
41647 60203
63853 64343
37387 45019
60883 62761
54260 66958
46396 72486
3640 40716
57682 68467
16466 18996
13066 56857
37901 63655
2784 35992
65371 74430
16633 23434
10518 31058
50508 51266
27683 42663
34000 55944
23651 27068
14900 39423
23706 49123
46990 52316
19534 26865
36537 55101
24392 26141
53379 57661
51029 51182
26951 67668
4329 40512
67136 74358
48560 58527
49012 61405
29514 30867
50654 56456
5387 64148
45701 59825
66212 71679
25433 42797
62649 68722
7807 28222
16455 34067
39206 70349
487 27597
33212 52935
14528 17632
25418 26813
44767 69570
48814 62028
31430 31641
6727 36992
23221 48742
27520 28073
1052 55717
23371 27768
8419 23590
9795 39480
13594 44100
38825 39811
5381 49054
61541 73926
8017 71456
43237 50942
35937 38796
27673 69098
17894 72572
20272 44770
1931 10059
12824 49194
53467 63246
58287 67249
28093 67085
24300 74752
21764 37752
45806 67341
6180 73614
17580 23320
20859 44043
37843 54651
20816 62779
24320 38444
43987 73696
24131 42163
12359 17728
48915 72583
34259 71779
1085 1746
50783 55169
42498 66804
51061 56512
63663 72659
14663 18242
18794 32686
25091 59476
37590 41833
34364 64740
10309 65894
15807 39305
8244 39948
39243 46321
32177 63020
8296 65467
23729 69779
8954 62903
14028 48993
21145 37037
39694 73819
9321 56789
28665 34247
23060 62195
7307 38386
5154 56350
40679 46329
4427 8827
19963 41374
23697 69749
57013 57154
69083 71932
50498 56755
26027 43557
27787 64705
40135 53714
38676 41927
30520 49643
2884 28346
11826 38963
21368 68929
32542 65519
36588 39195
55905 68552
27290 69913
41165 73293
39173 65282
27430 60906
17180 45507
25705 61748
47849 50660
33201 62112
28559 55051
1971 29375
50389 70750
38065 55710
4657 56924
22704 66291
1344 39945
14867 74125
38237 70675
41263 71726
22086 66166
55602 72830
5231 21657
297 48194
55251 63877
13131 40313
59821 74704
29841 48683
34307 41938
1953 40579
8722 49845
63447 74464
13362 48765
47805 69990
37140 63878
23566 56585
69407 72507
590 69049
27820 36911
2696 26278
15885 45241
12421 40961
24376 72181
2528 14302
14894 17076
43412 45668
22835 68580
7059 13263
11071 48413
38042 49059
16679 18888
41584 43526
4560 64164
2374 34034
37611 53839
11627 72708
19457 22997
37003 51401
21976 32751
58178 62802
32136 45682
11404 19296
16055 57216
49595 67034
58539 66068
5041 48736
5431 59760
14484 31813
6740 40074
16410 57260
21605 30353
32754 58787
52432 71368
48569 74589
15759 66635
43637 72747
10651 39105
3724 8498
14580 63707
4529 15444
18453 33324
26442 46931
12622 45041
27715 47184
59398 70277
14000 46100
6929 36943
41813 52732
18105 36141
22689 32647
46851 66188
939 20736
42784 73937
10136 53564
22587 69728
18177 52572
20405 42154
14952 25435
16562 63320
41915 67696
32163 59765
21117 71656
38484 57412
40702 50228
2447 66787
8178 24488
12752 18215
22498 68418
21275 40060
47070 67044
26139 35306
46290 46356
41894 45751
5711 61494
337 56827
9305 41787
107 55689
53427 67139
33274 60773
19868 60031
38873 66090
26152 35064
22964 57206
16470 47917
4466 70980
8820 74583
4133 73964
41965 47806
20627 32291
16344 73779
11985 25315
14992 33988
7816 24068
12396 36055
25496 55945
50770 73561
14171 60682
17821 37104
34162 54729
11145 53284
17362 22426
28297 44272
2959 57806
7209 73098
56022 65102
18721 50000
24279 73506
12022 47901
26839 72407
18133 33924
17417 26741
4256 32460
23406 27041
48958 63308
23247 50292
20444 60299
17510 43664
6924 67508
10995 73272
26823 68723
18437 39398
65619 65978
8519 73204
43722 57322
15668 72863
10778 26496
93 31196
41707 62245
8504 73283
40667 43488
14201 68371
7531 8387
29101 49838
28769 31866
8601 47773
30912 44364
10436 51725
27255 66033
38934 59363
25406 47385
24084 46862
37730 69884
2794 24601
7835 8429
7385 10919
6720 31364
30190 59403
6938 14170
27755 28192
31804 49107
49351 63219
2105 73441
4629 64551
26725 39800
14098 46539
24134 32196
48052 57423
42272 70666
2929 50907
15953 23094
36043 57208
1074 61986
37811 39722
18873 61083
21165 63256
29405 59824
69817 72465
28661 63662
66471 68519
27095 28514
28940 29436
12703 42792
5572 52131
2020 41104
48855 54522
64514 66940
56450 69199
50782 65347
18174 46107
50979 55577
3150 67645
31717 71316
32656 63842
12375 59902
20084 52594
45850 73829
29244 42168
13633 26689
57493 61293
2789 28865
4154 58202
41725 70644
54982 60705
30045 55672
8614 33784
23219 35356
2429 10529
19804 74321
1336 62872
20739 34750
235 26527
62336 66698
19193 58506
26165 64433
2729 33481
26445 28226
12015 53946
48388 65034
25571 43915
8315 40820
44943 65574
1525 13678
24784 57776
22685 64820
16737 45970
20027 71542
5779 7113
16483 52921
49471 68651
5959 50856
30004 56593
22029 23938
2110 58429
30746 30871
49669 56667
13882 37904
28536 49444
22314 72467
2996 72429
10132 18839
13988 72860
18867 60840
37266 49971
3768 62734
14476 43311
18632 27497
54210 63847
23993 37810
25853 37064
36633 52522
32862 46699
41157 60557
13987 74338
22634 38266
19062 27014
56522 67633
198 73105
30775 32632
52279 66824
15341 37168
25683 58556
6190 54538
8132 45012
2094 72972
53498 63136
54626 69044
17917 56743
70299 74588
57483 61341
46188 55427
7640 45816
28987 65545
57332 71910
13252 28033
67352 68685
34999 58522
5310 38613
49214 56894
33841 71229
554 49076
19468 20531
1853 10057
14533 51900
24064 41706
15642 42782
20212 23129
7017 24313
3091 10353
2051 28375
18898 68454
15537 30097
37327 66258
10853 68078
39703 48515
2576 36211
7361 74576
17832 48925
345 7496
45012 57360
20053 56488
4300 35774
37118 37648
26868 40800
11188 65976
25208 70392
40878 53383
27967 31365
13763 72484
59693 60198
37238 37787
54171 57947
17945 17973
33758 59949
9646 61568
49119 63406
52240 74561
50413 52650
36212 65552
18438 58350
39502 68272
5633 21155
475 54120
34765 40969
37261 49399
48892 59673
1851 26807
14666 30790
20363 72172
42933 55593
30846 33858
1220 2201
35345 39883
43017 61637
2487 16867
47776 67261
9688 62869
20332 38344
45557 74306
2193 14494
3439 7246
11268 35047
25242 32759
50503 66216
8565 69208
33024 64698
35007 39523
17054 65535
39160 56526
23028 33454
24469 60746
65612 72393
43197 66319
14742 43636
14297 37751
12350 55108
22274 30333
71579 72600
2431 11202
57929 63735
4340 33278
19668 68732
41620 71208
34390 74796
10355 45325
29085 72838
36690 70189
8247 69628
43530 61459
57825 67379
20939 33705
15200 69026
7116 41207
5136 20015
63672 72384
63350 74102
3051 39927
62452 67996
16171 26488
19004 58375
54006 60778
55768 74404
11588 43628
35746 66506
41289 48237
6871 34841
2199 48719
12319 56580
1306 4550
36522 55462
13965 60808
22658 36804
5331 8953
6848 39563
3404 64754
33964 47486
9104 33022
27144 52183
54026 55373
48056 74589
894 42825
11421 39100
38157 50435
58129 60305
35823 73577
186 25691
34927 48430
12586 41454
31249 59153
27373 67143
50141 58987
10370 47011
1187 73027
7110 51525
2143 55382
30294 42955
5858 32880
12454 58972
17242 20622
22405 38305
22629 55452
34992 67718
48055 54462
12390 53301
11374 60103
44652 47914
19807 50733
17543 43989
10095 50722
35259 51225
13593 38839
25948 47282
19276 30317
11456 23946
7435 53729
30493 60082
32512 61191
14300 18410
26965 42719
22725 48000
44820 55189
25060 36041
28982 64095
1563 49105
2757 69776
4557 12478
5862 15955
26624 50534
49986 63596
23414 57182
38133 59086
23268 33250
8544 14509
30346 36627
441 19303
66508 74493
51008 60604
1476 72365
9241 27239
33215 73769
2424 13961
31611 49913
29725 56647
52866 72869
14724 39897
36185 55800
50972 60826
30883 41449
29534 56104
47097 57294
1742 11830
61642 66371
37912 70039
19210 67908
51566 66557
14240 59682
27515 66445
2619 54683
64158 65286
1753 68966
24935 71408
55005 68955
13480 69857
1565 47935
30453 44724
36350 53508
39276 39885
2683 4380
46793 63798
25259 43871
25250 37446
294 40874
32860 50882
6657 42488
46806 71588
5031 63565
3931 53260
11920 37290
38597 42109
10032 61252
26624 56091
48 48623
12095 41424
11477 66788
28324 62001
22560 74290
34103 74785
33423 35581
23926 39062
13055 27693
556 37700
33530 48387
14897 55964
8329 56261
33373 71073
38111 43198
37114 60576
40522 72870
30 24466
30656 35643
7494 16637
34920 39806
3499 65293
16542 45385
20245 66982
18752 41313
5272 27804
27391 58313
58257 72721
27185 65798
39771 50137
58681 68969
29194 58137
37658 61190
17097 20450
45023 48259
1122 67478
23056 70342
41604 71883
9718 68452
5063 8154
7983 10537
52151 65887
62681 72802
16862 27969
49930 50110
50345 54979
23093 28458
20285 40247
69421 71733
13024 44680
12224 22939
3667 66265
9834 59879
19293 26934
9941 25909
53652 62632
26651 55967
623 66086
27492 70013
29431 62135
44715 55391
44088 46839
65109 72356
62159 69302
8774 10138
26672 67892
37152 60191
16941 26875
3798 46652
44773 50419
8803 70087
41479 67041
44591 70361
21181 28426
13104 22757
3540 5017
44381 49302
46880 71970
31397 52065
6525 24744
1610 16146
69365 72904
14043 34256
39186 47504
38297 39510
64976 66173
64331 71763
4366 20995
14594 26083
6538 62089
7830 11228
14701 71556
66454 73737
63075 67569
20857 21664
49908 69022
48997 68182
1151 47192
18278 63462
26342 30103
11541 51416
64398 68747
11714 16735
47603 51230
16556 65614
11684 20954
38229 38685
28522 50916
20488 37577
9559 11839
15934 49781
19260 63588
3263 60307
26350 66219
48948 49799
56654 73791
60135 62530
45023 45630
50620 59042
39045 52347
42170 54842
61599 66497
15201 68959
46516 57248
295 68536
31965 35124
35148 66003
20734 35585
11141 14578
64535 73721
8464 22993
23516 51861
61342 63492
5884 52531
38536 71167
8983 18837
10224 18459
3819 61930
11561 36951
31827 66582
36505 41247
24747 29917
20720 55075
11667 65754
22799 71417
13562 26729
5485 56417
6159 72712
35461 61741
4637 39180
49069 65127
28197 64919
24969 43445
19097 60099
5546 66703
21208 30530
45884 59158
1475 48492
10058 51439
42683 62673
19940 73580
21241 31419
13596 44367
3568 57395
25798 27442
13085 13320
18728 61268
8096 70607
15539 41627
2861 48584
13816 28282
875 22557
17664 71392
16741 18225
16871 57878
61408 62987
25330 71551
543 27982
1342 52228
25984 46853
19545 67210
3675 30856
11994 12854
52709 53676
23185 38102
9120 71998
6217 72818
5312 64316
31313 35226
42187 43926
13428 37665
38836 40392
3797 9248
44425 52549
46105 53334
7657 59795
19489 56127
61837 64924
33050 72913
26789 50134
19965 41936
32266 33699
23773 31218
12434 48868
43311 65932
40103 68242
28626 35213
31957 66953
44177 66417
2939 61986
35523 55998
14949 25911
30688 72627
14846 24884
48883 58417
9590 47232
1950 25086
8282 39737
26488 63983
9609 43970
30123 30827
8376 46950
43038 46646
8702 50150
4259 25178
51293 72807
13559 60629
724 24064
29198 44857
13534 22722
1679 10373
14210 62272
21195 35644
38869 58384
39522 59828
26769 57736
9341 11575
21075 56272
43302 59022
27504 73993
3865 12899
5432 39678
17232 23896
60779 73927
20610 33850
3118 29535
16035 65408
3732 51272
97 18846
5652 61205
23764 38721
47828 52341
42548 67104
32456 71283
31605 43294
39668 54505
15478 27979
29387 62177
61099 62342
26985 68549
3008 73929
2432 14347
14489 68545
17475 57959
6181 38592
26903 66668
54136 66810
13003 13874
12299 50550
17391 74679
8507 20519
47421 58041
13351 49199
36816 66857
46752 51765
44642 49273
1308 27045
55985 68753
32884 71329
19091 73534
15646 31938
34246 42408
34493 66639
17296 50324
28493 30129
34489 63397
12655 56583
2655 30040
37567 60718
42806 68389
2672 27394
26106 46469
21104 39022
27456 46292
4613 47236
13978 64782
7919 34628
24767 42406
5935 8516
6259 59986
336 40564
5506 6519
39355 64279
30275 48984
26572 67448
4107 52380
57252 60131
16062 46499
1413 61875
27703 34431
44435 44812
674 12561
16148 48804
61120 61947
4484 9134
28691 42521
6779 12021
30100 69366
37111 70252
3408 26123
47789 52532
41509 48213
53606 60298
6033 19667
18604 25651
15330 16549
30068 73923
14636 24516
41870 42955
3488 23361
17598 37680
4042 16377
12194 51937
24959 26659
840 20251
37252 47747
40278 53492
4969 15450
6043 23037
35485 41001
12256 59561
19214 28176
28554 74126
54855 69268
66926 69471
19711 55058
30681 60517
46190 58291
18981 69885
3801 16983
4016 39691
7418 27636
1083 7244
34827 63259
13369 52695
24266 39453
40065 52444
39680 53761
12492 14928
12052 40814
38808 40448
11756 35411
47052 52136
7696 18448
5516 35734
48337 59140
8976 13689
7934 18400
20051 39685
4485 37564
33189 56236
18693 40329
4023 55619
4528 49277
2473 5455
16190 66305
35361 64998
47115 59523
44209 71954
24513 39297
12178 65219
38287 38754
2754 18800
52356 68786
26285 45831
64554 74770
22604 67975
41509 47412
13463 45580
4368 61398
27560 30268
5846 20136
12022 25773
7422 60393
44078 50546
8591 64366
9172 56876
2138 63108
11347 35795
6801 10873
58691 61847
26695 32856
12687 67232
15281 70095
24248 60214
39551 45284
45494 61870
6214 39089
16515 41302
33688 71717
4422 35500
3766 39723
6236 29528
36168 44312
22925 26353
11069 30966
24350 28437
205 1049
47746 54727
62011 62258
36966 47608
69709 70439
15255 41700
30795 66151
39009 71616
2407 45680
3860 72281
68243 68962
33271 68957
46390 52107
9995 30806
1301 48676
49160 63385
47614 48378
12488 46525
30063 48916
32712 58235
35398 35736
9788 25732
25530 30125
17184 59837
8245 66632
56925 72812
18170 58185
27986 58689
27723 40586
69433 72594
30441 72769
2976 51675
49047 62355
6060 27485
20880 49232
51539 74637
17069 53907
1986 18190
3588 36318
4034 7433
33683 74796
46548 70625
20886 39774
2918 22985
4473 14735
45526 50997
51515 52669
24800 62169
3826 13535
11755 55727
25392 28433
36539 53842
41180 57787
30315 40867
2816 67267
16031 34273
16011 17919
26421 62028
12598 15379
8079 60748
176 58190
24393 53095
15309 56597
55179 58730
25881 31198
52995 62031
10810 61324
21280 26867
41076 47081
16093 21996
12889 58101
11608 21788
21228 36901
29228 53751
31391 59239
12966 35529
2221 22632
4785 42373
15725 72705
53679 72670
31891 64445
17310 40753
39820 55216
9051 43007
23811 74673
19320 55440
28955 33503
17467 38546
15141 33613
34884 64194
937 34679
9666 72490
1003 39709
45598 53737
26031 32335
6547 57225
60091 67458
16535 41489
33556 44174
9887 71261
6549 66421
9159 57695
37575 65906
40987 41118
6097 34107
41753 47872
20327 68596
178 39776
52293 55561
9946 33829
26323 28069
23730 28250
9686 47487
22401 72977
8497 24846
43569 45408
8607 53028
22161 51016
26702 63752
18238 60913
23178 58249
49425 58631
2899 36394
585 56444
58287 68094
69228 73986
47866 69145
3643 40234
69079 72084
28471 62476
29882 39232
28969 33064
49051 65159
13246 15406
22756 67802
29310 72159
47314 58104
34606 54201
23643 73885
50671 70728
31555 64873
24240 28704
2888 50499
4289 63267
643 74556
4627 20372
17657 41124
16433 28127
25474 64363
5514 16860
45705 69308
9822 13586
6454 39704
21406 24091
50715 63284
19348 19372
7547 67960
48941 63762
13883 60338
3969 74527
41463 47203
6471 49531
6154 48660
591 32699
14428 49562
28726 60508
897 58758
2693 55567
42911 47452
60896 67927
14822 67007
14804 64788
28357 61868
20700 28764
28448 47378
45766 73509
33459 73610
36874 57371
17740 44971
30217 45068
28135 48004
7220 40105
8973 11369
17796 47687
61442 69996
20213 67628
22817 37572
47380 61169
24722 28756
46373 60489
38178 40898
14574 42111
1705 60504
4615 39825
21387 34815
9794 45289
38777 54165
1702 4296
48077 71337
20301 58110
2342 53657
27046 46063
35135 63815
9306 34138
3736 27003
27231 56682
25468 47320
21440 28330
9499 9532
7148 47289
12831 54392
66629 67632
36093 39742
48526 69084
5001 51395
29871 68194
4806 59763
18927 22514
28014 32053
32490 54205
25733 44240
16822 25818
39229 72848
66434 72256
28178 71447
18762 21153
14252 22100
37373 62297
24476 73823
26835 30496
15796 20412
20614 24572
48910 52344
2261 5253
56209 57556
30459 71109
48624 51855
2821 35868
26162 67630
52735 73199
45489 64155
11136 64983
45660 50045
2117 65352
30167 74388
2155 70275
41683 46116
23537 37221
17248 25835
37457 47139
3029 18765
38067 63135
14412 54737
16194 16251
65046 65436
10469 18282
12497 74519
37770 43386
38585 47615
63959 68445
35320 37186
49249 62091
13705 52398
15396 40209
821 39437
35118 73109
48161 54427
21884 67888
30514 51513
1175 35362
23710 49770
17688 69992
15597 26640
17318 56162
6652 35432
18678 65435
6676 29470
31588 72926
11759 51001
27502 31221
3297 55097
13536 32211
1237 42926
6598 20001
56740 70471
2003 29670
17979 28632
63088 65257
55860 63155
48242 61844
2037 19418
33287 40756
65444 68911
23862 64078
41014 45996
4358 57063
5561 57118
52795 61291
59493 61050
33720 40939
18159 67585
25860 42019
14667 27895
34737 50351
22034 24921
28142 63069
19352 38838
49225 54812
36004 44852
48 26546
14841 74850
25309 74153
2510 54156
51024 73436
28936 53607
3194 10099
6874 17325
9865 40888
2885 34785
38043 73809
16387 19195
30478 41772
11056 13975
26746 41984
25759 65058
61063 63830
43458 68685
54776 60786
10098 49414
6744 72213
4243 50475
51868 58575
53433 57429
34495 60982
69179 72751
2343 73445
24394 30191
54613 68071
46977 50773
39283 63943
11233 36844
35588 50235
13096 60773
9107 23461
7186 29102
26255 52160
23999 69482
54771 63657
47724 59490
6094 13262
39193 39398
9820 29774
1115 30976
8536 68881
2850 27675
59334 60697
50468 56414
59133 63593
4405 18162
45987 74141
15765 49853
10633 72404
1433 63415
58836 69498
1889 36755
22580 27846
23628 67317
21194 40798
461 65766
10193 20126
54878 68223
14577 23834
13258 59020
9067 13953
226 26829
23953 58858
17316 52014
25344 64823
47734 73480
530 57546
12566 65277
32070 62794
8490 50915
50538 65323
6246 42595
47097 53927
31151 72045
21943 54405
17686 59452
16165 74047
20957 34550
23745 57285
69025 74740
24876 73127
23398 50692
8948 27771
2855 15911
9861 24932
21851 29883
24487 45950
69531 70717
20201 52339
36790 67629
6999 73242
12805 17837
45779 46594
22537 65292
17197 73740
31715 43678
8532 66355
57435 71754
3138 36238
65487 71308
57778 63743
59145 72617
37310 56304
17759 69651
13478 43886
26357 44371
13816 34126
39303 68461
3840 70133
61 15675
1006 48475
41879 43049
4927 6430
52194 53877
2095 28797
915 5529
33011 72784
18085 40266
22639 35021
16533 57591
45803 58435
52737 70119
18147 73424
51599 73679
21328 57849
69479 73182
1155 17692
53909 58499
39065 51653
25528 35038
49163 56855
25191 47684
30651 58448
11320 65819
5475 12935
30505 52095
7633 49265
10421 35017
30541 51284
10295 50703
37779 64127
7690 66156
770 785
36431 52028
14282 41630
70633 70936
49063 74109
27848 57888
9950 72567
20802 72311
18019 56446
7988 60344
11394 39093
24237 62784
16314 55169
20914 21329
2595 5657
24924 29404
68066 68395
20595 68122
9875 28194
32659 72660
36530 54568
26696 41394
22776 48537
21522 23266
16097 61678
11741 71667
6123 12191
2378 45330
9060 14448
33375 59952
63452 66030
7352 66352
32839 53191
34869 44697
5458 60948
11324 21473
26788 38170
37809 73136
41812 59746
42216 72145
21119 41490
8720 15387
26766 48350
11634 58771
16821 35809
54308 67935
18020 43168
63623 68483
26792 66357
33286 47705
31628 67661
46031 66590
13368 43317
29675 44729
3929 8240
28663 74872
24063 29695
43896 45745
11032 49828
48846 49394
67619 73137
27208 47721
23091 45161
42410 72145
24184 26519
25579 49621
48514 66668
30932 52097
43269 46436
54216 70932
41667 51447
18409 63813
8226 55423
34834 35232
31186 38915
31941 40037
485 590
769 58714
5008 50650
4106 19195
5036 27062
20915 48014
71618 72658
1773 63586
17723 56946
43536 45121
24689 46337
8647 10908
6238 70054
66594 70163
38275 52527
55932 65423
33386 37360
22422 37169
7515 74399
44484 45818
55765 71082
29115 54291
42538 58139
58077 64228
39600 58469
45775 45908
16505 25948
39237 51426
39898 65792
39191 69538
46218 63677
33115 47071
25323 58899
848 13404
23826 57514
1570 56284
46173 57598
7158 13829
44023 66360
24889 59241
50572 72314
11489 18136
4491 70768
3232 19494
46740 59545
8307 9461
12223 69165
14155 22324
12990 54932
28775 47100
59214 73595
20318 47398
36840 73637
25613 47193
65356 71686
27158 30637
43206 70312
49029 68787
34082 69850
57073 61769
35677 49206
29114 52403
9639 12777
65062 70613
12024 13130
6492 63199
35450 49742
17293 30367
24090 67429
30480 43539
5793 34183
52291 56283
61236 74301
3231 45749
19502 52717
16363 20453
32813 52550
21151 59912
2061 26732
9441 21890
48620 54618
53294 66778
7547 36022
20612 44678
15425 58131
247 3270
33842 41414
519 72372
48964 68276
16935 24428
35545 62020
51810 60151
4474 44981
363 51706
33661 38905
19319 24124
12519 13622
10059 52680
32367 36850
9068 51120
15688 64541
258 63044
21608 53278
46327 66936
4418 34420
40498 51949
7413 73458
15559 25021
28675 74890
25467 25728
34282 42730
16675 57340
30830 36784
42677 61828
70911 73248
4948 31552
29933 48896
19683 28036
42664 47903
25234 64866
8322 55464
35459 58745
646 35682
45096 65596
15842 23663
32729 42668
3791 35058
37415 55363
14961 58245
12263 46673
7783 39954
18445 32635
5442 48938
63410 70971
19775 56124
49765 64932
6260 70489
17800 43949
35432 56581
44355 68386
14331 58398
25960 61994
36441 74163
42805 65301
57076 57521
22863 27380
43050 52886
17606 44436
9382 50211
16227 30630
70 43641
18825 72174
56354 61241
34076 40883
54467 69653
15716 71865
59500 64233
36310 62078
25786 67641
24110 72422
32350 60454
1544 18201
2289 58809
36750 37468
17384 53681
14889 23132
21656 67360
70628 73739
28954 58341
36461 56712
23370 39912
16587 29795
25720 42554
37721 70929
69592 72364
43435 53550
392 2661
29433 43923
24505 71200
38008 73095
47436 53006
48914 64077
43535 53669
22238 34601
14879 43957
20589 22534
214 2150
36181 67694
4992 62099
30164 67732
7122 73058
24440 35979
9949 47647
12650 30031
57758 65075
1422 65468
16047 58362
53735 64664
847 3271
49787 70160
17053 68716
12294 45907
57827 73328
26063 28024
14647 52881
7979 10828
27459 58478
46954 62320
17545 52721
7700 65103
8971 33666
25743 40546
11857 23866
16533 51693
35015 36009
18529 30710
35422 64770
1977 42767
40885 59423
13269 73363
52787 55897
5535 67588
10716 22461
28963 45875
36466 63286
26171 64111
52448 52986
32082 39799
9628 22820
8842 65795
45898 60018
6754 41211
17009 44765
35515 36626
65334 71799
26790 31531
28500 52299
9400 48554
9812 43045
48598 54800
1800 41460
30150 38674
29093 70566
21464 33491
36590 53356
35690 44849
44842 73342
28386 29760
8738 39519
15178 63661
61817 71916
53854 64474
150 59943
61459 61563
34962 53128
52344 58305
1367 5376
57673 71440
62826 65012
14083 53339
33395 35183
19598 23995
26715 59793
4153 27043
14651 44722
4123 6589
59819 63378
35659 38964
7142 17697
15120 26058
29050 43307
27694 56782
16344 65829
72507 74294
15900 21071
8486 9459
2276 27463
6694 52979
46057 53397
13422 13972
58422 61220
28921 60711
10083 38506
28317 39871
3184 15045
17287 31871
24887 35052
2875 43447
38504 73840
27933 53623
38165 38678
70616 73517
20150 28758
13567 26219
12556 36186
9484 35683
7684 62155
21267 51473
33700 59461
4217 24999
13549 19473
60437 66457
1503 35176
45459 48801
32247 55797
8741 24147
46257 47810
28819 45518
4987 17093
27359 27708
38490 64983
22546 74810
26512 62290
39483 55965
42038 67896
30955 67363
45422 48686
9623 14857
60326 64429
31114 46455
72102 74472
37525 73880
44373 69364
33380 48542
10965 66037
27021 34202
4993 18808
19496 72812
7482 70935
22128 33805
15158 42798
43257 49020
25553 38247
8649 55720
109 44795
12736 39715
9032 68712
9174 53553
9965 22292
27283 74036
9557 17210
11314 71907
31988 59885
58605 63208
29452 43059
1641 49579
2464 4683
19311 49313
56208 74132
29268 71383
24637 31386
14799 58526
47022 74676
22223 45706
40370 59560
32592 49849
22227 54550
33837 71360
25647 56018
40036 58263
18881 30491
3176 68918
5164 41177
54420 72895
26542 57324
13354 23522
4471 47093
11044 11977
30149 72351
28535 32738
53716 60670
52221 55066
1616 66693
5313 18155
32462 74508
6550 39418
59953 70156
9137 23637
46178 49452
27888 40971
52332 72392
9458 35866
13660 68856
29697 53041
7635 61869
1571 26893
27977 36982
3828 15684
11036 60804
17236 23149
46810 47246
38547 42178
22515 46285
22028 25286
19886 24991
18357 65165
7856 65225
3618 8547
5587 49064
6973 57335
66781 67715
40431 68740
4735 67815
30538 50348
27320 35142
11288 36620
49552 67285
19627 20319
3589 4563
9345 52427
2839 13756
3068 43690
10697 11295
44504 72762
18188 68586
24560 71793
3365 42515
11657 26674
58040 65409
10822 36197
6331 66021
8891 19347
3332 8362
39192 39424
11131 34083
19858 26665
39570 57043
20939 69698
23803 33185
15863 67129
36852 41073
37362 59581
5600 61571
29294 44061
16894 46217
63573 70247
13011 39484
14978 65831
8016 25710
44562 73338
29248 49298
17600 43984
11841 68481
6239 20455
7271 38884
11126 49913
15021 41029
8175 68725
43090 48301
37627 71429
15822 24529
58193 69488
50658 53663
1775 21434
60403 68070
7073 47410
52762 67378
4798 73009
17683 41610
22195 24276
37570 44750
33038 67687
22218 34954
49188 64830
6514 54436
28712 66604
40156 53528
16730 33510
18287 18741
1648 57645
4248 15950
16346 17268
43803 44403
1038 13046
36125 48425
8117 14813
34619 62787
11691 16477
10181 12188
16907 25925
29943 37405
613 71026
61062 62505
14311 33396
8431 38560
5407 49412
24827 29997
18191 37937
53972 59677
33989 49358
27955 57065
30702 41989
40662 56970
17249 53622
1519 35528
46399 62392
7883 50105
64545 71635
26038 27315
37873 53093
38729 64806
58848 60475
9952 58610
31327 71501
23019 50697
3196 44958
12568 20640
42293 61593
1128 5817
7951 39128
27782 46549
16219 52134
43058 48112
18580 72889
25236 67111
2622 74237
30314 59354
21324 65790
54615 62752
50270 52719
7324 59410
58314 65661
7625 29316
7154 40446
47407 65893
34021 73239
13099 49046
36567 41269
17693 70099
41578 56213
10775 55297
22286 46023
7409 63521
38977 52822
256 41537
6143 37145
8435 55337
31906 34320
3206 12205
5205 46788
9078 62584
62051 62847
21408 56262
15100 42151
32045 69157
37444 46050
32403 63364
50652 53517
17993 63966
35596 59627
7105 31895
38415 50356
24862 40891
35331 59344
32811 54891
4245 23810
38158 62093
2675 50971
2422 20663
20671 58918
5363 45027
50840 63976
7802 12706
1639 56484
599 723
31617 32438
26046 74585
2929 40761
24219 29816
39769 47455
2603 60958
36841 41103
2652 45092
50261 52259
14756 58679
25573 62580
18770 38758
26210 27219
6015 59043
12667 58738
24137 24627
32602 59718
31522 59295
31170 70006
34617 66300
1295 48339
67041 70704
6991 21862
13371 33750
39592 59947
45789 68492
60318 63313
18747 63936
47073 72918
16026 44212
11792 62385
37643 41937
6671 36134
18439 32845
8296 52407
4738 73134
4604 63101
7405 34047
23128 57738
9430 60655
16963 71743
14398 61565
31248 39611
13502 38004
5244 24949
4714 59722
17844 60474
26077 54114
43337 47365
53174 56995
10578 33617
41056 59046
52670 54319
59787 59816
41984 67331
7280 31242
24102 44234
65492 72917
30712 53531
59426 64885
24772 61600
53965 67562
3650 7610
578 45505
14827 58558
12101 42877
901 14094
19937 37487
30993 39426
27662 39316
35193 46123
15988 25141
27552 47135
10305 14069
33973 48083
4186 54969
25195 27275
12340 18753
6665 64661
28592 42657
12159 40724
7390 25307
370 54101
47078 47857
3701 9654
63971 67008
3629 33873
18444 19891
4546 66876
12354 63996
22990 73260
12422 59522
18031 47866
44055 74072
48458 58569
6687 14987
22772 64051
1767 55116
7621 16427
10294 23720
29825 64829
40121 60243
17464 68253
31860 64910
55026 69833
9398 66607
10277 70423
10802 21044
8542 60384
6293 32865
33886 36835
35374 51689
6661 19921
19152 52905
20751 69505
8898 9738
22397 39500
17650 38733
2238 25466
16692 45520
14686 43008
3477 49029
65975 72925
46733 56777
27235 46443
3284 7879
34398 48985
6592 8124
15327 73637
16624 37460
4030 39681
7531 57811
37651 52478
24858 64166
19635 39109
28902 37885
22624 34539
12907 71203
10427 51065
1239 24194
36113 37435
29205 42000
59339 69131
2994 26085
22713 66425
13318 39612
57067 73069
2699 13475
2299 5871
39058 44829
26640 38309
17075 62644
64154 73457
41875 57219
38908 70464
36219 74582
862 28141
39841 64200
35728 38055
7006 69626
12789 56467
19353 25414
35672 56305
36745 65424
8508 39356
31495 58985
34074 48691
44604 55659
44736 45226
19683 49091
20529 32321
18769 69819
32914 66634
3978 27240
39157 51417
22418 59772
2365 30852
16715 26452
28099 41331
5333 50926
31172 40809
47049 65864
8616 47312
53921 62433
18511 42257
57407 66831
3528 73959
14148 67943
13548 59513
33741 48021
9626 73284
13169 64773
34675 39262
45181 53971
2661 55398
49911 51829
7303 51472
9095 67284
25402 35912
11643 35015
45287 56877
43155 73270
23001 47657
29735 44817
63281 73604
24265 31671
17584 31059
38688 59664
22296 25252
5608 30838
34098 40230
45720 52488
7401 12838
51576 70644
32991 71034
16088 57705
71496 73118
56953 70638
11875 15819
10639 71875
41044 42022
13606 33289
1671 63894
23490 67316
11996 23869
1540 71837
5144 10506
12612 22565
1306 13007
6975 74342
21205 26305
37129 42101
12614 20849
27504 50418
3747 36568
24094 41019
7932 41621
14391 17611
29647 71755
43119 47439
33655 58852
19041 28647
25092 49898
29287 32118
1406 22842
10031 18643
15419 58955
5480 59029
32195 44521
24864 72498
53171 72789
17921 71131
42255 59352
21101 72148
68164 74076
29889 66024
10807 68645
36674 56542
20379 45992
18767 22306
48536 67221
5752 39732
20060 47981
7096 59253
22162 29487
4898 35575
31845 56499
9332 55119
38120 63942
17172 53402
12182 20348
53264 59035
8819 64956
36770 46044
58930 68045
47907 48587
2217 40504
34059 47393
23766 33358
39941 40275
23120 65859
51097 54207
29300 52499
20194 35968
17826 65778
6696 59362
61531 61793
11828 24971
36748 65174
10808 20447
17571 48442
16804 63935
13196 15570
35704 66712
18336 26513
15779 49311
17458 53133
12365 30416
15057 49198
29307 68831
8986 15403
51 25205
12859 48792
42343 57222
10424 54328
50302 65321
38878 68960
19256 69959
21070 23568
35144 41187
30703 49638
30310 33600
4585 25450
1317 37370
21865 68546
27252 73714
32216 47655
25303 35113
14688 43733
30929 49192
15756 58258
15774 35843
17478 73551
20472 21755
17685 62943
39224 67217
52661 69177
34591 49815
15536 66062
27149 69802
28577 57874
9188 42286
67686 70780
4946 17466
70372 74221
26350 57280
12047 41565
22580 56818
27732 72444
51961 73822
43584 50973
9179 9500
65140 72368
10995 68605
4402 54622
8843 51120
48411 68758
1574 2997
21506 26289
30415 53563
1473 67048
1123 32987
13199 49938
8141 29179
7476 19308
34041 48021
35612 50517
22507 55543
42040 49383
17614 31691
14555 32472
30718 40222
21790 63645
14225 63098
21841 58147
19842 59069
66074 66880
29459 42306
43316 69908
1461 40039
33042 37540
26981 49960
17116 61916
30375 63008
16104 40432
153 70812
29817 31077
45980 72813
25904 48412
55196 58326
18938 69515
10835 26042
27207 41816
11772 64846
24461 59853
445 70268
2557 68055
15214 17662
19750 43401
11372 69229
33569 45022
24795 39728
10289 36319
18897 33204
22813 44801
7567 36196
56507 61062
2179 28303
39272 44847
24411 70247
7075 51554
4959 29350
20302 59409
31101 50597
44196 51366
33610 39953
16647 36185
23429 28690
61443 65896
2492 48822
23100 45728
18709 65180
17596 74356
17978 18757
11422 62676
27102 29108
2390 73240
20231 27494
24369 69227
23229 39274
32305 72289
16498 71824
10903 57093
21407 36598
27216 61219
28411 43986
16354 71374
3205 40832
39191 64802
34290 74134
34842 60544
8767 63442
10004 68694
8937 15491
24001 45227
23520 42007
14835 70610
55132 65028
50570 68189
7920 50585
28151 58434
5953 28035
36630 62152
33627 70173
25144 64989
38912 66006
60262 68160
30785 44541
24099 46811
4166 58793
47950 63858
12557 22552
50168 53587
11117 42057
12599 74335
55521 64939
10456 54491
53976 57860
9467 42371
52783 63838
12762 46576
10521 11606
21256 62006
6934 62911
49818 57735
24203 26593
18404 62067
3359 3695
52979 58759
35202 56658
36970 57312
13747 33090
48543 62774
20828 68346
44215 58735
34460 74382
18284 62400
34590 40637
8298 35461
4237 39759
13871 43842
18943 58892
30928 35134
13945 58264
36326 41842
2963 43735
5370 63974
28200 53469
10307 33242
6732 58403
32294 42747
23303 26233
20058 20448
5674 29284
49920 70324
17824 25550
10440 47766
30187 60789
52692 59034
30114 59825
34759 45520
11508 64251
42891 52297
20111 61906
43731 57533
50181 61651
32755 66293
55279 63272
53467 64505
8707 44584
9871 70981
7703 70267
22389 52664
29345 63218
14040 34065
30039 37458
3630 72382
3172 71001
16223 58237
17055 73484
29567 73051
39816 50706
9002 65215
36673 57199
14562 17348
39595 40199
11468 19656
34827 57218
23936 66987
6685 53029
42416 54645
56440 59356
9592 11836
26455 40305
7878 57580
39702 73873
30391 65959
60004 60892
952 69387
19639 29496
17920 20564
24581 56851
27176 56015
1082 22194
6792 29400
43396 43588
5868 44450
9980 51742
39186 68100
44319 50031
6870 41852
30697 31339
14336 56199
9879 62000
3093 49726
10728 64797
39783 67106
12209 39357
34430 62361
7065 74684
23025 36382
17966 34387
2463 74227
3590 70661
17988 39827
26976 32569
34783 48515
30512 63702
3799 26160
47732 57246
14356 22497
16721 74337
17436 71619
64222 67089
29000 56020
1807 38120
23316 55173
30999 32838
60282 69487
32145 46125
34148 42354
3765 59816
6775 53361
1547 61256
404 3276
61508 67419
12242 74393
24928 54380
34774 64789
34071 52298
23699 72864
11230 72488
3299 62318
15842 74118
5957 42125
21941 68565
4545 72942
44368 49273
18150 59687
19124 44622
28090 70735
35342 44407
7070 33296
17009 71990
31879 51615
11519 70595
7849 13483
50595 63439
32277 55198
6574 74454
4832 40001
61283 73147
41152 66459
62712 71975
3752 9883
9781 52784
28593 42111
43656 45172
53814 67231
34284 69055
4902 42670
10119 46097
20956 71765
10241 14511
20276 53702
19873 51079
48347 60043
46939 68321
39436 72855
51935 53864
14161 31222
21338 64317
15064 50927
37143 64197
31368 62743
2141 27383
19730 60939
54292 59266
2616 15564
17214 63112
3235 40642
30868 50959
5905 12972
10954 39360
10736 21197
17079 19516
30915 49245
1355 49626
22798 65372
56339 61763
53318 67447
21309 65045
40210 62611
3909 18800
1608 72536
26844 47861
11719 72343
46395 74486
27802 49229
13021 65292
34288 61665
17158 19930
48332 57017
30898 39407
28077 46991
14522 23874
7609 15237
3211 64198
28966 33438
27465 38556
56920 65871
18651 47569
11097 39620
6851 19402
16130 34159
18449 25730
19558 65837
18357 74325
28460 68260
10520 65694
8523 46226
42021 60926
14070 36864
2834 73271
55309 64296
41602 54318
23281 60135
29215 49516
30144 48223
2476 30666
57616 62917
47046 58333
36523 40499
160 69240
24205 45703
37188 39019
43361 56863
3783 6922
60708 73711
20757 22042
42740 58124
32632 51245
4356 57383
32725 67169
65937 67495
45080 59393
16812 73745
1371 2868
29909 57865
59490 72862
14873 42643
4759 42887
17214 70058
45929 46559
13539 26264
59771 73096
50866 72462
33200 62364
23519 56419
34358 62423
3281 7013
8263 66059
3179 30504
7005 60774
12317 13474
893 71073
23816 38280
40856 72201
29277 68018
10041 57801
24351 26957
4693 70578
58145 59053
22403 31244
3183 19566
5876 30305
57416 68351
27024 51467
3879 17936
11767 59104
52684 56060
1207 12732
30677 34102
66358 68815
15859 16792
8301 47260
1365 37688
45015 53111
49700 53856
25995 73068
14482 67133
51275 57572
41504 58224
31041 63581
44908 69341
26811 57988
1011 37485
40544 52942
47587 56200
39963 40375
43856 68789
14726 33966
22597 61721
8429 27206
32517 63658
39705 50982
59229 66561
28185 35842
51291 68684
10461 30006
13144 73153
13983 40760
15574 74857
6027 44668
5558 14060
24189 26386
8460 74737
3691 18969
47900 54784
9915 71693
17234 32322
49008 65291
20631 44081
24163 49702
58172 74120
22972 51152
1099 25264
26880 32837
32360 38141
15870 27855
15037 59026
6814 47471
58732 74109
40464 43167
10319 65994
26530 73658
57655 71069
14620 38526
17463 43039
32869 72514
9675 11966
1412 39106
2107 21672
6958 20203
25243 71961
26285 58133
5774 29987
14875 58571
7664 48885
22749 24993
17554 44707
19054 56697
2499 62599
7346 61050
41111 70624
13629 37108
16680 60686
7880 57457
4420 6674
40644 47020
29065 64045
40008 73028
55365 64408
15189 68264
28455 60740
49891 54396
57595 64032
64437 72383
55638 55653
35162 61556
56517 59496
16119 24259
22952 25394
6203 13050
4097 22095
39746 62295
26106 42359
9548 26019
13201 14514
6499 24107
25456 29214
36531 43105
20042 30408
840 63070
50163 70260
26071 26952
2568 13984
3130 36310
37528 60506
59614 69281
3744 11892
30533 53136
26242 31812
23311 48974
16071 73127
57084 58754
24038 46335
36648 72164
27522 72649
13312 14561
4147 44056
43625 49111
41801 69739
8963 31236
33104 40334
7046 51055
20414 26065
25427 42563
23670 41319
18023 37235
54292 55457
30654 54793
67901 73032
35560 73410
32922 66280
36679 57147
13617 40032
13340 28248
16927 24701
30890 59948
50080 50107
7816 12933
36800 61305
61823 73891
21484 38724
7030 25265
45821 69907
32297 39913
23395 44387
65689 68705
19117 42224
26237 31141
28711 35263
2897 56490
20294 59531
30685 67380
41993 51062
54038 69809
12584 58309
56611 59681
19835 43621
16138 24929
17021 38776
7449 12638
52037 60797
15284 34565
34382 64074
37858 49238
1253 1422
17111 18225
62181 71369
9959 38020
32085 62823
7036 69962
73309 74436
29526 37910
63042 71263
5115 32658
55028 73440
11978 14964
16586 46799
8150 55863
8952 55584
33733 54659
32328 37785
10455 38010
60835 69088
15724 15757
16267 58082
39662 69472
5867 53670
57473 59536
25939 32790
5414 17533
26609 73762
8708 58600
27558 31815
48057 69973
6342 34908
10329 37157
21176 27051
6813 34046
28056 31109
2381 2524
14701 64744
4083 15503
3187 51436
43920 74257
18685 68319
8104 65717
1709 1747
40597 49996
17257 21957
7336 33181
57090 62157
8380 32890
35859 64666
2531 25949
72215 72916
28245 54989
14993 43858
15848 28687
4542 47175
24587 30237
14063 35078
19999 43373
28889 42164
8316 67125
17245 66687
33107 61461
18928 49635
8481 61035
25893 65617
4191 40014
14700 36897
30118 46026
659 27188
35064 43108
19291 46420
55494 66658
36364 39529
20654 41663
15692 65595
21438 56933
55465 66916
50849 54774
35530 67644
10879 39828
64905 70655
25734 35884
46964 70515
13377 16878
53698 60405
9735 17893
7590 47194
12515 32724
34552 58420
20095 40934
37036 52945
6561 29416
48965 50638
19285 37013
15053 68563
12000 38030
45378 54511
60521 70945
55309 59327
36527 64318
25976 70694
10467 57153
10098 41695
15443 60453
52002 68082
16789 20888
46388 55752
3246 6523
33587 50707
60843 65835
17522 30145
29445 55656
67425 68274
4892 46615
27918 36388
4647 20657
43967 65901
50462 56600
36553 58116
8880 47911
52252 70092
7735 51141
19721 39762
3664 29454
35347 50912
15942 63615
6008 34394
9976 19433
20126 27806
18922 41387
48156 59060
26878 31899
63125 63390
38039 50245
712 31070
14683 26599
18372 69573
39580 54909
61059 64703
6215 17574
13138 27714
4766 71868
43862 56372
6115 29429
1541 49112
12366 14998
3567 56976
5399 55526
64205 70120
35987 71957
4096 45249
2206 10465
37350 55655
12291 15850
58215 62623
40632 55989
37820 44991
20002 36379
19681 41189
37056 57461
27571 27613
21517 55443
7728 37520
53211 63695
15110 45669
4707 46951
21591 44493
20430 66579
29775 46069
24745 70075
5246 25868
4741 14330
17868 67901
44453 65715
11488 42282
21466 66529
5340 49571
40424 44897
36880 37497
24611 68206
19597 57128
22617 24113
35844 47729
21212 43833
5138 49326
64476 66539
1069 18701
33912 42545
27631 34206
451 60689
28117 73586
13457 49003
22454 38420
23532 50962
25666 48849
48333 59468
71803 72557
46004 74303
11754 18027
1741 58442
30713 36573
20599 64436
27850 35847
49672 50334
60975 70267
34977 40107
22833 55536
11088 23290
2965 33411
48471 69836
46267 55846
11637 40341
26153 26923
35488 55894
11392 19436
34206 39474
52691 58000
15091 66815
59717 61215
28340 68881
5296 30575
45204 55924
44431 65897
8846 28649
39702 64582
49200 55123
45794 54177
11625 20184
15701 59766
442 4891
38275 46528
776 6169
3126 53190
8585 57569
18102 21709
13482 31551
20506 20821
28892 33848
7967 36915
9935 73421
1962 5184
12313 14584
38173 50590
17909 38998
21675 74804
11036 15166
16259 68806
51435 58086
40282 55668
14501 58586
41132 51408
56647 58506
4085 40611
6862 62550
45159 56264
26972 58719
20277 22859
8908 74195
27590 65922
27390 63828
3610 17497
63007 70703
2580 24305
67331 71748
1516 69423
11645 55610
48608 51368
50747 69583
52419 67782
41045 45201
51425 71501
7468 37632
33020 41535
5954 59510
6495 68124
41403 51255
32879 45978
56130 63411
49785 67997
22743 26133
1618 10100
25420 74153
18553 46803
290 9230
6203 44564
39250 74050
7861 12992
18213 46971
20579 46344
14264 54804
8816 15562
11899 19883
11098 31388
19137 30503
23961 66025
25 25496
9529 11090
27026 63211
4232 5677
2321 47103
9574 36802
63948 69599
31321 60701
16194 37842
17923 54163
55959 62801
18737 35727
42207 59566
47161 74344
6303 39901
31783 57537
27476 48163
9969 41946
26212 55721
8312 66615
44739 53215
17431 41622
53977 61583
23616 38796
42294 49498
24909 29562
20031 26417
24921 50108
19230 53715
40042 71788
15416 45918
5898 34776
60208 68263
28363 49324
1451 53007
20136 29111
11891 71204
8905 42876
65113 73499
55213 59256
8793 74084
12691 33149
65256 73736
15368 15373
35663 64392
29948 55332
24420 51414
26582 26699
444 10577
30226 35326
6950 38234
22254 22434
24970 30802
10868 33167
13178 16242
3096 19626
7731 26855
33416 36500
33432 35165
32584 43568
25197 65334
33471 38547
3279 31145
25673 74263
39196 41962
41799 68510
17340 26710
23629 64558
572 5488
3254 45374
48623 71822
18640 23390
1736 46301
31284 60620
26993 38477
30900 34108
16585 37765
4975 74518
17695 50521
6328 74022
8847 62908
14833 51118
13026 26403
53537 57426
6961 18630
8992 9862
22469 34520
18611 55899
35243 48429
37808 47477
1463 14547
46135 66224
6343 20559
4374 38476
42453 54445
6575 12200
49080 49224
35500 61419
7885 42055
6112 66862
63795 66983
14787 62102
18194 51898
11616 41227
37499 61149
3477 50118
25777 67720
40054 60056
4943 9962
41369 61794
37392 63076
25993 47493
22598 42924
16073 59155
39848 49405
56084 57895
24507 69526
58480 58962
18421 43318
40950 63728
12543 49644
35289 74887
1788 64235
57326 60294
4093 38336
43314 72257
14296 71163
11405 39471
66341 73773
4063 55477
14974 54721
6541 29988
32471 52746
34390 35605
24567 53590
28317 57942
5936 11567
35996 53370
25060 44263
23775 42887
6641 58978
11938 54011
4709 59598
26784 56387
57320 74575
12810 58927
18603 47094
39593 63031
12424 31949
37529 38529
43037 51154
16852 64912
6797 25275
16891 17525
17125 55640
11601 28156
28286 34394
40539 43301
10557 14992
11308 18613
22455 72620
13906 23267
17589 54484
43454 43484
1305 41616
15670 66010
7044 24707
31864 33184
55084 74323
5690 31882
10553 10823
8918 32476
43225 56985
53399 69335
64500 69547
40538 69404
26730 26877
9320 9437
16926 18458
33399 39543
52145 59819
26707 68802
46065 56409
32451 57578
2826 49457
21310 68344
48343 51289
24634 31025
21820 46903
22479 38347
22203 46885
18181 38355
22696 60755
16115 59472
20598 42165
13510 38187
55775 66538
12141 12528
31779 71867
62941 63516
7623 42314
31589 55674
5234 57642
15943 19680
15117 32748
4398 27415
19541 67346
28605 50492
57822 67006
18530 48405
62512 69095
15843 48423
42172 49655
6621 7949
13704 14074
1015 71492
60913 73369
51805 65940
20970 30443
22425 23963
3459 5318
54614 60085
5798 56291
1757 26086
40360 71037
41731 57802
27830 28385
17410 44332
28530 49402
15231 41885
25192 35818
25202 28647
39096 41169
20452 36772
6063 43917
5415 43160
11363 64825
2808 63822
62697 64691
6122 42762
35755 68629
49401 58267
726 59395
11971 67266
1360 57434
18530 74643
15476 38723
41396 44187
641 13595
26832 31030
2799 61957
11515 27649
1582 1608
58725 69376
13293 25312
52421 71550
43353 43572
69667 73638
10591 30751
37907 49761
23057 39110
10752 66978
6322 54969
25399 31389
44145 46033
36015 59927
9553 50211
46903 69014
18637 27069
1472 38294
13555 46072
17828 35248
8618 26393
28556 60975
12266 50898
24806 47980
159 53276
3212 11939
46749 49536
24763 32556
60175 71352
10743 57631
15669 36950
11108 63327
41455 64458
18262 33860
21105 27838
1586 6596
6655 62354
26136 66146
23809 68664
23471 62316
2245 6211
36368 59864
2803 29312
24453 61235
49275 60627
52675 67050
30222 37273
5373 16311
11232 58751
51754 64676
36926 72230
4285 27177
37964 64864
30328 57482
43231 74601
9380 31145
18481 33125
24514 69634
26595 43220
25611 59068
5078 32227
12803 46501
14269 67184
15000 67897
11984 70094
32762 62167
5391 64854
10717 37993
23031 26794
3822 73255
9963 20458
6527 47774
26913 43365
51939 71301
20846 36040
1104 56192
36187 71558
55341 71099
17261 72497
4502 39311
39231 55317
21577 40522
24061 60305
22488 28768
5537 43457
41524 64350
33301 71794
60193 64370
15316 64963
22682 23821
30833 56636
29421 60720
30880 58779
21342 67733
4506 19079
6265 42578
25447 72342
34385 54659
39544 59192
36052 61005
24639 25881
24815 28271
15534 32968
9725 22437
23777 49252
6801 59877
48942 66198
47329 48794
58330 72118
37705 38062
52513 55748
4418 12785
17537 18285
32659 54520
11825 68115
54549 64333
33431 57033
57990 67969
9768 14957
28337 56199
14781 68340
13622 19849
35653 49965
3285 60174
17628 65922
14740 48404
34995 58234
12545 15423
50477 62058
26174 64351
36434 68850
10744 59548
37335 74384
35264 55920
33216 49563
67393 70180
28971 74158
12781 56249
11652 40623
36959 47346
42742 53242
15029 40286
18341 34804
3396 28801
25746 59283
41114 45868
41023 61481
8959 58452
47227 48415
32050 37595
14478 41997
16030 43303
55325 72847
1209 54325
24818 50177
31342 51347
54846 70417
2016 74482
43560 59486
43726 52903
52385 60316
35609 36304
68682 72935
60166 62721
49855 51604
43676 45922
30751 46509
3937 13291
30918 37154
28848 36003
24387 50700
43463 56122
27601 34987
50928 68549
28539 55235
15264 39148
59952 67162
41356 70522
39924 52985
12932 20754
2645 26727
6486 54035
44143 70707
4976 64817
42540 43662
4658 37695
70031 73751
49815 68995
3076 8453
10636 11679
18368 55585
14570 37741
7851 16079
28718 29017
17321 63680
19670 40515
37683 47807
16342 45916
21312 45015
28353 42446
12532 54140
33884 40429
4382 73591
10700 41078
28352 34136
2247 4919
28302 67874
3363 66140
60984 65323
64768 72758
6656 28813
20082 20900
9701 19304
44201 58306
29101 55994
51759 53710
13495 30581
18909 64701
11867 26925
19753 47944
11135 54076
35096 57710
19421 40949
5905 48217
15245 41440
3253 23727
24253 29072
36536 61448
26571 57009
17209 31823
58589 66529
15074 36707
395 48953
20791 70168
72221 72470
47376 65241
23895 36226
18818 71171
24059 27151
32131 35315
5507 46154
20637 41749
23418 27348
3167 27260
32525 52451
59312 62539
14316 53365
5686 31168
14373 34895
20932 66027
3609 52167
652 4209
5829 54585
14031 55289
12510 64307
15001 55960
59590 60118
57247 68279
32932 66419
57788 74382
53220 68137
38085 74547
5185 36722
41099 44137
45590 46502
3659 10070
7568 9290
23539 73826
28928 52283
50570 64881
57238 72220
18573 53612
8880 30985
52165 67399
17682 24074
37010 45879
11400 51697
40663 67118
17523 34167
12989 45331
35583 61186
4005 29630
3132 15986
17141 41789
4149 59746
17399 58888
11313 24799
44014 74675
20162 21319
22432 68361
12174 68688
40417 65289
43593 58629
9328 23550
3602 21897
22472 60432
7493 38804
36712 63820
6670 46577
16695 62906
25633 52104
5374 44391
51881 62842
960 47602
22497 71664
39475 73578
28372 57914
30603 59880
313 24462
2194 54422
45086 54288
53466 54034
38892 55085
27567 63843
19280 66941
30325 52938
58634 73037
53320 58824
43451 56369
11785 72368
46379 62659
19617 29171
36373 38633
51 54160
12782 55603
37650 56855
48412 61529
58970 63826
60671 72073
11076 68012
42124 44720
5196 36892
22870 61909
36019 52405
33757 35155
25149 43941
10259 64673
1156 56886
5763 71753
56884 65164
11988 45529
56692 72801
46415 54243
48821 48868
37915 48124
21757 44567
21379 60288
18062 55135
16352 40535
2154 48737
53954 70576
28677 61147
34196 52394
30178 72613
20381 25907
15784 31099
565 74811
65846 74624
61560 70491
7248 8829
53714 70716
31812 40456
25707 26188
11888 55668
26553 66879
40628 59487
33264 39288
6557 7098
69499 69975
16617 20790
10216 29919
2649 26580
26520 56016
43941 67987
20199 21961
33834 44793
10611 21255
4431 57320
38089 60807
32739 51094
49503 57987
43194 72565
43760 52956
24458 41695
17953 37197
47671 61641
8048 42642
37292 48694
19034 22874
43116 43330
5021 12314
50099 54527
31503 71123
48843 57740
68353 71175
18891 22258
42123 45446
61966 68347
31572 51389
18980 33270
27562 31632
28390 46517
12127 24583
7058 65130
20475 66337
24229 67920
2937 56333
15585 65778
9103 69482
7088 12906
59669 71166
15076 49803
20541 36208
56269 66644
1055 3100
25032 57297
5441 24786
20250 30728
34441 67099
51119 52662
966 22777
2536 7312
20513 39970
5429 25963
15698 26728
28210 52019
1076 37309
34886 48789
41733 69323
1375 57908
55096 63236
10602 71968
45787 50507
23032 44714
43104 48167
5723 17354
24842 52547
17226 54790
6815 8003
9873 26933
35574 72569
19357 27313
19974 25991
21073 26911
15506 71182
6384 65552
5525 14411
61039 67464
14905 17347
14271 33026
64245 64382
25941 68588
24564 43315
2793 6907
31437 65651
51141 52054
47261 55823
17261 52703
31311 52936
39613 70324
55287 61422
54509 68038
9607 22493
18722 29873
9533 45561
40481 69848
63458 73458
24356 71386
42434 53573
15137 47894
8070 72493
1815 46968
17676 55392
24758 42501
365 16829
6767 28698
49834 54122
8106 34142
29986 56622
53822 56827
52593 53941
44990 73301
757 20388
50980 57971
42795 43107
13387 71150
26450 37825
14105 14841
25067 31095
49187 62394
17161 72726
7050 33254
1309 14671
21754 32245
43891 63041
33572 40142
32765 72634
44411 61300
37033 50374
22827 54464
4013 24518
22676 67912
7232 39445
32803 45995
35146 40025
1347 32758
40435 61998
23623 48538
15806 64235
3356 8784
63949 71911
38430 42547
21487 72920
9276 31696
11844 54932
31559 69249
38511 49991
15683 62631
8621 11740
2147 46814
15822 57456
63574 65003
24499 50420
9334 71800
9028 60207
15629 72371
39892 41119
16341 27648
3596 18504
27607 29207
17959 51182
9075 66338
14548 31403
15163 40677
25787 54696
29673 55294
23544 31912
50417 57305
47111 56940
42310 72158
7604 39579
30358 50102
24408 47871
58199 70245
21616 67297
19420 34637
16696 67771
1982 17596
40145 51499
17947 68420
24533 40244
29744 68523
16110 59903
55324 71080
31835 59469
21412 43040
3866 69267
1714 68191
26921 31829
20646 56880
57776 70090
42898 52602
54928 63792
11680 40661
5335 40526
8482 31574
19779 49659
18720 41321
2660 22565
3655 39943
26506 34989
21028 50519
42742 51996
6837 35476
465 25306
59431 63544
6224 35709
6271 55044
25103 31276
9532 36566
4409 12036
35682 60750
17760 31731
9169 42859
39668 55121
9734 10713
19564 61787
33681 66782
65767 67759
6750 58897
17140 50787
19790 20958
13849 43992
11489 35481
14182 47960
65670 69250
14528 73694
1378 17019
25644 66337
11089 32694
37440 38937
56962 68701
3010 59729
58156 62927
45280 45432
17583 73884
40646 60115
20907 28412
19147 31280
10402 58772
12651 15665
36741 70820
19543 44531
28 2866
23680 37423
12142 60805
20050 70208
15664 20561
5501 31684
13624 23649
2392 7130
60345 73112
18212 33023
22678 72564
25049 33422
28870 66483
4855 63222
36269 58230
7974 62753
13056 63092
11437 32636
10033 33402
27490 37149
27949 42197
8587 69628
30182 71098
29836 30536
36699 46451
14065 32814
36416 66200
32298 39069
1960 31242
10691 70017
18812 66031
11389 20868
7481 36595
35684 46899
9072 28606
9440 55927
33968 43955
49753 73960
4092 32091
10404 31727
38366 49999
3495 15626
66393 73447
62535 73527
24092 31903
54460 55089
36381 56204
1677 44749
21773 69974
15356 34324
56239 62898
30962 53930
14544 45785
220 39749
34436 68813
5347 10707
41107 69393
64352 64615
35994 49110
7195 30368
20804 41156
12070 24496
55782 73507
540 26296
2581 67131
20287 58408
935 65236
45845 65182
18145 56980
53537 69943
8197 25322
8069 20383
32414 46455
8551 37936
23956 26441
7036 53234
12092 25352
23016 40301
6179 65983
23819 26648
43832 70311
6124 49288
52336 55525
8466 39149
33789 65682
12324 59489
17725 48247
6283 34431
22898 42505
9 13041
38531 48053
17649 74666
40859 46547
21439 38104
36697 49721
1210 3566
1739 23073
38780 67695
3812 9357
4361 17883
6271 40945
15686 60744
43478 69099
40040 57100
25542 63246
63118 73261
63685 65117
16669 74247
49282 72697
2960 12664
60742 71728
8679 54743
30761 41662
6982 65377
30552 35896
53025 65910
33976 71003
63347 67420
19693 20481
8634 72192
39636 60308
4423 45474
34743 43848
13420 43741
44697 51255
29969 49341
9620 22323
14502 22720
5365 21505
4668 17705
10833 58503
36886 72529
26808 67359
34256 70847
10655 21661
20780 28979
11428 44813
14226 31280
3245 30770
23130 24142
20763 68864
43801 46714
4607 21461
45254 56170
11916 55580
33043 66068
20793 37312
2368 18151
49035 72337
44803 67360
6432 31360
11532 51421
27046 51737
13227 53399
39529 49254
14230 24708
7238 52063
35757 39457
17857 58369
18751 55038
44769 63602
52520 53298
7886 57661
18536 69263
6570 19031
36042 39155
40201 50252
62179 69196
7858 27324
43453 70752
34056 38592
14185 35353
8818 30309
2532 32411
26058 38747
13090 70914
47239 66713
6861 68950
11753 39256
53299 57351
18311 67557
40614 56316
4684 65623
8404 43772
21424 46525
25508 69343
30302 67430
9595 20523
46014 68751
30603 47686
45177 50487
15209 26075
8324 25660
16358 51799
20702 70453
34100 70363
94 43171
49372 54327
56095 70367
11271 11850
7562 13463
8658 61503
29485 74224
2211 50122
37764 39350
11083 19934
45580 46566
22515 33610
11593 39215
7187 30146
446 61155
26669 32200
5077 5815
38852 71091
15969 55409
10382 14630
22256 64184
1451 38387
44349 69077
25101 44572
51516 61145
9127 33360
53115 65125
1896 30133
29290 35830
17319 22000
59479 61991
44235 70868
8876 58644
28371 31337
3651 55498
52018 73907
17779 60866
7779 64100
51524 57000
17224 26060
47125 51787
49840 67495
7827 20852
13322 34253
65325 72163
47215 64002
39786 70799
2887 38531
51479 71731
30239 55774
10172 41684
19529 69191
41963 48385
7617 69332
23891 29637
3241 47359
20870 26793
34119 46631
57692 59761
39651 45171
12418 59472
56252 61198
28787 38793
55451 69533
12435 39419
1993 7785
23701 41651
52950 66525
21736 28433
106 56998
47860 61025
47441 53141
9800 19477
41113 49699
11806 46253
21468 34588
40791 74675
57724 63905
16947 25294
30100 64516
776 3348
12821 69921
14373 67944
42147 66395
59044 64399
5998 61304
11576 25462
31042 72692
42402 63091
36337 38582
43027 49831
14644 61443
46038 68143
54374 55421
47332 72947
34494 49652
3785 5253
4189 13395
25126 33937
45637 57571
15930 64762
39275 54587
4984 66508
4145 50447
18309 64800
581 74090
12157 25022
46040 50893
56234 73698
41586 57202
5213 23020
25192 66768
43088 71546
34841 55075
27508 57761
57488 64428
40240 69632
14199 49629
15130 70702
13683 63117
36572 45275
20497 65752
11928 14856
67865 69787
22677 74048
16593 60550
13218 52947
5495 55806
53107 64078
56346 67879
38247 44818
34393 64242
25685 41612
30525 73395
7208 19792
28799 50548
58961 65942
13757 45506
15401 48809
12193 62971
43738 54678
7123 48078
49455 68136
22694 48697
2774 39063
18661 42644
30115 35681
34899 37539
2351 43896
8447 16013
50303 55301
50011 59273
8598 25308
6978 12918
45508 66466
40328 68725
2385 11935
15705 39201
62626 63412
28744 55699
40523 61430
513 67010
37525 44054
53608 72799
39391 47612
20499 63482
245 41462
32293 63213
1148 56887
28281 30538
43489 65970
35320 66775
25098 51631
12438 67444
17902 21327
40509 57248
25455 40096
60435 62256
37001 72254
31158 67600
7017 25238
3979 60529
3020 11419
11397 72808
54270 64416
50723 64522
57989 62500
5678 35531
21549 70943
15749 72996
5814 54310
4712 25705
44215 63817
20172 32170
16385 45114
39814 54894
46262 59371
7463 56868
11949 44200
17846 19956
31370 37051
4763 43130
23270 50366
28000 32874
49534 55695
10543 45485
52985 58246
67323 74289
46266 47334
34308 40972
32030 32376
47023 69428
31744 70304
24487 65285
27832 60632
56153 57712
17082 26129
24163 51615
37705 47021
16199 38746
20094 65525
41171 56935
41083 51547
11228 23034
14011 45407
3501 42486
40559 51667
14903 34540
119 45171
11143 13470
11752 13311
32241 68666
44552 44908
17861 69777
13341 27124
30875 69738
21023 21472
47667 63811
38907 70926
44063 68475
2291 18589
10558 38992
55551 67302
38806 44008
27805 59795
1438 25913
181 46728
22270 55772
8583 14997
34104 74128
5951 10350
217 22311
4447 26777
12660 44495
8810 38851
64971 69508
17675 53504
10089 31041
47307 47839
2539 38398
55130 55717
23365 25826
24652 67109
17569 56308
18398 28222
18383 58326
26877 36928
12378 49412
3796 61629
1400 18983
53315 53337
7697 47498
48975 64599
37720 62985
59728 73161
40536 52545
10436 48585
31058 59210
23751 74013
18483 20970
768 67702
16669 32281
9693 22740
52204 70056
11004 24361
5601 51756
63681 68293
32042 47965
61314 66500
17056 74809
2114 15159
29656 45126
23068 47570
42338 52021
10763 50668
30411 43159
9648 39649
11415 21476
403 22820
3987 25482
2669 47481
11593 40647
51605 74698
33230 37152
813 11648
38001 48097
44973 51797
55772 71987
29556 67971
3973 38509
53994 72094
8666 63948
12346 54597
55913 58902
47599 55519
9997 12562
10040 70485
18724 73575
42580 69236
18130 32993
65721 67430
7903 32183
3466 18306
23416 53919
11105 69712
859 56515
34007 45007
9903 14540
69246 73124
6666 71806
8535 69182
57113 71889
3153 11070
39923 52009
6247 51971
29703 67270
46306 62821
4684 57450
23021 25214
64358 64585
63652 68606
45522 50526
20646 33563
66896 73564
51728 53775
2011 47827
21284 64624
35161 48440
62163 66534
19508 56960
39627 54327
23213 36866
24614 42154
17652 64063
37150 53627
23807 59818
1336 50680
11757 63830
2926 49437
7321 33727
64502 69640
38053 62414
40325 62699
5718 17667
28728 37741
2911 14144
10727 35290
21852 45924
53979 54672
16620 33067
17917 39597
56289 72629
11525 40401
29463 61630
38148 68033
2255 17793
1465 11273
34763 42656
47892 73851
42944 70492
29924 53104
9627 19870
17147 32273
14737 52292
36371 57952
52132 56072
25812 60601
26859 45323
35479 56342
19596 74769
65532 74340
56865 73291
32767 74822
29861 48422
8192 67786
12835 30936
1147 69301
3328 19869
3608 35185
38058 41248
42221 46574
27773 74503
2978 63690
55073 67063
53512 72252
1084 60930
13566 16487
42629 51139
57177 59136
31266 35623
13531 15977
477 16273
39639 44594
40072 47884
26648 63040
24766 67882
43334 54931
41948 45690
15732 28360
36413 55672
30866 52296
14768 56245
9295 39766
24609 61010
5213 43386
57985 69368
16773 29944
3991 48113
11693 59692
13042 63657
37565 73193
35624 64829
13037 19769
30312 54848
22854 45840
19377 37959
13870 17185
20850 38721
37086 74331
2092 7065
15226 39688
23521 57814
1486 6308
20154 65839
11584 57332
13506 69956
26251 30979
47377 64339
672 39970
158 23424
29742 37653
22259 41158
14378 60371
19918 52409
8037 9833
13020 46022
45984 62160
10217 67437
21354 60629
10028 20186
46702 53344
21090 73358
1438 64835
10969 62566
7496 74107
7285 68805
20655 24307
6138 42732
42659 70449
42048 58733
8972 16043
15851 23453
5435 44032
19901 27891
16652 56707
6204 7778
44486 61425
50470 70552
2171 64171
20011 42350
21907 36625
2249 30481
27905 51480
25173 56135
46907 51054
14044 19184
28030 72946
55099 55541
8400 58157
16401 38660
32332 47627
2368 21418
30387 32898
30362 49076
19917 57233
4608 63348
41268 71081
43393 51172
25723 51502
51114 72379
14683 73393
22807 46475
2290 42506
40040 43727
26518 65419
67675 73666
34283 53575
14423 65596
38235 57254
21095 25127
32117 56747
6019 29620
42842 72153
6232 45584
20733 23034
16883 40836
27741 73617
38979 53497
4453 60256
39824 71168
36826 54000
35735 49307
23559 66786
29604 39084
2089 29535
26619 52872
13795 33216
20576 26173
38060 60531
33324 48655
25696 32764
36338 56245
293 18566
31380 40358
11275 65144
10504 32690
41006 66196
37814 52582
20467 66948
23373 71058
16306 21601
20376 26585
6068 55943
19468 40460
27451 62792
25179 27053
34915 53272
20326 41477
34583 42550
673 49443
27756 48892
49002 68335
1498 29357
39358 41253
17418 26306
41684 67672
36763 61022
11818 71745
58384 67100
12926 67282
6067 12392
8466 13842
44131 47113
4428 5290
22977 59101
29378 58899
15994 69217
60591 62339
34514 66037
38040 47628
33201 47237
4791 26009
14612 74573
19243 28952
29127 40156
13065 64807
19753 54394
12739 34272
22382 74800
37132 62042
19383 37185
35856 74743
20662 68290
45376 69860
21250 21981
10876 68735
9363 16485
56936 58789
70117 73173
3905 65817
50850 56003
989 73629
20788 70079
28857 57378
30629 42986
63016 63178
18755 63845
34426 46844
17495 36274
25257 46834
45308 47517
44604 61095
30982 42677
36629 66996
48708 67131
15621 21495
30147 69629
41862 70478
1789 65839
8099 46151
60000 70782
17804 72204
27921 61273
27291 32747
30671 53829
67019 72268
2525 11305
27146 34817
12132 60325
2887 48523
42940 50130
49964 73789
10235 52000
68736 70085
6689 12722
45954 73874
11105 64542
35024 53875
20680 26049
22701 66636
23633 60199
14893 43321
19550 34556
10399 68235
1780 60806
14005 31296
24833 72555
28829 57341
9629 15299
15779 28700
3002 71960
55061 62174
2587 4152
28174 59124
16129 35602
45635 74104
43813 56830
56356 61679
11008 36820
53121 57556
38415 61527
5360 56044
21479 37976
24135 50826
8320 11042
61961 69363
3462 68190
40329 55103
2502 12474
39886 41370
40100 70814
1559 31455
7726 70411
1127 21061
33669 40369
9203 17345
2170 38280
5348 6317
8912 34817
11028 74110
2066 63114
14035 66184
5051 27411
35395 73385
19866 68520
42587 45915
12901 31619
21411 69618
46614 49096
56119 70772
22918 42287
45421 53836
30236 62986
23945 42525
61812 74494
44023 61321
13144 73729
27221 68822
46726 69862
35563 59260
33556 74392
39793 51096
51481 67997
6029 58912
3324 30023
1911 11246
20402 70507
11598 58925
867 16677
50085 60505
19192 44613
30563 40482
38532 60508
16056 25267
1065 55562
19548 40162
31671 50547
8026 9794
3880 69003
45203 73681
9832 66107
8514 39444
13486 64529
43925 57714
10239 22686
8319 23700
58811 63784
71178 71355
55 50153
50685 66416
33200 39791
20627 30875
68803 69705
38887 66270
2378 57208
19077 57436
50576 71320
38522 56833
20808 45783
7174 46557
5948 6515
64477 73812
65020 73212
69234 69763
27702 37226
10071 21925
4882 54700
2820 34911
11169 63338
30966 58798
34909 67728
18981 33718
7191 27410
28036 58920
35782 52566
24154 65418
3308 30169
24293 62131
1213 1658
7889 47213
43602 74081
28004 51453
15407 56217
835 68049
21635 64941
1695 50055
30120 42921
6297 15971
39329 41105
42617 64396
50064 50874
32567 70030
43553 50432
61148 61367
8411 11417
26897 43563
11829 48939
25435 37306
31940 65607
10348 57311
45291 48629
56583 67300
17604 50422
33542 53891
38317 52415
26470 70269
15139 69740
10079 71684
14725 15931
1407 11878
14 43390
10705 61724
34967 45944
57546 64004
19111 60235
24679 40508
67201 67757
33796 37270
54335 57235
8015 58951
7772 51598
39416 47713
1479 31032
8234 64447
54576 59846
46444 59609
8087 13518
24143 27404
46180 46351
19650 71791
40918 44906
42829 47399
43990 57228
33138 57103
1887 54085
35965 37150
9359 43389
19788 32467
64758 71109
9119 63851
57635 72641
18005 41075
5599 39504
20115 29985
27885 49943
24082 31072
35094 52132
25091 25976
57146 64331
53970 60071
55253 60817
21138 36518
7110 11911
30785 59290
19809 24466
14559 62555
29964 58238
649 1400
17337 61989
31130 48176
18187 37249
18958 29719
10449 44001
13520 40793
8733 22683
14968 71889
26606 36028
2246 41456
29054 30569
26423 41668
2050 13025
9384 25245
38867 55067
35945 47467
3734 74185
2607 62990
43961 49927
16182 37484
34058 42157
17220 54254
13875 16552
8496 26347
28096 50415
52684 69745
12478 34002
28440 38998
13300 25465
27829 65767
16208 25221
28051 69318
68108 72677
20504 41683
10521 14129
48289 67094
61071 68636
11687 55499
7792 38640
11546 38826
32168 74691
18643 24842
5392 72274
1294 22805
7751 32915
27335 66938
44794 70867
8809 31222
20704 70969
5578 48528
61347 69957
24505 48202
28319 45392
28857 49167
7095 65517
4404 6632
44064 59481
42410 47344
22110 54879
38928 72446
60580 62480
17815 19034
7971 15541
8569 11048
21310 38662
56457 60676
34979 39944
14812 62027
6897 48952
33478 52302
11148 19818
26112 28508
3321 46680
16114 16799
65469 66045
43052 43869
36139 59807
32589 65544
22912 65691
29555 34619
6677 17295
18945 33083
28089 35617
6088 16730
25814 67438
6193 18613
7564 27813
28518 65246
59942 70712
14832 20243
15063 33839
66877 67769
45658 57634
86 10893
54015 69080
10773 31435
63724 71804
1225 17265
31757 35925
31896 71905
12658 39384
43466 52861
7393 36573
1143 44236
36998 47015
10467 26078
969 43641
23017 50018
13284 23772
17035 55596
58325 68610
53398 68040
3982 30123
33892 39488
2276 72207
18524 48476
5468 13556
1647 24493
48367 70100
2890 42882
15591 22540
8522 25270
44953 70436
41601 73562
40550 58871
213 72894
9660 37416
26183 30409
18923 43214
27473 68184
27674 66665
21938 58289
22376 73398
9339 37367
9715 35101
28686 28903
28302 41856
27746 62820
2889 26328
17752 30458
42441 59351
11685 11826
2078 65318
18531 53147
11333 35714
43335 48859
13820 71045
2192 53160
47642 73461
12335 57034
7183 22319
23211 55847
18437 34688
48320 66953
8644 66283
34446 62240
8097 25542
70627 74842
9478 48441
59327 60852
9411 19914
24685 32009
15116 32274
24767 37875
27030 62909
28650 37402
38612 49065
20633 27892
10050 35046
49093 61879
5634 40719
7699 16007
24549 38904
6068 58121
26504 47238
55880 70560
18000 44453
48145 66157
44653 65486
20673 29977
294 52443
45103 74535
14739 47164
35777 36996
3553 69164
40861 60055
51431 64933
17916 56565
6089 15222
35758 52065
52426 69414
32182 35537
13201 18862
29716 30691
7670 12858
1364 69684
538 47143
6841 45236
16811 36228
47881 51217
56506 71349
7380 23125
25540 58541
26846 70666
26035 45935
14080 31734
36650 43694
28169 69200
62049 63777
660 7484
51911 63351
99 2380
21156 41964
50403 64265
28403 45033
7558 14900
16020 57418
8930 27074
35852 54930
42403 42560
12594 54080
30620 49165
49143 54340
49662 64589
26211 38337
17058 49868
14567 51208
56231 69575
6640 9233
49631 72351
4161 26456
29723 48529
21087 68672
34628 74226
38137 60954
23282 27882
19970 37115
28087 52280
19108 74824
17395 33016
27304 27759
21891 29176
40307 45441
21692 70481
1255 7737
2229 4526
5459 35212
1835 28721
36270 68834
18918 62231
9281 13124
14897 48680
1297 1841
68107 73087
47682 71642
49024 62802
1944 6151
32528 70399
11681 37444
377 20487
23327 30847
49367 72424
12853 53732
30331 39244
2801 48508
26777 41972
46329 55229
15111 60528
27192 36143
2547 43366
24931 59335
33009 37747
31566 57866
8083 68975
13509 42557
8011 55334
6901 59458
14149 36278
36341 62205
18568 68343
11678 74077
37516 51277
2917 4978
47537 47769
9249 29363
36066 64161
32362 74504
33329 72739
726 10171
4349 34923
15691 32822
3094 63148
7557 50837
17668 36337
37733 52629
11256 18366
25620 62188
11998 60109
11953 21888
22158 35753
11483 32172
4743 13054
51542 66075
5645 14364
25050 57217
56691 68299
38100 70669
40418 58174
9773 32314
21158 44881
14162 28381
6391 33310
7221 61701
5756 13380
24804 40870
18563 61573
15650 24939
562 28162
15706 47028
51112 61088
39750 48740
40274 73711
48448 55775
32703 62192
3304 48872
35313 68136
21287 58732
11019 32854
14588 29182
40745 68673
21874 38786
4437 71025
29592 46360
41094 43881
5619 42270
18415 18596
1568 73114
22266 34855
21137 50767
2394 58169
13642 25136
27032 43131
13022 39823
19533 42984
37569 73979
5139 62395
29653 30992
28772 64210
49410 61634
21077 37081
6024 19954
14341 24716
27459 68284
25814 39872
58001 59311
12616 62924
19134 45564
38186 39914
19083 63134
15328 64994
24916 69453
51232 63226
20701 62638
61977 72826
8899 44300
56653 65978
10078 30303
21670 24231
23107 46025
21415 63832
2261 64604
16078 73396
22616 56503
28233 44634
38991 53122
42493 65461
13960 62036
36173 61860
17426 18941
24147 59631
37016 37482
65814 68940
4344 27925
17803 21271
24951 29153
17877 73442
832 23828
43954 53123
34697 68414
65448 70448
11353 40727
10229 12959
64389 69272
33878 38246
6832 67850
8547 13801
1995 61516
22240 34191
64697 65150
1897 59073
24777 49924
32956 71445
37367 57112
10189 54751
265 73568
35854 51617
6389 46323
4323 13836
56011 62419
17552 40689
12601 58109
37934 57454
7358 71401
14769 69291
7830 18024
21258 72899
39533 54217
22162 39365
19625 32552
12391 51694
25340 31305
50359 66399
13157 48439
33262 36964
9854 13229
17430 38136
8856 72152
13075 41625
10248 54503
53128 63484
42802 55586
2615 41514
18260 23888
4397 74894
2958 9443
8673 46896
8060 33114
33966 69192
23186 72556
42428 62079
11440 23061
27625 45074
39340 56873
536 61932
22241 42889
62270 68412
47149 72912
35799 44421
473 34372
9876 30855
34266 37051
51052 54689
39554 60729
62551 64777
2617 14018
17479 59778
3277 38434
4109 19673
28216 42738
1455 58189
9074 61467
28509 73523
17410 20886
18306 19994
42426 44059
24021 57963
2611 59706
41577 73716
23015 62863
381 74030
573 57308
17438 55861
15411 37899
23959 36519
57889 59460
816 19998
32579 70951
30573 30742
38191 67149
12563 20785
16362 69153
55773 66405
57497 64618
12554 49016
4369 27527
57667 58584
26575 61903
6478 15301
6376 61661
34204 67187
26398 28089
10748 16264
7294 62883
23965 64858
12807 61859
56967 64210
19141 22304
3099 21375
36220 40406
14455 30980
33058 56439
38236 61214
29717 50241
26888 31438
52401 68760
59241 69269
48835 65309
40829 61364
57845 64084
33811 66827
3560 33241
61024 73888
56659 60358
16004 49064
40777 51745
55735 63705
13168 18285
41553 67743
39105 49870
3340 25014
12171 51064
69716 73319
1214 3095
54696 65057
10045 52161
17727 64550
36890 38073
16171 35615
25226 30562
14290 63030
37357 40536
8184 36957
8543 38383
3221 8474
21094 60726
65158 69641
5277 70253
30914 65124
13430 62360
2828 73850
61558 70391
16447 34278
9201 30909
61728 61847
13831 31424
8027 52699
10665 14535
18935 39954
57777 68944
2289 4196
44095 68247
18822 29356
30626 37871
11422 25609
30422 32218
59601 61698
36554 68924
46663 73373
18781 37992
4372 6425
13110 56949
20798 26310
39863 45390
5782 9665
9017 17524
27104 33859
23816 61008
7398 9301
31341 48741
34633 47856
55473 71969
12371 52033
30818 34411
4161 62361
6094 33596
5225 34877
65684 73972
11382 39707
7503 18138
13198 17633
11601 13235
6049 44606
50331 60979
7464 68971
48670 48792
847 69066
36513 42793
28454 39031
8216 35535
10552 29296
11003 16775
3695 42436
1814 5586
7591 63571
31637 58038
23454 42801
22070 46221
17298 45756
5512 42957
19359 32341
26755 67318
29007 32768
4720 7302
42626 61001
36659 44856
143 69380
8639 19914
25156 69829
35484 38315
14620 45862
28915 73056
1134 2031
17961 35721
8916 18614
23387 56925
9519 65266
64552 67314
24073 60689
11454 33731
16718 67389
7742 52589
20811 45100
8641 55167
5465 31999
12867 27751
62592 64309
32056 35236
51358 73287
827 67685
3303 27331
21568 31534
62794 66168
3283 38534
6564 41422
55157 58300
6278 27479
35169 59920
48905 56902
26802 39390
9336 59665
212 56475
32284 32383
39708 71985
4436 5175
29366 33107
7957 20224
3794 36195
36607 59095
57611 66399
28180 63377
23543 30810
15876 46790
16499 33462
7756 36540
21882 30109
3785 36731
26020 61002
19622 57619
32774 53655
17820 41950
53404 70495
29530 67844
29771 50787
26768 41833
948 32204
11562 17789
29107 51794
51969 69687
1130 37657
17589 54453
17116 35341
16519 23322
6925 68020
2511 71273
43915 50715
10949 44723
18378 42811
61611 63564
36401 61644
17363 66507
30461 56121
8231 74187
58636 62127
1772 30551
15205 62953
7020 53752
19259 63562
1219 32446
27201 29638
22246 58159
29652 35095
8365 17273
497 18282
43179 59460
43226 58785
22491 74798
49975 60631
35005 56584
34397 66656
12021 70898
20381 59765
11233 53612
20735 37422
2798 13079
24224 71561
25557 58014
60307 72907
28251 67804
38391 59187
60 11654
10069 24662
15291 73178
24784 45421
8063 45581
21975 37719
40317 56750
12364 65337
47428 60427
12990 16090
18104 24333
7937 67766
17296 36441
11351 38759
39910 53053
15721 24647
57180 57439
10251 30129
1620 24750
37767 40423
2598 74241
46966 64532
30166 66866
5427 12316
15834 19174
2800 10451
928 57393
62444 74188
42617 62669
42443 52236
17994 31412
48182 64136
26233 45045
9034 36658
23204 35890
53909 66843
21512 50370
31774 34556
48105 50509
21805 48921
47522 51220
16850 52482
50342 52292
13811 55801
12259 48836
33654 73566
67241 67663
17708 43235
10297 70373
6859 29602
2955 12960
17258 74154
17934 21441
22795 61739
3927 5650
8891 32252
51221 56591
4325 59153
14905 17896
27634 28214
38173 56719
4720 24122
35264 59182
63711 66747
43332 52625
3814 42774
10244 20528
8114 51110
41102 61423
13450 41167
66687 67045
5973 71028
4790 69065
4318 72568
10685 31526
15903 28655
46630 62813
50156 66889
18784 28428
33754 63901
29976 70501
20248 66122
13928 34537
24849 67970
17415 27275
17882 63486
4925 67422
1039 44159
7976 15555
10374 46431
59067 69915
35759 57872
50426 60570
38969 59861
9 44801
19336 49508
15875 67021
5637 16201
2680 13843
6854 45415
167 31927
69384 71904
26205 43201
13508 30930
7621 33920
11574 26404
20997 46107
13755 36782
31617 55552
29890 46636
5541 55541
2120 51608
10429 38750
37122 56885
2177 57783
22833 74104
36933 45317
52719 69994
65102 74606
23243 43571
29041 69229
38743 44505
27693 55476
15569 60499
1178 25473
17193 27633
20122 73472
19069 32482
2398 30390
10799 51153
1246 60943
35205 69696
44239 53651
35241 53764
39033 67762
13307 18877
10603 39490
17467 42176
33383 50391
42160 43295
20708 47739
50274 69859
53362 58437
74 71211
18099 35966
6194 48122
5610 54141
19454 60319
16300 38053
25246 30323
6358 46297
31631 59166
54005 54518
67593 68275
6154 37596
16811 65321
25614 59051
35212 44152
28099 53988
55449 58492
13896 16616
12654 21292
10970 30882
8979 70895
2451 52329
42095 45881
7516 69461
18520 42331
28556 63061
8911 9140
22930 33465
8001 19664
9877 56899
1828 15954
7400 46782
23191 61170
57344 70906
40852 52179
34140 39397
26770 60238
6608 62230
43029 62167
52757 58168
12606 45331
8781 68089
20148 48069
5732 19967
16656 16684
10013 20234
36669 60547
17541 40605
6012 9087
9242 70955
9090 51770
45102 56950
54995 70512
43259 61878
5454 61928
18186 24527
53329 57143
46514 56361
3013 72676
3563 57475
5897 44942
31418 67859
10720 49378
4782 28499
65471 67877
6016 38733
65287 68542
39777 47534
30816 49104
58148 61782
41147 58669
10653 12410
47488 52321
13818 38184
39978 74269
33266 61903
1298 17211
17333 34400
11586 26144
9777 16360
13688 27446
2304 65450
30807 69747
31682 70708
18456 70401
61511 69569
30543 60810
59251 68583
34355 50372
32882 55559
21478 71562
41930 48049
12536 61263
15446 51913
56848 67057
15129 31786
41487 55426
26628 49795
22248 53488
32509 61881
68131 74261
8422 70352
51972 62607
38958 41371
39736 51105
7718 68785
6476 72322
28864 49022
16224 48309
31057 68064
18576 36352
10335 28786
10119 64512
18998 31601
62492 68215
4245 26586
31028 61956
33117 57398
17423 24696
3977 52850
53304 63055
35647 67001
19795 57929
2001 55228
41783 55458
25524 54887
22449 42300
6533 51606
6600 27395
18425 38208
30956 52777
19008 48537
18894 26192
11986 53279
34118 44123
13419 63201
16353 71828
29660 49936
17668 32312
12038 59656
2803 53744
15431 17968
24832 50403
59378 67483
36546 47244
46361 57495
23485 25376
23903 59144
22100 35768
56614 57502
36962 74268
12506 30157
39404 54309
21348 58915
32119 52641
72469 74566
54861 60009
35738 53736
3956 31126
30809 45052
31498 62844
4989 30869
10781 70788
41710 66630
851 10645
46370 49729
46416 65572
53071 53926
33448 46734
64699 65384
10801 47255
38260 55217
3163 59528
8750 27669
21231 70629
29744 45734
31174 38960
4219 33574
60703 69198
10767 72891
4645 8752
11205 29788
9911 50537
12047 57941
14664 43776
8663 73329
48085 61189
20053 29132
14572 22113
26647 44000
11411 47675
8243 66503
14196 34711
35390 65308
4224 55738
5963 60397
21774 32638
25094 45131
52250 63585
25467 51280
10525 29078
18726 28951
46470 56608
43599 74015
21569 41746
34971 54350
41333 41807
16185 50887
4952 32046
5840 23663
59882 72757
707 6920
21654 50728
5513 68224
28480 42978
1804 29182
19425 73539
26494 45961
8550 51373
48865 61514
4791 24514
30667 50970
9387 55245
17518 62668
56205 72653
2252 58317
3552 25182
46944 58272
13390 16766
61175 70398
4833 55886
23248 60427
11292 56415
17713 33029
16356 62055
1714 27049
51711 61436
4024 11824
18274 42570
43184 74706
27422 44292
64212 68329
28474 44551
31690 69364
31102 45400
31239 57200
8370 25438
7713 45651
31335 56796
12715 53231
2189 34280
4979 55043
29406 36883
12697 16698
8939 26836
49051 51215
21114 23477
17185 35254
8807 69680
1044 24593
8105 70556
54445 65873
26579 64448
20555 31762
32713 68353
2711 16534
32366 57404
21020 63249
33597 68994
8340 32289
57568 61105
42881 44827
9218 20249
13687 45296
59613 68488
26249 41388
858 33821
16508 37961
789 41670
12484 28176
55431 55821
33775 66626
27811 60683
49768 63058
273 34290
12978 13333
13675 69800
18296 71516
48771 51218
22220 24170
23463 50721
23012 60827
28273 55980
31275 32023
41178 44700
31477 37670
690 74881
33182 66542
24995 33323
71830 74569
5342 17050
46501 74385
36981 73524
49594 51023
55399 70889
2743 48048
53257 68000
14276 44927
5117 36723
32150 36348
10057 61810
53710 72829
11871 63279
44979 67756
41424 46202
52896 62875
21843 52514
7314 21779
63831 74418
58652 66419
19009 54041
5915 20390
15315 56879
44056 61032
25307 26432
6307 57191
11031 15749
52508 68699
38942 70583
21263 38284
46452 58544
59314 59869
1112 10333
35129 42378
11660 69226
19205 66841
1781 19982
22390 46585
11658 23882
31157 69601
64096 65723
18345 68693
22028 55453
16565 62875
20006 53043
21410 47349
11731 46197
17669 31516
17208 45009
24975 44995
2888 74148
9447 31243
25521 52963
27511 56929
5463 31344
60200 61263
20521 53672
11188 18649
14071 22547
12037 53435
6198 21605
45768 65011
5967 23381
45237 74326
5540 27041
56668 67777
19855 23222
13596 20586
51659 71888
65722 65935
32062 62932
53070 54709
55436 56746
960 5758
30748 49315
17623 48988
12891 58031
22594 25867
54907 61613
15558 53735
61014 70643
18228 60994
15033 59582
21121 64332
58197 62075
12640 13792
36017 41797
3764 37571
24534 73383
25288 67344
71795 74300
42069 53288
14544 47512
14367 60878
1027 70158
9604 27501
27521 55518
2241 45307
17790 54835
60922 68289
44724 66501
734 65152
28773 30156
23988 35138
30436 64518
20776 39460
39071 69331
14677 45220
39798 65118
44028 49751
32726 38373
11633 73498
7615 55267
15687 53628
29425 30721
2853 56702
6958 29848
43000 52785
46065 68732
28461 32239
5353 66855
12593 26503
10414 56524
38997 68933
23156 33005
946 36983
32719 35601
36614 62206
34698 40831
1748 36464
31940 74009
23693 41924
10 69032
33696 51815
10190 73738
32644 44302
51717 65543
35190 42364
44506 69062
3673 22077
17848 59012
10712 54096
36878 39756
36476 41618
13224 21861
21829 23433
29567 67084
17487 70254
53693 74298
25972 39135
32152 48096
55120 64880
60584 71747
40008 68003
5263 27845
30065 72742
45267 72979
24058 24085
18771 27412
6395 60778
11828 25808
37418 49501
16576 49862
54764 67031
50293 66783
4450 22111
10170 21530
8717 20486
11734 66522
21169 31886
14091 49744
39968 53178
38549 53217
24770 28316
9199 53153
13833 41116
18220 47026
33366 65522
2420 60277
40754 62853
12284 15799
26995 64140
15657 38222
11692 24797
37523 54311
36520 37949
14731 56549
59416 68228
53805 73106
36662 58172
50442 61821
8451 48363
20456 55131
10462 56874
11764 32540
12711 64435
3221 15511
9602 17227
11001 39473
23929 30539
13040 31731
37625 69717
55372 70191
20115 36907
4852 39241
47552 51588
32844 44970
54797 59084
44558 73487
48447 63724
31725 40206
997 4869
17957 30631
43240 43260
5946 56099
24206 26812
10215 18903
1961 15220
36977 42279
3479 50501
11391 22674
1968 11570
14815 74480
27956 59294
10222 58582
14048 15676
19969 55105
30608 52817
55639 74163
27152 65456
48947 71238
10453 32088
46403 67169
21305 74578
3707 43769
14223 74760
4478 8782
31243 63374
2556 3531
5121 45484
15584 52835
26191 37319
24974 26580
21525 34713
52217 70076
43573 52718
26675 49277
5080 56349
10918 66161
13972 32661
31904 37839
1150 33188
42802 44963
13014 41401
26543 70317
24306 66394
2219 61947
55337 73509
62611 74696
7930 55959
3851 35099
4788 74057
23359 26286
29789 44069
29275 65303
38768 55582
28658 41347
43376 47790
1843 65621
18888 42327
646 13117
18838 34220
17953 48908
54624 74831
30972 60697
2703 40109
25789 45780
41152 58091
9462 61038
58337 70514
21665 66777
9238 20150
11774 17265
29450 68320
18292 22786
24160 26576
20669 21782
28474 61672
30496 46584
35201 42938
24374 69265
31480 48203
7060 11039
26325 38263
41658 47228
3410 53325
14028 19862
12793 21904
35646 43043
35701 50524
33708 69959
2715 31935
5995 72006
63994 70096
6347 21165
40433 66294
1175 23722
32878 40502
55951 70853
39738 49052
58545 64179
5659 13529
41284 52929
7064 37207
55238 56432
52913 55579
5981 50146
34299 59363
19139 36249
45975 71353
6131 56969
13887 22819
51767 67039
52374 71377
2645 42888
30750 33177
39868 51861
18105 62897
8267 28881
18485 56529
24341 37142
37954 38668
51260 51814
2512 17751
18544 46783
19528 26776
20482 32740
15342 16902
31047 68872
26187 58194
55700 57589
40858 52258
6609 10489
63294 68887
49521 72702
12733 73693
15114 23077
11690 36378
47090 60248
20064 62931
4139 59503
51055 57282
57236 71070
16013 65812
50467 54195
8410 57792
28732 35490
21902 69532
37212 70393
4667 65623
37989 60612
4683 40627
62210 72013
12809 66571
70714 74461
13407 62891
41184 46291
48271 51799
27678 51449
27830 56457
16699 35428
11903 25792
7596 73493
34833 63734
31366 41167
32410 61284
3791 63485
33501 37833
549 36534
12855 73651
3086 37607
39053 63411
2284 70194
14426 54088
33232 46652
40639 49330
6914 9368
70822 71308
4596 12840
31319 57587
48002 54037
33566 70553
50059 72713
11418 61671
35311 53352
22679 53742
5530 25690
32548 42792
14073 56036
5241 6155
24562 49928
38860 41391
27679 74289
6556 57613
27556 68562
222 24056
71578 72783
23444 56032
18250 59686
17326 38984
1471 69869
13164 29768
60245 67114
11121 45508
43098 53201
22489 48030
2355 14043
10814 41999
32752 42036
1195 23940
51220 69157
58541 66789
23630 29740
53080 55916
36366 37580
2871 59254
46862 50643
5205 51300
14315 51325
20346 37748
37771 44057
43114 47095
45634 50571
20976 33659
58382 66966
21015 60836
51761 74098
29191 35803
13043 58212
37726 49192
57077 58736
64006 65747
20514 37138
6531 31284
40884 64632
17809 73884
36107 40327
5239 38978
12005 22280
316 67325
6838 54609
10454 13424
20994 31229
34922 57270
52399 60787
25380 58619
27100 58483
28243 43708
23939 67998
27641 30804
2399 66055
50241 60340
61614 64573
21024 35177
23203 69214
11563 51982
12727 35497
20310 28102
7253 32417
21337 27668
56866 69620
20533 29266
36397 38661
2172 11440
3530 15620
7353 31334
9415 18807
22417 40977
883 70953
25077 45503
4970 21662
49713 53596
16544 35375
20653 70001
38666 66763
37224 60854
38967 50348
42890 49620
35006 61367
60873 65809
11460 23447
50283 69017
42785 63814
11302 56058
15151 68708
30499 37316
850 73864
47564 61110
1231 32911
29149 62918
48335 65031
47563 60391
4498 31581
39531 66284
15752 30844
36306 74468
10499 26542
30758 63090
36705 52442
63377 70146
28890 31206
48115 53417
10396 49511
15121 54247
20296 47277
44614 55212
38703 71330
68653 71695
3830 67570
40633 50668
3740 15734
4905 23857
10500 30831
35239 56808
10525 17081
26583 62784
57222 62986
49996 59002
4388 46287
45249 46490
3513 5979
50239 62659
21087 74860
18134 33073
1607 56923
1974 3228
28680 35085
6734 55616
11519 37819
18190 38288
29806 66032
4112 12494
43113 46034
41180 60553
29579 64283
15849 50404
18332 38846
11237 70154
18077 40847
4392 49061
13298 44904
12621 67402
7224 24349
153 4878
74507 74571
33376 73129
48940 71987
24307 41738
14153 69825
66897 69985
26945 39410
40106 41706
35710 51628
66553 71780
32430 69105
43548 73769
10372 40338
35808 71426
57130 65488
50742 67403
20770 28395
20070 31675
39630 65275
30578 53146
35447 51561
968 51104
21111 43741
36513 68104
30450 63553
42622 71940
11490 66758
24193 26686
4165 55025
26404 47839
20296 29084
30972 31348
66408 70705
12186 72621
24874 45658
64337 68539
51651 69006
23916 73360
13285 41533
12690 56013
17744 30981
65244 68541
50051 58594
20774 31100
62839 63639
3428 70785
61916 66118
4938 73233
50378 74794
41941 70754
4441 51665
2919 41302
17101 27325
19036 37644
3796 74146
7136 68459
45796 51417
8766 73223
28540 40311
805 40159
15714 60957
45839 46482
46446 48473
55687 68853
19872 61042
32989 44274
11459 44706
17358 66577
3007 49427
29334 44571
66254 68321
8490 27904
24494 56185
27006 35647
48467 69296
90 68487
1042 12115
5162 67900
46354 52823
35435 50886
37239 49217
17654 72330
9349 62293
12531 48183
42317 55555
33744 39037
173 38240
14986 42902
32762 60562
30897 33565
42353 48610
56673 61135
42755 56182
59098 66517
52769 60283
6440 52688
19605 65741
58044 74645
2080 64902
15991 63615
8487 21449
28393 65995
21870 43506
14024 70047
2291 36870
23460 56074
7102 29167
31668 61769
19796 52817
65523 66721
35576 42570
51048 74811
27405 48695
7777 36489
8665 54435
10878 50711
31603 51831
26779 49679
5076 54307
52255 53243
30106 31795
50233 63559
7260 41287
40791 62374
31562 64044
26841 62598
43742 50087
2060 62072
20426 62453
14152 22529
26082 30199
34740 52205
62423 73800
12757 54826
7141 26262
6937 51454
60342 73186
956 1098
13242 38605
24041 56754
5569 23229
14089 35319
3328 10815
16472 59305
21057 58446
21937 53341
50543 58781
30970 61647
1369 53285
65133 73785
72921 74158
32352 34004
18243 34340
31525 44605
9152 63295
7607 60577
2635 24657
16892 49837
10548 22386
26710 44727
5251 41619
26186 73667
38349 74062
1866 65147
26247 46014
36328 45787
25831 52333
65024 70738
13076 16498
53283 58547
1856 5628
16995 60873
15473 19645
134 66714
19805 49353
42605 43793
26481 69498
59290 66466
53780 58150
1169 1883
11917 69400
3192 8109
47500 55907
19387 64768
11630 17577
18257 56026
12420 38286
60452 66841
23909 65797
13425 14520
4780 64221
59491 69405
51793 65811
11242 47523
5088 35215
18554 48865
39596 73177
15340 69622
4286 40039
18985 25832
10065 20504
6420 16546
28265 41143
53741 60524
23286 42581
10941 43721
29177 47387
36708 66803
11041 36477
9741 59488
65358 67724
3160 5681
4829 61850
3600 15048
5510 72862
64415 69569
5014 32440
14717 68317
10944 19717
38853 55404
45962 48928
19882 56376
37983 43948
26791 46135
28778 37176
1092 13517
4201 34028
42244 71206
1539 64708
8643 44492
27880 56010
34613 57126
2362 63094
57374 66813
49033 73146
34203 36778
4118 56479
1834 57976
5735 30893
7786 27450
27351 54643
5711 58234
47375 67470
16676 71105
33334 43498
16824 68413
41776 72398
23426 65984
4194 68784
30796 46523
40121 63261
7046 33351
5172 56927
27311 57008
51864 61416
2281 64368
16526 59756
57019 73467
607 16170
3348 43661
49660 71777
48544 57549
44362 68719
43152 56711
8299 62165
26225 59512
12156 70654
3498 35651
8148 21005
21453 52506
363 56282
26311 53011
14390 73051
5693 11164
20947 71392
5775 51091
17264 31775
17448 29737
14342 51597
14128 31654
58554 70836
4419 45387
31007 70270
15326 62810
26645 48207
2438 14970
8012 49683
8288 32114
48357 53881
15192 32259
23897 39176
38043 67994
46582 53233
12213 52256
4132 34646
16295 39276
40355 62649
17561 19011
52604 53367
777 59262
24145 35762
55308 67520
53931 67271
25873 56322
8697 55771
27024 61289
4021 58465
36429 71400
45464 48361
55278 57577
18590 63974
13982 63738
2588 61485
31202 41786
21913 66643
18854 62738
53067 54840
7714 53790
46637 71190
225 29896
20739 73697
2726 3892
7374 56518
36374 50716
10363 51317
46078 55284
9118 44509
10443 20364
52497 59444
20077 29985
26074 26549
9252 22554
16060 37165
39087 39377
27555 31431
5847 9191
30954 33855
10484 29970
38985 69257
33508 50986
14944 41191
42535 50434
7519 21766
5406 26969
1574 26145
13045 26634
73359 74894
20863 72902
17976 64749
30621 67343
9452 13941
24380 28946
32704 68655
7211 46003
9539 39905
6700 74388
7815 15704
15387 22849
17162 73027
13753 52927
64599 68341
50070 57500
4643 41312
1697 3971
22737 34723
11700 73259
15786 53091
48321 56765
46350 58010
26614 50860
17030 26733
2679 8170
46886 55056
16937 62873
23328 54694
11754 37952
26018 71146
6184 47394
1824 56786
3548 38858
1555 29336
45478 68767
57095 60659
7181 31188
12502 73391
32970 38044
15969 68435
47918 53711
5993 53815
17392 26260
29661 55191
2684 73504
955 57683
51013 73815
8011 59544
18663 55490
7821 59783
9111 47392
5497 8520
32645 70043
38559 56746
26489 58830
54550 63337
32649 43177
52653 65936
30345 38182
753 33335
14123 68458
37331 43878
43680 44346
6052 52471
48774 71244
8140 52798
3782 66207
20596 49203
22153 32067
17291 41847
21619 32469
6451 66279
4647 64387
252 58280
40480 50946
15180 51161
8227 24157
35254 46672
42906 58710
18963 56144
12580 47767
18705 36432
2194 45832
29348 52761
27627 54158
9133 36901
10754 58004
24118 74717
42103 60589
19137 28515
3492 22872
41715 48958
12327 49934
53846 57037
8199 61522
25801 41333
40763 41186
6715 58790
42180 44832
11724 15761
45644 61067
24227 34829
14750 35636
24694 53100
1002 34407
41478 61109
19786 41332
798 69772
44923 62783
24187 66610
22956 46187
67405 68012
19995 60236
7284 69438
41835 60202
12653 40422
16965 46798
34513 49860
31901 66818
5840 23261
47840 66716
14050 57584
13869 14821
10617 43119
17575 25240
31341 64521
5860 23119
307 54812
42952 73553
34378 42480
7603 73589
40394 68919
48714 56110
37399 51145
51014 57691
21117 72438
3746 74653
27348 59372
43174 52251
63621 70210
42064 62210
20175 53887
10037 20935
3054 38581
10357 47224
6210 42941
11936 63468
7402 38279
6136 61635
25089 49317
695 53143
32104 66416
35511 63025
16080 57697
32424 47695
59546 60456
10102 41457
16810 35819
29527 47326
6942 11611
14124 15937
29305 73791
12574 16975
11527 37811
19300 31292
33599 74172
3094 4269
69805 73606
1275 68511
62607 67398
14229 22826
46013 73279
13216 55809
23719 39217
51624 74408
9597 18577
6593 29200
32801 41947
60587 72334
42135 74273
44460 73515
1844 48567
15099 41150
21499 70693
51327 73766
2248 56255
44243 58475
10483 25880
9894 36336
14825 69631
22768 68482
7298 34606
44147 45222
16933 69816
24464 65895
33075 69374
38627 57319
49939 68428
5328 64665
27607 68572
42526 67638
21614 73186
67887 73529
855 33075
32746 44921
55340 68886
14467 58144
33885 49675
22625 37384
40437 56909
6056 32637
44167 45613
18328 52900
10672 36061
22523 71868
34216 65157
3885 20745
4541 15829
15070 61296
22973 56137
71599 74370
11696 16858
39767 65685
7943 56669
30092 39857
37520 62645
28685 73932
31230 49193
33214 65597
9775 58035
31464 37365
37199 39564
20794 24379
35287 46606
4390 11142
1194 66105
25481 59228
24 63769
21667 53417
39748 52207
65414 69578
7483 24822
1204 32008
46120 61528
13749 49715
4690 21366
10273 26369
28824 33972
10251 20847
28254 29602
13324 38632
43702 49677
118 40552
19508 32621
13888 37338
52849 57729
2232 2961
40285 60881
27708 57189
35217 39368
10204 20090
35692 56687
60219 73605
32166 46257
42345 49018
22764 33445
28537 74628
32844 69627
35469 52309
34806 35656
1738 12690
24605 39677
23963 46097
2227 27229
704 56179
61604 66113
60987 72122
36315 44980
17148 59658
30020 68434
71859 72929
31502 63121
38757 54142
13240 53675
33245 36428
26861 53762
14417 64187
19616 32148
32474 53610
8072 38790
25233 43856
28394 65455
49812 73429
15143 70981
14621 71432
9168 34014
50210 61972
10778 67192
39788 41254
25689 56686
43532 50777
14303 28042
23188 54459
7805 8525
12056 50980
6838 66679
8925 20612
9673 22033
20204 32728
32949 46795
619 39620
11321 11724
24866 63061
63148 66359
24398 40138
11291 14374
10315 14465
3429 44395
37890 64795
34090 74070
26242 30445
24403 32208
3681 59814
42277 59332
3980 37631
3670 15151
32449 58601
16172 34125
18789 32154
36694 60970
2913 67740
52925 72508
1707 50020
53458 71218
7885 20560
11108 40805
22503 70018
32666 47992
581 17132
32399 49860
16495 49734
3909 62531
2302 67623
31599 66943
54020 68343
58229 71801
16473 34450
24642 53727
386 67093
10223 41458
22364 74316
815 72810
42799 44357
34252 73031
9561 41675
3709 15393
22795 28509
37935 68172
45583 61650
3035 53206
18816 70302
21537 74390
22285 60768
16343 26938
19709 28856
58126 62254
37397 72238
38341 60830
57379 59281
58166 66335
6651 13056
20470 28832
12529 36164
4609 40860
3665 60184
56495 71720
24993 59514
14510 31404
53510 59047
11055 12400
7515 52079
29884 52188
2433 22569
1895 39138
46060 54402
1760 64234
10256 48858
5432 31084
36782 50409
59993 66661
31944 74308
34208 42095
14835 31011
13362 38841
9254 42842
61230 65159
27867 31123
2460 30906
36987 69436
4324 18914
1067 34714
31 31773
8495 50892
43986 50543
12190 55208
11595 56937
4901 68857
15080 61585
48679 52844
44630 64693
1060 18594
22725 61746
16626 37119
3965 59216
33991 73614
40397 51456
20635 58966
9239 22174
2315 43884
2819 73175
29273 62410
8764 34243
5359 45404
5009 21873
19230 73367
813 49909
55330 55963
38168 52933
8668 14052
33854 40431
31712 56599
48325 50394
12720 67230
40749 52157
8406 57757
2223 42651
22686 42968
2720 9058
16249 24692
4049 56770
45677 64117
47719 59176
10284 48753
6607 62667
57498 60646
28691 71307
20014 21951
29728 35873
39572 70332
2694 4832
5091 8108
7304 64005
32539 57966
51650 67821
26229 36410
41828 42414
1512 13052
4429 73448
57857 64456
16956 52440
20674 25123
20487 64547
22960 39588
14836 64099
1556 29653
11807 31333
54863 57936
6392 58521
35834 60119
43419 58394
585 42915
36012 51749
7533 30786
17568 58687
15040 17754
2898 9498
8428 30168
10935 19924
48061 67991
37804 42654
70850 71244
38533 47563
30614 54243
63401 73446
11342 37030
4547 8500
25114 28979
20054 32665
56501 70161
40892 58083
10555 42566
2936 61589
42508 55185
61444 74889
16414 67132
67325 74512
53574 73028
9444 61715
52622 54782
18489 21997
1854 20123
41004 67353
3522 62718
37924 46771
21813 74787
45049 63288
10566 32501
36246 68989
8078 40714
17969 50850
19826 33861
38445 60234
62034 69785
8860 17586
29546 58316
7441 24729
3292 49845
53185 72763
22857 47729
27332 59854
35060 48356
31057 43666
26588 59364
380 26108
59243 69220
52096 52582
8778 56127
48873 61391
51766 55464
48595 61628
2748 52436
36574 40126
42452 44378
36685 52060
20716 49867
44742 51775
49044 54357
5549 44031
10404 41467
2738 25884
37077 39775
3040 37877
17843 49360
41175 44758
40151 48197
44498 50624
68072 73226
49931 59330
16416 72236
15206 68249
56860 63874
45586 63984
16059 69675
19510 20382
33372 42523
6993 62772
48531 57946
10824 47189
35465 63358
6356 6359
4430 46252
42933 47273
29590 33472
9364 58759
29753 43592
19491 21715
12630 16111
4919 37712
29762 42302
27737 73148
33475 55624
14789 42148
40461 52988
40302 48453
1504 9309
43957 50133
46000 53646
52815 74517
1488 50523
9860 29180
5439 66700
8049 13506
38177 60914
35633 73167
18952 62139
11174 61081
4887 6576
2621 71820
7659 38022
25187 37920
25354 41446
5194 26339
12877 64381
31777 35439
40097 67614
28400 65233
2657 52754
18412 42681
27014 68919
10356 27131
29241 45933
8644 49290
44868 52510
6860 61638
38114 38944
16075 66817
8602 50469
67332 74830
58253 64609
57043 63075
36706 69483
6112 21290
6937 61448
55510 57338
62413 72129
17282 67569
921 2103
51167 62219
13394 22111
2377 23487
14655 62937
65463 66000
23907 52230
18288 32810
31560 32733
15840 45260
2745 12085
29517 41668
7722 34976
42680 69597
8533 66917
27749 42556
2012 61181
53345 57610
17014 60077
31705 73594
30853 65416
17031 68984
26392 28736
10942 59204
4421 60254
36356 56285
24591 47650
21191 68586
11869 32614
10428 54193
37151 59374
22148 39778
16627 27886
9034 24674
53501 57805
66384 68802
54317 57978
6973 45816
16451 47598
16909 62593
13980 20668
17266 39629
4310 53943
15728 59434
71370 72188
24584 41195
16650 18381
13090 66462
16326 68211
8273 44528
5445 40883
28841 35770
33225 51165
17428 40080
5878 72581
29306 46795
11718 70165
46471 47626
48050 72944
61619 70899
13439 34103
25610 54627
29624 44965
2180 23727
32528 40238
31990 71137
2013 18994
33175 45790
9482 13769
5665 51585
30589 48645
11858 29701
49377 63323
1810 63573
8452 15748
41971 53975
11548 52828
23697 36103
28880 44321
39701 47443
32403 41907
38843 56518
735 21611
703 49688
61339 64915
43485 69925
29298 45960
40 22903
36552 62726
25297 60148
16302 30128
24480 45436
27187 67971
38577 45077
8059 31556
60032 60588
16874 21491
12064 69660
19787 28428
31418 70056
41872 62930
36848 60328
25526 36601
8173 67214
30277 61842
44884 63918
2629 53732
56880 72274
36111 43890
21257 32939
15597 38307
7706 70380
47362 63999
28793 66700
15735 64772
17166 48039
30342 33326
13479 20707
59459 72035
59623 61754
27047 34812
4508 29357
40386 49349
60376 63557
17085 45591
5835 52206
36641 71585
958 30157
14772 65653
5422 36773
40425 63059
1679 66741
35551 48045
54079 66773
13567 72175
13465 64101
12668 43959
192 72656
8414 37091
952 69362
33191 40081
23162 51610
45810 47170
17012 38974
19472 43628
53734 54046
46524 73433
35468 62472
25630 50208
37728 67893
18674 74050
33957 51509
36046 67924
42322 50671
23540 31652
57911 71267
32534 40962
6022 35835
41723 68304
64416 64439
29197 66456
10068 16945
21215 61838
17762 68851
29908 60202
720 24424
26201 36339
6984 30617
40459 52460
3841 38208
12505 18026
16952 22073
31976 55344
43157 73730
41496 69146
4771 11778
35808 57668
25996 34773
37856 53724
7514 18136
55507 58938
4210 73706
34257 62054
12197 46433
3645 6944
15883 19327
44414 69562
23647 25389
9265 24303
31612 54935
31360 33248
12750 26531
42598 62806
1855 58989
41362 52094
40211 71752
30780 39404
29943 72522
21868 48130
40090 55558
25300 60590
42582 65563
31630 46244
32548 56061
1649 57337
61887 74836
66560 74386
66195 66792
17028 25066
5795 29178
20694 28067
9014 39230
20924 43784
14605 25333
26344 67098
12031 27640
20280 43413
32342 64614
13017 16345
5401 44228
4585 31326
1056 9989
60680 61578
19541 60536
13176 42483
15043 59838
9470 72816
29849 69934
2980 14495
8821 66530
33514 69067
26415 48265
1572 59707
49889 66146
36485 50858
21901 43934
20242 69374
47688 57004
17620 47042
7007 21931
26862 29725
57803 74621
8632 21842
23270 57753
40157 41213
36593 63804
21298 40954
15219 29179
26632 72896
31423 53073
21511 23475
527 58304
1112 10737
42397 49980
60545 66304
26832 74133
6869 50938
9072 48630
3844 4750
9793 14884
49118 58858
33878 66659
59906 72141
6340 8461
13317 16068
26530 49603
28563 33981
21536 29625
26617 36231
2950 18074
19513 31922
15194 59994
12369 57737
53729 63143
25712 34970
2942 28203
23257 30607
23927 57689
51019 63012
34788 67152
24396 67157
2267 52995
63404 73902
14870 68342
3480 34876
24269 37794
26103 28951
62947 65079
4450 15710
31457 33792
1792 68623
68925 74650
16209 46833
66759 70583
12430 15482
19555 25998
46507 50921
7147 71707
49366 51848
62477 70956
1639 62791
26497 52586
50204 65036
18087 19244
4171 28642
36759 66080
6360 41580
7265 42796
20737 59033
2178 47738
10987 57565
34674 59755
4150 7273
9808 20131
30544 49526
6045 22103
14379 72999
26573 62988
19587 36809
10401 11484
41334 68153
19935 68986
59227 74246
48095 69456
20771 49261
16768 26843
1155 62881
55804 70041
23054 28291
62532 68270
35841 74031
58135 59066
17332 28850
30159 35398
16147 17747
10943 17502
45125 57694
72349 72717
1283 44762
1611 37961
9181 37466
15671 28501
6657 59323
34491 62003
54332 58968
10440 56665
10344 66317
26365 59871
23155 29888
20319 35910
23818 73849
26468 67191
46090 64907
32828 70503
52233 59570
39513 57559
6670 74882
21163 64654
12579 38467
18303 33223
66837 71613
26740 56082
40636 68630
11120 27283
37984 72033
20286 38931
51366 58086
44632 52369
64259 67976
13323 68791
26313 66473
27346 36793
14478 32387
60551 70582
8275 54832
12822 58798
31274 57013
51546 66341
10246 36087
20930 50047
25063 30274
11895 32341
380 28070
40615 67708
55929 57081
6916 7396
9260 24675
8967 53056
741 11873
22916 47606
28901 71090
48578 49286
41317 56465
60229 74184
24423 58817
28492 73381
26461 74479
69686 71157
23062 64072
34597 55503
10116 41233
21494 59422
20011 47763
29708 70293
24576 73211
16758 68561
32457 45948
1765 12696
8285 20539
19273 36250
52994 70457
9570 11306
17317 32575
40415 68939
7328 21386
26346 38245
39860 68173
17986 53911
14973 68560
11946 32180
50525 51197
21070 41321
26645 58462
48181 49755
10327 63537
49943 71528
20229 40094
29435 50949
13062 42930
26885 70616
2771 37768
1994 32592
48552 57743
27743 55165
20749 21262
5347 67442
27070 62390
2396 41682
26321 41716
52276 68284
16457 58922
24669 48807
31176 53825
44421 44851
54010 65223
11619 46806
3084 67059
31213 56628
56368 73187
1445 3218
33080 44648
39127 44919
25366 55706
6924 39082
13118 55350
37617 71784
32647 48255
13074 60347
15468 55761
70582 72947
68060 68154
62020 67690
53159 69114
57536 66874
31068 46125
439 35967
14549 61338
65742 74100
63720 66250
24343 39476
34888 74304
17620 71500
4820 26790
37699 45600
12271 60098
44030 63958
14889 15883
17331 20962
23503 62935
60722 68719
3358 64167
10506 18937
26022 26622
2746 14486
21431 54959
2095 33093
16429 20045
1278 17941
26132 57634
7324 28918
1249 62315
8501 62287
23989 54001
40584 42107
6412 72745
45339 47347
31974 42436
15429 50909
5297 27642
27791 51622
51261 62406
56343 70394
7553 19910
4745 8176
37480 58311
31323 43597
18227 44571
37072 53480
31009 47149
54330 59113
26207 30682
33017 33794
27942 55011
28364 61136
12106 40400
14279 19797
19893 27409
51299 73482
33827 40269
4745 71498
4727 64746
26997 30154
692 8706
23376 61574
3009 9145
34022 42174
18706 25262
7842 49386
3825 74540
38817 69852
9246 16087
69250 73514
29901 35938
7309 14962
24213 62153
60421 72532
42900 61418
13485 31468
45152 71340
8354 70035
6537 21313
3697 61719
2142 18073
43187 55611
21536 70527
4661 69838
44020 66098
30857 66545
19810 65266
60647 64280
41398 45693
20814 63204
18304 51611
15130 32231
6010 64618
9737 24211
61879 64488
74078 74432
6579 43978
39213 47465
41504 50591
24271 72432
13544 47540
2146 29677
65645 67160
53849 70994
2552 61325
16007 44068
15789 22666
19076 51175
30215 52493
29558 47015
44246 50373
18330 26608
28956 62273
19066 32752
49255 53134
54237 57125
67510 71772
58219 58382
38169 45292
15156 43524
23960 64222
10769 38150
353 57524
13092 38928
63590 74212
4234 72822
11399 52803
19273 44643
64527 71836
2466 36376
28487 53380
59015 68638
4352 38225
61113 67263
17900 74060
66136 73297
45537 52981
63416 66727
42407 57747
43749 53125
23776 43234
5169 66657
6139 65812
32004 48013
10590 18694
38067 50042
9408 66217
19747 50243
6247 48088
23417 71650
17442 56359
12775 60891
16000 22669
19801 70700
12901 24308
9312 11770
24701 54251
65732 71066
14525 62365
45267 48684
28478 30883
39906 55346
66036 72108
31189 48860
4746 62761
6835 61518
39935 49879
40715 44178
19156 51498
4000 32586
26029 74619
20710 24054
20439 27078
31513 45585
36733 50054
3085 73639
7221 48812
3878 39245
2180 52363
17217 35246
4293 24407
26256 27255
26118 35973
919 74613
8343 69535
10023 18119
12161 19484
43044 59253
207 40095
26678 69984
20999 62288
35794 67181
17119 68582
7418 13504
46046 57722
12495 13660
9414 65610
28371 39477
13721 53869
16891 40901
22262 53817
3083 13577
14371 17639
14160 55300
6002 27070
17622 38949
28528 59468
27892 55268
16568 22781
23131 25843
48582 59189
1034 24749
41603 42419
60143 62269
47200 49833
21933 31647
51934 60094
3731 71775
40488 43487
20565 39631
47556 74088
23363 53721
43888 58245
3498 16644
12016 43671
9236 21486
4359 26928
45599 55279
9928 28549
25195 37095
20630 63568
6873 41882
43605 65000
58947 64471
53766 71049
886 71385
3938 25080
55931 65890
7576 63960
34561 65600
22753 37354
28794 64972
19029 26756
52409 71354
12279 38755
16168 43792
28137 39233
32866 52588
18944 36619
50580 65739
13114 26886
11444 73374
1510 67201
8314 10702
9573 26036
8305 73654
35120 52022
9501 68289
32383 39168
34054 38604
2663 57599
5528 72110
1805 48637
59063 66951
8889 52218
24416 30975
60770 73463
6964 52839
43740 69326
68278 71696
29449 45139
37031 37640
35996 47437
14260 36849
30322 46587
12940 22570
57416 60685
65989 72455
32850 41711
12701 33764
24631 36873
37962 41392
42340 70885
45999 48303
33572 60909
29478 63542
25963 30516
6909 68076
1938 16347
57626 68624
27400 45776
562 32968
29872 65363
6755 15067
11110 23362
5699 26551
34799 63849
44006 73428
27847 43726
16121 19520
24929 70641
8342 9638
71191 73866
50302 71165
24022 66387
6306 55984
19301 20017
9539 47092
52757 64168
59060 73878
44396 55211
29332 60184
62043 72341
8733 19038
19484 60407
31620 33176
36869 71980
39383 46106
61134 64033
34533 69134
566 63259
45866 72106
44647 59937
48338 60522
26489 34954
32271 37227
28438 69686
4294 38109
19584 51283
18475 22049
19891 32806
38922 54914
43861 60463
10904 32141
44833 47367
42186 52972
11449 32093
47511 61968
22630 52581
21945 24116
12587 26907
32723 52860
51702 52602
48457 53509
6246 63810
16393 28199
65136 70015
12061 33274
17329 49122
23668 42714
35679 42334
16203 22048
18924 24880
45620 61037
12367 71698
17718 39982
37228 46580
12895 63149
21752 63520
11636 14211
18939 25150
6390 34095
27413 43907
20651 23320
29812 72845
33915 55353
31814 63036
10228 67927
16817 16996
25536 40894
7535 14021
16547 20834
35026 61178
16039 69716
42951 51905
447 43990
47279 68294
32465 72773
53051 74759
39992 46492
3645 42620
32231 71568
35266 71706
56472 72277
8 14705
27667 38673
12043 28704
60823 65220
56461 70314
6411 58749
40686 44019
32467 73314
6344 23813
6453 14583
18880 59870
3137 58100
9916 43439
32412 40881
15329 26334
29784 50385
27929 34550
23207 63587
37742 68415
36880 72147
5507 15805
62129 74012
37031 74061
32775 38811
69902 74434
2209 57329
8575 73824
16089 64879
3622 54986
52241 54860
21765 62466
25429 59473
31852 45631
5987 49097
19045 36798
34001 56937
35130 62953
38598 58969
23403 49441
931 36537
28717 54065
6095 18144
46749 49561
26465 58333
6281 73193
10568 64854
69093 73736
36376 51047
13044 50860
24965 56325
10654 56717
62870 73384
13597 60618
24139 47728
37666 52158
21526 45539
40708 63600
14446 49692
26201 36990
28487 43823
12525 36785
6486 69910
48374 53578
37388 47109
620 34595
45965 70756
36045 46449
52605 57164
29591 30584
32913 35334
34530 63999
24781 32753
43703 51595
35847 54736
10607 24830
30572 46434
7438 72431
8135 74173
14968 57243
58586 73889
57420 58730
46173 55318
33362 40381
23413 74690
4090 18624
35962 40896
6867 7641
6171 27488
17626 29974
37060 62496
18129 27264
8612 13024
1088 33985
14554 17019
16428 24366
34944 52633
1295 13553
48772 67991
45199 67548
1958 28746
57188 58365
30055 69546
25575 41197
37268 68894
8550 45214
9888 23182
17328 22841
10045 32075
18539 25787
8433 72834
42702 56401
25695 35941
33055 35498
39336 60642
13856 58707
30052 40410
51787 51896
10490 47774
12105 14748
64479 69813
6833 6960
26810 35922
556 41030
29470 69001
19112 58863
2878 11935
3476 59998
10906 56407
14132 48582
17521 18196
2274 7680
689 38413
18271 64801
17738 33654
32365 35107
59070 72270
44687 47587
24211 42015
48700 67463
356 6297
65628 68567
4717 6993
5843 65307
16221 36903
553 69916
58064 68062
60170 65223
731 62485
2431 9612
51935 73652
9206 35128
21684 51777
4356 9721
32633 72596
4495 12699
34472 65440
51460 56869
992 12611
1210 49842
63223 71469
7029 62426
28745 64441
2641 21153
53525 70364
21356 45886
25857 74489
17576 48640
38495 39974
24254 33626
50006 61016
8541 74528
19987 33310
15392 40450
493 24705
3973 47241
66299 70100
65740 73877
3324 22453
9751 46875
17952 65395
40069 71995
27121 43995
6397 56038
23369 41114
18620 44521
16796 53581
9012 46283
15573 68812
20262 69400
66334 67209
44211 49951
27899 38715
46259 68148
15838 61496
11948 69567
7836 19955
7569 50663
20197 59798
7710 10642
52439 73497
24545 43110
8259 35050
35067 53197
25937 68523
6283 68525
6577 54419
22767 36788
24982 40766
56094 57109
48389 67671
51764 60176
8443 35080
56340 62224
52274 62452
15544 68074
15461 33743
4091 70942
27027 31309
66339 74439
20038 46799
47645 68671
23346 51407
39403 74099
24221 26901
8622 44836
15 39732
36700 47963
54677 69383
27350 69273
2216 52047
58721 65330
30586 39430
5926 34793
23941 65915
2970 65201
26340 37210
46432 60349
54643 60434
43373 58890
45812 65412
1057 31679
20254 65026
34839 38965
56252 66193
14002 52009
2288 56835
8121 69103
46698 58567
55868 66267
11499 74659
41622 71865
15887 72699
20485 58397
20305 42073
8305 8740
35063 48529
49054 64930
2964 26151
26752 36368
7727 67349
70289 73499
20755 59695
38779 40349
14416 36656
32603 36867
18725 61866
31872 33432
50750 69133
12126 53552
10618 65381
31844 44854
25372 62256
4121 60955
30247 40047
3800 62233
9970 28864
3946 31073
20602 66617
24841 44039
10437 71778
23083 41216
28877 40333
20246 71333
49132 71871
40393 71314
9814 15223
20154 53657
46546 71944
15147 38575
28931 64497
42423 52339
10981 66775
41116 44935
52816 55360
16474 44905
28565 44469
7196 12228
19944 34173
49698 57544
33746 43468
28503 62193
21861 49682
37618 55221
40572 51687
15746 65105
20462 59700
34468 45679
1346 11909
4020 67502
13338 65644
24089 42319
64519 71928
18972 59533
2265 36727
14990 22046
6479 16838
447 53414
18678 62310
6825 31422
49881 57377
6328 60311
9167 44673
1666 68800
31640 35951
28598 62592
309 19442
25314 56464
11726 65707
3118 55572
25928 66591
9968 48579
12227 32364
7739 28777
48535 62250
10123 56693
13809 59532
69226 70610
1782 73174
8938 13552
28093 74610
3529 21551
26446 56541
11572 60598
13821 42066
72594 73694
27883 63015
1383 24801
130 30377
531 69235
30948 62109
36815 44699
31964 56715
61484 74159
33547 34596
39321 60709
7990 48391
19714 70022
15098 51701
28971 52389
52003 59620
43589 70232
22225 73080
2356 47921
3936 65315
55224 56612
2592 44206
47903 51894
48699 66427
6902 27614
22106 53826
2847 10433
31695 48125
34314 37886
30310 60649
31509 43184
58396 72972
6030 64646
3420 64289
72026 74887
16164 47893
53094 63641
51738 57139
7950 29105
48419 60901
4082 8269
15679 56337
17148 67659
17191 53134
29024 37229
44124 60006
14400 63964
15625 18546
1004 32924
7808 64095
6413 55379
15340 40007
10595 70036
21457 40505
13645 37379
2506 11665
5035 39054
24458 73511
19110 35845
15693 23326
6163 51334
12575 39696
16988 41732
26825 63920
50769 56679
351 14829
31543 49655
16443 23204
10886 69427
31659 56620
22278 71632
11075 28402
41892 43436
37287 44168
37341 50562
17843 34448
20370 42324
20794 64761
33825 70844
19447 24032
13256 63754
29499 42882
2459 25714
767 66098
42794 56495
49026 50529
12248 32714
22655 53701
64507 70730
46101 68597
5899 10349
45016 53725
7839 16664
44344 50059
27938 65672
22607 64620
4511 65385
2466 73387
17204 27156
2999 10863
38541 74632
57382 66096
29465 38903
21086 33553
14000 67141
52202 71933
46948 59750
18592 29437
13760 56648
5133 71323
9176 63750
38422 71845
25403 42100
10154 42695
7186 44109
17490 17582
28609 31235
4519 72210
43997 51482
39587 52165
2226 67069
6628 71681
4113 4642
7359 57856
24110 32174
16352 17759
54461 57646
14233 56607
3301 39285
15265 46346
16573 64092
29549 30508
39767 48589
46118 52588
20131 67074
48727 71543
46214 73446
12878 53630
50317 55129
33407 57529
53985 62680
18998 19392
12560 16355
18045 64028
21145 49753
41425 61755
8625 20681
28570 65061
35713 69539
1494 31288
27617 59184
5286 22018
53126 53899
84 24465
5350 49360
6010 62796
6739 60800
8423 72910
28571 46744
31743 41932
2804 24949
14057 58793
69864 70306
20205 70813
13888 52845
47677 71833
23391 28519
29620 55661
48421 58282
14832 29307
12852 44106
9887 67762
18791 57755
1916 63725
37815 50322
26554 37546
2881 10080
3165 62360
15165 72279
34084 70068
45462 63942
73799 74059
26606 33057
45578 49598
47549 58588
7403 29817
32563 68130
8242 58134
17237 66856
18588 49879
44217 73392
29006 43594
24868 65862
32693 53590
165 16657
22017 27873
18484 72701
27209 62713
10268 27660
43374 50574
4916 44148
51028 53297
24646 29088
1389 8877
3467 38183
42473 49674
36965 57721
22556 28794
3335 9908
36121 53772
18148 69848
8162 49541
2492 15440
70640 74630
60355 70195
10140 13967
8710 12265
42342 71104
55558 67852
34325 42857
3854 70734
6811 65724
19081 70797
202 3269
58273 64035
13310 21525
17663 21725
21810 39094
12 73519
12601 20443
41181 42785
12060 67202
19595 70147
32847 37678
11662 15087
14316 71280
8407 34052
47834 66463
27326 47674
38745 51477
58353 62317
12486 29771
10614 74708
28120 58764
13326 29081
33837 51328
3502 36706
44359 48463
24796 53690
22744 68424
15390 45102
14773 73468
53147 57829
12859 70142
27271 60428
857 14380
30650 43952
2924 18456
25580 69910
46130 51836
24474 28892
1366 48047
66744 69638
8036 17215
4364 45299
49623 58490
15558 41168
31029 50174
5218 70130
3481 30639
12933 25956
6553 26034
32495 74166
9042 55215
27434 44989
24603 52167
3001 73811
27915 57474
9398 72993
17157 68518
32938 35587
2890 69486
1712 15555
20546 23665
14434 33377
43985 45316
20694 74378
41916 50073
40253 70425
35157 56875
9813 22785
21971 73635
15638 46048
1528 51159
60636 67496
46473 57469
32038 66531
10905 51119
23513 62336
12003 49587
6449 43190
26534 40442
54277 63068
30170 34300
46424 58327
18699 32360
17563 45951
41549 56147
14010 14320
32081 60089
39482 42314
35693 59665
15150 29921
18226 47905
12243 73169
43100 71576
6452 28224
18845 21202
28470 52417
24691 61098
56609 70592
53365 59148
11279 66560
481 9001
60969 62851
27944 40173
31568 33978
22263 35863
37923 51459
38215 64971
29038 47283
5174 6447
38117 38170
16685 30121
19052 22380
39637 68637
22386 46601
59955 72978
52223 52305
6534 32397
36749 41562
55076 73867
27342 64720
1435 55040
8869 10339
11668 46230
12661 69991
40376 40930
3723 74710
10609 27788
11099 70452
45601 46985
62242 65562
50192 63753
50931 71638
11298 56671
18601 66450
17842 67423
40843 69877
8265 67283
3350 7157
26457 44865
5102 61591
31536 56563
54014 62486
2422 21465
17096 42009
11202 26436
32662 40887
7167 40647
19164 32226
61771 62816
59658 74295
9961 11500
42956 55798
45906 63269
41940 51591
18565 73204
8864 26202
12880 60140
54326 64712
40284 42044
4328 45607
13825 63343
206 29391
30771 31577
8499 39246
38934 73115
13574 39965
4055 41407
10852 18840
12240 72187
35135 56826
38726 51379
32879 70301
16551 47298
17804 27378
15567 72641
19307 51553
19438 35801
14926 68926
34338 49050
46568 70201
32933 65750
19662 66021
21151 29542
61634 67844
9505 68387
3618 15878
66981 72687
9540 61499
6481 12910
2018 40200
23223 27576
52713 54837
10691 47431
64911 68421
51125 61394
31411 59572
29080 41414
3442 37786
48316 51918
40808 51072
4160 24357
18652 73759
1830 28992
5949 23681
31094 31358
35138 52347
1017 54675
11876 50200
35145 37238
8770 34739
3369 44360
30402 35030
27190 71272
36324 73415
695 74090
29276 47916
17991 44876
7457 8577
31362 39986
26653 53604
11404 47590
14941 61798
33632 52102
4263 54901
21469 56840
8054 16987
33795 43394
12914 39150
15652 36263
631 51302
1621 37391
20584 72643
51333 74751
22450 29545
5358 53431
29152 57267
6915 67427
17768 74394
4574 29359
15498 40780
2366 7247
29315 58283
17070 31270
29999 62337
13274 42190
23282 69811
29314 37838
11863 42904
34441 61031
60187 67988
42404 47901
7508 10511
51648 74378
13089 17443
47731 55402
10681 36292
54226 59791
17416 37488
19634 37469
15755 68767
8076 44259
27948 30765
27377 54891
61572 67791
13830 21074
30364 47459
36491 47693
18516 51801
35657 59395
12878 34369
9540 43138
24612 30441
8696 50531
2474 13165
24536 57613
13710 25631
24210 63602
36433 60221
25023 64626
47698 49155
16519 56241
18033 55426
36876 48637
39709 46249
4408 35496
65731 66398
50135 66944
28464 59857
22759 36996
10260 44445
1812 25058
10138 50636
4857 73399
30251 52007
110 60926
8396 25039
427 52103
3536 72456
54186 60076
7222 74628
21781 71598
39869 61692
29370 32365
29347 48430
23197 73226
60869 69759
42320 66640
52829 56459
10600 14372
9742 67683
11179 52425
34845 45514
50269 69448
44747 49117
1177 29117
16409 43971
16484 31075
3718 8391
16144 62329
18850 65921
25602 33345
15359 26307
29832 57058
3220 15935
64968 73477
17051 20655
5188 73126
42823 55909
5252 64918
2883 4339
8278 47986
11058 63031
9900 72577
25709 59982
19169 37300
37879 38235
2280 44900
21097 27214
19637 71367
60573 63296
3970 4836
3266 49631
8909 36605
31005 57612
39792 42047
7453 52480
45926 60003
36317 58276
3416 7041
7133 38056
33474 57847
24259 56755
42311 61839
34056 49276
48311 60046
14185 71860
13339 56636
22875 39387
5824 74125
3858 22448
8256 60849
42868 46792
14642 37772
31986 63445
7907 44798
32130 74413
25755 27106
42624 45592
29388 72845
32511 59752
510 37558
36099 45601
11238 39123
7738 52052
12550 59491
59170 65580
2372 68522
53733 54152
38628 43561
26974 58513
11991 37216
4350 53838
18401 40192
2860 72916
32198 39989
31173 55901
9878 71451
5916 62119
92 60048
43956 67890
45812 66936
5491 47397
41020 41254
2401 55155
9472 44008
12435 55114
40136 42163
2561 51759
21782 28179
16247 39692
5882 14733
40608 55954
30961 51355
5686 42672
52511 56903
5843 38049
7336 35948
15380 31111
37921 56138
52785 69770
23421 42072
1482 74638
6885 33277
32040 66598
18682 41054
12924 30699
12983 22256
8827 53668
3578 43876
38515 69225
8097 43365
10928 23799
33042 37526
43975 69189
45059 72173
6462 63751
9768 57835
71666 72244
17704 18178
36004 70821
9485 37390
33689 58301
38652 44128
23761 27694
15660 49758
9605 24705
25589 67791
35569 74317
23739 27701
21419 46448
10575 46370
3987 69212
27481 27723
46979 61279
36213 59862
40459 64617
4699 61707
48620 58940
25590 41150
40284 44465
8954 16292
58142 63925
29302 34003
4980 28624
53633 54624
23088 33007
8795 18551
7321 38828
17305 68573
52163 65846
38233 73443
6502 72945
32408 57603
3538 30680
2731 27771
1443 10899
6785 9633
14195 32660
3871 16206
56616 66704
23033 62145
37460 37769
18833 49671
29844 57119
47011 63986
18193 53554
33552 65938
32663 57717
56097 68456
12918 19732
13547 71478
16268 71219
6381 43660
10048 64591
24748 65171
15924 74091
73129 73812
51851 54706
3744 53329
67823 71921
18958 60206
14568 54921
10392 56459
1049 3687
32935 34837
20352 56279
46961 48383
31745 49460
20277 73041
9843 70384
14077 43374
634 39350
9642 46522
40553 63630
39014 54898
1597 30185
17285 28263
33582 33730
1267 11438
63032 71831
1142 1285
8237 59155
74512 74616
17414 42529
5288 60485
17778 32626
56891 67144
61774 73275
13059 26707
13364 25568
22984 27764
13272 37434
25596 47742
1807 15721
48067 71010
15896 41078
30824 48944
6905 26243
43092 49057
38914 43274
17782 72784
49319 63799
11185 13233
42330 43737
55591 69092
30293 59271
83 68730
16950 21539
21700 46720
31161 67242
26854 27704
12841 26538
8635 46718
16506 49144
44538 48565
65898 69338
27362 44890
12736 21706
49693 67078
49818 54064
26827 56177
36171 62459
6318 12428
64443 71956
37968 40051
28527 61798
29880 65320
29963 53797
46358 55936
4424 4755
50658 66972
13020 59537
102 36418
24418 47943
13277 50138
24377 74126
38005 65026
35706 72549
14268 21192
32430 50477
37386 41004
58305 65881
51005 61976
676 50593
27287 66182
66066 68895
4564 45684
31371 45075
10852 41371
30695 34960
29285 60838
15125 46093
15012 65989
47202 59506
1398 47366
44350 72918
4802 6859
53114 58849
5109 37994
17107 65654
40183 45686
20892 65947
26978 49766
29061 51768
11349 23758
37554 73919
25478 29772
4649 55941
66211 70133
34938 43013
6333 73862
24049 74617
49539 49884
36860 40755
56749 67540
5116 71078
18047 63035
38404 46319
14379 51715
29954 58037
39838 72241
5369 46105
11983 16985
38705 46474
39556 67107
12610 31959
18117 21730
38346 57983
28885 72126
14616 30392
12831 64862
45602 49933
24984 35970
25388 44151
38501 69822
2213 47983
2642 13724
7021 29913
5030 21959
26300 71215
4308 62599
9844 48032
5505 16382
8581 33787
6296 63037
33082 69649
4520 38074
10360 13218
46713 59989
21037 44043
29508 70408
41384 63801
2097 59542
68175 73678
45443 50378
26906 34096
11123 48553
56429 70476
45084 57686
24790 47370
40407 68427
52974 55236
21803 39819
7658 35824
57508 74494
16935 28943
18855 24411
9062 14631
58924 74644
38644 74249
44958 59836
20740 26298
59604 65578
19653 42817
3602 72613
51454 63484
26042 68361
4789 63714
6540 16553
8802 61586
44048 69128
42632 65579
63846 67308
28601 33500
20044 42385
1609 5435
4051 9471
11179 15513
7667 19211
21185 51673
39412 63298
65780 68547
49740 52254
15213 56504
28316 33923
28842 68865
25892 35572
18697 52204
53701 73795
9943 12436
31390 48738
16876 60575
56396 56730
30394 50604
55049 70471
17913 42432
36001 52644
50108 52411
34554 57884
20175 41084
23494 46598
32230 62677
636 5440
48664 55589
37676 45276
37635 52166
698 48775
9421 56893
3779 8629
38952 59107
41179 71560
40301 53854
43112 70751
1379 29800
4981 7291
4305 54066
58176 62393
9583 55144
20073 74595
6480 73405
10717 32871
29815 51228
44922 58530
16503 24474
1785 34733
15945 52170
18203 58638
52077 67876
52903 71918
29810 72820
1485 20001
66123 68604
2872 17046
7002 21573
35288 67573
611 33169
1931 37740
26034 37409
1847 50169
14306 31411
23788 25153
6961 18478
5066 32243
46377 69430
4537 28285
48177 70205
26468 32970
8884 26686
40178 61901
19154 27893
34456 41745
13765 22848
6235 71595
60310 66904
44051 62409
51586 55172
48505 70409
21944 66057
12229 33408
17650 53639
40618 70290
4454 56293
42533 57135
32363 54867
5139 7525
662 37591
4592 59106
1668 60117
12080 36252
22615 52926
23813 50729
10497 50918
17028 66398
2730 8721
16161 71840
3163 20914
7924 73918
15522 25539
22652 43024
13663 73274
1182 53326
14404 34886
11617 68349
39205 48756
23228 30534
204 298
22705 47588
43333 67754
7516 49450
51737 54166
15198 15297
2273 11035
14008 66180
63712 72173
3454 68232
18200 33144
6176 60203
56809 65706
36905 57168
8390 64764
18398 68489
21343 29862
2304 34735
52655 63197
1094 63803
46513 64311
2503 62522
33243 49701
60771 70521
37335 47242
11160 36770
28164 73712
58319 61453
66708 72734
14542 23263
30925 57354
11925 48327
15700 18509
34337 35877
53024 53754
9802 52066
10422 37352
54333 58563
3647 64428
28168 52070
23161 53658
48265 57057
16135 65834
3110 27174
27369 74484
6331 16979
15837 56720
32057 48763
61093 67086
61678 69520
14649 26424
29461 60987
9650 64039
14471 27587
31091 45384
36670 64631
41877 70842
7619 16220
28142 50216
7597 24630
30089 57993
31338 69824
53143 70453
2536 3505
37470 40255
16769 28138
47037 62328
35120 71549
24753 29961
3657 56651
38101 56398
24538 38227
41854 57885
22546 33114
18748 20979
41368 61276
44353 65004
14948 49169
37087 47636
39660 44251
13862 24578
22987 45819
3252 62959
42991 45000
6282 20705
18538 71423
6846 17777
11278 74697
7316 47894
15456 34421
41488 58846
6249 71193
32076 45451
10837 68496
11571 15038
17134 25883
22243 25213
23634 50188
13353 34824
21919 45339
37719 53327
43963 44365
22382 43284
6322 14247
11471 46146
51678 70345
36635 66888
58939 66111
34867 55641
17381 33735
28015 35370
22259 61014
7150 16089
13282 36663
43686 50877
16729 55565
33190 71939
22216 68444
38308 61114
6020 27009
44353 70467
40637 64766
14299 28377
1921 70050
20771 29008
35310 49954
47876 58808
35490 63013
65603 68334
50504 62865
40361 56845
16637 30449
68577 69616
12921 59053
34936 48136
51519 68634
24656 26295
3597 50365
26988 69352
12306 18405
27195 48853
46056 64904
2676 44290
29350 62262
4680 65891
4584 55804
53099 61143
4536 52363
2062 69897
4734 44410
51790 56575
34643 44950
7261 74376
1327 6892
38775 50701
10270 41277
33707 74666
14170 15578
17572 18065
17955 59785
67560 68540
14718 27182
40960 70010
7814 33473
15376 48770
28022 58271
1066 37550
17955 73529
63574 69708
33950 46309
4443 73355
41843 64392
51512 63181
22913 30933
40938 67121
14465 53433
21447 38143
14566 21398
3683 63122
19820 49946
38742 52249
29215 65051
21274 28463
13881 18797
10909 15976
26381 59571
70606 70858
29691 53505
18788 70799
47181 59027
17234 36389
7861 13380
6009 65749
36193 44774
63650 67734
2043 55697
18126 21106
17840 54994
5658 54981
60872 71597
62684 69433
5250 21252
10864 61981
19423 42982
12716 68097
20616 64947
13008 42970
23075 23736
34417 37902
58074 69480
1756 20781
59676 66589
38759 49416
37668 61945
3491 36896
40778 43656
41578 44533
4070 70746
3693 26289
58162 61909
1607 47938
2140 9229
50540 64962
11840 29124
13612 32036
16150 48401
13344 29542
18356 59809
7764 43279
34362 59938
33769 65449
44385 62589
407 7674
31228 57155
21485 48957
29318 68307
57240 74841
45510 63973
8471 19980
55163 56276
42398 51191
9846 31906
6081 27168
20564 45906
47281 72903
40377 63818
31458 67471
23601 56058
30385 47335
18474 64860
62952 63511
35219 41601
26015 36088
39354 62454
55813 62825
47029 58888
8792 37337
9335 48148
12666 46913
4672 24805
23181 50405
8926 48464
25941 29259
13172 57677
18794 35337
11374 69352
60351 62811
12921 58244
25897 66196
53235 57176
9891 30979
60348 62793
28838 56405
278 41109
27598 30566
7592 44092
30908 51391
49161 61231
46393 55222
20718 68006
3899 72253
47869 58056
7266 31144
24429 66713
3684 67726
3888 24649
1398 70930
11700 47373
21630 45000
45130 57041
3947 19830
7741 43229
3534 70132
7826 19311
21021 59392
23225 37313
61853 73388
29287 46129
47668 72203
16574 55358
35736 60315
14107 17128
64556 74042
19924 55430
57446 60855
65842 66435
30195 30736
7542 36317
18717 63241
49546 50594
4711 34861
8815 17618
23949 59258
42577 47243
64340 66631
31748 55666
30597 47335
31996 54346
1945 38762
67531 68206
48931 51616
6764 38202
37927 55969
13679 48276
7374 19072
2121 53012
2882 37559
1603 4403
986 42790
46754 73202
41311 53481
56437 57136
7008 71835
14989 73281
32034 44341
27388 63312
6200 67530
49999 56539
9773 14298
2505 16227
54356 59304
40267 48384
23466 52350
32454 63262
56424 66439
53668 74855
41095 48146
7002 48198
8896 40977
18375 22691
29011 68362
43998 60324
21554 34337
50071 60273
3450 30784
43890 66165
18238 22627
4248 19191
27212 36553
1684 25346
27487 66386
22115 48352
26982 46300
44882 69743
43667 46303
25140 64879
18506 52720
30204 65010
45006 59586
1851 74728
65734 73966
25318 26757
59928 61761
53181 66158
23143 34477
39780 54551
1437 44736
38672 69645
398 62193
43136 70259
3345 62154
48255 51326
47792 74396
50191 57353
18290 54917
14958 57551
10968 36499
53154 54834
22310 45079
63612 74873
2077 28733
27949 40222
39339 40678
16173 73633
7882 28806
14158 36261
3341 17691
18932 34614
66110 72464
47808 63617
33501 51515
39112 62343
1097 24666
63863 70868
20157 73353
47800 74518
49099 73049
51786 52361
25011 62148
61996 68103
54892 72161
8773 69544
33690 52987
23106 66038
46540 58765
47249 61995
16221 51845
20594 27034
7771 8088
25857 28346
2147 19876
36961 70008
22886 54386
57575 64730
10480 40325
19829 72195
14059 41238
30475 51139
5377 30342
16200 40793
53785 62793
16050 19554
18471 32273
25390 35688
8247 24304
59445 62283
3731 36678
25453 34681
63142 72297
11373 43640
15830 53797
61631 72360
54300 69446
20620 59195
30584 63367
13632 60675
20475 48837
15360 52989
12650 23523
7746 37519
37122 46181
11693 51929
16537 34299
20530 72934
17177 39013
866 65316
3061 42463
18417 25268
65965 69510
46650 73665
2736 32847
13704 52527
44227 73390
62635 68822
19344 30927
39768 68410
4220 17213
27193 54187
43511 49407
65788 71537
26062 36070
49445 53443
39798 48651
29002 34199
4794 5563
32952 64509
20647 29370
716 34375
9857 65958
21896 50789
52712 60691
535 49207
27427 31788
16192 57435
38948 70623
39152 42744
8017 17012
21183 46596
14197 67348
3834 26870
26684 68219
3562 72287
47933 69097
23451 24681
11610 53228
19297 34092
15886 28581
8000 54775
35861 49973
53503 63089
938 62141
828 19281
12916 33945
49244 52460
56527 62798
4950 73465
54828 74473
23891 63305
1102 35380
12864 64336
2045 65729
20031 67218
31133 73599
14907 26215
32479 45271
71932 73380
7743 26399
17576 23612
66873 71058
43580 49641
19775 56467
12249 40368
14015 27055
15791 65858
6434 19241
38034 39474
17159 62306
12788 34694
32719 71829
40748 55178
37194 61934
29518 59379
9798 68611
2793 69121
31536 42776
21519 52937
24926 69926
8595 19883
150 9884
33740 73026
23112 26929
69096 70933
24179 54579
21872 45572
10165 72915
5536 24857
34879 55898
23531 27378
32448 57339
20853 37000
37333 73334
7947 34506
21631 32222
63678 65905
24946 53173
11076 12049
13973 73469
48101 53686
3868 50803
22759 62264
45091 48876
3694 5522
2689 18003
15212 69060
6781 23880
6591 27276
36761 37126
66621 72231
65817 66391
12240 14203
38152 39446
4468 21724
13947 60982
42960 45694
44666 66810
63179 71654
49877 52975
25137 40232
12176 36348
16678 26273
11081 58725
43799 72300
31825 57182
45370 72396
40257 53363
34090 46487
43520 73898
49887 72553
1217 9757
46302 73615
33256 63839
52390 62940
41367 67243
3595 55166
22073 63491
60563 62709
57238 58255
5571 13179
46261 50843
17316 61320
4149 26482
58412 65439
544 27632
37682 48347
33853 33935
34279 62814
4124 9645
6540 43406
12137 53925
20721 55507
27756 74284
30930 35766
7871 53958
3208 13435
25766 67449
36855 74054
31043 59562
46693 49697
13327 49812
28629 30261
4848 32463
28939 37918
13076 73623
63799 67389
33440 69346
61104 63973
59329 61482
21344 39628
15891 33492
52641 70618
18020 68868
2673 40087
31211 34404
3066 34050
18545 25173
37074 49585
24943 72700
24608 46690
40231 68930
3831 48932
2914 3270
10803 67309
27409 61233
22090 23635
70020 71176
10122 33428
1656 31978
38798 67645
24101 28533
7560 29404
29211 46865
36192 64019
24368 72419
5141 10980
37179 49323
7272 19203
29082 39102
154 46149
60738 63937
61020 68229
6951 56643
21520 53722
1846 11847
5617 13304
25581 48002
1321 63991
18189 72068
53915 56383
10431 35301
13743 23586
2824 51976
11297 11672
10094 48291
19046 47221
40818 56368
49916 56965
7477 50117
24644 61895
41204 41895
38788 66814
16499 69327
26607 48448
19647 59240
2662 52868
19871 20940
27539 51872
47121 72377
33268 52296
16016 41458
37416 56263
16711 33894
20838 50492
43005 70849
50708 60923
11567 16333
34739 49769
52916 64315
11806 14322
18265 63779
13810 65386
19948 36059
12610 73876
14747 37154
5964 48313
23701 74492
17587 61815
4655 9423
8375 27654
13669 71672
4055 13480
12547 65188
64598 67745
34302 57405
24004 26592
875 12766
24940 30540
2660 64558
55768 73539
1672 1895
40765 57459
22532 49439
25305 36664
10673 44531
6543 49835
8945 34155
25076 51173
13018 67188
20166 33266
13452 52148
29843 42510
15000 53530
7368 22200
47835 72606
35674 36272
28039 45878
33836 59641
44112 71949
10296 31016
16993 69882
6415 29396
51627 70063
55415 56949
24642 34391
9780 32753
14520 53252
22882 31230
8228 13802
46626 73994
11060 21785
39112 39752
9464 22983
39190 71842
46924 52466
50851 54625
34956 46243
24674 62224
2782 30018
13883 58491
35648 65260
9765 45428
11936 23419
49918 50840
23115 33213
67567 73531
58911 61862
64799 69966
19188 68893
1797 70422
46224 54479
31139 39848
52411 70599
10111 27207
14223 37021
18641 28154
17853 21129
15854 43258
12513 50322
62458 74322
12468 25954
29237 35329
6707 39356
30938 40232
56172 72813
20574 29808
43743 53799
6512 12960
43195 70733
35779 36148
51587 70377
13893 57448
327 1994
26156 73029
53208 73767
27215 37062
35813 61775
6573 48556
12688 38103
3101 7568
40531 47970
47535 47772
15354 48309
9906 31412
7956 11865
19352 70686
12811 55608
61377 68469
66476 74778
3877 48441
25116 64742
22925 47309
44258 56143
7891 8925
25897 36385
2074 65683
42507 42516
23512 29265
62685 70630
9448 70112
44967 64328
41875 67723
19853 20010
3950 62758
42121 46535
19025 54391
2098 39335
10693 63217
41581 62968
29639 50472
55630 66526
5393 6552
42520 71309
1329 12994
2806 12498
4176 54471
8578 63571
58914 66555
333 74031
11316 28798
11107 13286
54712 73957
7473 50754
5818 43873
27509 57592
829 22415
14906 42709
17531 27366
41343 41771
59184 62266
21627 38105
3008 4328
5487 19033
2333 65785
3087 12675
31022 40853
6064 52357
13545 30177
21172 52113
44133 58458
23887 55032
51542 72804
27770 52286
23654 60712
30392 46449
6519 67296
42615 61553
18166 59012
647 61296
6241 42599
37838 56402
3871 19623
9658 70460
14228 69588
42234 61265
10377 11303
27881 31597
5103 46579
14029 63082
19067 54341
13523 41547
23244 32100
46610 73877
17805 34933
6831 56012
28911 43966
29268 69494
12801 72482
22456 66271
20147 32270
40265 43581
17497 58782
53199 72950
14092 49102
44451 53326
50734 70262
14674 56397
668 29261
17219 64020
26679 70650
26536 33457
19935 45969
45837 61052
61975 69742
4764 62383
18044 34454
65091 70135
32254 58842
6389 21443
34678 68695
40378 45462
12444 22962
29079 58354
1345 11928
25520 44646
29802 39746
32673 36347
99 24987
30407 47366
21124 31027
11453 72571
17324 35576
9789 49463
28219 32041
41488 44026
34577 72822
45901 63720
3002 29191
7760 57786
29083 38098
25277 53255
41849 57468
13724 62555
17550 69074
5012 12034
17817 25143
49249 65758
24629 68108
18940 68785
28452 58609
43137 69814
14312 23578
43143 55968
26095 58160
32950 39469
2704 65445
20981 24285
2512 23356
21233 55647
32098 37946
9493 14089
32208 46409
16166 30375
27431 73538
47817 54227
37766 49447
13597 45191
5092 40635
52592 71169
34677 57150
16760 20510
5103 22981
44369 73530
25605 36497
55927 69203
167 373
39351 58168
888 47748
12061 56156
6865 49862
14743 38428
61990 64504
5326 73254
12381 29701
20722 73951
15823 31921
6286 40709
12568 28836
34771 62537
52039 73023
9079 69899
46660 57224
15435 49822
9717 70733
5209 23476
29543 45160
31363 43987
8845 30267
38465 65252
11101 49744
62274 69063
1377 55692
53246 62447
61697 73412
21734 33209
32478 37242
10416 50958
39821 44676
2350 16460
21942 63328
9741 69519
39315 49060
24210 56133
39029 59636
17854 37403
7959 45173
66186 69748
3025 30515
33055 67768
65457 70546
8127 28666
25913 38599
46619 56637
36042 47668
42813 70437
11578 61923
10124 56159
33360 71796
25785 32702
25223 57105
25495 57743
4313 9376
27658 68539
58621 58988
20082 71708
23332 50836
16588 35935
17701 21063
6755 67056
4262 13257
15236 53300
19430 33607
25131 37461
2126 52666
21843 27803
22654 72765
32315 34059
19427 68494
27261 50330
24196 60978
24316 27589
2946 47634
6956 61432
43682 72828
9647 71655
3346 11530
39000 52192
30899 51129
61797 73310
40879 67761
15153 42191
64974 67516
8321 62759
30878 46554
2849 61536
3353 62887
12395 17932
2839 10574
41521 48772
40831 52358
15107 60144
14606 42427
44224 71777
11087 68937
36085 54278
8083 33160
59451 69922
22680 72831
45911 70497
1820 8103
18676 60891
21588 51945
98 14244
24256 55107
45240 49529
15224 69873
484 50632
23657 36036
16417 46497
10499 46686
24368 40027
1072 62303
46666 73528
12179 73745
46232 72874
4706 71173
3578 47740
35675 43600
52893 57101
702 29156
18980 26638
2538 6028
65786 71770
16371 55553
60827 70064
43434 45903
17347 50097
14244 68794
38951 59288
11328 59199
12646 55801
2486 18955
21809 32278
14711 58013
40373 63312
17683 18522
13793 54323
20451 73673
44618 67409
31736 74884
25957 52762
43958 65776
17339 29767
5171 11079
45485 68915
6891 31434
11778 51517
23804 24881
26643 32016
38330 70260
47670 68069
23471 25898
25216 27008
11666 16548
5156 65144
20180 69173
17289 72757
29072 31846
23960 39289
9881 11571
2025 4471
42894 58438
17127 74091
20582 58301
21370 37158
16572 30872
38800 49413
38868 52992
39419 60097
12821 52968
20667 35757
15632 28286
14825 57780
36232 56793
52324 69658
48700 71204
39518 40300
479 43512
21958 44867
59751 64360
49239 51692
7378 23224
3998 6175
23424 35825
6977 67749
9449 20488
27854 31585
11506 52587
20632 62824
288 54382
14737 16261
39850 40184
29569 42342
69967 72346
58921 73916
309 57711
17192 43204
13175 19791
1556 26214
25883 62354
1122 14128
22299 58434
34741 48467
22375 29616
28387 44167
991 21201
26111 37590
20963 42619
19464 59536
26514 55751
21633 69406
12216 13421
33972 44776
54906 55397
15825 65022
44946 53573
29016 74389
59281 61808
5987 46603
36765 51342
5976 61205
58862 64405
7725 21598
67996 70006
40973 41384
39450 46641
33218 60489
31942 49658
66486 69202
23351 38167
26076 51096
28800 51821
16229 21163
29094 55306
6500 23339
2524 36207
3446 12215
28103 61464
13068 71950
48935 66805
55400 59745
47019 64923
6141 45125
11509 37222
21279 64209
18630 50106
14852 19413
31555 53648
4931 23631
12110 39051
22941 57897
21623 45439
14867 68155
44633 70067
39168 54228
980 65345
596 74651
15282 69693
58813 60946
18461 26010
4628 13330
62901 74381
49068 54384
42437 66820
15110 71018
14204 58426
54349 66156
1298 12058
71730 72353
54514 69808
762 36511
3775 29083
72069 72083
29920 74423
39594 73313
7877 29142
32772 58852
15556 54395
10858 49825
55714 60932
13271 63033
23279 64028
47575 58446
5255 26213
34953 65148
48968 64445
11030 12409
12442 60440
71373 73205
6032 29413
19284 45949
12148 56270
43826 68200
4804 69245
45974 51359
1351 45362
15910 22398
15169 16815
19464 65341
7520 43631
13702 18768
13116 52563
14078 15111
10275 44655
41322 59983
2972 60919
12536 58828
14989 60475
32883 42583
28694 47316
13277 22604
6313 60132
15747 53513
12879 64957
10079 37522
22034 38706
3136 56438
23743 53922
37515 43224
29018 56843
38620 64108
30274 62545
32042 37132
2921 74623
34823 62849
47854 61227
13635 49296
18872 34743
68657 71760
20902 60794
44314 65313
14885 31574
61117 72341
46018 54822
12615 74198
22905 24734
7269 33119
28085 44596
51324 72531
45995 47182
27786 35370
34472 42224
46676 56146
63244 69952
2585 63065
28743 45182
5685 24409
52348 65449
19477 61886
58108 74523
22081 29445
914 52196
46659 73684
12031 59284
40636 64869
47842 61213
33401 65138
9864 39995
16500 31034
53183 74557
21103 71110
2264 12504
28594 65980
31933 58606
14129 33724
28284 69486
9566 60280
20707 66247
568 55427
32799 61057
2982 9197
6225 64050
34112 49017
7013 72126
42978 73070
27407 37295
17574 67884
289 15085
59605 71687
27882 67767
37065 50410
43893 71807
26244 54833
33231 47351
51341 56335
8715 43871
34956 52659
8751 42190
68936 71714
10731 60165
6298 35003
4069 55161
14790 70131
9653 41419
14689 71536
41166 51657
9497 34906
2643 32764
69186 72661
10784 33319
1391 62253
41416 58683
1791 26518
52375 62026
6807 67326
30101 69441
59733 68990
69671 70123
277 38220
16051 73263
6407 67135
22852 64585
12870 35946
19858 64669
2410 71012
10243 36861
59546 62287
24702 54959
993 29511
61377 61738
42562 64460
43874 62836
31860 45115
42388 51376
12867 31115
7287 19777
17203 70862
16166 24911
17120 72480
4961 42122
46817 47607
611 28988
13918 38650
11255 60255
18514 30066
52595 67046
25947 55047
20108 52809
26399 30711
16151 24699
7503 38156
51826 53292
54479 56952
33804 41396
3011 29468
36215 57444
29631 56173
44950 62425
47466 49294
28254 29279
11908 29127
7268 22633
38022 48428
47603 48226
28815 68232
7240 62211
3174 42301
25684 44891
1653 58678
29286 57076
48662 68963
54038 55660
43415 46331
35102 53160
37275 53219
57767 69317
20055 59173
53162 56727
37586 49483
33088 67692
14958 72299
41435 55170
9910 28727
4478 69769
9374 48514
4658 10684
22203 32692
74560 74642
7431 31199
59405 60613
58066 73303
23025 24412
39344 66144
57392 73032
48636 74039
18950 53992
5733 52203
9462 72234
19503 60788
3541 11276
8935 68987
35829 53124
37123 48470
7716 23785
8063 69919
43306 74140
27160 48866
29930 39185
37610 39525
1071 54707
17398 27232
39074 48104
18786 70753
11860 70692
33762 39175
21280 26769
1079 28101
17608 53875
68980 70325
81 21831
21497 32191
4812 35191
31908 43192
9973 57025
25834 51170
2753 7387
41281 50359
14086 52483
7635 29030
2535 3177
32808 54978
34990 51223
7535 25923
1269 51786
5042 42297
38607 72060
57337 64349
324 55225
40707 70567
4209 6642
26246 51793
30224 50876
8346 52496
56194 58928
24360 33342
42264 52355
53245 72590
5081 17461
2831 26073
978 37865
3322 57045
25082 60763
4828 70086
39263 65143
19524 73609
16019 31027
57570 66543
24242 45391
45212 64224
22664 55004
8982 14802
1203 72839
6145 71768
39327 41295
32706 33990
8749 69457
25176 74667
17784 32971
18923 49672
33637 36026
204 59646
27355 37310
5306 72710
32195 70039
5124 20293
58806 65426
30460 35070
10111 72183
1972 9510
41550 71788
4257 38185
54049 65848
19688 35613
9014 62435
977 72150
35840 40148
17519 62282
29436 52479
24779 36448
3245 18972
1690 1866
38797 52837
21225 23379
10993 39015
28620 45275
17484 40170
27854 59387
21991 41323
20933 27935
24973 44362
6134 29568
23747 39044
5223 16991
7692 59324
69235 71082
27234 32077
43473 66246
4581 45666
35230 67707
5292 17916
4195 42999
15987 21410
40690 51222
13512 29858
5918 58340
52570 55080
40218 70696
12356 63387
14254 29395
57882 60721
10145 16196
10800 36319
22096 30246
43440 71856
37694 54202
23330 37479
15131 66368
31690 50463
24279 32576
5508 6848
42608 61380
35401 43429
63180 73691
13449 29763
2214 57620
31461 43681
12076 59120
36452 72015
8018 72062
4959 26602
12374 45562
10793 22946
25103 31570
39819 53008
9606 73187
39857 68311
8186 71347
32634 73070
22796 25753
28993 72762
25740 62432
40086 51432
26715 66470
6740 51098
31382 33548
35535 49447
46225 59924
42092 70781
21639 29487
61598 62693
21038 51189
19264 41176
316 25359
9258 66294
55320 65213
17797 46482
24406 54953
7333 67744
866 51404
29819 63645
10708 30537
14322 61007
46159 54487
4856 42596
17579 48874
16266 27063
1056 59112
26885 72271
5390 43123
5127 49945
26181 60194
22690 31771
8594 9631
17032 61908
6267 29636
32032 33203
17634 21013
34957 37036
60831 69011
17151 45546
42292 69629
31178 46117
6401 32953
12088 72065
37070 65870
8775 42878
29706 39978
43481 44717
12968 66292
2934 25888
24449 49302
2172 46754
4754 13963
36141 43036
59318 61390
43828 52016
48387 62171
62249 67730
51224 64265
19525 23289
18976 29330
19086 33368
362 30885
8361 24162
19936 56955
13276 34682
3149 71587
8348 46861
21238 31459
17943 37718
15078 43101
1965 40010
9367 44182
21455 58470
40414 65972
6337 19835
10011 24433
34415 71626
415 12629
48040 65183
26581 51706
36878 58273
30865 37947
11943 38827
18390 19915
11604 55033
19113 23495
26370 30838
34750 69137
34633 34838
12167 60059
9552 60035
15183 66150
225 32354
40108 60408
13468 40079
10395 70923
6125 39622
25068 53924
35608 59159
58686 61726
19921 35883
5766 14945
65338 74897
21295 35369
37798 68680
67005 71250
6566 45690
32864 33279
4348 61352
41281 61670
6892 35397
6377 28091
42935 62502
16512 39537
27669 46206
63848 71156
45871 53153
68598 69402
63144 68423
6241 63643
17730 38786
2901 13839
50040 52914
34032 49199
47214 58379
19580 21624
36757 40102
24317 28582
9885 64820
11240 43416
40208 47550
48425 64223
47352 50334
43993 63697
43699 69309
9866 56968
49000 54526
34968 70631
534 8990
30116 32717
30710 70568
39034 60183
16622 71766
43510 64763
28990 59249
19817 64518
25261 71310
11341 47928
7040 17465
23982 54145
7995 13723
16419 66769
63765 65462
37560 64048
3175 68883
6096 68112
23707 74267
21187 48064
27521 34218
32000 58747
1474 22238
19815 61833
42684 72093
20138 64017
38356 49780
53591 64397
37619 46777
15521 65910
36345 53859
58394 67961
199 16648
7843 38574
6239 55289
9693 17211
60541 61958
51173 68774
27440 40904
13366 60663
66325 66805
2606 46732
13461 64602
55972 71899
17833 33152
12149 30645
23221 71919
39026 65760
30095 64687
17617 48584
6690 25085
14442 74174
38194 58213
12890 58060
4500 14659
58315 59640
34208 63576
9401 42351
31558 67651
31900 63545
22946 53306
45410 70792
47303 56590
16062 64538
7638 52810
25220 51846
5323 27256
31197 56272
4629 28782
10314 66919
43433 72009
37859 38568
11799 71312
55813 59556
22056 25797
65620 69729
53867 61230
26160 70990
16235 34464
24472 52547
12292 18359
54319 73065
18782 27040
1505 68188
19802 58837
6085 20590
8672 29694
14248 30926
56121 66383
255 1801
37878 46273
21728 41255
25811 58750
33306 40286
16445 33881
32964 58902
5357 46282
1792 7553
11527 54321
41610 42848
4212 37012
36936 62843
28511 36423
2742 56992
10135 60223
57961 71315
31549 64961
43404 73853
2192 56600
23667 25938
1213 58698
20258 71336
3682 32877
30206 72391
55351 58611
13248 26853
56211 66227
59804 65700
12836 40171
33882 36739
33824 70833
47771 72816
8038 51714
12545 36157
7696 15363
21248 46002
13306 69340
20250 27903
40186 67676
30983 48345
7078 32618
62421 66846
54172 59515
16890 39278
42527 70934
41431 42317
25504 37697
617 65058
5972 68457
6996 20897
24869 70210
5767 30647
8448 55828
856 50226
25877 49112
39905 55809
10453 13508
18869 64777
1355 64014
814 11017
42146 46605
15058 74469
32044 34351
17597 73682
8684 17281
16486 37168
49878 55244
14016 39634
1137 66833
40251 54720
14569 68125
29853 51805
28933 65673
28122 38073
13990 34338
22024 47117
18607 64998
20730 22165
19578 34120
60754 72217
5722 27964
14178 19788
57365 57472
17194 34499
49359 61264
675 46963
6725 17138
7809 40093
12212 22480
47312 50759
39576 67758
20492 28438
16383 60443
14551 41556
29991 53013
7559 31960
7325 10616
9810 44460
11144 23539
34442 61338
23753 37019
37200 41905
29891 43421
23331 64727
59977 64725
1492 55002
10549 11312
9749 63096
3678 51034
53904 72278
11181 30657
40112 70558
6406 36038
23998 33430
26306 66096
12777 43825
66718 73500
744 55465
39057 53486
28379 48431
35742 62136
33914 59777
36080 48990
55578 69893
23065 34826
10164 53231
3688 43355
6432 74776
45176 69434
4934 30771
2880 22889
17222 32948
1418 6546
28661 53302
24097 28401
1537 11967
42452 57342
54196 57696
6102 16573
48295 50616
5389 8220
17416 38933
42130 42976
44341 72036
64427 70995
68649 70865
1082 24591
49291 68487
10672 25278
3597 47002
6172 21812
43923 51313
19500 29511
3432 45541
43624 59030
32028 48498
3127 23992
56508 74725
25847 57712
30037 46376
29369 30780
43867 51652
18964 46969
49297 51125
12452 47478
26736 36693
43899 63342
24728 45650
17254 55746
17327 37353
21110 39686
26173 62469
20287 21950
22396 68600
47427 69241
40498 52672
57060 57561
34015 72645
51363 56523
22081 38820
22602 45488
23155 68804
56955 70126
12966 49957
1558 28540
6829 15678
9414 50992
31784 45247
31699 62892
56426 64866
39903 67376
5802 58895
4384 20758
25756 32251
16772 18655
39051 46460
13899 55293
32864 66695
37447 38763
8559 44366
426 65727
14565 18645
16742 61228
27540 60402
43497 54234
14662 67250
41357 45710
12698 18112
45029 49865
4633 73176
43326 60722
3619 73918
15409 45864
30629 70175
27071 52568
38607 52815
2418 23480
8693 13157
6827 15483
2364 35964
15042 29100
71140 73872
6351 74108
29634 66159
55934 69858
51617 67969
21683 46213
31625 32050
20200 48671
12914 14641
3823 48702
47957 67195
11178 21854
14362 60088
24218 61937
68078 71235
40621 44785
28415 36510
33631 70711
28633 68579
5298 69585
45119 57241
34887 73459
12541 21224
12496 62975
14940 31535
66768 67917
15607 18603
18491 31048
26229 27568
5635 6704
12132 15443
5517 32487
3982 42992
12421 66512
33171 73924
15237 23787
52406 68704
14576 73107
642 46368
6931 18506
39864 68779
38861 43515
45183 49295
31982 72823
2084 53901
38529 69205
31129 43529
57844 64650
54850 72678
12370 20119
58342 63354
12802 27532
25125 44582
36386 64595
12196 62951
10867 31267
28169 47409
21845 73119
34470 45487
41998 66799
30755 60993
50723 51853
46315 72933
32709 44910
9390 43752
29202 63336
34174 61107
11492 60008
3377 36509
33334 50558
25166 44761
20660 50281
37248 53291
23350 73633
36349 65431
40228 70930
32742 59023
14147 42880
27952 53353
22066 45085
31066 68373
14760 39366
5056 25777
43728 44447
9331 44337
16716 32630
3152 31343
2563 54536
24677 44687
38370 57666
15079 32643
21987 60809
20563 36312
31801 66505
32238 50202
3466 3821
35350 41639
8166 13906
20669 23383
26373 36205
30641 33686
14436 61449
1158 62396
26193 29241
43598 49636
19848 32051
27717 50357
1270 62172
1754 52525
22058 38608
8405 60572
8265 61470
20649 55865
22950 60951
9791 41480
20259 58684
19522 62138
24848 32325
35089 54895
968 31253
16836 55451
2995 5175
3456 69937
35664 38413
24263 25644
26252 42888
32463 68277
7355 67825
9153 50207
57402 73925
7308 29809
13410 49025
18820 58454
43527 48051
1265 61966
26660 44392
41486 48187
52450 57633
53621 73396
28033 29576
24353 33903
69678 72604
58311 69894
40340 68429
26070 27117
31709 55403
41318 57716
45236 46488
31499 44969
31290 69889
19321 56982
37035 44071
22334 26226
15737 59449
11632 28843
11743 70349
33578 50724
5472 14975
7509 48563
5083 32466
7687 19155
33920 56436
14797 62143
9178 15342
30155 73257
61766 71341
48007 63764
29982 36615
13857 33251
38608 45883
36278 72851
20999 24774
3766 30568
11876 71552
52076 66840
7339 64047
46442 71861
56946 71894
53638 65037
61088 72030
2733 6526
49470 56660
36204 73783
7061 7806
13436 22394
18239 68927
8554 46596
15251 72477
21963 54263
54620 73387
16228 35778
39613 40888
70950 72584
7897 71437
61896 68404
37860 41717
18783 67818
10632 10992
40285 59986
12052 16239
7092 37067
47190 55881
140 57920
911 25636
15621 47108
24437 39261
8198 21747
13086 44458
26149 67914
33751 42554
31225 70389
6947 28296
16803 47653
62270 71196
24540 29311
1230 31496
34333 51909
7847 36346
57531 63242
9752 11782
66489 72294
28518 43263
561 68406
19482 35988
38957 55695
44467 57756
1123 15127
21283 53461
6144 39967
57172 63663
4862 9399
14221 23400
6117 29135
34364 62620
2838 64828
7715 73003
32248 71621
9276 18344
4040 10518
18342 50933
129 28788
3458 5896
31818 47892
40990 48286
1367 56644
34797 48640
61922 64544
18218 54517
10232 42687
3038 71116
6991 74783
10536 11390
6934 56882
8191 44291
14049 21253
21288 50457
36797 64089
47454 64202
26478 65155
4661 31143
14643 66627
3321 5348
4572 6787
16529 73890
8230 41544
2726 3911
22098 32949
52426 71647
5551 63518
38093 66340
11587 26496
58365 72473
25438 72074
9367 38032
17175 67089
1220 27163
58274 69465
13572 67617
8530 38889
19700 22660
17100 18775
9743 43927
12488 55413
34377 42260
6107 63531
46212 46518
39118 46998
50994 71086
4050 39227
17882 49705
14892 28195
308 8919
41320 42223
21417 71357
44714 72537
23779 58872
54938 74840
49296 73802
15973 66699
41126 45967
19342 29640
42 63030
2813 31421
8561 40828
10883 29766
11885 28616
5838 19066
12094 48889
49268 61510
43249 50638
53763 55179
2714 71573
4462 65495
8353 28709
18104 19628
2340 57540
49292 60813
13993 39014
49101 68909
25569 28990
60088 73290
18971 40117
42516 51649
22427 32959
20764 50601
15317 22703
10771 44892
10238 48199
64862 68587
55795 55893
27428 52229
51992 69999
28754 50533
10168 38652
38393 62498
3073 31018
20565 70042
13721 37890
13909 17430
132 40816
12651 32442
22348 60162
60228 63530
46559 49658
42087 71253
35872 69373
49268 52182
14588 66539
15797 46380
24051 67022
2142 44570
43075 60974
49227 69564
7921 56791
31329 50346
19841 55788
1747 12390
35607 60966
4771 69411
8006 73152
16598 54165
40625 67839
27107 51462
41417 47080
11383 58694
36253 64305
64641 72526
291 50978
3192 15081
42821 73505
42060 61605
15964 40725
4039 37363
6587 71669
64925 68138
31336 35804
54535 69150
4639 64988
22543 46573
1396 44444
9941 60867
22032 25804
14830 54640
33365 50599
39258 63712
17457 67120
45834 49586
16929 30332
44302 69589
12498 49813
14876 50008
13674 26734
26112 56399
51908 69974
23233 62414
16357 73054
64481 71217
72406 74051
30383 69029
13462 71521
59715 60610
56944 64295
35319 45756
21332 62584
5900 6005
8503 26222
11037 15874
9940 20690
7584 63859
52287 74085
1827 69707
1638 16580
30165 64243
10932 51188
54998 60403
14898 33539
30575 46529
1221 31890
42755 67272
57600 70970
4491 45160
22817 64211
36722 55708
45375 59743
43811 46888
1097 70332
42041 65417
36016 42880
54495 65590
52971 74373
27797 72771
16177 50090
39773 43419
16083 60222
2117 62379
32406 71710
13659 47646
64375 69261
13637 22097
13130 43375
36838 60458
1684 44097
46675 61434
17592 35335
8325 9907
6490 67288
21876 28841
8236 44706
34380 43633
4650 46366
37862 38986
22954 39682
8324 36109
9915 53113
16581 23355
25527 68908
5598 61667
18161 70037
597 65190
22636 35588
40842 73792
13563 56375
11099 67522
37354 38049
4835 73543
32572 65902
49021 69000
41165 59864
35017 42369
53190 73841
17388 48337
53334 72116
15058 62723
12273 68976
31750 42788
36849 58089
29361 36107
34592 35404
10855 28723
3709 65876
36854 63050
63704 66872
41464 44025
40344 56311
59301 68515
15272 71937
11029 23970
5011 44317
11221 71545
14991 63741
3426 62585
15512 26081
25610 65718
46804 73179
15206 23802
33249 44705
21910 37076
24048 24386
7360 7873
13868 49279
12903 42381
26902 38358
768 41644
33959 52584
15113 33537
4701 24823
25348 69090
12150 68912
6963 74164
13188 35000
14850 16425
34715 53579
54702 57621
18916 68745
42051 53529
14707 66525
5738 6325
15374 74383
12785 51469
33348 52596
6119 71701
63356 65866
48703 65247
57681 64057
47109 50699
12623 41170
28407 54212
51658 64619
44698 71129
12797 17679
7976 66811
22558 49381
34529 44526
27926 63483
69590 73206
44617 61553
2156 39310
1692 20015
58995 64684
28678 54870
21492 61259
14847 28431
825 60445
12949 32980
25041 48776
8941 10263
18746 43483
4199 23254
20178 58676
6268 44135
18514 73927
26762 55928
41507 50425
12323 19993
50114 52129
57333 69965
53728 73563
32931 44325
18935 64459
45780 69530
8061 43895
45050 46081
5386 72256
29638 64181
51614 73756
21124 51219
59315 60119
1089 19326
5472 31183
4372 71123
9996 26456
10407 25863
16003 34105
26167 44119
37165 49937
43347 69036
27324 61142
10590 40653
37206 42417
11293 13242
1382 43402
7932 61936
32802 43940
7147 16450
42939 66183
14757 54117
63232 72804
6518 47044
28481 65749
1879 42830
63526 66485
5504 50990
29134 51602
27189 63761
5082 23694
62362 70148
28261 72421
11560 27526
36340 67238
24132 63902
11362 31186
57742 63789
24156 66148
6310 32468
51800 61005
12975 68807
6952 8207
1332 69329
29906 57759
21440 23613
28434 38423
10981 67679
26670 35267
33625 54256
5089 8830
21443 39364
26024 63461
30220 49125
52503 62203
5863 47416
56247 58070
9837 32881
48060 49363
47963 73409
30454 58308
33097 37637
6926 7615
11027 50678
8631 25046
54930 59760
39920 53879
19041 62456
5095 49222
4553 52834
2678 63609
62746 64165
20822 48527
31085 60892
33991 51751
3081 16898
50603 72716
21452 25012
40404 53815
37600 47536
23390 44284
47289 48569
22040 71875
1513 42143
28 18451
8834 38713
18176 61910
27270 28233
2300 48624
26375 56193
8540 61424
7097 27876
43255 60572
32895 49427
25541 67091
2443 3746
51840 61547
37022 47280
5409 16018
2196 14444
24895 61831
43879 60929
38583 73974
58833 70008
6103 10327
56320 56669
18448 41662
25016 46607
15668 57085
28383 37506
15077 47652
58706 73946
48357 55046
66801 71038
8302 72505
18059 72577
5023 20991
36068 60564
33869 59609
34411 57262
23411 50429
13674 52551
38455 57056
15247 20234
52118 61869
67594 68366
37769 39400
38961 57620
6146 18957
37377 59264
47913 52285
1197 18606
14817 43484
14983 37896
21791 30718
17601 23431
6254 13939
9142 49835
348 24995
1823 12282
15642 73407
7345 54663
33353 48548
46839 55493
14551 29836
10005 24697
51878 61105
16591 20094
14679 24787
40768 42008
36083 39973
43839 61237
40621 53527
6693 38747
8919 10055
44589 57111
27137 37835
27943 56792
2247 8763
4147 17469
44300 46836
44002 71981
429 39745
33986 67710
11705 63505
23124 61097
1842 54248
865 65284
25263 26064
7152 46535
33217 60709
17136 26953
13152 54388
21707 73337
38643 43074
11592 23554
59292 64663
34889 56505
34903 35537
46857 58901
57130 62674
2675 61776
7506 39207
14315 62839
35666 43468
3028 5924
21641 55106
16660 64733
29022 46247
1208 15466
69514 71219
58549 71324
23302 38321
23030 29379
12691 73892
56 38869
19577 62035
47785 72941
58042 62395
8060 74351
28325 53653
19385 65793
4068 58207
47907 58660
8391 63540
14072 25449
58011 68983
4562 62064
27647 62686
48126 55312
7967 14034
20699 58312
59500 72515
29331 70805
55622 69095
26239 33476
38641 45264
23720 26635
26742 41386
19760 22788
15940 18756
56128 58818
5968 14399
33918 39710
43379 66299
43609 68669
64951 71601
523 71278
39037 69310
35597 47678
26525 38707
60976 73757
31927 66256
4498 55737
15970 58016
8642 13423
64136 64870
27841 28663
25616 63067
2974 35324
27037 47638
28878 53084
20741 38521
29769 71313
1680 72016
46070 71037
20703 63912
13190 61193
15649 15984
4534 37305
28124 36349
48174 58618
40605 42850
45885 61212
45400 47165
28107 71197
142 41998
1165 49347
41748 49859
39022 55651
3161 16714
4145 63836
16747 38175
61908 68634
59307 61345
3884 36260
10690 48462
11968 37434
4625 65044
17689 71289
18623 26728
18900 68673
29373 31448
30677 69777
12045 19101
55188 68506
22628 29907
8077 53780
26299 34193
704 52428
58553 74639
3815 7686
41872 54865
8780 51995
17266 72611
8387 29498
14007 16044
18870 28907
5812 44258
50 10676
8552 16590
7784 33628
40424 43316
56662 64199
13621 65052
58205 73550
61646 73612
6435 51183
131 4214
40796 60490
69866 71650
50614 56159
7682 48663
25930 29030
14948 59227
2183 10897
64995 66329
43123 62982
10897 23971
10072 73887
25067 66863
52199 53485
4167 61229
47290 61096
3386 16084
9440 59218
33956 37167
23066 46364
17834 59444
4064 65035
61202 66754
13769 31829
8252 63448
27471 31988
23486 43211
13431 63852
41139 50344
31055 33545
53902 72151
10167 23060
8741 26912
20839 56499
1602 71095
26578 39107
8802 34055
37408 73400
7038 60685
41512 72863
65404 68156
26176 45748
40670 54207
30615 61409
30169 45340
38471 55675
26382 38117
7459 20829
16039 59678
35998 54359
144 10740
38149 74217
69968 70040
44665 50013
41110 47170
8053 64106
34203 51446
27541 42641
3643 47986
19823 38016
20975 72846
6252 36179
28144 63362
7617 20810
3004 8695
8929 32919
25224 47167
35696 68372
4319 40777
22078 51440
22370 28790
50223 53251
11444 47396
23767 59630
100 63719
8257 68956
63400 63873
2189 24192
4578 59771
23829 66067
20400 66461
32892 61002
22856 62357
20528 35109
42793 74003
29088 35691
30379 50444
63492 68408
41236 46236
44027 47696
7890 70315
16179 35395
29840 47730
35752 55720
25457 47626
55915 74705
57428 64126
35200 37869
59370 61961
49189 69988
23567 63608
23059 44718
44631 56512
8483 55757
25472 54936
31136 64934
14101 60547
66526 72734
29117 44243
4378 39443
28068 43497
19303 72929
18850 40996
61180 73253
13657 18143
58277 65626
26915 30523
29651 40610
21404 48513
6881 11005
23603 71872
64922 73615
23136 27115
24098 62118
36439 39795
7278 66229
44366 45863
38313 66836
48228 69500
2618 27055
64422 68527
20220 29854
39393 49977
7100 73021
46647 69574
33923 65066
10234 48604
37709 65407
29837 42524
14137 46812
27529 38086
59000 68472
26099 51663
26895 71931
12084 20362
6558 10975
56673 58112
12439 20836
21613 48735
22296 55060
5046 28621
31332 43341
19709 31662
36259 61294
4696 14976
14355 65923
23872 64804
2383 3592
32796 73664
40571 48619
35584 36139
20000 43228
3667 26588
8889 33440
19713 50904
5847 60298
31293 57651
13606 67480
3666 15378
45951 57035
23492 45061
3928 71331
7636 51993
29154 71096
33166 44133
47040 54246
12338 37513
14554 26280
29359 72911
17182 24229
1816 47309
2329 19326
34458 37927
14095 20826
38121 61495
18887 37727
28654 55282
50611 57244
6455 56318
16452 53335
3437 71096
35822 61896
15239 38988
36482 62566
34381 36780
30623 54312
20940 43488
11315 71833
7973 46400
7968 8766
5906 32250
5411 36711
34217 64031
7199 59784
22215 45584
32324 37874
15188 62132
43494 55143
17010 20675
14556 71036
3959 44909
7467 37778
45598 57614
18577 31375
16188 45872
40067 58976
403 5118
30661 49487
54832 55376
19001 67564
3897 4530
62008 71060
8151 32817
36671 54983
42979 67966
16243 67610
38487 50164
41760 62202
34892 39852
54336 64652
29710 69251
36005 55897
48992 72240
11802 57127
10615 34030
18979 28325
48063 51301
1425 26697
7538 73902
7779 30317
10522 22289
25722 53951
25597 69170
1370 20079
51994 57715
13554 18083
38883 55438
44597 70228
54103 64815
47420 71832
4443 19530
4336 7075
35504 40848
64476 74787
32309 63803
44669 54506
16034 57035
56590 56853
24119 72415
8142 11624
20505 22953
6104 72777
18666 19117
32565 41229
50955 58854
7831 39896
57705 67771
52045 69639
14259 33949
42350 57502
20915 63201
41465 56174
40671 67147
512 30014
35278 44191
12476 41393
52320 53065
7134 25041
3525 74839
6837 40389
15784 55724
69092 69701
10787 14571
4861 41060
58649 71039
23317 69107
6272 27196
12291 74892
28189 46010
2653 54685
3738 25536
36144 43804
8749 67312
942 70601
6005 26669
1840 70571
27236 38017
11019 24776
22858 24418
29529 38850
8292 30776
42556 69813
6082 42667
48382 69119
2257 23425
30635 37202
18152 45083
54501 60401
23563 48312
25057 33048
50568 51011
19337 72623
7720 54584
47656 48788
21983 42243
58534 61497
3488 61107
9681 28138
38434 71324
20012 29472
21338 62845
20450 45286
15884 60163
29904 30547
33769 35389
45242 57519
31780 33554
24758 53699
4026 4774
43583 64453
1880 72746
27835 58643
7761 69344
3265 50014
19742 68102
11332 32665
7210 37068
22412 35297
49618 56832
15168 26333
31355 51286
17061 23723
32972 45226
8123 66576
13064 71091
25045 54669
34721 47695
10655 21200
10003 63195
50436 54564
58406 74790
8571 58298
58444 61939
54378 57215
20489 41860
4679 7738
14714 51284
3216 23925
12272 72203
30248 65651
58893 58977
20125 56514
30589 53403
26771 68101
35842 66376
40657 49462
13548 36975
56401 70527
7094 38039
42421 54340
54742 60735
27513 54627
54037 67504
38500 51839
34104 60107
34177 38301
12619 20510
1458 24847
40377 72390
16925 21449
8005 24156
10233 32734
46409 55130
6314 32338
50812 52176
537 22644
30038 34670
11781 59685
4880 43722
52265 62147
20155 62848
4267 33183
51367 60340
12373 72534
22138 43133
28683 64771
24595 59602
71970 74301
10800 71888
43529 62651
23568 31993
1147 60025
65126 70841
59319 68570
12008 68563
9783 13469
13726 38589
68080 73478
3045 68590
32310 32783
8480 61402
6660 9250
14498 63888
18507 53451
2852 18639
55939 59270
12907 27465
38520 48646
15708 45556
38583 57518
13685 27134
32941 64079
53409 70363
13320 69789
28506 56237
53955 58500
42327 46215
49745 72457
33293 73100
46882 69223
41828 66538
17144 68764
39567 59924
9189 26526
16864 21135
1523 41818
30500 44869
3418 49801
33729 64111
7320 25319
3925 32974
37086 68625
17260 58197
11886 40068
51776 72793
3431 72330
49096 70329
16108 58920
37157 58251
56356 63238
60486 70619
59603 61830
1875 25905
17768 61189
16776 26447
1070 59881
19610 36697
3621 57963
8182 11695
34508 71145
10131 22494
47087 49917
31513 40372
6844 15869
33001 59040
39980 56233
23122 44569
39285 65180
46439 73859
33560 49602
6429 53082
23796 45934
12091 14481
64171 69261
11146 60434
6243 15481
947 12029
18806 56285
10087 18477
33003 33206
51932 53556
64356 71164
38911 73172
9158 44007
4373 54173
33157 43973
9797 67308
5227 51618
13234 59896
34233 51313
67627 71582
9991 16588
69162 69439
63914 67281
6338 49276
18783 20898
9610 21446
25606 37737
36323 70696
36492 49228
1645 50070
48861 53323
23876 36366
8556 39939
7734 65706
20095 31926
6262 22656
5911 70587
766 20968
16764 26509
21784 32245
26557 64855
63476 68758
59162 64670
17931 45588
16927 17509
4932 7360
3873 14752
9558 64218
33214 35096
36585 62830
21761 51240
1674 17785
32774 73120
10308 15906
28255 69460
21932 48845
35230 51410
56407 70883
27039 27636
31987 70845
12742 29949
21367 54121
62581 67987
43481 63789
22662 68670
47348 60938
3372 36383
4578 9284
27344 28321
49950 74149
63026 66881
2910 45497
158 74173
14946 22163
34010 56840
29322 61197
11674 63238
29935 37461
29968 70330
880 8459
4883 64712
41304 45021
21166 25587
14936 48324
31051 48682
49664 69010
7375 18907
63034 70473
32763 36824
12220 12575
24208 37841
8303 63917
45204 70190
44318 47075
35820 58898
40283 51481
14794 55257
14492 38577
23723 36119
2045 39755
12041 47433
30801 37655
25391 56638
2681 11064
36857 71388
31621 34612
20597 54748
7872 11116
36464 66608
4581 27637
13105 52393
17724 39460
19571 65203
17015 17387
8649 70874
23351 69692
360 73722
536 7115
10563 25840
35382 69820
6302 34857
21422 68416
51590 65838
62849 73899
70429 73320
3956 11474
13225 59803
35393 68671
52623 54459
30221 62420
22699 68648
14352 56316
10016 15733
10143 60882
5676 57387
715 1249
43943 57803
1787 69606
56625 74262
43973 59296
21974 62426
30044 42727
54423 68087
30527 51508
28158 67747
27952 63052
4007 50849
58462 73874
22509 48932
34835 36910
53425 71386
1964 34139
3289 74593
14150 62031
24747 57146
12460 46668
2231 27901
50989 51543
20884 59025
15857 63439
7908 9332
5022 49428
31709 36737
29590 67327
21454 24216
32063 54151
22368 72107
2827 20066
1338 7416
25281 47631
3241 18288
15650 46481
62747 70187
20183 42241
33665 65859
13357 52499
1623 4177
40146 54957
6416 30768
21432 24112
50576 54590
47304 74060
36905 40912
17365 52507
23737 46489
8990 31372
10663 23173
46158 55665
8829 24573
23875 41057
1859 39439
39028 56700
4293 22479
1518 46441
20261 40609
6050 65824
6385 38650
47794 62967
22017 46681
1329 63163
19350 29642
7952 36564
15519 31156
32035 37061
1987 26345
17507 44684
58756 67830
469 25353
2365 70201
51360 64330
48399 57805
14358 51936
12473 25833
31091 60727
19506 65298
54144 72329
21941 66502
17912 59074
1728 71405
8340 30797
41129 74010
13207 72114
429 38602
7865 54557
21739 66374
43912 59125
7678 10265
5534 56794
43716 60791
15069 42863
25393 73632
29623 74520
20207 30462
4464 48077
16456 53110
13872 68067
41628 47148
41035 66964
11981 52670
14721 63396
30396 30693
14154 69906
657 45270
34037 50104
59698 60952
39512 66327
23611 64973
4860 61771
41573 73965
44142 51510
46732 67738
54490 73934
46140 72593
27468 70038
11602 69489
33581 36778
72405 74004
23379 39966
37673 54713
3057 44091
20484 55892
15181 62753
47385 65177
4341 44108
9702 31304
37164 73231
64263 73333
11895 28568
18080 56822
12429 17021
9330 43161
19492 22108
44411 72283
25378 62389
14820 20091
36580 41613
58129 69594
11534 23352
31278 58127
15814 28714
3233 64371
20953 27386
47648 66541
34328 44423
1113 49425
28667 58243
8474 24569
9410 46133
9110 39491
17352 37334
6974 36551
52922 62707
12136 16193
33265 41567
25122 58279
13342 67730
36392 43120
31033 48846
2886 68314
15708 54640
16164 55368
31026 54710
28734 50835
5226 36917
2456 62316
35533 51926
72576 74491
37182 57120
4134 7793
13336 30923
47651 58861
11239 45740
58380 74819
56727 74566
5155 50911
2384 65736
8494 17024
19673 72927
6987 25417
7864 25033
29023 45926
3411 72825
36689 49585
8203 66750
28774 73034
38273 40933
36124 65036
18266 29537
25291 49314
4518 31178
7599 9045
44179 56063
4367 53887
21889 28460
23171 42352
31203 74878
47190 63812
34547 49730
59381 67915
36543 61138
28013 73253
57561 65748
30158 34306
37997 71783
16042 24781
26391 42210
21813 22827
19458 23277
65730 73571
22851 27784
9355 28369
54839 66190
25856 62079
33381 70914
22974 24697
898 12057
25454 40236
48797 59580
27880 38215
18309 63501
6173 52529
50530 63560
28789 28928
40673 42195
10636 38800
33573 41605
4546 67385
30070 55548
4032 54830
7080 17920
8681 52948
55079 66329
37629 64426
19975 46998
750 4906
9712 74032
17160 41952
43277 60001
22128 34425
69203 72772
35852 65977
30923 71253
4574 66197
24223 29823
45667 53908
15588 52711
8518 61956
52563 53896
14413 70776
46347 65996
3555 64419
15705 45689
20797 65447
59734 71844
40038 58304
23449 71070
15059 36568
39497 50950
12558 42275
7429 13022
2672 72930
15838 70505
53174 63758
27019 35817
59663 69419
12304 27294
41320 48438
10994 61207
8619 32926
36623 58557
43908 66463
41692 43082
25346 54346
6597 18126
9186 9594
29739 58054
18454 64475
31509 56126
46825 48655
30886 37766
26247 72283
15968 67877
54678 64758
47320 62144
3798 41107
49208 59727
46210 64748
13392 19158
25965 29980
5421 49317
1139 1277
57904 61588
35712 46660
49487 57266
29938 57370
18315 52473
38346 43868
43471 52360
40661 60126
18057 44514
25246 59200
10130 71046
31291 62914
7673 35642
31763 40061
48149 72622
22429 23728
15892 43767
28131 54339
15948 21226
10513 22860
48414 58430
9591 65580
36272 71793
59908 67785
21984 54437
49882 69507
32337 65622
9058 66366
20329 74300
17498 38491
28378 51746
49511 63729
18521 46131
50827 54580
12769 69725
35247 74207
26227 71214
38178 62265
7144 66237
11749 33806
5720 25849
13618 34155
53761 71414
54491 66751
39783 70483
11045 42838
11708 70642
47084 50927
23904 34323
14215 42001
6374 14168
55432 74742
8151 16126
24572 52063
9847 38340
26605 66694
15334 35618
24103 28021
2570 36102
12997 14428
17146 22728
25786 51303
6542 61125
5581 67833
68515 71265
49040 63979
43262 49853
39019 66144
13261 69995
18199 72342
9971 57376
56000 69754
18262 48482
58992 59397
29325 44479
24947 36472
33952 45266
41844 66475
8276 19470
4893 47401
53340 61841
45309 54849
22968 37933
286 13684
9100 16448
9530 51779
27577 57819
43002 53559
38037 72753
63982 71442
24244 63472
10209 48478
9624 26263
44622 60224
40816 60905
16671 63480
9477 72518
37501 74341
2195 24833
28860 57438
36600 56491
31429 65089
4962 42218
33820 38079
52462 54605
3532 33576
51251 54808
61829 62087
13321 14030
9680 61558
35950 39200
29437 30373
21451 26484
31255 58772
23561 29460
2644 62955
13041 39720
10074 62298
16577 24602
34460 61290
37420 38379
19435 40665
8893 12292
13187 34232
61595 63773
21199 73238
15776 35248
2092 58510
23159 49233
35199 46092
17441 56188
55946 61017
61977 70427
18016 53516
20950 38042
3564 38256
48928 71666
13283 46294
17003 45825
8859 26898
23582 31593
3903 4325
50480 74268
7608 62171
8293 59438
13931 68181
46328 48695
15015 19233
62121 70698
38892 61227
12186 55762
8104 59530
3206 56072
3190 11946
15465 48483
21420 73234
28446 65492
37511 49808
3339 47159
33221 36841
69321 73596
829 31994
5509 22192
60442 64125
12695 27469
24108 44929
37320 57838
3682 18272
40843 53603
1551 10683
5869 27764
4313 24583
30023 34604
21 9502
6946 10645
8149 50872
10927 41422
61174 67655
21581 55766
23585 33605
49513 49790
39770 62125
65819 73326
30452 59278
3495 56344
14695 56351
21302 32043
69908 74179
3440 52978
54907 69059
31428 61567
15758 46353
37343 63103
19934 45629
1005 71531
37557 55972
6440 63313
13366 45752
29582 57005
24251 36991
9217 20864
29830 62332
30403 61211
40082 53013
37092 63303
71045 71425
20043 69828
9556 69697
59656 60607
6152 43818
8016 53953
39898 47213
10809 42965
974 6165
16473 29671
14376 22150
13640 14157
16263 49995
10142 39686
4217 10625
12631 43606
53000 54321
47795 66343
4354 17560
175 23200
18542 62847
48562 67938
2017 46804
45933 51062
11735 71766
58531 59978
11204 63205
15846 52850
1883 5052
62709 62920
601 32207
48043 73360
13129 19533
10628 48622
9117 18856
8493 28910
27570 37576
65349 69592
12946 42281
8689 47697
17252 43567
36730 49854
12851 66285
508 66179
23951 38474
3395 23354
21839 72334
53408 57998
55063 73007
44748 45344
20875 48186
38849 41227
1264 10244
13285 35943
19945 74895
59654 59744
58608 72643
5880 49645
37220 42227
3294 4591
4808 8481
59622 65357
41740 45120
42296 60415
30511 36759
25656 55326
19105 49919
30003 60383
37518 54866
45304 71114
983 12643
14169 14329
14785 33046
6849 13758
67738 70728
18202 66920
22556 24135
43476 61012
16852 63293
49196 49681
22547 43862
3123 10293
11894 65753
6746 69670
46807 51200
3755 7507
55882 72603
53185 63834
28146 39723
7314 47327
47818 52726
4049 32407
7334 57115
34551 71754
2026 46571
24482 29375
21955 65268
3073 64937
16895 38463
589 48786
37692 53916
49092 59062
27544 59457
27399 51204
18459 54635
11470 51190
18312 60967
16509 64099
12682 33818
3435 10849
38451 53230
2995 45148
56312 60500
8328 67361
23562 66285
43369 48773
6120 18493
5063 48710
24735 60630
8704 55230
36422 53681
18584 33692
44593 66338
51677 65277
28507 49299
2475 70511
24232 47313
1154 50076
111 60794
19089 40811
31587 37743
26962 69153
10019 25151
13885 27695
20692 64755
30000 62823
12089 49188
51834 52639
166 42129
1629 59400
3726 61094
27842 46706
32976 62801
33309 47127
39248 59406
30962 60566
41490 68129
11264 69335
45571 51686
42523 50900
22411 63761
6850 35865
47927 50713
10532 69236
5597 25927
22116 43884
21649 27747
26243 61658
51269 61240
23911 53131
46798 50294
11012 57357
2759 5938
58187 60372
54029 62098
17635 70534
21713 58913
43345 67126
39086 64256
9064 13610
7689 16294
10288 62650
39603 41642
3343 63950
45310 62656
26290 55961
19296 36715
71941 73152
35227 68818
28507 63060
26737 54036
3319 25170
29858 49151
15054 32720
10159 27766
29434 67789
55590 67339
13470 13618
28082 33896
51385 52024
3966 22976
45372 53883
21572 42594
5282 59128
13399 53343
23536 45659
54414 63967
33652 40085
28307 45137
15449 28705
9002 17687
57009 60783
13451 64680
11355 25689
13859 24325
6995 30448
34957 39886
12259 64947
1232 64282
10559 73621
29860 30994
31226 41067
29444 34102
43933 49247
15022 22676
24446 32329
18887 64067
19890 38737
17719 64001
39283 57040
9754 74487
9669 17412
53340 60157
10833 67303
9864 38865
46142 50934
6484 64141
26996 49795
47254 70667
11592 16640
652 10014
14039 37490
44003 50416
44151 52291
17235 52011
5821 66911
9898 69339
10301 65809
22846 37162
28546 36073
17366 67625
13409 24645
37017 41086
13053 48709
63638 68981
65249 72376
19803 34345
9857 31609
11471 33536
66449 70588
12508 27201
4434 38107
19022 65018
38160 74868
10012 74397
34451 56519
798 15066
1838 45088
783 15847
30834 59486
41836 69682
49349 71199
22685 54768
37450 57236
17246 20127
22327 23638
11102 25286
7171 33141
19177 47341
45037 48039
44875 50155
8368 26994
49929 57069
8600 19806
12443 62470
40528 43607
24656 71044
16835 45754
3627 74446
61420 68612
52176 64380
54798 70513
9381 48277
56297 65988
9882 54847
9324 67503
21034 24694
20971 34156
21556 48659
52743 52886
16893 42114
49322 57104
23112 45048
9410 22867
3078 69371
8887 58152
48276 66253
42840 72992
33635 49281
24863 51037
57431 57505
11009 14577
343 4691
43928 63796
8438 41294
1983 4510
51060 67075
17575 37292
60510 70431
8385 15835
28742 47072
24497 37340
13826 17825
55792 62244
7176 54784
34542 62899
56594 67469
35977 53019
12709 41733
358 1540
4387 20379
17643 47887
16249 68906
19191 69333
39099 65519
32732 46240
22352 27241
28413 64690
24190 62600
14925 47322
48787 61126
53256 62893
53223 60796
6284 40007
25692 61843
5189 13654
12953 56418
11454 56448
3060 24525
21968 35126
22534 27478
26359 32344
47942 74346
25057 38098
45156 64898
37844 48870
50597 69796
71582 73510
7852 31809
5216 74610
28843 39198
53895 70866
30101 72527
2783 70819
31767 52280
21323 39443
16245 57566
20952 34589
14346 72099
6151 33917
7459 72788
31711 56197
17476 60829
64490 66084
10599 11097
30507 54297
22229 73754
50919 58354
34265 62678
4469 6201
36289 39316
31570 50345
36081 43085
22789 52074
10834 27726
10749 56800
43511 54184
33977 47830
62507 72960
67432 70867
16608 73282
38230 74625
13141 17585
1331 11529
21027 33548
57274 58142
28011 71966
33135 33341
43863 65234
26568 28684
17529 28599
20530 27156
31976 70339
56768 59960
34878 70568
31195 72031
47330 57062
14361 28625
10900 45910
68451 74864
35811 65074
6539 70226
28948 61440
2222 29301
7460 62884
19469 24362
13799 15093
6600 22980
13706 60678
35707 63856
14046 23319
16665 24055
61640 69797
20397 53766
33867 37045
4127 25768
22906 25048
27442 71226
49515 55159
28927 35065
32634 44674
36609 54078
48240 49648
12028 18852
20611 34081
15496 55587
15654 58132
5100 7166
26079 32963
45499 56210
14414 32807
17898 18022
44451 65587
14661 55215
42310 55151
68126 71484
33290 58165
35173 72692
38279 38642
71641 74451
1644 22702
15795 39463
5003 10427
20143 57769
36357 60197
43232 55260
15766 19766
4448 41178
27336 52228
32293 70945
1982 50743
59846 63065
48777 62009
4052 61475
34822 73136
37116 45953
40374 55413
30789 72642
15305 20049
25237 71210
3918 31695
13791 25003
6889 67532
11078 46897
49985 67396
47682 52091
44029 47487
50441 55659
5152 72905
32159 58370
18402 59892
1348 47818
19167 30429
30345 62081
7614 69698
8352 56991
40340 57742
26662 28379
16516 70229
47167 54328
48781 50557
27609 65885
13598 16478
11800 69640
48376 64654
38281 38931
31366 63319
35881 61973
9957 57476
38365 50949
13475 13777
9005 41592
36403 36858
33115 57680
11096 39889
651 72782
21229 48877
8956 44298
37113 57262
14670 61310
51948 72184
46140 59880
49145 53685
3336 24576
18750 39646
27699 32221
12848 40898
7915 18114
3133 48405
32237 68247
1167 7724
40133 67514
39826 53809
34524 45782
8866 12714
36427 55529
39810 59159
49148 58190
9509 73000
38646 73721
37056 48950
10843 74222
12019 72558
23777 66289
12074 30384
39319 59831
16532 73382
37489 42211
10306 14952
17228 19678
20142 22339
6949 56530
42726 61720
13716 57635
28362 57836
7935 26600
30334 52902
18856 37183
11647 52868
2489 60198
12497 48109
15685 52517
28293 59560
39558 71481
38294 49245
39937 52025
13999 62559
42668 58144
1462 27052
42514 59096
20409 41845
15909 22341
32276 42380
4227 19607
48849 51500
49024 67949
11926 21625
20335 26939
15063 16565
28224 72099
29397 61172
1001 43441
30287 51812
23667 33550
40811 72061
24445 36389
16033 39324
52656 56077
42240 61165
18619 21946
56331 67703
23608 51126
7942 50705
35630 67077
12027 68234
10494 62757
41393 49373
49136 70880
11049 27510
738 28666
14583 52368
19852 33116
4881 46587
10926 33649
9987 71295
40367 51009
15238 59779
32150 52147
58103 62763
30356 39024
11764 57074
310 24160
40527 70026
39352 41335
40718 51722
28432 49556
24069 64583
30944 64951
3361 74797
62359 73545
1754 4868
5862 43092
40879 69661
2599 60039
42494 64583
26219 71825
19262 29939
950 3475
26610 30740
67376 70561
40457 68838
44837 45231
8331 8472
2227 70659
17790 45940
26621 32159
25886 45577
11190 68795
51078 64177
41365 63147
38453 72069
29608 33622
8347 53254
878 62744
44971 63978
4438 15220
869 63798
22571 68204
3303 35556
33391 43919
3424 59141
1440 13929
23188 66566
30716 32307
22076 72303
6876 38091
24107 39034
23044 55007
889 6058
27307 46375
4670 55960
30843 38919
28967 46437
35864 70575
7383 50086
52569 68702
168 74506
45652 46294
16210 69667
16339 57867
19595 55782
5337 36931
60095 61494
9227 21342
454 16863
2067 55131
43336 44380
15029 15238
57147 59445
57644 58028
26821 58277
23682 61888
30359 41135
8898 66554
18503 26872
31365 65084
33215 43828
32060 67803
23002 43073
3476 63346
18849 20074
35051 59975
45870 56260
32717 38714
2927 50368
12676 16127
10663 44777
33793 47268
18374 39663
21631 57623
32727 35434
19431 25419
44702 61451
7689 27953
15276 54794
24395 37503
3335 11987
31495 72286
1802 20282
16284 53389
6414 27722
20247 22598
61425 74008
56841 72953
14750 34747
33541 73522
13847 29838
9223 48935
60481 69149
30421 59117
48601 57506
487 19343
5565 53798
29023 50341
65190 65770
42119 74671
58689 71811
15570 51473
12687 28386
3227 41735
23070 50369
4163 52302
12647 49217
60023 69204
64996 73276
14643 28564
59873 66587
1299 64354
242 63616
34086 69116
35356 57801
15800 60418
51795 69358
5402 20339
2453 46020
4067 69854
33778 46764
35049 60279
41138 73192
22325 59752
3652 63173
35021 47577
58568 64395
5756 70937
486 18561
49613 52858
59396 72823
837 11375
41418 69012
23102 31272
612 24416
7099 10109
41686 53288
22723 57911
2480 8620
15485 61735
22956 57866
34154 65454
45862 60958
3323 18615
9455 73310
26782 37449
28551 31875
9149 71254
1106 67759
12048 24005
41966 72764
1347 35263
54229 64788
47115 72182
22107 55014
14947 50915
17045 28258
6222 36354
54266 58713
1727 17638
9980 53571
17939 41857
47843 51621
8031 39628
10821 37373
7350 73784
53932 64215
38476 53796
14458 54871
43947 51932
23582 44046
43777 57607
18362 46993
25768 51808
29444 53491
34313 69286
19994 64809
40873 74263
11817 14252
4047 27184
13466 14663
2869 12496
2282 9510
12410 18787
3230 8716
34521 40743
46452 50617
13717 25486
23280 43425
41469 50895
23341 48170
9088 59720
8384 68557
28555 43774
29843 30150
3714 73996
33829 45890
19445 67195
35316 38472
35815 52227
39977 53974
5429 16077
19341 59300
27222 54291
5116 12797
3857 65926
5938 38598
13007 40810
11430 17505
49364 57098
24986 66092
6967 32488
28475 46434
29610 56548
2947 68849
319 41327
13278 35369
23739 71808
21128 22363
17625 56743
17997 58965
33826 69456
49654 70679
64600 70598
31079 52883
19229 29269
25239 51612
16582 19759
41759 50500
57023 67611
14216 19814
18092 47071
10366 48439
33752 56627
9748 41897
21559 58720
29963 39289
70074 74441
44583 48847
44415 45018
28163 59303
30916 44693
34085 68916
16893 69259
27656 43800
16607 43084
9811 50665
8984 9575
4365 62690
20089 52756
28833 30116
12002 48561
42689 46962
4611 37729
5319 27279
21673 44260
31644 64778
15852 43574
39439 61654
5542 23638
2082 3473
18519 47502
47745 72483
30676 44849
62580 69408
25313 62305
4292 47688
12761 13301
32290 72976
5464 20420
49578 74782
11207 27028
16437 19758
7659 15868
11740 52433
4990 52031
23396 32570
59399 67130
42623 56482
42415 72041
7548 17494
3582 69806
59806 66720
13245 53304
31452 47591
47782 66812
18896 30691
55636 57392
18423 31893
43354 56126
25987 34519
34597 71801
2329 5752
1179 45538
43139 72412
8787 21508
56145 64116
47718 52326
40343 72445
53046 72698
11609 61467
20342 21991
48571 69464
29864 53457
39825 73290
35986 56004
5330 43489
12196 49874
12538 23208
7143 52309
35113 35235
6896 35718
885 30683
35274 43173
3473 6273
20265 45548
10496 57324
17034 60842
7974 42950
28879 58669
5159 70402
20403 66697
9417 35408
17406 32301
6404 23380
51608 65680
30989 36024
44629 64616
45207 49712
34497 52056
42583 43045
4061 69258
39163 44482
895 15917
5828 33559
51024 61632
4365 32371
42208 65360
37175 65192
32578 72020
5084 7313
21372 29461
33527 62574
61664 73689
40419 51143
278 2238
1459 72127
4600 5054
53678 71357
29151 68566
42284 53829
58281 64743
12744 67117
57041 67713
23087 54888
40692 48245
24720 28893
18452 22668
38565 55687
40052 46555
3972 50258
23126 55342
12005 30172
2318 10161
29432 50452
18062 73604
26087 33458
27913 69375
19391 54397
41793 46508
36230 36503
25693 68985
19173 74647
50429 52064
11870 43735
17588 21564
7403 54289
18222 31932
32072 43147
5631 25805
29497 57685
10598 21585
27845 68678
26557 44719
28645 56055
7009 59430
17619 38036
41130 50148
17855 34986
25323 26203
11198 36295
48723 73405
3375 66252
30798 66244
30701 38129
36654 56475
19931 46166
7630 68329
59667 72429
12767 25372
6595 18719
52222 74664
33673 41048
56041 72322
27165 56157
45547 62967
9679 66920
35967 53811
7249 29516
28189 32425
18803 27744
38509 44565
31116 72336
26579 63927
10121 12208
15211 48424
39448 43066
24861 44936
12826 28930
26274 37724
19507 26491
9901 29259
6281 62252
39332 54670
6809 17279
16687 21467
18359 44637
67237 68921
14974 15397
4010 66571
2169 70747
44156 66240
7450 54811
57489 61177
19979 20518
20628 56042
5649 6815
19939 39236
41841 42761
14995 31944
9282 66705
36781 57253
21540 66009
38347 41288
9160 42400
46390 59018
65238 69810
34141 44809
18921 49564
19248 62000
10402 32678
12764 74115
18857 38950
53739 71846
16262 29146
23337 71310
11169 64988
38929 52606
26858 51774
46041 50816
629 22585
20036 45367
7846 72190
5749 38478
2429 29520
30252 51806
52459 68169
16631 37652
61749 72596
61455 68066
55117 73898
15636 37481
18606 24495
1661 65768
13839 70809
12258 36762
4823 53358
39585 41724
7712 25525
1 14394
50536 66894
30964 61708
35024 74542
66742 68147
32262 59553
37046 48995
16712 48699
17271 21088
2048 11455
23078 26164
9851 15208
5382 6280
17828 33350
11801 63525
21397 40545
36993 37845
22026 32134
23133 67552
40730 46540
46154 56270
20163 25053
12882 60598
4580 36369
54343 63578
45165 53730
9192 35515
9475 20578
30365 72501
1446 38821
13658 61441
9950 51216
58633 72712
4642 16134
2785 8241
22775 50976
5025 50586
51969 60284
51181 58543
8044 30566
4322 73625
35012 48685
2358 21807
3527 15184
6433 36752
42251 69068
10555 63471
21798 61920
5268 63636
17250 37875
1522 12026
66403 66762
44973 70584
6311 74614
18446 39831
21834 61243
36029 38933
6103 34791
32930 68756
20350 61706
48989 69210
48649 67947
32951 42587
42010 55302
67515 74536
59691 63176
15399 23143
357 43343
39682 60167
55186 62602
6816 64021
20446 46521
7532 54517
37131 52763
19667 65062
10351 15344
39796 55450
4089 73647
5204 74539
10703 16163
62751 72479
19948 38251
26414 28025
17089 25673
1662 24953
32522 33555
6905 18858
53821 53997
39140 66485
27314 27537
39880 43071
33540 41932
9293 21953
43926 59299
6701 14209
44987 45032
16280 49216
6672 29947
58339 64473
187 47177
8251 39956
57594 73468
57397 69145
33047 51729
12628 53660
20347 66228
55531 66781
31142 55491
46405 48010
46907 49337
14363 18970
11276 47966
11063 73913
10546 30522
71291 73207
5032 58932
71510 73915
1685 66072
36321 59627
8892 73496
1070 43253
12231 35901
8174 47456
19643 37511
73732 74310
11254 21794
6145 31138
21736 47128
42475 58782
797 68446
27817 32171
10543 47724
41962 57294
12633 39931
31854 48813
65346 74839
27421 35201
25647 50313
4369 23559
2020 48553
27719 33749
2969 3594
3467 21785
14988 24914
63739 73659
2161 25971
57984 69372
55487 56683
14956 64016
28472 68971
47560 62937
18776 59106
34060 47848
44729 63028
29515 58399
29471 36163
335 47064
14217 15993
10196 40478
48724 60188
14226 65890
52806 69276
24421 55292
1599 5317
39219 61561
10985 22483
59105 59646
28393 53781
52773 58688
4644 66404
45141 57511
40714 53432
8086 14503
9555 31800
6884 27501
11889 46619
15381 35259
27987 68013
21359 37426
38564 46980
1954 30452
11094 64722
4703 12993
4414 55462
13573 18581
33568 43878
9958 58023
20490 28130
39181 54512
1096 37512
28558 71577
9030 73952
22266 59481
5426 44440
11507 72469
13335 41861
42249 69605
70546 73007
9800 51458
42324 64112
33300 64550
1685 6529
4836 68633
29676 45677
6680 47666
24198 57601
17230 21827
4524 46580
57114 66433
44191 60261
9913 29255
49494 53972
32185 47938
55896 60927
44129 52193
8 4078
6834 69635
37861 71260
889 52646
47526 64016
12506 25635
47239 47738
6191 10227
583 66333
21119 46920
19430 64657
2000 21748
71951 72771
58179 61809
21872 65813
14241 61066
50478 54948
19773 32103
13206 60472
37702 53371
2590 54067
1524 47126
29210 45914
26163 40266
52006 55656
67017 68083
47911 69644
8136 25289
61954 67049
10055 47407
7901 41415
57481 63710
26672 59158
495 42027
25720 51266
59190 59663
51040 60239
13238 48976
27734 32897
28646 51999
105 25717
53343 56986
19511 35509
8714 24055
9105 13452
50271 66474
58557 61885
61660 72076
34160 35524
14681 29993
48521 52247
27148 72298
22026 44273
42900 47388
9113 27779
38094 62248
21178 65348
30413 46344
577 39679
7351 13094
43177 49137
55827 58390
10412 63812
38580 55510
17731 39399
18040 21253
10760 15187
12320 25069
41175 72512
4352 37193
4524 66059
16273 40648
50100 64131
38427 53948
24803 32909
22272 35122
5615 63944
35834 69194
30682 38766
52017 62838
37928 65064
9129 49376
26144 31504
9639 25539
413 32257
64300 66711
38231 38924
4949 62902
21965 34699
19669 29729
57140 72263
42943 71687
27621 57707
60363 67054
47454 49109
16879 28862
27611 64407
18284 26150
25172 37073
64449 72048
26232 33815
7076 48522
39101 58189
732 39119
53081 59756
29520 35984
38429 43460
10194 17050
39337 47300
18401 22861
11123 12356
29760 70831
46724 53882
50762 71602
3134 38489
6691 66331
30369 64709
3703 55112
44127 72207
9263 68219
37901 46510
15264 47008
40447 74536
16307 26349
14321 28960
31098 71075
37170 46476
9143 39187
36135 69997
9307 62197
46797 66622
5851 34528
46298 58757
7395 12304
685 27709
55836 70258
36529 62473
12486 46304
27017 34845
53068 72075
19268 27896
36507 53064
55315 63476
21335 35915
5868 52653
4412 52981
33693 62862
24447 54628
38526 47580
27452 70235
10637 13155
43498 46153
6917 58479
8509 31711
1696 1962
69591 71477
14802 54956
29493 60513
13647 63304
34602 66875
38514 64639
67721 74551
36264 62258
10835 27341
9886 34020
53443 54804
38673 57817
36445 57175
40176 51666
27339 33701
27745 51762
52614 69884
3883 63072
30651 44721
14657 21817
12114 63592
41711 53721
766 73889
4725 21779
1045 1542
37681 67792
16193 63802
41719 64824
48721 73814
62637 65228
6161 25898
824 65358
30189 56641
10275 19824
20641 59957
22804 61079
9342 47408
45682 54151
39342 51079
50914 62529
14602 17177
7412 68217
26844 32167
4250 10572
41155 51035
23753 52954
18118 30003
23039 56360
58656 70761
3253 58358
23232 69609
26741 58431
35133 57230
51559 71902
17454 48479
18375 41038
65018 71891
24757 43072
20014 22885
28631 40798
24303 51746
22391 35375
4958 22339
43081 70122
51306 71535
27983 53510
39078 43203
3189 10795
1671 57782
920 22050
26555 28174
13728 56240
19591 27433
9530 72986
55873 58238
46990 66891
32979 46132
27301 74416
5394 58006
6031 64193
1328 17757
41631 61926
13358 33575
38213 49133
14212 17705
7894 37825
58534 64890
1497 18142
25735 38880
35969 41958
21850 34646
15473 41546
3295 72097
56176 67501
4002 52327
8434 22714
54732 59076
15458 29201
27405 60145
18142 60977
2454 19972
8981 62059
13952 23496
1409 9404
4288 50776
21726 64282
43695 46241
57370 72479
31219 68544
65684 69131
28338 45849
5339 43887
8651 14986
2007 23071
6400 7552
3974 46758
19206 53606
25034 51352
8163 43951
35482 42225
63875 71467
31937 42158
6553 58620
22700 35448
9360 21489
9052 35355
9188 32653
4012 40408
35830 46327
14890 58615
15829 71611
38616 41026
21487 72694
46191 56266
35058 52035
52623 58210
26067 63372
5407 45535
35222 58281
24042 66236
6726 49921
12988 17371
3182 11525
12880 24185
49411 73978
23940 47387
28289 43502
63809 65527
16440 67966
16674 17507
13748 57665
39380 61983
13183 33035
8574 60496
30803 52186
29361 64589
2940 44807
29875 32238
36577 54192
3385 18012
10680 32308
13616 19323
6718 35487
37499 70065
34590 64638
35463 44424
29997 44447
471 34251
38376 72436
6662 48157
32677 54724
9990 36821
4046 58110
34019 34931
15203 68281
10340 72809
51364 61733
9158 40492
50480 60752
57501 59024
20050 40707
47946 70103
23313 63906
29517 59223
33890 48310
53489 56722
61353 67330
13486 51739
50530 61974
4992 31256
49608 63505
19791 49647
32402 44138
53312 54714
39944 45159
43074 56939
66345 67973
7651 64481
29588 41231
3485 47694
5361 63159
29610 58096
51846 66611
61108 67042
61286 68209
18300 23046
17101 18486
11797 34257
17722 34849
4767 49756
54253 66093
52647 60208
1223 32234
13453 45917
16613 34877
11287 13588
16640 66556
30005 57668
47453 49422
64468 72306
45865 47497
24710 52507
31014 34608
6579 41485
22665 53218
48418 54936
7504 39537
9855 67171
26731 27108
51731 53904
53836 60863
56580 70767
23860 44954
18984 52130
2201 18539
28554 65121
11757 58954
29431 41819
11464 37870
58240 66289
279 74767
35431 70105
33132 33906
49436 72571
1870 17824
25193 41494
8388 36918
5703 59997
37256 50634
6888 43713
10263 10992
23206 27912
2181 3050
30327 46996
59278 68674
7480 67790
4387 6040
25130 31735
12584 51662
21503 40890
34246 57658
15105 18348
61323 70311
34978 66356
12876 43901
25185 66002
18811 69587
44678 74650
474 7188
8220 68869
120 39882
14299 44508
6276 32058
28957 31253
39192 49850
16230 57466
9370 33168
10827 13959
51467 56064
43055 68559
71102 71140
38842 64591
50277 50912
9266 67281
1392 70257
26449 30417
40388 49821
43827 47477
4942 54454
4210 5511
7597 71740
3563 15630
15884 65911
49485 65777
12723 36659
31853 35238
25356 62655
34010 65460
34117 45493
14674 57868
42329 43900
34029 34444
1134 74065
17875 60653
31902 48127
43903 47413
16421 61270
34947 36099
30955 61962
21456 47047
39545 57967
56997 66524
14641 58758
18272 47382
9318 66236
2062 30640
24959 32475
51869 66362
55982 70821
51321 52980
38872 46563
49174 50092
17707 42383
30180 67677
5680 55407
43851 55694
17244 54623
8111 16575
18876 40643
737 47172
23827 24765
32126 50724
46331 46393
32866 52446
24053 30479
18714 70272
15348 23705
772 66961
24997 52239
31551 37647
11956 71338
15610 59799
1803 72373
10445 33962
16949 62605
7822 18214
12637 56254
4079 20873
10965 11902
10086 20614
20998 45282
31810 51043
33320 44446
1111 5307
3102 54792
6880 67264
9071 24000
50501 55194
27657 51455
10147 20402
19794 61689
65804 67227
12773 29995
52949 67163
36020 72849
48423 70486
37064 41795
8120 59571
5642 66785
6571 62716
2880 20889
42604 72540
22092 67855
50118 66872
20587 29693
3660 35900
35564 37077
26330 52223
27051 67276
54462 74679
16472 60381
63378 67283
25977 52144
23006 51017
22343 30438
46874 66912
45500 64765
15889 16559
4486 42004
11970 24213
56956 74689
31833 64174
2720 60196
21254 37181
7411 25750
1711 69892
31119 73957
1025 39392
55570 65693
18914 30523
5496 24539
14994 67815
7174 18089
14881 69156
3831 52208
4786 10106
2167 44975
32481 59851
6978 27954
19984 74886
69492 73940
6113 28147
35228 71941
12657 58654
3920 22998
3171 33113
30388 53565
56206 59810
39550 49832
18608 19583
7893 62281
45070 59694
13663 72251
24252 56462
32143 48009
43046 51795
32750 52828
37942 67772
15160 69638
10491 25645
62569 65008
1357 19283
7164 28215
50961 74264
38588 68513
7401 68928
44379 57796
47514 59321
1194 51723
14360 55958
31747 74106
30721 54108
59587 69715
7741 35521
29290 39290
16350 45336
16506 22965
17443 70956
20245 64132
22858 29560
42205 67931
17167 37988
50406 56317
56910 67528
62338 73180
36515 39115
12168 28657
9513 61307
3591 10919
6487 45197
30258 46229
50614 74693
33740 40925
49435 68931
42541 46057
18861 73033
15315 64366
54902 61736
1885 46293
29035 55446
33292 33389
44084 74457
42395 67872
42835 67588
29399 41404
43189 46928
43851 73634
56918 65331
35702 64285
32429 47710
38297 67532
21213 49265
32345 57750
18217 19173
1555 28601
35899 62100
22187 24613
25500 59041
38897 63992
6828 33712
66861 68436
13282 56878
12617 36949
14749 62922
3308 34885
5741 74177
43501 70033
20022 21161
19026 57477
36684 43964
17098 61184
42837 48723
4673 65729
27388 55765
34398 72167
63152 71557
11317 73714
3838 66954
36481 70840
37969 47983
41862 57794
10669 24296
27018 58201
22567 58351
7657 10886
17641 65176
9926 51172
58926 62949
34679 61180
16367 58046
11342 19482
43016 47017
29504 38210
14547 54612
6526 50871
41483 57858
2582 37768
5989 66379
43561 70098
15661 16269
30905 31993
10838 33732
53934 61150
24684 54191
33344 63659
6544 60154
14660 43289
9761 53913
33278 51628
38013 71222
35819 58019
23084 72130
25028 40822
11000 73789
11746 68902
14918 62330
24287 68871
12114 45225
65897 73227
59009 59287
11002 31502
14814 36146
63826 71071
624 3842
30599 54844
1893 46269
5219 19361
5450 14685
25007 57192
3112 40954
41250 51403
54735 55848
25193 31924
10355 27994
1861 20519
36657 55079
2019 46591
53257 56377
18310 51950
5087 35388
6505 40353
64776 74472
45414 60069
2153 52248
32402 40695
6120 50180
13349 39369
2493 10646
27047 65063
4862 44850
25468 57153
50408 54565
27157 53793
10118 25272
20267 51452
31352 33112
16856 67124
1111 54827
20727 32096
50194 71918
55925 59111
45971 69040
16870 21600
12328 38036
59025 67416
10967 21970
14471 32945
34379 73503
48546 51934
1979 26337
38127 43968
1090 62047
26563 45106
31364 44572
23438 70032
10479 50240
33658 35381
13248 65943
27077 43082
52914 65401
29972 68158
41335 58250
48526 52612
18917 50346
49168 74205
8046 56852
22748 26587
50149 52611
56898 74587
65162 69656
18544 58548
3034 56779
37964 40297
4896 16475
15957 58761
5823 44819
35433 56297
63295 69114
31815 45298
15615 71298
22766 38515
35525 73400
266 37545
49576 60290
7987 67200
16834 16919
18918 73414
59102 65446
28028 48519
2973 50375
8052 26479
8358 22374
71050 72800
16372 66371
32198 61579
1120 53845
55320 74420
34719 59823
33814 73395
6324 58588
13396 56976
54001 72042
1074 36939
46129 69980
32769 40002
56554 62653
26734 69094
23165 62073
26556 62357
35242 62647
46830 66035
9927 23148
26139 30895
15167 65913
6939 49256
19165 26839
20216 73513
37700 56820
9618 61130
2633 38774
31361 35164
38967 65879
26261 67392
39077 39862
15792 23216
8065 56104
9771 43004
1731 60633
58941 60634
41777 56601
2099 2673
10502 63823
9243 51343
13006 52137
40720 55041
45078 66244
29756 38128
12136 21259
67751 72616
29946 63862
8317 54222
2956 4817
7711 39083
30420 54765
27202 30445
52444 69790
1331 74706
19700 63549
5308 26673
55853 71239
7649 32296
20035 20878
40064 59563
37955 68841
45718 47098
38405 69614
14820 47926
7650 58670
27622 35196
10873 44704
52350 54745
34881 54933
51495 69862
17218 58052
58897 70783
1785 44024
48059 54418
45367 63260
13580 23626
11678 46162
22212 46658
18069 36064
57296 61166
22582 67541
19441 46358
64911 67741
20995 53565
42899 65679
251 23644
9428 10579
31229 69855
50502 65444
3099 71571
36783 39055
32833 34286
62595 65933
5338 36449
7440 44152
54019 72547
5887 12763
9567 29271
28638 48338
28913 30184
1621 44726
40530 41810
32549 71767
58484 61226
25899 50625
40504 66302
3262 25620
9705 32756
20800 74825
11211 17409
19790 23607
14351 44816
69392 70931
1002 63250
5271 19227
23733 30300
34475 35459
46136 61530
36559 71440
5 14380
67923 68036
3444 28432
28074 70243
19738 25739
3400 49735
25828 40876
11528 23994
59632 74130
29078 61646
4879 60754
17716 64959
940 32611
42662 64594
30010 60084
36822 64441
52187 67258
19562 70200
2790 34630
39507 63689
22082 59692
31583 34094
14401 30147
17352 70069
29037 61290
12645 18342
5251 24409
26152 53914
11350 59625
30679 35314
54731 58150
23937 73896
40093 65430
44120 44526
1725 3396
20955 30689
4592 53471
732 2105
20708 38176
20032 46352
21056 36593
67223 70962
30216 32615
30745 60918
42942 58040
3185 23252
3844 6777
32369 67968
36252 53110
64047 74213
21193 40000
596 69389
18558 29538
13805 69396
19265 57904
9267 68380
52749 73422
24033 24957
52919 69445
14332 55422
36153 56996
26458 71432
9571 12519
31727 39996
7697 15190
37726 50982
4096 10490
20744 74285
42376 65289
13141 23505
52395 64101
12232 60527
55277 55574
14470 29017
2282 26871
36986 69760
4185 72450
66051 73853
6101 10205
40229 66137
36891 67190
1819 21266
30907 44304
61489 66132
17285 29097
39761 56897
42963 71814
30521 65135
8125 66494
12040 43518
21733 68962
32174 37398
3556 50367
29311 58431
18775 43280
17951 51980
30557 34349
4464 54734
17283 40215
16663 19388
40255 56286
21926 65187
16505 57042
994 14163
9003 29605
29994 64346
59554 67889
8290 13951
50451 66586
36262 72894
18164 28145
5085 45288
16376 72736
5625 54533
29371 59757
53047 55076
31986 71759
17962 45513
6506 44225
1955 16562
44495 56303
33275 65503
6719 70097
26499 58436
50623 73200
22027 30401
56858 74283
57588 62898
61217 61946
10426 32342
48279 54000
45743 51883
29950 58267
15071 69896
36719 36819
8744 59595
46916 66548
30404 36964
12919 43991
8024 71372
8718 14241
35066 51852
32302 48390
55406 71034
9626 37684
9268 67209
17895 52902
21043 71853
1458 67584
33728 49898
12042 24264
5574 7394
4160 26013
50639 60256
20901 49806
7616 67166
50802 64959
22528 61433
41257 58051
25089 52853
35883 48043
5293 53383
9204 68213
46851 51307
21565 56604
2568 10419
51030 52420
10008 32611
70843 71103
19257 51238
58332 65683
14297 41682
33174 49863
43646 58319
32983 61790
1655 10481
35739 39930
50798 63733
39878 52698
31259 60816
18039 66697
19128 23017
31602 40191
14359 48268
857 4943
34469 56320
48211 73260
66334 71051
60851 73995
30935 70646
50868 51106
7084 43962
14821 69618
51797 55502
4070 14935
5202 5478
2465 17567
23910 50356
630 28201
44468 62238
6371 13206
16947 47791
1855 71099
56290 65280
7290 31874
52809 61773
43708 61606
73330 74684
37054 59189
23728 34721
13602 65242
32067 35127
9731 34233
15085 43623
29569 46268
47148 57959
18107 73120
7129 25889
33521 42698
13511 70316
34076 64473
15483 51308
15685 27058
11866 19075
33330 55020
3144 4875
58551 65416
68590 73331
32891 67596
16850 73821
27461 57414
27356 64320
7602 69348
35444 37991
61659 66935
46414 72544
37951 74533
15773 25885
4689 21950
49254 55177
57145 68132
8597 13798
19857 61849
24788 73683
39108 62535
1912 54508
16077 47336
9157 21018
4488 70911
3820 5521
18279 51080
40179 41160
20542 33798
4615 60531
7848 40857
12550 32249
14200 40503
977 19778
687 55284
62773 66026
53392 64204
16794 17957
18749 58587
32514 47107
11867 51675
30263 70405
30668 61824
56588 57455
55071 73605
18319 18821
4920 27025
38407 63287
38174 53381
32889 47199
22654 41898
39599 73075
37818 39553
29446 56931
2341 55980
63264 68469
46177 47712
26502 53283
18085 74278
15014 57373
21714 40094
10977 65154
371 2837
22474 65347
27595 64907
11498 23035
21921 24588
2490 42908
27855 73308
21516 53870
15861 17874
3407 10338
47250 71570
26128 66916
2981 62121
10201 33078
24060 31881
22163 22906
64230 73709
6436 43754
18847 57263
28761 30146
13652 60700
37410 40339
37369 62990
64037 64779
26864 45354
8633 62407
46095 66379
13697 27312
34402 60276
40175 53786
5072 7729
61609 69088
61365 67224
9889 26975
41617 44779
11800 45150
40467 70112
12839 55223
29787 41340
41650 71112
22365 45510
23065 59891
61476 64214
44534 63593
18446 19366
60858 71818
3027 12122
8781 26401
21693 33519
5927 55858
37200 62281
28897 37733
36350 37868
57353 64796
1976 27391
59577 61693
48524 58498
19204 23426
14953 46494
7131 46966
60199 68276
35244 46466
53109 57179
34034 35990
56563 64013
32893 73289
38359 74709
1788 44473
961 66287
25608 71334
21352 26220
31578 48650
52397 63258
33045 35412
38092 44619
33801 56389
31867 73185
804 13415
59597 70941
13831 72767
41701 47920
8108 69268
66688 69076
45763 54097
14637 45244
14117 35755
42536 45863
14106 72305
6972 45892
23715 70677
6380 8532
19877 27099
20520 27136
10420 30330
39130 52232
33447 38710
38090 68501
49973 53252
12183 29416
53566 74235
29140 41210
24912 37289
22115 38474
59052 74750
1636 57272
35397 51625
17126 44099
3049 47154
54721 61995
13482 26680
9041 59346
2586 14506
25517 43965
41548 55269
30084 31136
7289 39711
11896 72064
64262 74771
5165 48153
35146 50340
17422 71688
1077 2555
39297 53947
8448 24346
38519 68023
31064 39465
34610 66823
26028 69369
26342 69753
21216 47813
16833 24771
33064 59674
2303 2468
35675 47515
10967 24358
31283 33781
19400 34517
3242 29816
12624 25770
37830 62274
36576 49493
24567 34249
65877 68847
36160 61700
23199 50256
36284 65305
33280 48599
41091 44396
15022 29060
19684 45041
28232 54433
68517 70915
321 22031
65213 70195
33184 49780
4636 29942
16055 39803
30766 55444
43358 55744
6289 73958
13807 43564
44328 52824
15606 38687
56253 59187
8028 29714
23589 52729
47948 60456
20324 41058
8621 45581
30463 42996
20509 72679
5167 59961
16111 32372
20865 51184
4510 14771
2022 38881
68424 68595
24288 62646
64180 70591
32819 56431
24867 42185
2825 23318
37300 57311
33647 55029
28602 60483
31205 32631
23224 72029
28544 60279
25105 33780
10318 58896
7522 21047
241 366
516 54463
28830 56599
10362 70581
15413 38446
63899 66303
58943 73956
11894 59642
20428 60734
9399 70597
23795 29045
38594 72903
35734 56721
15391 56722
2858 70215
2572 50666
63368 74443
63774 68547
7541 70826
61082 66752
2136 5944
4729 55391
23329 71991
7341 16142
32169 52168
21200 70145
21835 45835
18063 27356
38834 40773
39517 51060
7560 60109
48260 57290
22294 28416
5303 8527
19417 73743
56573 73103
49700 74086
40239 65843
20410 54598
4015 65324
53048 72852
29299 42236
37621 71311
6954 27349
53450 64674
36169 48819
22208 24962
40458 55125
25376 52492
28791 30443
47716 67254
12348 41251
10214 69148
56967 60622
60753 69922
339 64794
8861 9280
263 63718
58805 67196
18090 43174
40838 47573
60864 72135
72056 72837
13347 31830
28641 71647
19748 22407
21321 68480
28445 42145
69586 74080
34523 34560
8770 18569
45599 54570
13873 45653
40940 51569
35079 53927
9875 11680
70995 71629
10170 71823
29655 63739
2787 46545
17699 34262
20183 34151
31673 45842
450 40362
19571 51534
5873 14829
22276 22787
27947 60417
1320 34802
33090 34800
20411 69306
4355 50125
26506 30399
54786 72431
1408 15872
17792 74575
26802 30668
38410 63447
3387 39338
41437 72148
10101 47541
32789 54719
65468 67440
898 51609
50483 53294
57809 72631
16694 17376
50080 68135
15649 25428
31278 56865
35034 49638
12184 54216
28780 31384
19470 30766
30117 43271
1262 67156
38009 59970
29484 51749
4092 20670
4929 68429
4452 50901
35416 51022
3470 68298
14685 14962
51230 63230
29320 73457
42640 61791
36444 74028
4483 24792
2359 41070
12942 71563
51972 70997
31759 55073
11210 59748
66670 74373
12464 16920
62670 74134
4723 41136
54937 64952
19889 38773
10457 73572
22522 69752
49168 56388
20067 25839
21080 26996
2106 74764
3255 67493
47292 54086
8945 34874
25458 51144
31359 38379
10573 57378
73113 74608
26493 63717
9707 66682
9868 35090
31579 32107
56334 58996
21875 48717
15352 21222
34848 57671
12632 36257
13405 55206
10963 31121
29839 64897
61822 73679
35080 52879
43280 73123
39126 49178
5594 31208
23869 55979
6580 27981
15463 29825
12909 67533
22499 64906
3414 31920
15460 21628
33645 56222
44199 57597
341 36888
8039 13265
9183 65459
19628 73112
38722 48633
20743 42394
14783 49237
58716 70425
7082 64744
1929 70171
30153 36302
37900 39461
19694 50284
6036 37512
6214 52126
15907 26172
27060 54013
57859 73517
1787 12280
10114 69283
29630 33582
5964 24273
25088 66725
4052 31533
38143 58724
53856 61913
10062 15611
43623 49419
32984 34761
9135 23708
705 7114
1530 74395
38164 73227
111 50062
38942 72243
752 36176
5476 31688
13846 66753
11659 32626
32164 46148
15674 40752
22999 69481
13487 64827
47845 48987
1953 17846
21969 42823
12947 58862
1154 29927
7993 33747
41291 67383
12772 15300
2344 73970
9868 70239
17022 49802
27337 44815
17189 33657
20753 62792
17182 24503
25713 35293
23403 45040
20221 40799
1266 17117
29870 41670
23651 29354
42226 69308
56582 66404
11041 73712
28482 50187
30841 41874
8289 55078
20288 70264
31613 35072
30881 65787
1662 64933
27166 33664
32776 66975
26564 65697
48992 64034
24732 56500
18614 57876
15385 29089
9192 40261
58210 68296
7520 70410
1912 15582
22912 32005
3147 63453
18132 27086
27512 34042
5879 39411
33636 63258
1505 61070
14156 46313
13453 29258
59573 71424
61190 71876
14854 46184
46260 64739
20830 22457
9345 72726
23983 53415
38033 52039
10084 32320
8119 18416
40774 44448
30357 42128
2233 20028
51561 56221
9806 74311
43366 74882
27638 64324
18503 67938
17311 52343
39921 46977
5181 69166
2708 52847
40481 53626
41967 43482
36785 54497
28439 47513
6083 37245
45224 72206
6451 34568
70617 73744
48215 61250
25498 48451
15951 61491
40825 43060
8805 72149
6647 57763
5566 68771
16107 27536
9466 55005
42 15898
70777 74681
14584 38791
13290 23076
18358 65273
56999 73688
53357 73760
20566 70236
1339 54259
33287 72427
37510 43715
51288 65400
1033 14608
15881 61344
10488 47519
7172 69369
51567 61791
26440 71649
30467 36174
52229 69081
37215 69024
45001 45470
19235 41961
6477 49415
18388 27284
18234 48085
6582 39769
29344 56903
18841 28953
35499 65701
24853 25024
6763 22327
50923 74756
29866 60526
22183 27242
47992 51278
26088 55437
34880 41073
61834 63818
22608 28917
14899 33527
45686 47874
24994 28390
36806 56257
21727 74045
42854 42936
8938 31084
24616 74058
7876 53210
17064 36618
15003 57955
43854 51880
1161 67146
56310 65544
19701 58714
36160 39676
8041 63005
23134 30779
3018 45631
102 70976
2057 59917
14834 52639
11763 40143
23083 72166
15589 65634
17558 53330
23945 31567
38226 70835
4076 7824
43448 59876
20652 35745
51124 55209
52513 66507
33374 52607
29165 44434
4488 54819
41473 57492
27940 50963
8355 22793
30550 53282
63481 74779
63770 73375
14726 18117
3265 66061
34863 56917
35598 70906
1356 31393
5643 64436
13505 43751
50228 68535
7168 32384
71457 73965
58487 59211
32915 58887
40576 41159
25632 51720
54575 56052
21001 26257
65616 72855
34086 41273
14457 52955
37130 57152
29013 71415
32184 34107
13927 24302
7 71894
33975 38576
53522 55905
48220 56819
58160 65124
17558 50050
16446 40957
7139 22942
11518 36617
61841 69039
5679 73483
43914 70353
3701 51822
46872 69109
60042 60150
22227 42946
5470 12175
67 3147
28752 73740
7745 39421
38075 44810
45493 53449
45554 50208
10321 52067
6359 7184
26477 27573
22844 49866
24890 25138
17969 55468
11993 74199
9496 30524
5567 33161
6747 68266
6528 67322
10225 10674
5543 70055
27150 73379
26566 31049
12590 55480
34734 40757
13384 62813
41305 48308
7982 36022
39510 69702
39152 58108
5793 21157
4062 52139
44393 71027
16868 58271
29939 40115
18380 63689
12941 67575
11119 22463
26295 59640
1625 12252
12547 42278
26652 37272
19816 73575
3653 10341
3479 25664
24065 53880
6341 64700
58876 66900
21079 24149
351 11734
4849 66103
34951 47325
39228 54851
27206 45463
24384 26375
7588 51020
4895 57191
50847 51179
43162 52538
8074 74066
17810 44532
28672 62330
27545 30906
19655 32160
18415 66369
20385 52814
14521 23795
884 2242
2416 10090
11212 26694
15613 56137
18802 59797
4693 9239
41087 59582
9372 62067
1950 38769
47482 48500
36344 52201
33171 42209
29373 58356
5341 34194
24571 37974
16021 70573
12333 50016
64108 70753
8652 69537
49342 56314
54682 57171
44210 44283
12951 57574
37549 43349
21742 67710
8180 72958
31323 65068
4932 23896
50176 64025
10414 48247
37536 45805
33674 74654
433 55168
18701 32918
47591 66132
46850 56088
50962 69722
46618 47361
4896 48927
28911 65631
35292 38151
21626 55234
3829 20542
34318 62217
26159 40013
27198 30949
15124 27889
12395 23987
11751 63177
47522 64374
11414 31432
36660 39735
861 34405
16557 57318
62482 68063
4867 66952
42268 52610
425 18017
32601 60605
34101 53167
44791 55680
22326 45133
1462 32655
574 63444
10405 56265
12343 13902
14344 37944
41752 70637
30684 67299
2351 68056
1215 35879
845 72931
1579 64208
55583 72906
51813 56544
11744 16378
56833 65038
21532 28900
47085 63988
7544 14383
12184 65050
22416 53195
8517 45122
18867 31723
15528 49626
22437 36218
13236 66031
52932 61326
1806 53255
54017 73411
7863 38811
36162 53487
40500 55731
17303 51527
25915 51032
9732 21642
47741 71213
5123 14943
8107 40960
34285 59886
5548 57589
727 58143
43238 60031
10107 12641
52106 57016
11901 45964
9653 39989
31505 56689
35732 70472
28272 56889
45257 48943
17699 49305
28470 34524
9991 19822
62726 63547
3875 64496
59754 65077
51541 63294
14295 72050
28378 62800
1554 4900
56797 69478
40296 54261
30152 32264
15091 44407
66895 74366
25152 37985
22802 55017
30371 73995
6166 54915
48114 59836
49197 52871
59731 65337
44028 74074
6377 39498
29141 39082
2988 72190
33082 35752
34111 37431
43445 48718
2460 19004
26049 53445
60354 72815
3945 4231
57937 59145
26225 27342
1386 31232
5722 45972
49773 53023
34106 62790
40167 74230
2656 62850
4566 55722
28250 38750
44138 55242
28451 44825
6177 36979
45173 54698
21562 65186
6081 39979
31273 44626
16053 50073
9996 54535
48552 50600
16584 43958
31564 73642
5295 29594
6006 59611
49687 61179
8540 26892
22626 42494
3371 71237
44418 49521
45056 45132
37374 61372
16643 37231
3088 9099
12100 66238
37220 61238
45578 59028
30078 53119
21922 54137
14313 31481
6828 45647
13922 21582
27722 53086
23028 34559
8836 57003
53772 56083
19520 57944
26677 68015
19677 72936
6087 64024
15750 39494
11072 18648
19688 48816
24667 40608
14419 43297
23677 44593
53759 61710
30596 38432
32934 70509
23484 26427
1678 12729
464 44222
35741 55046
7499 23918
23035 66465
44894 73221
16481 27319
26366 35399
13755 18348
24675 57113
68239 74560
1091 49479
17624 40762
55176 74834
5832 17123
45978 70652
20880 62808
19181 32627
15017 42326
12569 21866
48618 74360
50881 66970
10785 34487
13581 15865
30670 31483
46299 71211
26754 68439
22622 34852
44624 71682
19160 22919
4151 66723
10547 10594
43164 68007
31592 34884
42137 42991
6741 53089
14086 58383
39467 45424
39236 45671
12274 18798
42081 64088
31607 72316
20021 24381
32792 54204
36288 62702
42392 50519
16101 43469
16489 34013
47198 61588
14700 45528
6594 11622
6237 73762
1634 22465
1732 31702
28321 68791
49855 66273
25439 26985
538 72257
53519 59048
51978 60879
49075 65583
19032 41472
27139 54885
10773 51038
7761 51769
30321 45193
17122 28701
12595 48689
3376 66453
17674 28084
37534 47664
47031 65650
41625 65758
36604 47999
27438 31938
12758 71732
15115 57640
57362 68712
16430 42539
22438 70887
22427 67538
38680 41976
45569 70513
17199 25967
55643 72586
19483 71538
18139 40535
27 39760
3383 39616
7537 59670
19859 31438
28873 32173
17924 30122
598 48096
12682 65360
35150 35290
36618 39038
8115 10920
35772 39257
57345 68558
13741 66667
8432 19105
51105 51374
27714 45921
48410 68202
14324 33614
54577 62372
1057 74209
9945 46665
31542 56732
3051 48930
3108 59526
11028 32404
57553 65911
52708 72051
21271 28312
23187 64992
66513 67351
17153 46709
10714 13774
55002 73373
27596 41149
42588 62076
33898 70005
19023 56538
23894 48164
23479 43026
19284 36716
15580 50248
820 17160
1100 69054
31694 63136
5789 50664
61458 72385
36602 61018
47470 67819
32177 73726
46685 52792
31432 44422
58076 71364
13692 67407
22108 32035
52123 59930
50670 60392
23957 69182
29736 71807
28097 55355
7475 37124
26917 72908
10637 36108
40675 43310
38766 53961
19200 45610
24148 58784
6014 38422
60899 74020
14243 33271
53144 58877
37071 61479
8229 63336
11358 17138
7241 14416
3848 67116
9697 71387
12253 28041
13098 45451
39068 71326
58614 61417
16912 43870
5360 6826
48304 54919
57885 65569
23303 60462
20055 52266
11522 18502
40648 64425
31767 50830
25213 74535
1698 16325
20705 74740
47 56228
22430 36774
38365 67399
31961 73699
20122 71269
27592 45096
54107 55439
29162 49580
34686 48175
9962 12303
53195 58182
11972 26623
28479 70757
24739 26622
24215 52152
32706 48356
58739 67158
51814 66500
12155 36970
28045 35427
31703 44110
67419 67595
22131 42017
13019 32638
34709 38158
64921 68363
13914 67324
49632 73203
2262 8961
34816 61740
11849 73185
45625 67465
25492 61387
38282 64801
32773 34113
27236 39936
61575 63274
30914 66647
9811 16906
29588 68312
9092 26609
43086 49009
37058 60190
9337 50503
39174 40824
35821 62861
1647 61624
55615 59095
15839 42478
44566 67523
33207 64574
50985 54688
1233 54538
20662 50144
41820 58774
2804 64702
18332 61882
12480 54083
2530 7389
6963 40149
49269 74299
31504 64264
25836 73169
16012 45506
27343 67590
71388 73723
27302 38311
8444 24087
8870 64219
24327 65668
63265 66472
36771 44128
12169 29559
89 61736
4072 54607
18258 31106
50140 71185
2119 70823
33592 51942
50730 64420
68556 74210
71973 72022
14599 67788
8488 63793
42229 61169
7818 14409
5039 10674
35073 57986
903 53812
61206 70873
9556 11667
680 42238
5364 29376
7656 24392
7470 32219
772 42752
32106 65961
1589 48960
31355 46578
268 42743
4043 9081
13662 56243
20772 38300
24267 38900
19306 42628
14310 25061
29321 44602
10280 25183
41496 54202
37641 42214
5172 61487
2896 32089
4686 34038
1126 70062
18204 25461
33914 60040
41186 52178
4707 41997
36106 49611
29739 52461
18885 73264
46715 70920
59325 73568
40159 58332
26438 43771
22199 29346
47131 50229
31254 44204
31132 52797
2328 41762
6904 29252
1261 17488
8524 39747
20935 65853
7863 58460
9323 40387
30627 69303
2996 51267
38831 51724
21156 26955
4280 65202
62403 74804
56141 71665
27720 41958
29317 49329
53292 61119
11343 71826
60493 73220
26562 68687
18973 53055
41260 70810
19159 60478
35981 53849
59374 66465
23587 51198
30851 58775
11446 57534
16724 24390
46086 59129
4864 34939
13817 47824
13921 61203
15873 34138
11327 40316
32279 51984
68693 70317
8476 31710
52205 63899
16921 69876
54055 69768
7198 25800
15771 49711
63957 64238
34465 69337
32449 67065
45983 70377
29570 59446
16014 39315
36860 73438
39178 44100
16897 67552
33431 39547
4401 49039
38976 60578
55496 70009
250 55055
3615 41740
32052 55332
27831 69312
13134 43108
39427 56412
2999 17796
47414 59869
48717 56640
24203 65919
36577 41223
54744 66477
20273 45277
8334 14406
23042 62044
46722 61433
16154 33508
44737 64569
14122 36812
11334 67071
16534 71134
31356 74739
1841 3329
53796 67691
7732 13412
115 30558
26423 36321
42752 62540
13 56190
11742 60855
5899 63429
26748 51200
33270 42700
21206 50948
21041 51180
34151 71981
45358 47080
45904 50111
11281 47584
1569 54409
38134 47962
40087 58844
28916 56748
468 62371
28369 60143
602 52483
41758 42674
600 73648
51186 68297
30681 56254
45851 68150
66780 71187
38631 64507
13081 61168
36209 42820
26720 58429
21824 28885
29029 36456
63269 63453
28707 61832
16688 46664
29556 66666
18826 66603
17695 62227
5075 18828
163 15005
30845 63561
15730 71223
44242 55859
49034 57976
34603 52386
2607 5120
30947 58084
37209 73652
26836 27733
17367 19779
58480 72796
10656 61040
42926 61559
12053 52526
38122 52265
12419 27079
30077 54897
55974 69360
25783 66665
53124 67252
50955 72973
3351 62516
72408 72525
3395 16978
778 12011
12973 65408
71101 74002
34585 60775
5396 71043
11921 14177
18579 60170
23707 68493
5074 6285
57396 60653
24182 50184
5801 46404
46039 53857
27463 42056
35251 57046
21193 46316
24953 70119
37345 43667
47757 53913
25311 55201
34082 37291
45120 68783
59344 74159
1281 40345
42137 52037
10261 21088
4032 52714
35268 53980
20430 25795
24334 69699
33393 62157
8492 34072
13884 15899
13582 73731
37143 63345
16995 73297
2372 16411
7053 58024
32642 65630
30348 34188
10318 19047
8280 52233
54604 56096
3097 21541
6609 26508
20927 46314
49819 52854
8524 50974
51058 59701
29554 46879
5250 23404
28734 65033
42274 63644
12009 53116
58717 74871
47845 74347
13434 25942
40023 58386
17142 21217
26231 29743
36914 43360
62785 66565
6374 72775
16934 31638
43768 60784
4261 58891
30435 37809
1466 16197
36549 55854
27538 62985
5783 13926
25699 46397
31953 55241
27397 36500
27625 58424
63019 73048
24277 33773
57183 62859
41589 45956
9478 21336
29851 34600
44933 70651
25390 27170
17245 71580
1547 65634
21237 62834
37409 46383
13937 18953
1399 2666
51445 71040
13060 35670
10688 27369
7039 31414
8999 14542
12493 24906
36283 69941
17902 56362
41697 74771
12979 17856
24979 26272
56741 61186
8367 56961
11310 11909
7988 39895
5060 57460
32798 54470
35767 51375
1040 17239
18038 41884
6106 69381
16471 36458
14692 39183
54347 68883
17127 62302
68072 71092
9695 39146
7192 8856
11453 21176
33711 49129
8403 54684
8187 31241
10229 38864
44957 52467
12617 14389
43994 67796
30166 67978
43740 62303
20438 68982
12456 38809
3535 66847
13985 39073
29245 71431
36092 56522
55423 66550
9729 23781
34330 49392
12926 71523
4514 20642
36612 47275
9766 24209
54419 72623
8156 67343
27856 45977
22304 45394
15817 16176
8790 13530
12694 32275
3148 37789
17242 52050
28488 29190
64925 65699
27005 60313
17779 48457
17788 55977
42724 69475
17027 28696
2903 20297
17017 45676
44005 51289
25823 68047
51783 61071
19596 70886
10762 36192
4128 18631
57462 70001
26828 52939
31582 55598
17984 18450
68052 72714
46325 66395
57622 60765
32537 41972
20644 24568
32303 36152
29039 50296
5602 59928
48135 68593
11769 38737
6266 53969
11130 18263
19196 65434
11886 20168
38548 61228
5465 64227
6260 19253
21751 59904
3436 5225
32536 50427
7938 57667
4453 17312
59588 64937
38185 45283
10772 11084
3781 71225
63012 69209
37218 65428
3001 35441
22732 42184
1172 9994
7798 69617
18414 31706
39958 68278
8874 16184
14902 45105
6728 43534
25871 46906
31870 61465
17277 58510
25444 61407
4309 44122
16723 34575
5867 49871
68486 72620
20315 71716
25775 38307
30167 41986
13496 26806
34399 74656
18260 68253
31713 39438
45234 63121
690 14360
15988 58425
56310 66364
41986 71470
25866 66126
38763 46554
49785 55037
137 24003
33087 47123
21462 35733
42511 46982
36788 44952
11196 19946
18647 58048
5829 67062
47613 64501
2225 41613
19815 63709
52212 68672
9269 12413
34495 52848
28537 39499
36887 38381
215 26881
36037 54958
8313 38070
3975 13532
44039 49119
64384 70170
32493 60641
14936 35332
33497 72795
1537 55716
2955 20009
15689 37908
25117 36902
11347 46722
50566 68951
47358 70359
15119 43906
27213 39432
34538 37913
24889 32274
47295 60658
16015 49640
20942 53760
21254 66082
8172 20667
4513 68365
28938 62828
44331 69738
57389 65185
33644 74081
11218 66613
8072 11173
32302 64656
30241 74646
53309 65550
2738 53341
892 51150
2846 40237
15911 51939
59626 63975
32069 70335
50156 67388
7063 13834
5532 23139
12872 64291
54161 71485
13946 33235
11230 60468
54271 60096
19534 47145
10701 40028
27514 70405
9825 61437
41360 63405
678 16904
29157 57700
8534 21593
31239 56663
52216 74117
38991 71733
26663 36290
34343 37815
222 40827
52495 65775
10133 11296
26921 31344
2605 44013
28327 29247
28866 67890
3024 13751
57917 72487
21458 59667
43435 60179
59121 72580
16679 28665
25321 58338
30837 47850
33048 49652
41244 54432
32122 58463
7660 72160
12034 12987
16859 18866
35466 42467
71371 72732
57979 64081
22253 66104
42951 55297
320 49480
43981 47641
49448 65504
64923 70724
45507 49741
21256 66335
56700 66803
5029 39296
10302 32396
8857 53265
58841 69381
9801 56593
25036 39695
3145 38570
7299 38258
26161 59776
38254 70636
49856 64727
63661 68425
33724 58453
15109 51670
2651 69573
5785 62132
20623 68050
58895 68968
53789 68406
47136 48638
2794 25505
21951 33932
10397 32193
9809 15677
1784 18698
15596 38305
4004 55027
24014 28441
40108 65784
30860 34270
239 4550
9379 62396
21678 35405
213 55057
20740 38662
6330 37484
7177 70478
27594 28056
33979 68180
24376 62228
20214 55971
6559 37385
11954 29231
35798 53421
14214 46151
18721 36083
14576 47091
20372 56958
4714 53599
39267 41661
36775 37981
47906 48936
53833 70824
33054 37465
10076 48583
11455 45899
19202 63154
29992 42057
13402 56265
13191 32054
45775 60839
24568 65757
13165 39287
15123 21312
1867 64711
9233 57569
39737 56260
7487 65659
3378 57292
16476 70250
29598 44383
51897 66820
27677 69426
55377 73676
482 40489
15824 65687
26471 45781
2265 70726
50829 51523
4819 62819
13626 23593
55220 65941
21013 23690
19568 37203
13210 22428
55617 59725
25050 66424
50603 59592
37196 54950
1424 16192
47158 54376
11630 45293
6141 11553
7477 46534
7001 8872
34301 62948
9733 52367
31759 45826
32060 67167
10623 74449
52593 69656
27965 55172
25585 28669
3317 45688
11077 47020
179 42178
28945 40490
19186 34482
10094 19074
64077 64663
12128 66809
21049 29196
49284 50291
35986 42561
16895 65077
2096 21618
23010 37467
34074 47333
46738 72273
63017 63327
6315 70758
58226 66001
24141 55831
56349 64248
12386 14899
55608 74317
10304 24817
2600 50845
49129 60313
5142 51685
30988 73053
64364 69604
37502 59856
31869 32183
4124 59090
10656 32867
6137 10546
37371 62669
15203 36811
3172 50366
5202 7194
3243 14332
20723 31101
41274 55962
34828 38522
13685 23342
41674 47780
8049 42425
31729 54044
10060 30542
50450 53187
23457 52112
32381 55275
4058 46967
31377 35363
30821 74716
30460 41765
29232 40520
12892 58560
56094 58876
2693 42637
15616 41315
44248 52781
44375 72625
17110 26080
22871 72513
33538 74431
7296 30389
7681 61051
60266 61923
33828 34033
53119 54028
37214 45821
42460 66787
6865 20733
15123 38485
69522 73282
22550 43523
35187 51456
11461 38200
8013 24186
40728 66257
33331 37921
53297 70744
7959 72693
7026 10585
9677 37438
31954 46655
53998 55181
11205 22510
29391 71944
4172 24443
18465 58881
36842 41372
4623 17297
57570 71372
23119 59088
5620 7269
28324 70376
3738 33512
30819 71345
19152 54593
15054 21071
10896 52617
30387 69196
4705 16962
5703 34865
7710 27872
37455 65411
67763 74632
30902 39145
39378 48256
9538 53888
40182 48344
5736 15640
42618 49421
57275 64865
34555 46922
27488 57219
64349 69387
4004 34630
58352 69108
14076 36467
25129 34996
27363 52041
272 63897
17358 47400
54025 69213
57399 72974
1330 38188
18551 27333
16888 62616
271 46980
59 34905
13778 33183
21050 22762
2044 22583
6121 34383
30919 54051
49718 53750
8051 46017
25794 66664
12417 72006
47899 52872
26643 63947
19386 58456
11923 30200
51741 58823
23117 47027
36428 67069
23292 26084
38336 40543
9739 33726
35690 63146
9632 12798
22810 39903
6503 71800
59813 61239
38823 52515
18498 48547
17529 25363
16625 32675
13969 48740
34197 66079
40597 51246
45731 61506
19810 59981
2734 67945
16308 46208
23686 74083
25190 56156
3811 20572
40876 62267
27561 33130
7869 14799
8816 59497
40484 62593
20436 55898
41747 67814
34547 70423
38456 64401
8726 65457
41020 70548
16696 40187
43979 54295
51985 54323
12989 66633
9481 48860
11172 71305
64284 69056
12415 47945
35350 54244
43513 60782
40926 69861
44893 71965
17971 61065
21557 43834
19633 47447
22821 47308
5300 17658
39777 72563
29553 47394
5764 48349
60240 64741
6100 26268
29747 41591
15715 72875
6114 18662
22563 31984
21724 61719
9678 57868
16088 47681
5400 52944
17420 25115
3338 36090
59898 60224
355 47476
43433 72332
55850 64537
42175 42347
30091 47110
27807 38620
16250 17452
23996 74622
13844 63079
22959 72859
26190 32742
57652 63131
14435 37801
28521 34749
20533 59348
31822 66621
23508 64337
26703 28547
4451 66065
24098 32587
5708 65741
2821 32197
1152 71752
56820 71223
16251 64776
33159 41452
10040 52038
33895 62427
3406 62968
13424 54269
20827 73537
41345 58815
28568 54965
20464 49944
6681 34335
41624 61065
40740 46940
16916 46019
592 16563
6565 48996
29258 35496
18393 21920
4964 72311
6285 36359
37916 51113
20988 51405
7144 16320
16777 71133
28944 56777
57024 64756
33801 49032
51768 60076
54537 55706
7864 27797
14786 25550
4459 10368
7686 72079
10986 41378
35281 43991
8834 38655
3111 39658
26204 29576
15618 22695
470 54996
48190 66220
7970 11386
42157 58626
13943 61135
27522 43194
22818 36850
21409 64757
45751 50209
11467 61876
11565 53226
8529 60086
40815 55446
59587 62385
14059 23577
44105 62088
10973 14818
8584 50037
39785 60900
51838 58415
23886 43765
56517 74236
52445 66413
8029 54483
20484 72912
20030 70564
35191 54813
5705 8237
973 60902
1007 28199
71136 71826
22510 24282
32961 57109
30684 73057
32504 71525
32619 46760
13061 41033
16154 58097
14845 74644
49811 70668
23680 33877
8757 47384
18018 69692
6386 12386
30206 46933
13509 49409
16663 55987
198 2405
58187 59231
32510 57948
13975 47447
25723 42703
30797 53225
43880 60527
9771 47088
60260 66123
23710 53279
25297 36332
45981 54602
13350 51251
7578 44639
25488 64326
49833 67077
24907 45107
38125 59169
27580 56005
40439 61861
54971 64211
31531 40606
51898 70271
26829 47388
5165 73155
28981 55341
4089 56786
48102 62310
13270 74204
8214 22731
37452 65390
33272 49413
44334 74788
9982 61891
10749 61636
4036 22675
545 45158
48373 60451
21623 57348
2699 52128
20891 32375
6205 64536
23432 30281
11947 52236
28114 60816
48156 60848
18163 44608
24930 68495
38668 51208
32295 33562
43407 51997
22410 71901
39985 56606
22119 74795
25529 71220
36476 45872
34972 67633
29041 42374
37615 54002
8895 62194
28941 53357
28564 50079
30227 54351
35582 44101
8341 25299
10167 28381
62729 63866
3793 12229
17361 47268
42215 44720
43600 43687
19452 30174
4721 38775
19970 46085
44715 50236
8302 20458
25413 37990
28842 60020
43447 74501
7586 40140
4335 53776
2759 4628
40391 41791
50910 74648
35604 36188
31010 31892
14429 34638
42097 52023
400 13544
5794 16983
19866 43933
19776 48961
9029 43027
24498 26871
57808 59661
69720 71993
9371 52599
13135 60108
33322 48993
22878 33109
43307 67584
51130 53031
30750 70024
56943 71176
40570 42766
41934 73283
49888 66209
20786 26818
20724 36177
21770 52648
48783 53724
13208 74877
34296 57326
38345 38953
11776 67292
15031 74046
9830 46877
27145 37184
46075 61491
22607 42812
29291 42795
4259 47829
7827 35674
13408 56209
21706 26524
44113 55866
22159 42354
21496 42121
57773 74683
23901 50159
10455 46290
6208 6830
52221 74567
41354 53324
12865 21712
23661 50085
13139 56695
999 25820
8988 23692
7402 14743
20621 22194
26809 46245
7628 55459
5503 31686
34512 61236
28547 43649
2109 20805
18360 18387
45674 48574
39040 64731
5469 6947
19 28828
64984 71146
29828 40194
20432 27643
7009 45014
25313 55065
60172 65405
33799 52966
13912 43423
24688 53456
39885 72303
52763 55520
1373 38907
53999 67535
55831 68627
34580 50765
13455 19745
14105 29264
34775 71880
13113 25890
8105 64899
14264 50799
67833 69697
34625 44741
3826 22535
21179 70839
28983 36422
20108 70964
31435 41981
21994 24726
18015 53050
70912 73286
51922 72671
49184 51010
35956 56733
15424 48684
41037 59261
22834 58236
1343 61805
20396 74106
32507 66355
3032 62315
6706 12553
4452 52213
6933 40123
5839 61239
9293 46256
14589 54230
17183 23721
19794 33098
13772 54915
7068 38990
10576 72968
48261 69681
52170 62499
5061 47327
58178 58266
10824 21247
8268 40022
5556 14515
39833 71809
9216 57079
40493 47523
24298 44651
7707 63721
40439 70394
15778 59291
63369 67672
49601 55751
33307 65246
4304 50131
30534 44878
16285 57873
61081 61404
67528 72711
47658 57943
16769 65776
46239 64532
17149 23040
7645 57558
58069 67527
62694 63535
30548 55527
13738 54883
7539 56623
35077 65927
37351 48796
11721 20330
21666 35632
11730 45741
24577 28977
14610 66333
18765 35906
29345 73569
38162 50577
32175 67080
46678 63170
2271 13512
4941 26783
38443 65737
11653 23175
8966 61134
2462 27411
11646 52694
18295 47611
39648 48079
2030 61302
10276 45423
20121 56718
14235 14502
48330 69136
13304 53935
17354 58720
39482 74851
8261 11409
25441 37555
3159 12649
66318 69851
6080 13923
36450 49510
40902 47463
36094 63953
38100 44307
24092 66496
35055 37661
23851 29887
10213 47786
16397 37148
28825 37626
28117 42491
10644 40616
16538 34636
32039 59262
17517 25002
9249 61993
13398 31233
34683 52135
53571 69907
5483 16974
38462 63731
40931 67798
8318 28596
56000 59090
8465 12721
44186 73311
43521 69941
2876 68060
4847 16112
54453 66464
66732 66990
8876 30601
6171 47640
27551 63931
16212 68764
35262 68578
54131 55997
2611 31723
24318 48755
9286 11234
8089 60884
31661 48981
47186 66565
40540 43170
4509 60124
21651 31036
24047 67371
266 50984
5187 43411
18729 67336
44093 60084
34344 46820
20660 23021
41767 45182
22644 68829
31001 57239
66633 68463
52553 73010
3425 71288
4769 52453
34935 63369
34416 67781
14013 17146
54742 63954
6795 10493
25760 25900
32728 40663
36072 43297
12660 35740
52932 69485
64102 73035
13110 60954
32868 57971
51667 64036
36602 46834
37929 60814
61499 62168
34242 65319
53312 71428
25526 42843
9051 41441
54253 59524
54326 58350
66073 74183
915 68252
7455 72305
38914 70482
3240 28003
23360 34421
18778 42303
43344 67837
20631 72685
21548 33665
4936 52606
9299 59127
58359 58381
39748 74425
10556 37369
28167 51638
32425 70537
12816 70138
27939 46512
14787 48318
21085 37188
35141 54843
39505 39844
26446 50386
28861 33940
4386 70968
31363 47752
16691 66223
1315 35657
13708 43773
7055 52031
45130 55474
11762 50151
24998 54276
34854 62900
24640 47994
6326 41066
36309 37289
42305 58389
68632 69953
36696 54977
31532 63764
988 68331
32878 66344
13492 57300
23830 51352
29583 53500
68301 71282
43781 52044
30947 45957
41546 67415
5865 31643
46316 61500
38483 72455
6496 54637
23063 64779
38602 59751
14413 21616
22669 43039
40779 54059
18180 61674
12448 16255
44140 62503
773 13656
21924 37234
6705 25806
23299 68449
12233 60182
59945 66279
6468 25022
37330 63970
32815 51913
66313 68541
29302 39438
19434 40452
5049 36875
14376 47086
59775 66692
39435 69312
22217 55192
4937 67926
31313 51693
21234 44079
15450 50139
19172 42929
5810 67622
51480 58156
20133 46552
38369 72688
333 44326
26391 38496
9615 41474
52224 58309
16771 17794
6908 71721
11965 31359
20389 64737
14845 73108
35802 66396
25548 25838
13274 61635
2840 21869
65629 68861
30017 34950
17753 40645
7134 30369
24173 25679
27642 73168
59082 69350
13620 25052
1781 28702
39912 65362
4710 18115
50257 66125
65181 72983
2949 67411
9845 19557
48503 67002
51744 54625
43004 61882
4348 40276
40463 40696
7210 24841
54862 62037
19952 31381
48602 66307
41925 49799
45179 60558
1581 62795
41163 61197
31327 34908
56426 61520
19052 71262
32683 38551
16134 38130
5131 74380
26786 62691
34510 37846
37346 46485
45419 67577
37090 48397
43876 47792
24354 45246
49127 51362
44649 47468
2083 26605
64070 66583
33424 39584
547 70107
22005 74834
13829 68319
48505 49162
21333 27335
23153 27323
18261 21219
20156 44985
11013 64188
1733 69623
27604 41903
56633 64231
63185 71076
35224 64842
29526 41929
2319 25267
22770 65380
31684 67191
25218 29572
24388 74229
52331 72759
8198 15173
6352 28129
8886 35456
38460 62377
15752 66991
1633 48647
27792 66174
32066 45648
44242 59567
22855 68576
1261 40487
27564 31824
4996 23218
29004 70720
404 32848
37559 62737
9520 11265
45923 60274
49457 73220
35244 60767
39793 51730
50354 67781
21362 31872
64607 64852
1188 18308
23217 36237
2953 10393
32092 73933
42033 62684
62037 63694
3664 23399
68332 69399
70150 72001
32063 74656
41047 64966
7933 51123
54199 65032
19143 59786
46076 58023
8001 64848
2087 21231
27259 38593
8674 16332
8915 29274
9095 31293
23653 59097
57627 62617
36103 52567
19163 39655
20516 32998
3125 48463
3489 60441
1681 60518
57664 66373
66640 73368
43245 46951
16260 35521
1439 42576
23329 72508
12639 58493
33361 44902
21871 37109
21129 52724
37550 45474
18160 39591
22838 73982
3179 46908
1949 47278
5200 51796
34163 58881
2091 59019
68122 70517
21184 29540
28667 41602
15260 52679
33404 59150
53100 61690
61079 67939
10011 14323
3566 74467
46756 65145
7102 8271
41025 51908
13551 70811
3158 40197
36548 38840
56363 68165
20051 67820
28884 65019
32925 65164
1268 32776
54879 74526
1099 68769
27135 32027
14746 51719
27372 28241
59408 65392
24039 59006
17375 66867
21356 64584
14756 45399
25722 68862
5660 45228
2844 55738
14534 28596
10677 34100
22779 68999
6229 36834
18875 47442
14337 16732
17259 39891
7828 37694
36586 74784
28231 28836
43411 49471
518 44500
23107 54608
69195 71533
6856 28530
5991 60513
20744 72417
68832 69238
45594 53072
25880 45101
5727 31098
14445 67669
46328 46976
17571 20320
21352 66008
1441 72352
26109 59831
4439 13546
39578 72899
13447 47355
6335 23275
37001 64183
3015 43065
14823 64322
4700 13249
18537 47152
5388 59736
54895 68313
43236 68245
15174 38244
49852 68517
31688 66850
54806 72323
7491 34123
20779 33040
70014 70199
20227 24885
29956 53003
9388 13590
39303 40295
14853 44777
13589 38986
43223 60448
57666 58211
22507 68743
11932 45299
9662 48074
27354 73720
33394 39249
16645 74146
6198 26505
13112 44984
55359 64001
39061 65378
34285 42532
16076 43914
33788 72396
51919 68000
25815 58475
21700 50609
23398 61512
33595 41370
26570 49789
27546 35823
31894 46273
32013 59154
50198 52941
44799 52621
8454 15811
23401 25508
29599 60234
19213 39801
2210 13161
36672 41216
49717 72475
31616 43838
7319 25994
16116 70855
12542 71813
8309 39845
51101 61366
4660 6069
16776 71285
56612 65647
15796 61948
13947 59231
38006 49253
12111 43214
66100 72487
15764 72570
63620 70091
15428 60962
26072 26320
53248 70586
49607 62003
53636 63200
716 1476
23407 64409
22501 68707
563 11848
30019 74838
2951 71126
7627 37428
10605 14477
1690 52540
46324 48355
24350 33089
9210 16091
390 62945
7243 15542
31720 74102
42921 53056
26221 68701
42927 62657
6665 39086
43063 63788
2035 5101
4499 63555
19292 74166
5299 59118
56076 57381
27757 71725
22140 31001
44408 55475
12676 72539
72271 73379
20192 54783
42804 57972
4225 73718
22332 46052
37537 63907
1549 22584
46067 62547
23932 48565
49554 54896
29037 49767
4965 30058
33606 36695
21061 51269
12212 70767
51443 74171
5662 21249
13467 23174
63251 73774
4068 55533
6332 23831
4689 39752
29070 60110
39706 43836
65238 65893
30489 49915
46764 68615
14026 33298
13171 13979
31950 37240
1718 30995
18871 33638
4686 39707
18379 70139
69097 71706
15075 51715
44948 69993
31807 68011
981 39329
46102 49524
10486 13381
15233 56175
750 12827
10473 37989
18791 23347
3497 23555
25484 43843
55254 58794
1951 55252
73974 74351
6294 74367
24898 68317
12875 30416
42395 51772
15028 43921
30164 50880
593 17745
12050 63861
12024 68540
7091 29657
21385 22744
7572 30289
39000 39377
1139 38066
13948 67401
21186 35092
15864 48694
15534 56486
5031 70932
8924 34918
15364 55448
38429 52172
15508 71394
49488 71046
12673 66553
7522 14518
32120 59811
3872 14853
22006 25658
6677 35910
28333 57003
18027 41614
30235 32555
9967 54343
26105 53897
41344 74750
21345 70484
25865 41832
8270 23573
33309 36412
27242 53478
22002 53446
3993 62608
104 72719
3287 55027
20369 67202
29618 56961
1934 72829
57411 68055
12084 70141
36720 64505
4065 22751
3282 41174
26868 35822
61639 62603
18990 31446
3197 28726
47701 62480
62117 71161
19157 74700
6988 36085
42532 54652
17038 42651
42281 50511
1605 27563
10798 23278
12465 34963
12703 31210
28625 64304
23405 27562
3259 7414
45492 52196
7201 35211
18831 42985
1211 27850
9003 63915
10659 31850
35933 64648
25396 74009
40680 58130
41358 68019
47374 50367
13071 67639
33619 39489
5745 26573
33425 55210
54984 74292
22319 68005
52371 56206
20312 50903
13213 37642
2022 43493
17471 25025
11501 68830
32598 70151
30402 37052
13163 59926
50587 54631
19621 73190
30772 51486
20881 34921
53072 65042
30837 73549
50046 69818
57097 66471
37171 61716
24756 29521
60270 72154
40511 44815
40922 65433
412 70909
26060 45905
37944 73765
42593 57419
55357 65579
36451 42291
19263 51476
66511 69949
34738 51854
25148 53820
21288 51469
59087 70684
28946 48995
61471 73935
52869 74721
50623 56235
14054 59479
28803 67620
3742 50692
18369 69132
1868 17199
63916 64774
37527 41460
30341 38896
16840 52081
4036 38909
31147 69636
1119 59475
3529 56404
35955 54245
22742 37253
3130 74214
45067 52899
39520 47710
39584 46436
3306 20076
4072 44299
2548 34923
7150 44698
5312 36847
68904 72116
2250 19226
38752 46023
1924 51914
4602 57566
10694 33571
13791 31959
18246 22040
11612 58644
17130 67796
15754 70081
18986 38342
56745 64678
14671 37840
30699 42106
23306 72981
3039 15465
15484 40214
17025 62034
22143 68257
3905 38586
37790 52189
2439 61757
1546 61893
3919 56136
1058 10358
65607 69324
25808 45022
39047 46104
8440 60874
7227 8137
35505 73686
29451 48583
22995 47529
34534 66550
33125 36596
60764 69791
33205 48877
33941 74092
69024 73371
505 58963
729 4934
4426 48752
56030 62114
13638 38313
32699 39821
2569 65556
2312 44404
1743 28384
16568 71398
52098 61877
37526 74808
5237 43874
38807 39462
46679 67297
59780 65048
48765 63416
1577 38449
26517 56212
60761 67454
22318 23054
18777 62340
41900 69559
11502 22987
13123 53078
46718 52306
44748 52851
21481 33060
53946 56035
1606 21164
67918 69782
10698 43885
5553 54684
2122 33147
62208 71293
13589 65477
46081 58464
2080 69174
17004 34245
46873 51004
31772 32321
12029 51338
46918 47778
4317 21268
8480 65193
5956 25160
6150 34485
37780 65626
39629 43183
41341 56381
44708 62964
32494 59056
50772 66458
7944 27846
28972 35194
25295 38723
52993 59431
36825 37356
22199 73345
27086 66180
3244 10946
4808 13337
6637 49610
56477 56609
63500 68285
27978 44627
4298 17735
3587 32393
4796 38204
37734 42584
23536 35775
33507 51962
31373 47284
17839 23814
40814 71814
10329 34917
29174 69778
5255 8800
4435 10804
24177 59845
14236 68258
4430 38286
30078 67074
14912 55730
11749 35166
63785 67783
30391 45744
42237 71200
10750 28939
33453 67662
2013 5015
2692 10476
19409 21948
12686 13153
30881 47057
12793 43410
10818 52197
24106 42074
28716 72633
7005 39797
23047 24034
13397 73949
10396 55177
7101 12771
51905 55126
24512 60990
26732 71592
44494 69678
24091 28569
43150 65986
19772 48988
28544 74070
18367 30160
16778 72133
7448 62879
21656 22955
21397 48612
12724 42165
51966 73450
25864 48574
37112 57961
42590 43322
26495 70140
18141 51577
6691 13078
52133 71333
57950 64103
15834 29420
37395 42127
37614 53601
6227 26856
22862 43251
26270 72505
44287 52674
26683 33953
23770 41199
17816 35628
20716 46418
37975 66490
8636 33737
37360 70482
9256 12246
58542 68609
20639 43597
16881 60413
61591 67639
6960 23598
22388 58307
65952 67505
53068 70722
5193 45082
58476 60191
4822 20390
7156 35723
8420 63318
11888 58285
19950 23396
31114 42568
31784 59842
47231 49678
21391 30090
54649 63519
2347 9960
650 71012
24141 42199
342 23014
36002 64055
21216 25092
644 20271
27295 27891
30209 32142
10905 15344
1783 25935
34089 58378
18294 74562
33634 38322
1328 27548
5245 9973
27101 36420
30113 39185
3370 20537
27187 32816
47985 67378
37589 53580
59612 70727
7475 72409
6910 30109
7935 22210
41444 61727
15578 39873
19440 21895
42886 47404
28823 74613
2837 51575
22109 39958
14186 67275
25247 59615
17064 56929
24507 29190
10446 34146
4668 6013
34658 58081
51832 54189
32435 46009
5593 42990
38019 51547
6484 19231
9909 35543
28125 71672
44703 63580
13205 17703
23123 32541
29214 53802
441 69356
14929 68581
40849 49983
17696 70626
7190 28039
5220 66510
38060 62964
24121 36087
52867 62107
32636 65237
57903 63564
20760 41141
67753 68773
49074 50797
42558 70074
30173 37118
3080 30084
14868 49873
64611 72666
13775 63605
15818 41943
33924 43057
15658 53694
16991 48555
15959 65953
5064 68499
688 73327
65692 71256
53074 62542
58522 65680
60727 72821
18857 61382
1452 68433
9418 14455
20706 46408
10495 27479
8799 37660
6575 24549
6048 73931
6202 49934
29953 51974
39104 55703
20910 55109
8513 71160
6343 55383
45893 62455
41218 63504
11646 31925
25649 67525
8563 61725
13878 47078
28344 34950
32658 49310
16198 34700
22381 47058
19702 61463
12038 22435
59321 59838
9684 19205
4127 42230
19340 52216
32005 32670
10887 12451
7164 58388
13150 73341
10035 10390
46084 70354
22138 62018
23983 49173
6029 50362
5162 29719
7646 34900
4779 59077
55776 56759
33774 40322
23636 64497
29838 64039
3586 71065
8308 10052
46673 74218
9025 62687
44616 64649
37191 71138
3609 34930
10388 68394
34644 57198
7788 46620
13026 17509
30259 47700
28360 58008
37665 46363
51552 57061
11521 19071
13928 73542
17798 37837
54720 63289
27394 66240
65901 73518
18517 46875
58718 59138
24989 51891
37253 60429
55144 60293
17627 25699
22436 59144
11322 33247
8647 23563
16204 18426
32900 69555
45928 48904
3901 52631
32483 45063
1496 23150
10182 26135
711 53617
36047 60888
55290 58962
17174 32420
32619 41751
13976 23685
8333 14927
1718 7104
2516 13055
1143 51840
18482 32604
25377 44990
26367 35133
32161 71662
22822 39716
11332 19799
53454 54843
41112 54425
36206 37048
8716 56550
31587 34376
3120 18910
21113 22383
16033 17368
19185 46371
34585 63993
23554 63991
59373 70681
33793 66113
14329 44053
9391 23407
41013 43336
22687 46112
9015 34175
47101 61334
50067 61321
23003 57861
6918 12794
35586 36795
30140 67789
6047 46868
40020 58544
8089 9818
27008 38517
23425 34795
65660 70184
11951 36653
14134 30048
6889 17770
12242 44599
52788 59367
1420 57012
818 19019
8276 37471
28868 62568
14698 45993
32259 67727
17417 32255
12377 72950
4793 10947
22429 54552
64046 68581
33204 42249
33273 47662
26681 31167
326 63892
29122 38071
56436 66675
4630 74194
2497 58913
2046 31164
44547 68660
5658 43846
10120 30117
32163 43266
10576 12256
47504 50995
13865 18779
47715 72805
13676 14532
16560 60168
17929 72716
9689 67122
54077 61840
39726 67423
65510 69885
46706 53462
52142 55509
17023 34529
53978 62807
7060 63981
17493 72005
1891 38145
22243 58501
49663 63880
26094 26239
38966 67521
7611 48143
23966 29577
18046 63833
35627 50421
4360 32782
58946 68437
58702 69568
34412 42691
30598 31148
35357 65373
52198 72987
28055 28932
54166 58290
49985 58036
7940 39321
34050 73693
19476 48601
19358 72204
29801 36316
10248 11159
30753 30997
30136 49166
52774 70579
50563 58499
7172 55186
6738 55314
13576 44688
29113 60790
5531 23496
31086 53586
47743 47838
36367 38243
2345 14684
38020 61363
5778 31461
19106 46542
51921 73081
25845 28591
38091 53473
11759 42878
7246 19030
20013 49175
24870 63137
20431 40564
42231 65762
3028 34360
10054 40398
63819 64841
12382 18740
15535 19535
36009 45765
7117 52384
20685 33706
62306 68819
45633 68874
10998 49992
60468 72722
31598 60616
55871 63497
67457 74357
65082 66613
22267 46235
40603 64243
20767 26429
26478 35006
30858 73143
491 71365
43212 57709
3341 6805
16176 45776
12670 17095
51681 58158
60156 69004
21767 58985
3142 73487
15096 62478
32447 46169
18325 23731
45867 58565
15768 40507
53661 57463
43343 61772
22931 46724
47944 52940
8772 74242
39765 64627
24207 24673
20734 54454
34860 64324
34402 53044
9999 67370
21638 47174
36937 45845
32991 63688
20892 56764
28229 55241
10648 21901
6295 28249
10283 38787
2134 43149
41329 74812
579 10567
32962 57144
49081 60300
18327 60858
37483 63454
2287 31558
15937 43979
512 32701
58755 64636
48590 57675
3949 40228
4753 49283
54106 71077
46073 71624
41768 51781
19035 53063
56892 66694
41366 55207
57242 62988
47499 59973
27120 66767
37343 62832
1906 50466
53083 67253
11388 35712
23810 46691
60416 66629
13064 18443
49052 49247
12556 15034
14410 54206
33149 34057
3606 12839
42947 52353
41533 53938
3984 17061
27260 48250
12862 34727
44019 46162
1280 59225
7608 12325
1710 38582
3326 32217
17039 29746
22663 45447
31964 60835
28264 65394
6313 59773
9682 36569
4639 38467
22847 47889
27912 51922
53914 58927
32148 44776
8670 44631
32418 56090
30175 44797
65529 68447
33129 43514
40817 59997
64719 72423
4954 66177
15599 50930
41288 65884
7445 29061
13613 55449
12699 62636
9393 19878
21570 46126
48913 63289
3462 66271
28978 56630
58095 59172
12195 72080
50720 56489
52158 55610
