40000 1000
48247 58586
44849 53790
39052 78581
21199 68739
83020 98388
46861 50114
28006 59141
90858 97825
24232 56559
43823 76491
60123 86369
72759 95266
63451 99751
4221 33650
96135 97963
62816 74958
82965 95351
36201 85320
66477 94541
38733 63856
50960 62373
29109 63508
45356 59559
55290 99908
10132 27555
39087 67823
5849 99532
20510 97196
23881 32985
78568 78611
41973 60396
43798 85267
95425 97502
34952 99952
48938 58220
25564 62160
50000 61059
34487 52363
57222 93103
97611 99774
78181 95122
59274 59778
75393 79885
40544 79736
75722 98383
44864 55985
45664 65879
80034 91549
15966 58194
92674 95548
39685 56813
48483 52878
46961 55212
23646 68802
35242 62997
37296 63675
47605 70331
48741 55507
36451 50997
86290 94653
86274 96766
97930 98972
45196 51985
47329 62755
47476 50111
40183 57266
4077 85344
59352 71809
50000 53337
27850 51549
84984 86784
17022 68720
47629 62749
54358 88255
96651 99831
64620 91570
29404 58798
37838 65025
60843 92573
50000 55505
3911 38937
96032 98178
49898 51270
37208 54204
19928 65543
37986 82214
50665 73644
47954 73997
45164 50999
89310 97801
17580 75466
22094 59897
16492 21506
83499 98634
22285 64573
47776 53233
49028 63743
83585 89789
52406 72748
50418 87566
31189 60192
30629 70010
48958 50541
49398 51734
45051 65644
82959 84147
80219 89030
58719 97061
84234 91302
90921 98247
33773 57992
45724 53613
48078 52322
37669 61755
40999 53291
14053 57422
80896 89602
49422 71823
46911 55701
43899 59381
27138 84200
29634 74314
33230 52096
46465 50657
95766 97986
58739 85084
40731 70273
40424 50000
90257 98876
22746 51063
36001 77663
41949 51410
12615 16136
57227 77347
92713 95745
65301 69711
37377 44071
46702 70636
26218 58810
40888 50965
19696 45183
1936 48151
46435 78694
25227 53950
23968 54929
21515 55045
98704 99670
76298 98991
31039 83872
26624 61695
26699 29622
45390 51162
31314 69757
26930 32846
24997 50000
18932 23618
89097 97550
90660 92462
21233 62094
54522 75283
11752 39339
48162 51373
64194 65727
27363 80401
46261 74952
27235 63366
30762 51315
37003 55744
46164 62423
23719 34185
89268 95484
44715 58425
2836 65633
29636 83548
46558 67931
44158 86890
44410 57846
26511 92836
8642 10834
40041 59680
30511 66353
46197 77182
47369 84469
73882 86840
23884 56481
45913 88360
43124 54401
43082 62370
47687 74034
83469 99866
22117 52967
18997 55513
48993 79153
28791 72520
49019 89386
61274 68701
38006 40771
64055 99535
39021 81870
36746 60296
30242 79165
36913 50307
48951 62189
6776 91786
28954 58432
82078 91566
50331 67897
50890 60805
88062 97617
15296 21500
23828 54115
39517 80048
17092 78553
38933 65713
49167 50132
31355 63043
95764 98424
28423 38640
41175 81104
83763 92241
46809 99327
6482 78681
37358 81364
48475 50418
46993 53653
49439 50893
57244 88120
39350 73229
12150 56060
42398 78486
85851 94848
10732 71789
25253 68477
48589 53122
38892 67601
26068 37094
18304 58283
51122 56691
46238 69754
83494 93827
37449 79344
50000 59366
71350 82743
7083 85579
42291 56375
30442 51545
43633 57704
20465 30471
47581 56577
47223 80383
28556 59023
20533 51653
13144 44052
9383 63610
70748 91941
46410 53614
47474 50000
45179 73822
44127 62192
12372 76064
39611 71827
26957 64509
33239 99982
44949 59738
44534 59252
98820 99896
70709 86131
37557 55497
34591 38808
34495 68791
75192 92425
29197 65603
38240 66669
46361 50000
13234 84848
44297 61150
30079 57327
19236 42434
2629 56954
20458 33106
48035 50979
33997 50179
84723 96237
29913 59635
20927 37427
48085 56650
85773 89647
34897 64003
97524 97764
37973 76720
10814 55647
26339 55751
30902 52233
77875 81803
44373 78846
38601 50793
97393 98310
39798 52629
42014 63112
50000 54464
11355 81616
28823 96568
45316 59579
29015 66462
45572 55580
22000 57583
48609 62532
24076 29441
42781 53685
33381 56117
49901 51030
94818 99658
47232 51422
18951 57944
45754 71754
45539 82193
42569 53976
28517 57639
12387 70519
18405 26944
38300 52378
75748 91647
24397 58099
82062 84591
62057 90226
28889 74209
12603 61287
34588 35907
44871 55879
41436 52523
16399 64006
71161 72899
9569 31736
33279 56217
26005 68013
94677 95206
77683 92974
47476 67104
74270 76514
45134 73048
17751 51286
37057 57468
41272 48742
74587 78523
85594 99295
79 25109
29720 59291
37952 57704
44299 54445
39499 63248
35750 59591
47021 56266
76744 97391
46738 57946
13711 85287
41941 64128
20920 52380
47634 56897
28347 73799
49863 90144
43759 52998
29913 61868
50000 57722
69903 85287
61213 64807
28843 82752
33070 71413
65407 78507
47036 83690
41520 60691
46520 74463
51457 67495
61990 93277
43393 50000
27582 71208
68999 80701
75373 78389
18377 93839
25315 65856
44707 65237
32806 62573
37658 38783
87615 97309
32238 37951
26269 50000
46622 55124
78175 91739
45550 51972
94407 94537
41166 82194
64317 85651
78189 97571
77932 90780
38458 79137
30835 42044
54191 60709
35200 89533
39255 72259
38755 77576
42248 52108
14707 87530
68453 69188
89793 99611
59872 68234
10517 86407
14650 50833
39740 79790
46287 72560
17788 84332
36096 57802
25682 63282
48179 67208
48810 99113
47865 50569
41008 53493
46073 63215
50000 51202
36790 53250
19994 54256
25726 64431
42059 50915
11375 38508
4290 73026
48921 65862
31667 45259
14805 75534
21670 53450
41007 64148
34815 71302
8090 50399
14475 40860
46249 57071
91154 98946
66016 93574
35811 98649
91351 97000
15230 37492
35247 62357
45978 60276
62610 82418
33710 77959
67402 85466
87404 97636
45072 54005
40506 51102
46981 64828
12243 20747
28577 52992
33948 51999
36628 80193
47801 74634
44522 58426
5271 80313
57533 83073
41572 50000
32090 41337
46799 70902
27363 53126
68675 95218
21992 44161
33617 77393
40296 66603
38578 50788
39744 43684
98696 99492
10416 49737
43258 58901
39422 62174
35730 80098
38995 73167
80059 86321
18206 61052
98240 99654
99095 99631
27196 60869
41405 83667
33623 53418
34449 52074
12235 96036
32002 61507
45367 56922
39948 96479
91242 97383
5991 52791
17455 64845
21724 24213
68611 83856
25516 58782
71830 86387
85087 85845
5072 35905
43143 66847
44980 53556
48285 60038
15813 63050
22380 63397
50000 52567
37533 51379
28193 69266
56397 96752
31844 70829
31005 60092
76365 86756
73137 84807
17455 46587
50000 51142
78227 82996
37761 75930
55506 55940
16279 50089
50000 58502
47763 54502
45244 52847
49222 71248
38087 67230
13825 57726
33624 60650
81845 91370
28757 81652
50000 54317
50000 52921
82734 83648
31461 58854
14203 55551
49342 55436
41217 50903
93732 97937
65507 88878
27289 58023
76684 91615
17409 50172
38683 56390
20432 64312
86419 86611
45744 55863
76590 85879
41016 50156
34829 66298
1777 6946
12387 56117
50000 58019
42926 98949
46177 50929
71051 88659
37852 54735
12998 60905
24270 39209
73205 99353
43997 63589
30364 61309
88572 97172
25853 58162
77748 85382
32996 86412
46674 74976
48247 54315
17389 50512
42988 65970
72336 94634
12193 50988
44116 54584
34001 83016
24966 63010
46770 69028
39332 52451
47398 50000
46571 55966
43906 70627
70151 78572
39783 71941
46074 65687
39723 64194
84762 91731
43510 45617
47666 86309
78418 93415
31758 66858
97902 99493
87303 99233
49718 51938
19708 57160
49716 70418
58525 92959
44092 57737
46451 50402
6285 11098
48804 52374
44123 97041
17190 60501
45209 82417
42619 55566
49592 68269
71799 93047
48975 60945
55450 74348
34231 62253
11965 51153
17222 59598
43733 71094
47710 61952
54744 84859
54923 58966
43942 76034
96874 97037
45735 56447
6437 37071
48570 50000
90217 95509
84140 88697
29689 51625
4292 93803
7127 23122
48791 69442
43131 50000
34788 76291
45011 69854
91325 96639
60466 70519
49001 52215
49599 61272
93086 96361
45439 50762
12494 41871
41887 78312
10955 30634
37370 59460
47116 72022
97901 98963
30765 79098
25682 61768
75475 76466
60498 74120
75937 81171
8819 76690
47595 66528
91824 97165
98617 99459
85466 96572
26058 74904
37937 51410
33038 45861
49669 53337
57213 91624
99043 99544
40976 63654
49409 54631
49122 70379
95673 97408
61234 81518
20596 59250
41092 70544
52699 89073
12141 66604
25452 76050
91420 97904
35391 51912
20712 21637
43649 68687
50000 51776
33430 60665
99260 99966
44326 74489
9384 77555
33679 51793
12389 62524
68970 83054
67033 93279
38072 63927
2806 36655
43139 52186
78081 93755
47704 52121
46756 59873
93554 99079
49174 50791
97540 97832
65543 98058
92852 94740
91037 94254
54574 91990
59500 77008
13904 44844
30224 54126
60287 67301
41717 50375
82555 95240
65673 66635
28029 39361
84532 94744
41758 63546
25263 34829
64883 82006
21051 55096
24206 48826
77192 93783
96368 99830
50000 65584
81394 95687
36250 59771
18755 59172
42432 78293
51450 94812
91712 98349
47862 87801
34059 86552
83122 99930
88634 96872
24078 66522
77348 92880
49465 98954
25386 60843
38499 60596
24724 51134
31511 70152
34191 87304
42203 61271
42784 52227
41173 76363
94143 97018
14610 34150
29761 56789
41570 57068
53301 74007
66783 97677
58527 64062
9183 42951
30432 53557
27484 56054
66132 82828
13064 61465
46563 69101
30288 69307
42392 56848
49784 64706
44718 76039
90948 91978
72664 83961
67400 90635
41020 64843
74538 95139
80154 86312
42030 56794
868 45972
42273 67171
49818 52678
41135 69644
30232 32580
41043 63666
87359 87922
53573 68036
25023 65768
40902 57954
27576 50881
22226 29936
89113 96589
33265 54973
98822 99259
87162 95565
42362 52759
10853 22880
12501 60452
16150 98967
27616 67518
46388 59713
47008 52545
18520 50199
5867 80160
53417 96821
26385 66710
45970 51301
28856 58287
50000 83500
44591 67618
42562 60507
42483 59294
32576 53785
36583 59756
47916 50472
35047 59224
50126 72819
23007 58504
42242 71417
58604 99061
39780 52970
76735 80356
7702 66807
27103 60961
4141 80550
70985 86052
19534 57789
48133 61620
50000 90910
42458 71733
91178 96262
49221 53767
38849 75661
56936 90201
29886 50606
47599 81139
59552 96295
35034 78615
40502 50000
50000 53957
977 21954
47042 56308
46419 51816
54624 80571
44764 81910
29165 52523
41151 56938
24866 62363
50819 58441
46094 57643
33880 79342
52369 83581
85777 97082
59804 80301
41414 83249
72072 89296
88105 97260
44311 72960
46242 88705
50000 57587
28398 52252
37289 62542
85841 97217
60540 89165
41045 51046
7081 43970
28848 94266
22483 59311
23749 85738
41389 88722
47314 75815
40228 59193
92872 96993
39975 64432
56596 74078
47844 57171
94902 97001
26076 54104
87626 97711
83440 85241
47095 85385
6876 14377
49556 53790
99612 99949
27493 53996
49076 59651
68271 74807
33625 51610
49272 54299
76421 83950
77060 99667
35829 58343
13506 56801
63459 90829
46086 52603
78268 94909
42815 65491
48140 50000
29524 60747
78314 96279
45253 94454
36918 74949
79860 96123
50000 51646
35813 60386
18328 60280
22852 62294
29985 74281
24346 59266
44490 67618
2678 17106
18844 44393
86240 94271
12369 56008
42211 52997
36569 76714
55871 63470
23861 97421
49551 90258
47230 53676
81339 88573
46679 77696
45936 82349
42834 71157
44281 76965
48476 77254
4999 21730
50341 85709
34248 52767
1163 26983
77547 87660
32696 50094
33692 51819
25035 63864
8704 22238
14478 57173
78326 97005
44955 83549
33084 50001
60273 72467
18363 48757
30206 56162
28150 56325
21864 52711
37986 57197
44502 53104
41007 64312
40352 43882
44026 57148
38920 60343
44885 76679
46854 59394
87153 87236
5147 94199
35807 67828
13844 18522
35996 65895
47924 62611
26591 72379
53403 64130
35396 66817
2609 66943
22540 64897
13475 77834
47839 50000
41053 50000
35896 99218
64566 68625
45567 77448
27228 57568
58426 63958
7139 50564
21084 54958
28608 99442
49946 56911
38540 57762
77430 95182
85419 88777
48327 51070
96969 99042
88043 98194
40071 56010
18119 63465
34107 73134
96993 98396
20840 56347
50000 52912
15772 84277
48149 79946
17073 29022
35789 91041
84520 89364
48850 50859
45693 79236
43055 53555
10588 55924
92241 96545
43812 54098
38291 51791
29570 36806
26036 99937
72447 75945
47288 68243
33733 65579
81486 99255
44108 83701
13892 34967
37151 75803
49476 75876
63116 93940
65557 73337
15278 36219
28690 79816
10587 55783
82341 87020
56670 95062
92627 96325
52735 55431
45558 73681
45822 53573
43863 69715
92800 94454
99829 99843
42941 73199
55572 90349
42046 72582
46664 68573
38874 80601
45723 56289
38318 50000
55238 82396
35205 51466
42176 83616
45579 71270
47283 52830
6728 9440
30833 88278
48406 53657
53081 70662
52037 73245
41642 57938
23009 52849
70854 93195
47583 53574
30248 97683
60429 70169
57877 64032
49491 51523
81103 95031
13127 14831
43823 94065
97241 99731
47255 91602
98364 99116
88061 93161
20838 60616
75982 86757
43103 72600
99288 99521
45194 83365
44154 65128
10505 29896
32057 61863
50000 62561
52217 87526
28434 56078
43526 53201
83456 91715
31291 52545
51687 72090
42357 64983
20906 40323
59372 71603
49857 58935
48519 76070
20460 51905
51147 89947
21451 68199
26978 52360
32616 53409
48641 83260
94 88412
15994 76348
34219 48455
40369 54383
41055 82891
28124 59666
42239 72582
52552 65068
32165 52663
40110 65754
46017 57175
49879 80384
45397 82857
90827 95492
80498 94139
35953 61393
46299 89324
87987 92747
49312 69435
67197 72141
15790 54437
40747 59067
42596 51013
44990 50000
52830 93912
35186 82697
4786 65616
16922 56151
40194 72947
46544 51906
28081 30037
71374 79435
36506 68580
40541 62294
75751 89598
83913 97285
19314 52027
68795 98942
37201 55439
629 29173
15678 25494
97191 97652
92523 98965
39703 72984
73730 96389
36052 58398
22348 63934
32634 73535
64852 71461
37007 56609
50000 81591
47873 55495
46037 88816
28411 50000
52866 54869
56785 60884
48895 88911
75698 96512
48574 70544
32977 52703
20974 51082
68655 83498
62088 93124
96514 97462
44059 50893
43529 64622
73929 88902
90772 91372
43547 56299
73769 92911
36151 50919
47420 72119
87494 95920
21757 57830
30699 47648
36757 90681
46110 87331
18898 99455
4292 59396
3052 57239
81529 87989
64952 80182
46804 77247
49418 54704
35337 55079
28439 57296
53064 96104
41448 55315
44091 63061
60699 93747
45173 54143
33960 51776
67270 93563
10238 55006
84091 91314
84749 87384
42256 64171
55794 74547
13480 75170
52825 72656
90616 93072
87133 95682
83619 91607
30807 81471
97056 99160
44743 80706
19986 35793
46816 59584
29450 66992
49450 50782
17166 20736
79533 92352
19179 46563
16630 57340
43502 97084
47138 66470
37579 52101
49618 50838
75672 91104
47489 62899
47515 56461
41189 84178
29859 74222
2463 62988
50651 61516
13775 50000
43217 79815
36915 57307
79203 93477
33976 92097
96886 97630
27652 81273
37587 62824
8996 57698
30789 61280
33948 67557
37808 53885
35204 73483
52914 80632
26112 63553
16840 50835
42681 96794
38950 59873
25735 50000
29978 41690
24885 39676
23154 67298
42583 50000
40506 65566
9029 50181
45467 66959
78096 96539
21218 60514
46611 51109
36006 69985
35377 64758
87947 97203
39994 78598
70463 99498
49133 59623
38519 70450
26337 52900
34983 68540
54998 62522
75294 81628
15027 37942
1462 11762
10264 68743
28579 65336
57820 72679
73683 92352
58420 99569
44968 56102
22294 56355
34603 53959
65826 80248
89241 96039
47016 63362
75121 93688
75634 88847
27542 53236
29895 66559
11382 67624
1664 75895
2563 68883
12173 53515
12079 68152
45070 52156
39650 55362
3504 24587
39781 83372
47346 70822
67496 87391
67556 71387
39546 49838
87293 88063
41231 56708
59612 74222
77659 99650
35004 56705
48125 53017
2177 47735
43687 52805
50000 53149
28959 58239
35422 57271
34244 90618
61014 79013
48706 93991
58217 77629
25757 84338
35314 57918
35880 79482
74367 86241
82344 86970
27263 56789
84061 95922
21957 68175
28363 55920
39247 50000
29715 56553
27309 64988
48434 57874
5016 17167
46222 50000
53782 90004
44094 82733
35279 51371
18866 67295
68320 90954
2650 74104
47478 99955
27312 58426
64461 91560
32799 61294
40029 65715
23598 53293
36509 90705
27470 66399
81582 97298
27779 56554
47952 50000
52030 55597
21343 33251
49912 72736
94534 94802
46882 89199
63738 92542
25127 53184
44271 51793
44763 75349
49449 57314
33773 73635
23399 61731
52232 62322
79836 98499
18030 53605
46832 53978
90328 99341
50000 51601
52497 86448
47390 61849
4946 88728
38339 72823
43975 65868
74442 78046
49024 60864
47310 69478
43955 57534
27893 71212
14362 91410
31036 54124
50000 69591
14779 57012
1516 73988
30018 35233
19369 33321
87302 91104
47377 50889
41286 74885
78953 88314
43404 91920
89558 93865
20157 96966
13642 69971
54386 64281
24935 32801
65439 80221
59596 79334
17379 44237
13230 93194
50000 52542
94358 99634
39025 57118
48435 61813
27927 28923
55943 80328
37657 71023
33848 57988
48006 75812
62908 78465
41165 63748
30554 64495
4901 8158
80474 98258
529 30607
45486 57152
96679 99847
40312 66019
37390 85037
74126 83088
46360 67423
76836 89703
44663 55890
71009 83428
17979 71855
8675 62331
36686 60673
30926 73431
92734 96130
76199 87795
90029 91256
74998 95003
39037 55817
27497 55057
95123 99818
17365 44745
36481 61846
21823 58627
46111 63792
50000 57665
20029 58646
18474 58659
33099 75478
47182 48069
58586 60312
40533 59276
4849 10727
35763 45828
46543 50000
44330 54489
7654 53840
40026 77103
50000 54788
15799 50000
47588 56114
49719 86775
41098 58012
6865 65798
50000 52481
49256 50321
257 37144
15117 55331
39846 53137
54466 85332
44280 81140
63366 95094
35375 55432
31528 37260
30931 65705
47676 70812
34565 68909
19735 68625
47721 73581
47854 65759
86644 92173
87399 97938
49911 52834
35190 57749
48052 56314
67241 87080
44335 74641
48557 62600
68384 72183
33523 89589
6411 50660
64328 67496
49399 56077
45942 62283
29748 53872
28350 79973
15898 23391
30836 40742
18142 68235
50000 51731
48695 53994
94411 96522
33094 74533
91430 93478
45942 56257
74326 92125
58030 72864
47099 75370
25235 64344
22137 54922
81838 92694
11893 52947
34277 91426
23439 66311
46177 53236
48381 91758
25008 54264
50000 55516
28933 56622
47061 81939
99437 99474
69203 85568
38742 63273
85293 93533
49978 84577
48562 55399
33322 58437
90359 98226
10465 18538
51529 89776
51344 76417
48371 82503
37449 55465
41327 58022
44492 55291
40699 65219
37657 80548
47496 94424
97861 99336
42886 62557
28517 60897
61234 79794
45145 67234
1070 96891
36648 77610
66924 66960
99442 99514
97854 98889
25232 85459
34622 74624
93661 95708
38404 70058
48478 52075
72526 81181
14172 93500
4824 47742
29752 57444
35198 61357
48903 75221
88769 93684
38025 58894
41228 61731
38727 94522
62350 72518
10412 83397
48644 93294
21338 39448
58532 62057
18634 31734
35293 82398
43807 50397
41439 63821
46715 89968
25011 33897
58095 59584
47014 50000
87157 89484
37672 61595
13360 53867
66462 74615
37839 76589
48673 51355
31375 76213
64062 92006
85637 95535
37780 57854
28950 84637
9762 29503
8190 71691
88963 94656
74012 88471
40454 80612
50000 58772
148 85279
13881 53846
38730 62687
40253 81773
32363 63994
51620 86681
39287 50000
20204 52484
30848 69566
22294 33143
45842 56818
35124 64261
22810 67229
42446 70696
47558 84743
59369 79077
46868 50000
74629 90260
48965 70302
42034 52317
52360 72306
40295 70823
63416 81356
88873 94405
2572 6039
73545 87662
56838 95373
8766 53951
80470 92130
26716 67863
86017 90702
42835 51609
75989 94401
67082 99946
60235 75005
35095 61576
3946 61462
43382 85951
14136 98916
21451 52391
30941 75391
37057 51651
70485 75643
1938 51616
44897 54398
57394 67330
86629 96213
68914 91635
43658 62332
84352 88884
79934 81182
4660 34849
15716 56746
37904 86656
34159 72993
43062 50000
42347 57073
42654 69439
95682 96311
11806 67598
35925 62977
39026 44777
15369 58779
75111 91269
46385 51412
41208 71720
15196 22154
9251 26277
49466 52698
61562 76267
22407 65993
71039 90032
41009 64115
29330 56240
47400 75976
42072 52945
37911 92039
76460 79968
86719 97462
95965 97296
43857 93636
43618 53566
7770 49602
38692 77167
87715 96445
84052 93499
41878 52034
32443 50928
56678 57569
9387 54202
80568 97784
50000 60753
77552 87846
22316 64239
58168 59381
48790 54353
50000 52329
23377 60446
59781 81566
87643 90260
94188 97339
67980 70462
39864 40786
49239 60447
11988 98333
41339 70963
88933 99307
44920 65603
45985 66240
47049 65877
41960 55901
1573 95048
60511 85615
85453 89938
4608 13730
46701 51963
40903 73529
98029 99809
36231 64245
12641 15375
19871 59736
50482 54270
62306 85901
40721 58151
73041 88518
46248 52549
95095 98257
53856 63166
70938 94102
25614 52135
69558 84735
60828 86394
31931 60987
30297 31950
42899 76342
30116 53730
9548 50469
7261 89605
38780 43194
82073 98133
13119 83117
35982 46320
74774 95900
49359 62764
99129 99994
73516 89800
47119 49951
1621 98744
17120 37144
34108 70630
46411 52310
73210 89212
35274 62561
50000 58852
44798 52901
36273 66219
76759 95542
77071 93325
12783 71303
50000 50643
31136 75515
7169 51429
82772 87111
41480 71759
80095 89763
70171 91251
77715 91428
37262 66931
994 95714
29813 50000
25013 84860
49398 51777
46551 53414
31636 60610
60099 68335
37775 76696
45385 54661
6065 67453
46847 50000
1497 7345
48052 56208
22983 53617
70089 77801
99347 99973
9695 82467
82220 92722
48392 80117
46244 79827
42103 73397
48623 66254
49456 75329
38008 62084
41362 50293
64591 67738
8490 94539
1561 80788
76994 89408
39069 77848
48204 81763
38920 63395
92452 94321
99053 99507
41007 96554
46321 59945
44405 70083
35856 73480
19030 51035
50038 63499
39224 66675
36181 74502
62428 90818
23104 61600
48062 85028
96695 98813
15599 69241
33606 53988
92447 92621
45486 82314
88767 92417
82846 94615
27815 65428
87483 90647
31888 53433
31578 62042
19490 20823
42942 50049
65836 78216
20271 62028
80789 96645
43500 46971
43405 74675
22601 82433
34870 67258
40706 84847
25315 65667
43075 55372
31211 60964
81519 90308
77280 83868
16717 86804
94930 97689
36989 38401
32311 62191
16145 50124
39246 63925
32963 62187
42620 52864
39936 89477
42879 50086
71674 88154
65668 90842
35795 76923
41166 61535
36614 61140
60515 85886
31640 75033
32208 66082
33747 45766
46582 71988
40706 51014
92963 95188
46664 69519
20948 86700
16095 58838
32140 74619
48139 56496
48328 56420
8570 73336
48109 91452
56811 76854
40539 75523
62564 98330
32003 91716
25003 41045
41633 51388
72222 96594
37787 69853
19791 53728
72096 80116
49206 58255
38875 89455
45126 66515
43045 87908
34517 65726
81436 84165
81799 98178
45266 88622
37162 55702
28655 55226
21363 70426
21300 27333
32133 95681
17654 34104
39029 60108
20199 65683
10095 98691
18182 60554
39607 96551
44522 50379
42404 96600
19377 31258
44244 59306
8448 33294
33884 53869
46461 78714
47474 69283
96425 99092
35039 69531
25492 42309
17204 88583
75092 83900
29064 72809
79012 84115
30425 71202
50000 51691
35906 50000
76888 77564
41281 51554
54681 73399
19829 99230
15038 54673
38999 70822
21250 23045
34389 77676
42107 67634
36041 83418
47597 90795
18765 32567
46943 58088
28090 51397
8604 14177
31320 58774
43582 45449
36002 67843
15682 50076
49045 82728
36239 41961
48631 58473
72158 81493
99812 99963
70931 84651
78231 98536
63059 76514
23867 29244
79652 98482
57522 58271
50000 53694
84549 85140
20405 43373
39045 63903
72908 80708
48621 54559
43741 65871
30549 79790
46893 52438
41790 55813
18539 63666
14576 50000
73536 82984
26318 61196
42843 61636
19249 50895
30205 53933
47747 53083
3575 10469
38991 61905
9170 40348
73036 73588
39900 51452
18711 57854
24657 91063
66470 85094
85948 87223
54341 83671
69860 77112
48872 55326
34574 55515
62014 81981
7021 56437
42795 52103
49184 62282
51857 63689
79944 92518
81891 99132
31835 65037
78349 92678
74319 79560
49600 51355
91069 98654
49204 73600
69160 83652
37614 56508
35085 53855
49789 98170
48909 77289
51341 65645
61798 87398
37419 59096
47954 89241
34403 64745
49049 50719
25297 34026
36955 63304
28533 60165
30817 62164
35429 43259
44461 53518
72730 89723
65645 80000
94806 94835
37225 59285
28546 61283
25824 53526
48189 66211
52585 80638
32047 56311
99679 99974
47170 56534
48707 53869
41014 47409
36708 50000
18362 49059
67813 80879
19326 21204
37327 67101
45777 55275
46526 87163
24356 81735
75221 89586
23591 87510
43678 66599
33398 53550
73790 84171
64096 92833
80485 85379
42780 75929
27826 52026
29051 51891
8653 54018
72017 90261
39396 45269
90370 96077
49282 79717
67907 92958
38785 54407
6821 63940
76077 90661
50000 57923
97126 97138
17480 65101
26179 69107
36493 50000
27433 54120
46030 73695
48891 52660
38146 64633
71052 95270
17058 60396
23962 58496
47338 51471
8181 50000
80461 90097
47393 54407
48611 88819
10121 31072
62255 87862
23069 53631
37965 74096
50000 57532
46516 76388
26230 72515
49034 86395
18095 59720
94752 99139
38575 77116
56805 76140
47403 51893
50000 56945
25368 60196
44335 50000
32860 47388
22091 57711
40143 66040
47184 59819
37493 56624
39652 55277
48292 74499
48135 52523
22134 94319
46365 55380
44924 57237
48945 64527
21388 83628
3449 15927
26656 50000
85161 95160
47628 75925
59883 93985
43968 60806
16105 49745
96423 96824
66491 95400
48551 86249
52777 81497
40479 60433
45969 63507
65142 73022
40023 59244
44190 53305
2959 15237
80135 86374
18489 74290
50000 61405
92402 92818
40982 57098
26407 51361
72783 78683
86455 94632
26562 85362
93917 99407
43728 53166
57291 69424
81085 86145
69159 86624
68069 78765
6300 61057
46719 69770
43123 83599
33389 48452
41635 57667
66736 90844
47735 55442
29040 59491
81223 82988
51616 91388
73751 95966
98292 98823
16746 43753
45314 51548
48309 88303
80102 95380
53625 75951
14888 64467
27632 54938
11567 34773
15874 55581
30261 89103
29427 57195
94841 99631
42858 55811
78777 85171
70719 75078
36222 68623
10223 58280
23435 62695
78057 78514
83929 96605
27542 60765
21038 64037
47280 81381
42448 50680
49448 53225
50000 62646
44510 50863
12210 75718
1112 60025
16335 73168
40935 54184
37250 61895
285 17780
46497 86708
41318 56506
38135 70843
94233 95773
48800 88913
72974 89259
82654 95575
91295 93585
60596 97302
48985 66732
46143 95194
95046 95254
42528 50924
60051 83029
44277 83388
95092 97499
40698 50000
48455 90263
13030 35465
41293 46059
47981 59448
44456 65279
85537 95732
58657 83269
91689 97722
49438 56635
48319 83884
27477 65828
75294 85138
48335 77738
34412 64171
25407 70825
34263 65790
33650 62658
46341 75510
46410 64628
33146 97203
35212 61363
3429 32904
35938 47213
21586 50798
21508 59832
81890 95550
23010 60454
18267 42050
53552 69965
30515 66915
89206 95078
48781 54162
40900 54595
39237 58466
45894 55884
45617 61281
42755 63949
50050 57402
34849 78184
90827 99185
37458 71509
48944 61838
16401 37232
49032 94218
15010 19501
147 68191
16559 18723
49335 55747
64142 67151
49434 63031
34206 55936
10124 53039
49586 52044
41631 79300
40183 70248
17674 49002
22348 63392
97429 97484
9481 53744
80723 86322
21493 50340
43359 54171
52504 85713
49039 62375
31823 66159
90662 96333
18373 78491
35955 62423
57186 92908
87261 93646
40061 70826
59282 75455
77694 88232
23764 61390
7434 51866
78285 88704
14499 58016
46454 56222
37103 37121
82047 87395
90254 98673
16430 40860
23711 51242
79995 82868
48145 66664
17794 22678
6876 46427
70072 87989
94563 97211
43383 59145
36468 61731
46458 72229
73972 92732
47419 52139
20423 60589
6956 99107
74119 98102
29139 70944
98195 99724
28649 51714
79288 81778
25627 64778
17348 55419
86559 95873
29663 93025
83904 99211
86638 89228
22893 65232
53892 59688
39498 47696
32107 51675
36687 55866
82805 83920
52142 88854
83095 83661
29077 83936
70639 70749
47591 50073
33045 58678
63936 67691
2532 41255
6943 46607
27481 59267
30584 52356
45021 54749
41204 78101
45170 70675
25470 50000
36980 66974
47649 51003
21416 83295
18467 63226
40627 57383
62190 69631
44032 67294
45236 50000
80863 97694
10215 11080
78231 98765
32448 66861
23743 55965
96486 97208
28915 30739
25855 41822
93541 98572
68594 99863
46307 60737
57902 85140
76852 88888
21171 38242
82112 84350
43863 96352
45353 77580
22154 65130
15781 52866
2432 48689
47779 50000
25696 50372
47921 48163
48809 52208
83744 97883
19025 38022
40566 90004
64936 82446
48670 66560
87640 88775
44879 84107
40099 48667
28119 62365
66065 90948
78179 80463
41300 52249
198 25723
46966 63738
44507 62193
42627 64801
44616 81502
21030 50377
46259 61244
80420 99863
24322 76645
39979 53114
38113 75776
20105 78354
35553 55974
40169 58370
53584 56849
7428 42169
88674 91292
6550 53500
46294 50000
8221 85568
90443 91183
40392 71234
44535 57435
48322 66193
61170 62879
46744 78493
48738 51600
81185 95108
44243 70796
48840 54689
93655 95191
38303 55744
65466 84335
118 17341
38154 69443
34062 60314
50000 52917
22863 62559
29723 60660
10650 98397
38811 50635
63007 67026
54183 63693
56622 70769
34919 98916
30596 74462
63591 99511
40388 57035
47260 50334
60629 65260
47175 77228
22571 59473
25264 48713
37970 77740
42746 50709
19106 99900
38419 54178
876 33640
43366 70648
44446 52718
6895 45132
49429 51068
13854 95533
34688 68080
50000 83033
246 81868
81892 88264
62487 88243
26757 32635
46530 85926
12685 60173
48008 85344
34983 56559
17422 57699
88772 90655
10216 90583
84780 93652
28468 78931
27402 71757
17615 50014
25538 94767
41594 57359
4866 52425
91012 93824
25155 61410
60502 78780
40235 71537
27111 60252
34266 64955
94369 95203
44683 51330
41154 61472
39753 68497
42865 61292
83383 84333
94907 98938
98328 98328
46035 96579
91662 93463
40359 78924
14445 97358
66966 98848
48441 53645
21494 60751
59040 85013
34211 53728
12635 82935
37956 71610
34490 57726
62062 82100
6013 56888
44147 89923
42255 82726
73312 84395
40032 71652
70994 72857
43698 58112
62135 93049
35432 86287
31865 88488
90716 97476
34206 53449
18495 54897
2455 57964
45758 53991
49095 53435
17430 26956
11420 42529
29222 58703
54496 95157
98785 99337
37856 50515
15339 42005
98416 98927
50000 59740
23379 68730
23385 53659
40710 55613
87058 93766
48005 56925
31643 38140
52435 63216
83297 85626
51774 56514
57884 61000
46542 72244
95156 97169
39165 77132
80966 95246
45611 62919
97790 99616
2724 16189
95358 97753
38370 52327
62267 89983
74483 81108
42133 82912
24145 64943
10467 51352
92842 95674
68580 76338
12097 93551
35945 53224
20766 73989
73447 76471
84803 92526
96662 99431
85703 88871
87584 93333
98588 98922
37430 57814
34354 50000
71512 94758
31736 74319
53656 66856
33451 56793
39576 55584
29944 54993
39741 75598
79297 96835
11079 50669
31885 68039
28901 87841
87144 91155
3057 98040
61020 87859
75957 97031
47470 51014
60046 90971
38316 53346
27365 93052
37048 73654
98232 98641
62234 80610
86202 86371
47570 51960
62792 99611
66844 94694
76001 89704
74801 85246
31113 62159
20614 36012
49911 71067
42243 53398
58912 77812
64231 95928
74025 94967
23345 65409
40764 57758
58448 65063
5058 95383
41170 53983
79957 91439
35327 50011
44615 89063
25644 52493
83998 91595
19555 58527
60904 94326
80023 99017
39065 62309
49617 51697
32523 55528
92769 94250
48394 50000
46294 52758
41603 44998
66668 72670
42708 64522
34936 75118
86506 96907
10883 35658
69166 72004
23328 81128
33358 72920
28186 47961
99801 99867
92228 93645
9158 33924
35124 74164
73485 91303
55533 72046
72801 94598
92197 97477
59778 82611
27559 96754
618 22057
34828 55572
34649 42210
48822 50104
77343 93580
41820 80541
51815 81452
32087 90447
24731 68786
18828 60675
27812 70186
46141 66359
25277 32954
42097 63353
63830 67230
48015 58121
27001 88163
4569 24929
48081 78842
46866 86517
35238 45439
49350 52606
71056 75929
81291 87064
85555 98642
14279 55856
14244 65494
78038 79443
47237 59698
50000 80773
83450 85784
49935 54936
48166 52717
7984 53278
45199 56740
47153 58517
75216 96894
7539 43756
28897 59879
14263 59760
47445 85697
41519 51224
46078 65294
35832 61647
75927 92426
21726 44614
16285 71897
33098 69345
20404 89813
85304 93245
38167 43986
39518 84843
94704 96809
39984 79661
18374 69989
55096 93061
50000 74394
37223 56447
3790 34786
84386 88139
45785 63363
35281 57899
42031 67149
18224 63501
37527 59048
60560 96382
45856 50914
31005 55494
55957 99414
30214 51201
90657 92053
30648 33754
60028 82265
31487 40334
92898 96049
49763 60179
40159 52832
59968 76494
23281 84144
78473 80373
40834 68518
3237 43502
35590 64571
50000 54972
10633 89678
72144 78690
56132 93882
16301 31419
65568 99551
54968 69620
56933 61752
20983 54487
45069 57556
43157 82648
37098 64067
20567 59044
41047 56258
46575 63534
47295 50000
27920 56510
43717 86397
64228 94794
29882 57631
39049 74577
48947 88741
21960 65713
76403 85881
95007 98089
18564 96096
31973 39947
40889 75656
52881 76009
56082 86197
95024 95442
49563 50470
23550 55046
50000 50837
45263 65061
29815 76766
19857 84666
16417 20964
42793 61393
45072 81921
23793 46311
50000 51760
83987 90791
44514 68638
18758 58189
59340 77679
37026 95048
31782 73666
41956 65253
70303 78215
27116 66685
41659 83144
82062 91793
40794 52740
51359 82779
36121 59212
48003 79757
1403 90175
4923 42413
27859 68647
48982 51852
43379 81779
71907 79933
27246 72003
47933 53972
1804 16757
37480 38274
32531 58587
45509 52650
24062 68386
4987 31362
45565 50785
11436 54306
38675 60183
9919 92524
64274 77761
57261 63259
37326 78851
50000 72287
30709 43883
9690 50828
76964 97245
48268 51886
48238 74883
8572 50678
25802 32688
94872 95844
37028 53697
40538 56559
9296 76159
89662 99406
10279 95825
48167 73681
12576 84701
49359 52885
87677 94408
71250 79513
33934 51866
84523 86808
33077 55780
42435 61456
59553 59613
46599 52376
63044 80715
33051 50000
92793 98818
42867 58933
21780 50000
31152 53545
43352 60771
50000 51613
18051 61404
21201 64795
42807 89172
20613 55038
25805 51192
48010 77976
56283 98631
49645 58197
49312 57008
9000 37185
47270 51940
12207 37804
54713 67940
33544 57686
39901 52938
17650 59923
31294 57271
46190 55762
48987 50113
88302 95602
95462 98542
40371 50189
37983 62522
50000 54152
61924 99088
94878 99816
72635 96905
45572 55316
69248 99460
34337 80671
37913 77583
57989 85752
92712 94954
13196 58244
11141 52837
47948 51896
28071 68494
43687 51509
42084 52519
19716 45582
35532 65262
4713 31794
4706 15687
96842 97572
7773 23378
48792 54239
52025 78488
26787 44147
49266 52733
41281 66216
24334 60676
37449 84992
59724 89291
70298 72609
46136 89130
2992 9199
36331 66808
37229 58488
47287 52671
41817 67318
37207 97192
51368 93695
62015 78766
48023 66031
72511 81066
15822 59434
14810 14976
58793 61444
14151 54917
46892 50833
47741 50000
5900 21157
24947 35418
12460 54770
43843 48550
49256 58414
38682 56109
50302 86566
46315 57769
45513 53405
29541 58034
23349 66952
44491 60639
8814 14624
24388 50848
23560 58041
63445 92965
90491 98731
99149 99602
82938 87982
15309 50028
38727 58504
93650 98149
46246 50000
49541 79942
34348 50290
97797 98515
48641 50953
57778 96124
62338 72599
58958 89329
50000 66545
79098 97477
16714 49298
31155 59061
48401 65847
50000 73096
24991 58248
70368 73420
47420 51839
89428 92351
6898 91452
37032 61671
3298 7478
59706 71169
21650 82506
50000 52155
49941 51292
35804 81026
51036 61237
1192 3830
35753 42338
98753 99436
34279 74918
22913 33530
17035 52708
47660 50000
13699 80035
46738 78521
16476 58671
46190 51669
6638 41445
29856 70479
31544 57758
9817 26500
37836 59573
20758 43456
36934 63669
23558 37658
12066 75456
39943 55002
99923 99956
27449 68136
36962 52053
11476 57311
56541 96198
79707 81717
39635 88383
41923 83646
64623 69754
21650 66129
72504 99641
1977 98471
21271 51881
3536 20779
42090 64504
15798 40379
42401 69469
9497 72367
42941 56470
11877 50550
44122 50404
22621 50000
48160 72168
22117 56503
46380 50000
46979 51020
17025 51937
49106 50229
46242 65709
97220 97651
28952 87451
41809 55517
77295 94493
64830 88358
99508 99851
13446 55203
38423 67346
28679 73364
40275 73697
47424 77042
42037 52549
45628 53858
70128 90092
64797 98072
30867 66937
37895 58723
53707 92927
39660 59521
49256 55366
18863 63151
73219 76967
42752 71985
45514 75407
39560 82455
47961 50000
32142 78074
59488 69728
48820 59344
74644 95150
67020 90812
49372 73818
97572 98627
61975 97598
36280 54378
46068 55923
65148 96091
62532 97610
36117 71351
47765 51468
34927 51929
14747 94842
48487 78153
48690 56410
43740 70361
34137 68349
62378 88239
38259 52623
33416 50000
8852 87995
49134 56478
32665 70474
31887 58812
46962 59817
47052 94404
60322 77465
44933 56654
40722 75922
33811 64682
46882 77536
33553 58465
80062 90726
80793 96561
32058 61653
38930 82654
41028 75430
27467 94907
68908 92070
90834 94084
98839 99108
62180 94290
50000 80705
42758 61194
65842 96832
6022 82373
23976 52929
38686 74465
33225 59730
52852 59325
98038 99277
49242 52614
62673 76201
42158 64199
44843 50282
15193 50000
92096 94406
68941 92219
38806 82173
66794 85010
38088 70327
30394 50477
39847 67594
29049 83439
67394 87387
29397 53529
21509 25201
42054 75901
16032 65934
93918 97479
95188 99700
46212 57717
29404 36235
25989 55964
45817 50000
40371 60195
62847 77687
23677 90275
40404 64243
13258 76723
16776 30758
31291 52347
53806 83172
23721 55752
47515 91754
38695 61104
45481 52434
46025 98777
13006 50000
80462 88340
33883 65166
77365 88701
41749 59253
48110 70239
57177 69411
37315 80282
39357 57622
81813 91907
43446 93368
41079 65787
24572 51120
31103 54812
90498 97293
26863 59878
2170 95410
51568 52969
42673 56625
87806 93325
49590 50182
35190 50497
33947 53848
27443 80120
83864 89159
47222 77581
3031 68267
63143 63369
34784 89018
47897 51756
59599 70484
2739 79723
57891 67327
60844 89481
77545 86518
73815 89861
42407 81323
16111 44558
46225 75446
49434 50010
67826 79808
22794 64303
99246 99780
56023 78946
44579 58028
8818 52053
84440 90677
17751 58380
45129 84822
50203 68334
42415 86079
28240 57465
69430 88733
38440 51821
40926 53905
18219 89916
49494 52581
35204 69417
21109 29052
50000 56321
42065 92770
47909 71975
71522 94708
25381 57803
71165 73617
37415 72581
19839 52814
45442 59735
39281 59967
77601 85136
63043 79400
45604 58713
57807 62454
46065 50928
34663 56916
41789 55384
47547 51559
39146 70819
48175 58349
17748 86108
42665 47896
18944 78611
4855 32563
75509 91679
92430 94084
5767 96101
44094 50273
67955 85955
87910 93994
43197 60954
55442 69447
63105 86977
78684 93479
21226 50488
93101 96000
64540 86737
45925 50788
15578 53126
42185 53116
37064 85157
24977 74886
85072 87909
47893 56717
48569 66974
30062 55012
44632 56229
39769 72774
39686 53622
26961 65491
76438 88851
25380 62858
46519 70062
23527 56663
36008 78746
47562 58847
3670 54575
49734 50836
13821 46962
36401 66786
1284 2318
42894 71881
7469 9524
47025 51396
32932 65056
98636 99394
46399 76332
51162 84545
34132 71698
83486 91361
46626 79813
43827 61058
10725 45726
31545 63021
43300 70680
47234 53976
92485 98988
89746 98369
30932 52976
91716 95695
39655 51622
59630 60018
2770 95630
36203 60382
34097 89429
67400 88685
94297 98699
29598 51010
24695 59898
15880 42885
50000 53778
22724 58099
15866 53090
88959 99245
89278 90628
47376 69203
76066 88407
47857 63265
41993 50000
56067 64260
46942 69042
47969 59003
30519 80636
32659 73367
8875 73880
42064 50000
45438 53712
93086 98093
24359 66193
29685 76414
40362 53674
39180 51293
33623 57615
48078 86244
11079 52891
74761 87657
79752 93284
65726 93513
52274 84382
18327 30499
49892 54596
40650 52398
50000 55693
50874 91694
97154 98199
31217 73114
57726 79688
35537 55372
5011 77139
48303 53301
15485 54266
22841 43948
30065 67695
40503 54034
45952 61288
38174 58088
552 30201
43664 59186
85467 89286
41611 55071
20694 64164
67257 70999
50877 62739
26958 62301
47463 51070
47620 74312
37933 50687
42072 76674
10850 58410
40125 52139
28301 55019
49185 50683
55265 92051
86902 93508
46383 80261
46508 81129
90141 96400
43472 88235
52179 52541
26889 55437
47278 50000
18186 51457
77363 86353
29243 54083
45501 55171
56777 56855
14038 57135
15475 70343
44516 80292
17113 60921
30833 31852
50809 66668
9647 27904
77304 77506
74792 92208
80195 91112
46331 62418
28809 51206
95050 96100
81361 85100
31041 65263
23991 60243
69421 90074
48545 52758
70459 95619
40988 60804
29281 64664
30840 42735
91282 99450
63942 75322
35252 51529
22303 54405
28949 97128
44779 65224
49762 51818
42086 52573
28534 58355
34841 57337
19388 89190
39966 57557
7466 36412
36049 50223
27112 51939
52981 54128
62873 83304
45061 51840
18005 57349
56926 99576
44197 66764
64917 67232
40152 68676
96530 96789
40614 65478
2229 17070
45268 90318
46833 50000
50856 70419
94814 95093
79333 89243
49671 53942
43516 56519
98456 98607
87726 92427
67211 70772
48687 53159
50000 71925
38380 83176
34747 50675
77584 82264
86196 96407
45108 52474
49533 58865
42241 59171
50371 59385
90926 94206
45617 89642
31667 58814
25619 54680
16024 53627
48940 83295
31204 64158
71106 99179
46012 74780
35210 65006
64516 72232
68895 73815
86956 88040
65262 68650
60199 77842
42086 71816
14771 59805
43978 91851
28721 60578
41536 85627
46028 51610
47638 52844
81648 84446
23926 24746
42776 57161
40670 58139
54995 83128
55440 98406
94355 98257
7924 29936
13464 75081
27584 70162
21142 56563
92033 95035
42850 53395
25642 55303
1723 62172
34661 71537
8302 37122
40766 51689
32065 71148
44682 87091
19268 59291
69897 89590
35595 80724
28709 64060
43325 56405
44329 84861
37922 57437
15361 42456
44716 72339
31398 52301
47567 80994
82432 88588
18826 21094
85609 94735
9047 46380
25950 59855
97838 98257
24726 26666
41543 64914
34787 43899
99234 99271
50000 83747
16282 55711
4517 46418
42072 56359
49610 51817
42329 52113
8887 89635
40469 63964
47425 65555
18363 70531
84313 95536
44962 54973
6596 56624
38434 72054
47513 54110
51904 63523
87269 88920
73269 94008
33895 52493
46159 63369
95723 97038
36290 74088
84144 85166
42102 50792
41235 77228
43059 68238
47076 90218
17995 43322
78106 94982
48607 64393
44584 52103
43790 51518
25661 79098
89307 91755
12065 97336
34884 43353
444 11959
3843 45182
55409 80911
96837 97402
10106 40693
46984 60434
47707 88394
47847 75919
81395 85495
91770 95095
48262 53852
32321 53033
98395 99937
48314 50899
52481 65816
27490 55325
42040 56637
67477 73030
38537 38593
46531 51196
92124 94017
47469 52686
30054 63336
30973 77889
75465 82182
57144 74642
44977 59925
2154 14282
96846 97981
26645 46576
50000 68646
37434 64759
83901 97467
40552 59525
85949 91067
11607 64667
58419 69713
47816 78872
50000 63233
23133 67078
88676 96793
40561 95820
38604 54163
43136 70287
47618 50000
36635 63367
30564 52915
42880 53031
98370 99442
54890 63715
50000 54178
18987 63014
24395 88231
71053 99342
46541 50000
65320 70175
45968 50284
56614 76138
93888 99844
35987 68439
23953 53881
86416 93823
12249 37314
32219 74864
48057 58586
46061 57544
77430 82549
27345 65859
47051 90864
26636 82962
13412 56295
19597 97694
38225 99410
84673 96331
43818 55528
46272 87855
44110 54417
92166 96105
47765 50807
30172 52946
96848 98893
45565 82007
75328 86590
71857 81911
21022 52632
94992 99219
98421 98664
34838 65863
90308 97422
17792 51285
54064 84440
23178 50664
48085 76662
39255 82458
46353 94874
1958 35448
32700 55843
75168 97150
38311 68691
49508 63127
80143 96849
33189 37603
2798 33895
75463 77370
83605 91045
43189 45440
9956 25415
37899 56492
1983 34619
40367 55526
13524 50350
19759 50850
38207 54167
44170 76611
98595 98791
24787 66848
54291 96443
49122 54653
36766 54803
98220 99764
28535 66611
48069 51513
60046 68311
87371 93643
3592 31851
57264 62775
16617 58229
35021 53836
60821 69540
93947 96196
3061 26377
31767 50000
75376 82873
44397 56121
93245 99622
86875 96947
63697 65090
40411 58758
83835 88021
10849 71882
27525 70440
50000 52513
45003 85137
40867 62813
47845 60610
48247 51101
79707 85185
75284 76351
75573 83790
96746 98110
29911 70870
55296 59018
49459 57469
53198 68182
2285 48124
92417 93811
13054 75235
88563 98144
49021 70445
9396 66851
60454 76277
35579 73551
40202 97962
13837 93882
15580 48975
96343 99887
6920 58081
47920 75797
39630 76849
49863 52802
44530 50868
73831 81198
48577 76096
87183 94518
48751 60366
72977 80756
5561 50743
39979 71484
50000 62693
26437 29734
40740 44671
23593 61063
14413 94258
36920 67249
47744 61119
75852 77557
97009 99052
40074 76581
63719 67238
67019 84461
22382 51057
14929 50985
46253 69502
48849 52671
43415 78047
23207 53848
32647 54422
48124 55622
42460 56343
41732 86951
53932 84278
620 23879
16243 72298
94618 95782
43060 72380
47915 52381
41384 66384
28686 67917
49401 82397
20086 56265
29251 38942
48936 50979
40785 60199
17088 54450
42952 76873
42757 75507
3378 5184
26437 54116
58951 61636
47566 50000
90152 98914
74647 95863
46035 60335
18155 55792
8650 48855
50119 68577
47324 59819
97602 98519
18681 57930
50000 54335
38022 75783
51447 62615
34871 53923
10614 51010
40726 67305
22086 66720
45213 76129
23023 83554
48575 50444
38016 57182
16128 50712
42874 62405
90263 93780
87547 90336
47863 67073
902 13929
94684 96953
33367 53395
49261 56716
99103 99554
49375 51101
10332 43670
48084 58124
8057 13224
17078 50988
40447 56672
7706 17360
47450 62488
13920 27333
14563 55868
36147 80552
53529 87917
8384 50000
40867 84720
14206 84420
36219 77527
20631 52314
42220 81355
35843 76546
31929 89754
26171 63705
19652 61103
42812 71443
52975 58043
30291 60166
12437 23922
27845 63225
79708 86952
69427 78559
47548 50000
48917 63471
39032 50732
42103 67379
8250 52568
16703 35353
41906 88344
20072 66685
36367 75177
90855 95017
5850 92195
30795 73879
22807 51915
53646 78372
91236 93210
48641 50856
34346 62408
43736 50713
89787 91591
49730 55098
25718 83541
41192 65165
58259 58326
27484 85714
39975 53081
44377 76970
43587 56167
55240 55939
43645 56339
53550 59701
95919 98538
50000 56230
43992 67202
9842 15866
86599 98408
35563 79596
49723 68963
49863 51290
47612 61580
66587 93055
15351 50000
22966 62371
72792 90847
8760 14537
33902 37579
18600 36454
46831 50000
19198 40328
14483 99454
38929 65606
43962 56037
52703 62395
17779 31823
37808 50129
46003 58197
45844 57140
47660 85695
12833 58039
41919 46855
75186 75621
63563 65101
38809 58252
7197 26716
10024 89490
46853 50000
27835 68731
68950 96870
33659 61924
16330 58003
46190 46409
43735 80304
95129 97401
36805 69494
25250 27026
8466 55628
4667 52108
27987 70720
44213 79876
90316 96434
52545 94114
36560 66033
45582 50418
51628 64050
50239 83890
47252 52210
97948 99943
48623 55399
29744 67172
42704 65189
35708 72227
53864 75468
49977 86211
50000 54917
26633 36772
21029 67500
33535 56005
92008 92387
45429 51349
9494 64792
14303 51975
86174 99033
60511 98969
45101 90970
35549 71975
2140 2173
28198 58615
40692 67831
53633 86946
20437 55931
18218 21617
43812 49065
98889 99998
66439 72495
64479 75420
98393 99966
52527 78178
17650 25662
17004 72955
41112 71322
68314 77932
40543 43284
58529 65991
36831 57622
26679 54973
50000 52511
34526 51787
17564 52511
46913 83321
95002 99213
84658 89341
36707 44041
55443 64780
49683 69972
90431 96267
18684 82828
49937 55453
50000 60712
32186 92980
57754 81740
41640 75271
36507 51125
26993 32955
38857 68740
12782 50255
19918 95303
3324 92233
22256 81680
43282 51951
97889 97976
38664 63750
32705 58511
1279 57808
6809 41087
35764 78856
27386 65448
28939 54554
59721 83560
37601 92821
91472 94561
81591 84691
75822 84527
5903 64860
47611 54512
22031 55423
40146 54074
49037 62899
11925 63160
74392 75100
33291 63884
43376 54635
49783 61478
4628 35965
43284 55277
25811 89262
37691 98094
87154 88318
50241 80116
50000 56822
8563 50000
47559 50033
24634 51853
37023 56770
61850 74762
3565 7148
58966 85712
4480 64362
33093 57283
38193 75711
8542 32735
39363 62544
30821 53098
27328 95585
74434 91504
46937 50000
4821 76858
44631 49633
42178 92959
40658 44378
48723 51265
42351 43344
35600 50000
4436 88884
32900 60892
99889 99909
36623 68734
37784 75606
83415 88827
88552 95617
41192 52459
62110 76152
21629 72907
49443 71329
41543 64478
77833 85693
39185 61985
40582 54716
46377 79400
50000 70873
11713 33832
59478 64899
48950 53049
45013 51586
49070 51556
49942 52844
52086 92444
55379 88316
32147 74396
48123 90302
43932 50840
95365 97040
19580 79833
28725 61684
31403 52689
46615 56478
26421 89249
68940 77863
52451 72679
7863 60907
49570 66971
30227 85095
38313 58185
47882 62280
24525 62450
61196 88903
58890 63857
92085 95877
29677 55182
24494 64964
77904 94912
26011 55706
50000 52043
42431 46410
47040 54673
36064 62263
45730 88547
46556 80567
90938 93037
88817 97246
91391 99071
45463 73689
47881 62549
32887 75720
3045 83534
42008 44017
23077 55433
43474 71179
30056 67216
49356 50220
34300 92654
85450 90490
27312 33438
34516 61838
30059 42396
40562 74122
85954 95191
20195 53963
75238 87163
38487 56931
84520 90039
53108 53594
29459 72637
9582 39473
20406 56949
16169 54853
82270 96804
36975 56529
3321 95408
37766 64795
21543 31516
65506 92212
49160 57504
16775 88978
41088 61417
23396 72121
47031 56833
5455 30999
70886 83375
27554 60095
86113 89693
25344 81694
97093 99271
50827 61339
32301 73564
2522 83613
61194 63030
44951 60079
96647 99455
99958 99999
28900 54316
75667 77213
59955 92527
40862 62132
27782 54832
50000 51124
7165 27987
45083 55403
62683 69393
31082 55175
95336 96197
24648 62718
61144 82413
45281 61704
33483 75753
83973 94704
16754 53447
34154 59737
13566 62102
38084 54155
77750 90674
88536 99068
43539 52179
20014 48163
74324 94195
19273 41276
5994 58589
39610 72273
47057 54745
57028 67036
27786 59199
33715 76125
17645 52301
32888 63841
43060 54493
44140 70735
19929 65201
49771 50131
35231 65605
11553 52327
35260 50000
36902 59403
47387 50000
63689 71411
58440 95768
27647 67147
79389 95331
11050 82239
40275 59708
53253 82294
69089 96547
47695 50000
32815 95046
37306 55375
6146 49685
26631 65090
97891 99112
34459 62732
61168 97830
29844 73047
83316 85192
24041 26530
46256 69035
30752 62038
5925 20318
84429 97459
11106 56203
19050 50809
46857 53216
65192 88843
82032 95749
70598 99961
94587 99769
45214 68878
49359 54150
50000 51941
50000 52089
48801 77320
81389 96983
87309 97822
33529 51041
85745 95899
43587 53979
33571 56572
61680 71404
20815 65812
44232 63572
79813 97953
42289 79181
52892 75585
56575 62246
5362 43352
4435 40699
33184 76106
48729 64052
38938 61489
5531 50000
34722 74292
18843 56562
32514 64440
37326 55900
36015 74848
39376 62810
48699 55637
32412 83718
41378 55121
38235 52916
42952 67655
63290 80949
29521 45062
33899 53742
14771 42382
5405 55533
29284 59035
64736 87039
57658 77945
20211 33995
44753 69715
36700 58881
20125 88919
86263 91948
40554 81629
45711 67018
47638 59528
43383 44665
91358 93729
56716 66474
24359 37513
47353 61802
45236 54409
6054 6292
59488 67247
44623 58304
37085 82352
39774 56160
39829 61144
35187 59036
61438 76891
42938 50000
43949 58976
36898 53556
28408 35694
74127 91418
55156 85918
80456 96066
46292 56121
74026 76612
70181 72452
20352 55142
20745 96427
22117 64515
3361 4155
63869 64358
45040 54718
39604 56793
76380 98957
47156 69179
37699 40657
49020 95167
17256 38165
45477 74694
31900 56711
29977 72136
37509 82900
8946 63686
43434 51080
39990 51562
74796 88950
8463 98944
60810 96435
44644 76587
35747 68740
90861 94500
79223 92465
46391 50000
2774 81653
79456 85050
34524 85633
19049 61982
44450 56825
44467 60155
49139 54982
79102 86455
17012 72213
38349 65195
92780 97775
58499 79860
41334 76440
15016 55489
86753 93422
48741 68808
46697 53159
91286 94361
47712 60086
97280 99815
36684 50839
86666 97567
47533 66009
48147 61248
14501 96448
40951 52862
12101 87350
40981 59264
31439 72261
47119 86355
37175 74630
76219 97325
45453 56881
13895 54405
69021 86319
45858 78545
34843 64165
68740 80105
92404 97114
43151 84768
35707 73976
43177 53014
22785 78344
49869 54674
76111 87208
43974 84624
67186 73914
54488 67707
1960 98843
62120 78779
70062 74282
55939 87278
95402 96243
3780 64715
46548 88357
46441 53622
48682 78385
48565 50000
23610 62280
27455 95606
39292 59189
11524 52044
44522 61434
5998 98542
60447 92144
31833 95846
49773 78194
3361 87084
43399 60461
43427 68656
23486 54799
22538 62302
45971 50000
13909 53430
26848 85467
38954 86373
20076 90504
71859 97493
67010 99901
43410 84253
87279 94989
85646 87775
48212 51415
20889 24902
44278 71454
4205 83982
36144 78321
48921 55290
44652 48355
40968 46343
49228 50320
47644 50440
94406 95658
46504 50511
60784 86545
5839 77579
40658 80330
28276 55487
48096 52388
29201 51470
7726 34105
13284 60867
41481 78736
85767 92010
44674 69929
32847 73671
17882 59518
50000 78249
41635 57704
99016 99245
88771 92102
21177 30963
8020 50636
8134 73505
21653 50000
69726 95116
48267 56872
20865 69663
81091 89154
84536 89860
14284 22243
27381 47583
39071 54112
35151 39037
41612 78563
47771 50000
34810 86156
77101 83458
47770 50000
36949 52878
45972 60946
51022 83350
15220 29128
32663 41597
96124 99815
39816 76168
30843 53135
36650 77316
31410 66251
40269 77462
35513 54606
58644 80999
41730 52463
44290 56045
89691 91020
18930 51448
22518 66981
5898 66836
27383 71262
24854 66746
16412 69278
47934 53561
45692 56254
34492 50648
25665 63056
45080 66469
18559 50000
44476 74623
43856 51967
50000 75752
20192 96517
4414 32915
8950 33141
43622 63549
51955 79320
14618 91836
70346 93777
22354 64553
76989 98191
47847 50971
91947 93746
56954 97191
45419 53802
48189 79238
11674 43555
80925 87232
47089 68906
1958 45862
74836 86505
88074 93734
26848 57705
6105 35688
70069 80375
46914 63635
42895 61125
46580 68128
42250 66786
64339 92056
90932 98779
91865 93304
63398 88105
16046 35445
35790 50727
74599 90247
79179 80601
17978 49008
37249 54655
47968 91908
34061 79267
61256 86075
63648 84120
48804 50691
25869 51769
37930 39030
63068 97123
27422 60334
47875 60659
10124 82539
46113 55159
88725 98998
34130 88245
98399 99009
29197 54819
18656 47846
30491 73673
45559 50203
6277 15121
54017 89748
13348 61832
41791 51966
45804 68543
42050 94416
46510 55147
24734 57965
48339 50000
97587 98712
19904 87034
42269 55256
34351 50000
22964 57540
17212 55126
64195 94535
48392 61445
46434 50000
32480 67976
47384 57630
20759 25823
24241 55653
20586 33375
27108 67568
43969 80921
48447 63847
52345 64653
68306 77905
52272 55683
48718 52838
30032 64585
72484 98594
41740 64128
53785 58924
16664 31372
68584 91953
45656 59000
43673 78432
38212 67865
35341 53323
49739 72700
46716 54906
82120 88246
49375 82065
62167 65318
87264 95067
35942 64003
89934 98238
46797 57971
15206 16488
43949 79260
43413 57380
77053 88525
47234 65123
7908 38528
94007 99152
99496 99971
2000 38791
835 18900
26073 82539
29191 61870
44403 80959
39367 74285
59111 90891
50000 52009
35049 54746
26570 68364
46533 50000
42666 62960
45663 68354
34070 58471
98123 99633
55515 94293
34270 70068
49735 51500
31340 54901
30386 50189
44282 76350
3640 23448
35811 64090
46426 57057
11507 14080
60187 72262
48587 51402
75048 91918
28881 43424
42539 84977
21628 81304
14178 53467
92034 96087
2088 50339
47834 52594
30428 50000
36979 66314
8326 53461
86506 92024
36733 66197
71721 73430
50167 96108
52001 93312
37176 58144
17840 43516
47347 69246
19796 88033
26201 44378
13737 21653
71072 77252
38616 67539
47730 61246
33774 52837
50643 64533
28865 71357
3603 13342
20101 56652
45556 56693
16584 59710
45953 66533
27094 87668
49018 61064
52173 75663
24262 63863
46580 53554
24938 52373
39641 50204
7290 31961
45330 64613
97941 98812
5407 86012
47602 69104
5782 50000
43796 53775
75545 94648
44202 84950
79283 85950
26163 38942
45387 61741
42700 54088
54426 73471
4032 59923
95560 97274
37681 56755
43820 69590
6521 93562
28048 69606
30865 67070
47920 53816
34201 37855
16181 52602
44895 60120
25608 65333
49112 59876
46008 70346
97290 98748
45773 84206
86202 94639
9411 14625
45627 51235
47619 50000
59848 72606
45022 64932
44594 71527
81125 81925
6764 51914
28479 54353
47772 87375
48429 89528
63410 80611
23503 50000
69229 81614
25123 59031
28318 52556
86849 96888
40995 83926
25048 58425
28473 84223
41607 52813
48462 55558
27799 50940
40578 53584
42351 50866
43691 50541
20704 40907
39469 83140
99574 99907
26032 54015
50872 97557
84236 91603
20805 57343
45119 51113
57713 74988
44836 78924
39134 74379
32329 65148
39710 62441
95425 97623
36713 57652
88234 93272
44070 83039
32183 56585
56731 97444
18609 22282
961 25129
35341 69064
73271 89551
34771 64775
31008 64102
90991 96229
13644 55233
16351 59115
40059 41071
80029 96052
20391 64593
47660 85558
33387 69895
49178 52199
43535 64998
37965 73078
32629 73123
15886 61182
16723 51725
46435 50000
45740 65109
25334 60920
35965 66580
17347 58147
58485 68637
35224 69489
35329 56919
35374 92945
45480 51751
11879 46406
44439 83347
25726 91354
74008 96580
16519 50583
33679 35557
29990 68454
43279 65080
68372 89274
10481 85696
46499 53275
51823 94185
18928 30256
74473 95220
97419 99674
31657 64968
29649 61340
83199 86118
34598 62271
38310 57754
29467 66525
10112 30498
22841 54019
29383 50000
37590 70945
51410 73209
37396 62485
49210 50000
67476 69648
38852 95841
40377 56054
84899 88586
47128 70591
48813 57223
95398 98818
39670 66488
3502 35961
17395 18899
45335 58555
39392 76979
24002 68497
50000 53046
15775 53860
52440 87839
81119 93690
54013 85925
45404 52223
32866 54339
47099 55990
49069 94053
7346 75659
46756 51664
45476 56803
92788 95083
17030 20801
19394 44586
89865 98293
5775 98663
37031 59693
49717 88268
49500 53932
69571 73766
46084 57446
26325 64689
53187 58201
23052 48303
91796 92995
16431 69945
41491 86883
56513 85473
19145 97137
86633 86839
13630 95871
27834 95968
8887 36009
48698 65118
50000 51495
24937 36346
57999 87049
2243 53955
51943 68417
42867 92304
27578 55803
60464 88456
38011 58665
20925 55932
64485 96589
78601 95956
24969 52830
86220 89912
17013 73215
34224 54331
51948 59607
44490 58294
48068 55270
49023 50593
6867 49360
91543 94944
70567 95027
33506 47649
48314 95128
28402 72250
47610 50000
98434 99914
39822 62923
1433 91804
83369 99064
34659 52543
65215 91166
30720 53335
46943 53413
11874 31483
31850 40453
45231 98622
27008 73775
22698 50000
25343 51978
42243 67818
42333 53166
44788 50000
63886 84549
50862 83078
26858 60134
32302 68136
35730 65977
40458 75296
35673 57238
75031 80501
32447 50000
29441 54411
45948 90821
4784 43895
36605 61371
2394 82422
39064 55611
39945 64275
36947 78678
29425 65592
46797 52099
44279 61591
45310 51510
50000 53147
47391 51337
33259 54185
24383 31629
46812 57394
47760 58265
37739 81735
41446 55033
46798 95872
36351 66474
37436 58079
54233 55698
31478 58226
66138 94689
16711 37676
48856 69629
32868 50245
38087 66976
70094 80535
44542 73442
4117 65001
69259 91306
50000 63753
89914 93317
35579 61196
42119 50000
38649 56534
45408 50495
70506 83966
52293 63552
83092 90656
25856 54151
40600 74843
62611 66776
29327 48588
44580 64280
45822 84556
44973 62929
50103 89268
28474 51691
16521 87189
43240 59746
19414 74650
3528 44973
48256 81167
28506 53019
4358 74878
31530 40267
81910 99249
40512 61882
8182 95722
71129 99998
44824 53257
16582 54087
20848 68312
84689 97150
95523 98485
7333 86446
17861 55474
37563 57540
25628 50782
47622 51163
52324 79377
48616 71001
78418 79217
27305 59899
47324 75677
17639 59777
98934 99273
65408 76278
38606 50235
22348 51718
55817 91290
91198 95347
20846 64456
47271 65583
22024 44642
69246 81450
39326 64377
9890 63595
91636 97893
37514 59825
28447 67659
42147 69805
94922 96945
84855 96761
15184 60885
42257 78541
47027 52984
36895 67883
55546 62361
28720 52627
20662 56079
71811 73056
24076 58343
39164 78862
57248 78563
96472 97622
32680 65520
51851 69908
30813 62278
11889 78009
63732 82477
4828 38090
27783 61908
29615 63674
23669 54064
34732 82445
50045 71017
59882 93277
3636 39525
24456 25797
34653 73411
37171 94968
47901 50000
86938 87867
39757 71056
18346 61068
42889 54039
46400 59006
30341 60282
46458 56247
56478 98311
50000 54578
20724 54294
48160 72400
32596 67759
6338 99096
50000 51291
24299 58291
27857 66688
70762 86288
50000 88850
29946 70086
18890 50000
50000 71143
35700 50862
33980 75383
69135 90919
92697 97898
29293 64092
46589 53138
49114 95747
93806 94521
44375 54241
48472 54223
34767 63342
80496 82533
48933 88173
94427 98028
28680 51710
47259 69152
12891 16714
88201 89739
23216 67428
77199 94922
70 25458
84919 99308
77601 99426
5064 95746
45653 54729
26439 65101
37930 58439
45786 72040
34883 68989
48634 51745
49476 51992
51302 62421
84198 96471
87210 98400
29215 53083
37895 42491
10539 21948
47620 55821
45982 62838
22636 85819
45614 53936
45511 64207
72108 86210
36241 58483
13762 65166
89394 93283
4366 91278
43960 69088
50000 80894
49426 65251
30110 66536
46874 60683
82374 95529
30155 62504
37384 78708
90019 97244
23764 58811
72429 87590
39059 70897
29320 66359
27099 51498
50000 59143
66809 83612
99571 99667
942 21951
31975 50604
36644 52261
95913 98656
50000 76340
41945 57443
87223 91548
69129 95936
36826 51346
35208 66605
50000 51830
74073 88577
38681 57247
46568 57724
94244 96588
47765 50000
24236 71150
35257 59021
50279 58522
64825 86007
32586 50000
24551 38384
24253 73277
11705 88246
48221 59086
63620 92952
78919 99364
50000 60240
8436 38097
92731 96712
9568 50260
70240 91370
79782 90270
91653 92617
63067 95285
34933 62698
36851 57772
46459 66569
47980 73901
38357 65108
33173 62070
35449 77745
74558 82901
25061 40538
50000 52204
47727 83379
94338 97104
88261 93579
15642 99594
15822 25297
20868 54171
60874 91469
56780 58705
82952 89951
14071 70306
21053 24040
85573 95075
65947 96089
7650 33374
35476 66182
33153 62074
40996 75760
49145 63520
38260 67836
9882 97314
45120 79628
43730 59814
28919 55509
39589 64807
41745 86198
47432 59629
7872 47013
43953 65254
26738 41488
46810 64803
10783 40512
42496 78785
36405 76566
48726 56135
49018 54291
51084 73528
50000 66282
97734 98632
15977 26893
32366 55351
28172 33662
17271 46671
44659 59625
45907 51650
42523 81941
30058 53928
3107 34950
72056 95199
48249 78679
6516 34176
76864 80463
90509 97732
42076 79015
81299 96085
37719 65464
43592 93465
42655 57563
49192 55350
31 76173
32192 61483
43944 84980
43209 57116
41926 57973
24972 70165
35171 78990
42764 70768
11811 49626
57349 62656
25539 70663
31321 57427
79471 81994
68202 84800
46646 51128
47773 51486
37552 60730
44972 64841
82586 84201
26407 61677
33729 49583
44687 75956
86972 96159
27207 88036
49434 64065
26347 70324
49616 54862
43543 55372
29058 69029
54481 96561
65987 96085
36156 58800
22651 55938
11971 52507
36958 78340
25385 64806
39845 61445
19363 54198
90926 96093
78310 96154
22170 47163
3334 82517
42322 52138
69130 73697
47384 91147
96834 98894
27807 93772
95102 96750
33402 63414
44430 72891
16391 33267
40521 54552
15064 54347
31691 96207
91196 99784
31977 56415
26166 37825
42992 68231
34021 77290
38799 56067
19129 90772
67675 90212
97855 99783
7126 68465
18021 73120
61026 76269
37810 75307
56676 94402
44757 56911
27398 77826
70411 99369
19937 25478
87497 99291
63866 79797
25758 53772
29257 85392
40449 53914
43473 57054
3863 6648
38648 70169
97551 98897
46181 53655
91258 94712
36486 71792
62755 83337
9772 16294
80628 87239
24377 84608
27767 64783
8107 37542
21755 62793
138 37186
31152 72203
12178 24450
48751 51362
42908 82041
45214 62982
49701 66058
11593 20295
2607 81828
24936 55260
13523 52688
30827 67531
32298 77417
34886 57834
32216 62170
36838 48805
37554 54963
91234 91608
76177 86584
45896 56039
6359 54768
38142 53061
40794 53445
56010 65798
70326 80150
50000 51597
28034 71361
48484 60673
43742 76926
86605 88995
53878 70092
10189 29127
35264 48364
49543 79825
75086 82126
49920 54484
44258 79829
16687 70214
47169 92298
10521 16774
12363 58547
44772 82261
43821 50584
9866 41993
82762 84170
25792 68572
20845 55710
36666 65473
78420 79665
30178 77879
49556 60796
45387 56392
35187 54837
701 13189
76303 91994
87247 87284
36487 72950
53274 65925
32926 69390
92948 98815
49074 68134
22729 50000
37522 50689
37720 55805
50000 61946
56249 96427
34141 51156
46298 65615
44097 81626
16673 56326
41107 81041
91670 99294
87641 91059
1389 55893
82746 92988
41806 53590
29453 38482
37469 58892
47911 50000
45366 80178
2729 42230
56017 71597
57251 75298
17279 61183
33454 64513
24888 93978
31773 51534
38967 69870
46445 67461
87159 89857
44494 50000
18223 72223
36543 73484
50000 74686
40741 82507
40068 54514
27230 70325
72773 97638
43851 53082
44376 50000
39433 75804
48688 71773
4374 53253
12158 51724
13360 55448
48145 59634
50000 53350
80200 85551
41223 71840
40696 65967
94515 99406
13353 16433
19653 42388
50000 51689
17029 57296
31454 64130
48491 68955
99552 99663
34881 57133
45623 52262
75165 81553
47231 91300
49419 51843
21694 37069
31707 58313
41716 51243
58496 99826
38095 52750
71056 90322
27600 92951
40095 61727
32469 70563
77285 79299
45071 72607
22382 51250
50000 79210
52412 68986
3840 8318
68004 78257
45485 56654
28358 59314
86720 95661
18046 71209
45933 95126
31469 87556
50000 63202
52611 68858
24640 59721
23274 59841
35104 58419
76974 82217
31507 52380
8055 70028
24068 59580
49623 53315
77467 82117
26701 29358
71394 78512
44088 86236
49508 54741
50000 53260
11876 52595
76485 87236
46441 69510
17424 38749
82348 96637
66141 92791
85430 99460
97224 99464
64567 67586
44632 55880
87460 91477
56647 94023
37906 61567
31089 68314
49785 66631
36434 55235
47714 77515
94265 99753
16427 53681
15916 51756
3361 55792
49152 57633
85472 86710
38770 59107
86450 98895
21535 83638
39029 69710
53458 92289
29505 57126
91557 93038
47869 61075
32342 61696
76671 83799
8964 51543
23767 65491
61505 99476
45368 56978
39293 72810
25754 94616
36084 58398
61195 86271
47705 71303
42604 51965
18732 39411
71820 81127
41303 66064
48523 92807
6331 51244
46354 52647
13738 79618
91433 93318
97385 99768
47297 59555
49447 58398
38783 40708
44204 67223
43956 62121
35983 80655
43992 51561
50000 54739
96506 97531
41235 78711
88716 94842
68269 88703
37039 96230
8731 50639
30447 79452
87436 93665
29009 50000
49174 58715
99932 99986
47758 56493
12764 52856
94253 94514
49588 52136
34458 58180
50000 52079
48582 74385
45012 73650
49591 52361
41921 51959
50000 51193
16427 24889
31952 55238
83228 96457
48304 52551
44880 50020
38884 55288
90018 96835
49226 79941
85761 98899
44614 77261
32134 68061
18158 25686
19087 84040
49512 58770
35474 74713
98431 99801
1528 83538
29748 57276
41622 60751
15204 94808
23586 55086
25379 65994
12729 58157
49384 89558
46815 65503
3877 76180
37830 60567
41093 68895
88433 90550
43884 61547
40254 83060
35440 83878
81400 82662
53916 75369
59633 97953
60458 68428
57526 65655
52426 61592
71038 85097
48598 52726
40860 50168
57612 96102
28696 92163
31753 49676
37898 56930
42175 89649
26459 61773
61218 90412
34190 59339
43428 81054
48691 56038
62468 72509
49274 74119
73736 93726
49971 53169
93821 99831
88126 99916
27612 56874
77697 91751
40154 50000
47255 50083
50828 90663
72944 75051
26102 70069
21355 46697
35686 62713
53027 71235
76750 87064
41502 67666
91257 92766
54497 76321
45831 66123
39992 64127
50000 65398
19419 58950
34761 90638
46558 59931
24384 69305
42198 61072
95263 99717
41846 61813
10739 50099
31911 50147
40340 61250
17430 83342
92719 97185
46334 60682
48650 90908
53965 71824
30786 58206
38011 48057
49496 54634
16598 18222
987 64890
86001 99055
26180 50000
86322 90458
47341 79108
32802 70196
37409 94415
86751 96209
69297 83490
62063 75788
43398 65262
29348 52856
39832 93007
48653 76940
47134 50000
38007 51528
22670 54775
52444 57803
27257 60190
39344 79373
53130 53659
4132 92093
94170 94637
7975 13222
43790 66534
46359 54317
21322 57064
40663 53565
65743 86307
47463 69576
32711 76791
42507 72974
25816 70184
35834 61565
46961 50537
2484 73360
40257 73694
37592 53732
5249 7036
83333 91304
44691 58418
39688 56006
43947 54534
44585 57292
1567 61226
49170 57891
1966 81424
24950 79840
74708 75923
44794 63870
24793 52591
22558 58361
62052 91522
92326 97216
54045 80340
63692 82872
56030 92589
40309 84247
7045 89585
49823 55217
38636 81548
50000 50780
45979 73874
12054 42967
27768 53026
63282 94475
38060 64288
77680 91222
46473 62898
37087 50000
92447 93845
56784 84513
22079 56447
71248 82411
14827 19704
19044 97007
36860 50000
2807 80588
45267 87991
58923 98213
44409 86037
47392 50000
41900 57186
23481 89977
32180 46336
20426 93623
47866 66080
46851 56624
48045 50000
78167 94932
6812 9176
74813 79648
23064 66036
2315 59313
21820 64288
15443 96852
81473 82829
42729 71097
13686 16235
10835 80493
44198 50160
47317 50000
27972 83946
99220 99872
48842 50528
48533 54876
50756 82865
33244 60347
17826 33441
65719 90110
26769 74037
38529 50247
77519 90353
49953 50939
43600 56230
38932 52508
33533 57527
82918 83394
45850 52986
44651 72985
29807 71914
91645 99438
48647 87952
55604 99788
29434 50237
15102 60358
62905 72410
34708 51347
42065 59503
40666 62084
37415 57678
21329 57827
19922 53677
34389 65379
43225 62317
80425 89244
42839 57689
22095 24084
68976 73714
35192 50901
47942 90711
947 63775
34252 63086
50000 51906
55560 65563
56728 84262
9973 94466
73568 78086
80049 85668
12409 71629
44479 65892
49087 80619
41279 65554
49164 54862
46665 95646
46224 54039
14334 43972
49847 66068
55914 80723
22001 51952
34152 40268
48088 67809
47703 56290
32518 61362
98604 99004
49669 53599
57851 76788
94872 96677
49279 63611
66581 97800
43504 76175
85177 87369
26742 53567
62182 74388
96280 97608
50000 53106
38088 65819
38809 69992
45756 54314
81051 86821
47741 51829
34947 59814
38249 53327
28303 60535
76616 86199
50000 63072
32516 61257
97810 98455
52236 67047
17685 37860
41776 87107
75012 78473
19962 76077
62660 75113
40031 57286
41850 57839
20263 52696
79304 88170
19030 52010
93444 97980
80166 97294
75297 98622
49026 77490
48857 52123
47055 69643
31032 66206
94148 95086
44072 57781
58426 67485
57473 81311
44450 56948
26062 41422
622 96417
7733 59079
42657 64022
69144 95869
37406 66784
24643 25303
43865 54571
82638 84253
44266 81015
47558 51739
20039 52877
50000 52084
85908 89164
48484 51370
45941 51887
4151 94458
53309 58368
83629 95453
21684 67863
36253 59492
91767 99284
48029 50000
95809 98923
33876 52217
86362 92982
22115 87359
30720 96811
78734 95395
48584 74524
83479 97105
42462 99997
37695 64261
82486 89160
15885 66783
44119 73753
35099 65973
49019 55956
62289 70938
45014 66566
13061 27167
30092 65416
53448 59660
18329 46105
47553 85449
91127 95979
36761 64049
48509 70027
51298 71941
9599 24556
49335 51368
92313 97543
39158 81494
71378 90980
40463 57524
33610 67156
47748 75725
4506 74073
14911 83288
13550 32109
48590 53564
25229 32433
19873 54674
87906 97203
95114 95642
40560 67319
46824 57461
43277 74629
53670 71082
47051 50000
42265 70722
37347 81572
28542 61004
42840 87681
50000 51761
9356 40722
13508 42427
50000 75454
25605 62790
82531 92657
67368 89015
5810 11562
26521 60474
48203 86072
72391 93280
37490 50231
26346 44247
33521 62553
30117 60803
41768 72507
39554 67938
47627 70326
18810 68118
56773 60525
38613 60498
43717 85482
25873 52402
43104 53892
44945 50000
26559 51671
85586 87868
85185 88384
42202 61077
20005 25740
79804 86896
31141 36974
33985 66378
71154 86476
48477 53039
40820 55541
39795 81087
38193 50141
283 82630
42337 76485
49030 52125
2864 37068
37096 78544
17945 93147
50000 85446
18313 38609
73076 98507
40702 82404
66150 69014
49772 61403
28375 93421
41145 50000
73821 90996
12815 57589
40031 79447
13453 62456
91005 95038
87988 88171
75389 92356
43000 50823
32417 50788
61811 79453
52826 69317
38341 54375
42757 81440
29890 61284
3384 46706
24529 54795
47537 50183
41813 73756
21007 59384
46561 60703
49721 50506
26914 72384
27809 52583
46966 79938
25089 61571
48303 52141
46953 71281
33941 58094
80474 93855
32549 66045
57705 68240
48901 53500
26100 60481
18752 21214
43912 70209
45943 70525
34685 58199
11043 78775
20942 85635
44310 59794
74276 86363
42740 71219
50000 63408
76034 79821
28681 65303
5717 79311
46130 50000
37309 53325
55205 74210
89306 91957
47212 56885
38992 61689
28665 52509
27324 57786
60802 69331
48585 51915
87088 92336
45888 92441
39407 55132
45829 62061
37920 51105
30206 51455
35879 64876
46238 78050
25407 57467
13499 82860
62031 85312
55189 70971
48000 50199
92614 96656
45884 73351
45835 50019
26002 56821
93313 97281
99649 99689
66446 89129
42344 59581
68203 80928
72814 75651
50000 54548
95654 98793
98881 99780
20158 34250
19304 39135
65487 69386
35502 94946
78309 86300
63723 91646
48199 54687
48397 57901
31681 52943
27791 51537
80465 91463
45765 54175
76001 81530
49165 52796
68691 82926
48991 61714
55259 79217
37276 72555
89726 94677
40579 57731
13827 70718
96624 96655
67949 74134
43078 59229
97807 97841
21582 65358
45466 62523
63101 87956
20615 64455
16327 59942
35781 62799
41530 56399
54076 69057
64973 67980
33937 59961
97983 99920
49039 50000
49270 51693
20245 33128
12593 76007
36789 71252
3051 13629
24945 71283
90255 94504
64356 81048
82454 87747
32816 50972
68265 77305
28352 92405
44716 52557
8522 48306
78809 95259
30258 37855
38333 64693
98816 99831
46496 54591
48137 50000
34380 52452
35378 51433
33584 50456
37638 57209
46480 56792
88763 96195
22083 60394
23511 52138
36588 75731
65352 90881
23158 92893
35551 54387
46095 47277
19075 53382
85283 97479
43105 80998
49756 54294
20370 85587
65096 79976
35967 56650
11362 50799
66423 76798
38856 73792
98240 99233
26458 61989
91620 98816
29477 53839
44891 56662
7210 85808
28787 31563
50000 95139
23171 52283
15625 56920
42944 61885
81720 81866
67479 82027
36354 69680
14631 64850
57962 93535
74558 89247
40635 67107
68416 68856
1638 68009
38903 45207
44379 58643
44398 71257
39287 66006
40787 50425
8179 50235
45452 83739
22851 63443
31742 53242
48985 85707
33436 65940
84812 99672
95179 99655
49815 51927
74463 92057
47399 67051
36473 62851
34471 67031
29965 46150
46694 56325
37246 73942
82510 95162
14439 99308
30232 36508
37106 79791
54127 63581
47256 50000
47166 51447
13707 36123
47974 50000
20184 61481
43377 77028
35426 61952
47956 61006
85415 97402
88644 93653
42647 65814
39104 82304
9066 46996
80918 89818
24207 40844
29815 67785
70173 70869
86238 91066
46908 85142
961 66824
82450 87868
28343 55337
50188 51676
95150 95525
75199 90940
22058 62177
83303 85664
48374 62180
27732 51142
33222 76139
38083 60901
49912 74610
26854 57437
51109 74717
25399 69852
16818 80336
96048 96423
88307 94018
1039 14154
17298 75667
83040 85101
96847 97968
47400 75398
16051 60885
88732 95653
19223 51791
43627 66252
72216 85870
49696 83120
50285 64024
25928 47999
43079 55284
48113 51033
4433 38066
40508 63366
41436 54320
42716 61898
49917 66680
37025 83345
99854 99918
79345 81360
48677 62742
18861 56643
54047 77821
41820 59191
43561 72757
44409 63263
47992 50114
37795 82833
17488 83011
18522 33230
49218 83117
39594 94919
23511 83380
46928 50000
28187 52245
24920 53162
40143 40308
26957 47135
20885 43643
29036 54172
48154 58612
40144 43531
63037 76137
5732 88600
44204 50420
57239 88841
81267 97207
19141 24179
11174 54699
40548 68121
48589 48637
66090 82029
56507 66679
37506 51714
35521 44300
52440 92649
10836 86232
39264 73301
42022 66985
33896 85587
50000 52644
65099 92995
2274 44402
73263 84015
42980 61536
31134 72323
32387 73944
30196 49370
22166 57850
34666 69797
46723 58766
21094 60298
4545 16896
50000 64828
56669 83660
49555 82392
46259 59754
10954 81120
41115 81395
45417 52275
84375 91522
41960 84206
55944 68430
45134 52202
75661 78885
33084 88760
61119 79738
65957 76702
23298 56638
39484 64052
72319 93281
10960 80915
38481 89919
94564 95897
30262 68039
36430 66194
62523 78140
45883 71690
1418 70010
48361 57278
93723 96310
98719 98988
38807 63352
25174 58833
30344 66053
11233 19671
96992 98334
45297 89585
41749 55561
7332 16952
42537 84096
96434 98035
49663 57922
41752 67034
26553 82944
46122 56738
56626 73924
80665 87142
50000 50670
84310 95937
45852 73282
35564 54783
41096 71121
16433 55378
40772 73620
83109 88121
1603 98161
90629 98844
80979 91929
46759 50995
42741 99072
28292 71302
22892 48310
44427 57443
65951 90582
85355 88376
87456 92465
63741 90793
22630 22842
46944 97718
48371 81833
79871 93820
50623 58224
44484 51242
19668 41232
66396 66443
96207 99726
34753 74948
45065 50219
48829 68581
40510 58508
80682 86557
37019 77148
15377 17325
43129 77367
36362 51601
35331 59690
60675 84410
16904 18218
728 65203
46928 51460
68867 83073
6966 31603
24274 60434
54471 87709
70792 83288
54333 67949
22586 86314
64409 81477
50299 73466
45690 49061
44581 56231
104 61815
41132 53871
80438 99836
49885 75030
33755 75510
6586 90061
38920 70193
50000 75941
48737 72097
22552 78664
91611 96302
71271 72995
25584 55320
31126 96286
48029 61650
38824 64121
42877 79578
6104 50182
30883 62402
46761 60422
31450 57429
24959 55836
60278 94645
32753 96972
35149 71916
42550 77129
25454 61870
40392 55332
96447 99188
29207 57200
53685 63766
50000 86821
92917 98736
15413 78130
84638 93846
67272 74649
30683 68455
27506 51611
47720 50294
34644 95861
45114 59029
45770 50585
33732 69485
91135 95079
69769 70819
31801 54918
49248 81055
39291 70313
71487 80340
35380 54144
27690 72743
50000 52487
82552 87476
49368 63626
46285 87284
33821 45119
22743 64677
14902 89780
20704 81433
49696 51855
49207 50732
76774 80636
12221 52032
61219 68423
49259 66226
31647 64363
32388 61171
34233 54158
60664 73364
48542 55725
42466 53373
30624 72439
45013 81344
40339 58865
16571 59044
40369 68359
29477 44236
82044 84303
26573 52653
39675 48813
94109 98369
88231 93531
84245 84620
37908 80701
54495 93682
38167 67326
7798 25530
33948 78990
15388 34877
37142 77903
36574 70688
63512 98070
35648 79831
49701 53985
6179 74241
6823 63780
45989 79958
15280 92360
46408 54043
14649 51512
79437 79553
15502 83267
77522 87178
98209 98616
40295 66927
44383 52983
48683 51336
49632 88388
43299 82424
50000 80745
42920 63732
40918 50667
47214 58531
20193 50477
24248 52194
53599 81730
49517 59890
1419 54327
93857 98769
46085 75180
43527 74454
42486 58732
27627 50443
44047 73893
89326 94565
67331 97387
6770 82117
39865 65646
92224 94576
74196 91517
72361 77250
33120 60852
44965 52212
58069 96950
38739 62213
10791 67357
45934 68100
28561 60220
86680 95215
68595 80194
41564 74332
81418 91692
21089 39972
46251 53781
60101 64146
50000 95495
7610 38008
33996 75737
60534 91982
12434 62702
40181 58874
28464 56991
87987 89400
24186 26595
14111 49020
96433 99746
46499 86557
38558 74440
6175 9033
38353 50000
25504 53703
43465 62287
7376 82514
58431 82244
49172 72567
81068 90505
39966 93425
40951 85962
12509 46056
44696 50682
48877 51734
48631 50822
47696 56423
61505 96160
8039 62918
46701 58763
49296 72159
39494 68395
47448 85758
44162 53541
81699 97295
30091 57068
48296 70443
82680 85267
11790 73405
49672 81437
38009 60045
64958 82775
47934 50000
99827 99999
21741 63818
24226 91240
25526 50587
23439 95934
79358 85808
47964 70922
44759 82518
41897 51432
41535 72863
19976 53028
51828 79718
46721 69806
41663 51442
21844 64328
36537 82290
50000 51101
53164 92642
35392 75315
89014 94626
58059 84473
46728 67094
50876 93477
50115 67531
42531 63262
56690 88622
80405 85604
41354 61426
47871 56756
44766 54135
66006 91816
19838 54414
50000 51652
36955 69504
43385 50507
43729 72119
35119 93190
53243 89263
65219 70057
68480 87756
85864 92252
43112 69675
37544 93513
45517 50815
16185 64392
88615 93928
51412 73049
88839 96198
43046 67207
46950 56364
50000 72825
30454 70596
43050 56021
41873 83554
35432 64887
27325 53542
30446 49045
10098 32712
35931 50000
67938 74776
49849 70307
22457 92573
40418 67502
78638 93930
43045 59634
73681 90194
43598 53501
12004 50989
26486 65540
50000 79110
66853 67813
37075 67682
23508 56339
61893 68694
35631 61764
63031 87783
28864 77844
44019 68997
84962 97752
23490 52472
50000 57095
44138 54995
7387 41700
2041 68748
38298 70914
83450 96191
32038 73251
53852 98308
89264 90236
62697 72295
97576 98243
67243 79663
6692 93786
26197 76986
29001 52549
28893 67418
48323 90532
98040 99316
12913 57324
50049 55477
52545 72534
35271 79811
87602 95039
36008 55713
42246 56216
98517 98925
48357 58014
34130 70168
38477 63579
82691 92164
47148 58954
50000 79386
97814 99944
69 44797
40387 70555
47718 52620
18120 50048
47747 59304
42287 54717
2869 4710
47939 68247
76093 84827
93921 94135
47331 53040
20009 61293
31331 55796
48168 61906
49985 51140
15269 51291
46751 56543
33565 78737
22250 57916
26470 56057
42519 91086
73140 82077
75048 96909
33685 66652
21067 50656
45129 51448
41712 52017
13718 37080
39644 62441
49151 69033
37164 49378
31720 50154
45392 63726
20005 52249
37914 64007
55883 73880
48056 55200
16402 47886
50000 57009
31955 65708
33959 58649
72416 98758
38599 59593
52269 57440
1717 38488
4702 7286
50000 53771
20189 53949
71859 98351
88305 92357
83389 96564
93379 96161
40864 41648
96593 98197
48112 58374
35691 47461
49551 53024
43632 82471
30943 69291
37715 63839
20075 64515
36527 73186
47219 52639
90271 95904
64659 87392
70323 78791
31736 71294
42302 64105
28547 71071
15911 30884
47392 50000
4997 83057
52433 66957
70995 98558
2393 60071
79279 82715
15549 62786
35504 63056
47772 62141
52656 63736
89902 95893
139 58432
52498 57339
91087 94975
45356 50480
27265 63507
98693 99960
79866 83322
44534 74776
28052 60295
45458 81404
69012 70766
31640 68767
12690 23785
27739 60629
58819 89705
10562 86462
36635 38665
49693 91769
28930 35286
13858 98136
77456 78618
75893 99795
21290 63748
15873 72369
44010 52449
46559 50877
75293 80911
39617 74696
25417 53312
91770 99767
23329 53799
22403 65836
66631 97877
40304 53383
39793 63608
46202 97030
58990 89064
46043 53012
38392 53977
48076 50647
40212 99299
48641 50000
36642 93164
36420 51410
39140 56953
25784 30767
46554 58915
8191 52560
46815 50795
41717 96383
43226 86278
39422 92858
48326 50000
38624 40060
76173 89997
27071 34179
44160 56777
48551 50000
38922 52929
46477 54942
34805 51404
22594 80981
1418 19366
29100 68574
41375 51484
76391 96936
90858 98462
82482 92453
47149 82314
36829 82476
20127 61902
21150 53221
47857 68548
15474 49016
47255 61550
43487 61044
6473 46062
5362 50103
99789 99922
51226 86702
7998 67994
3152 52596
8442 67947
44916 54332
87075 92305
9885 50926
96766 98777
46701 50000
12432 33526
23132 52973
47309 65273
98070 98875
37005 73778
89835 96123
44779 58012
29690 66428
44872 50000
12050 56210
44620 86327
39103 60989
72575 87006
67703 85140
61500 76793
43685 50969
46170 69210
24311 62667
26571 95716
18812 64285
22910 58621
36531 55137
87138 89469
24028 64260
24790 76941
51183 64603
37309 67971
72962 79043
2674 33134
40221 55396
78705 99029
67809 91441
44414 81739
41612 51494
42335 61834
94424 98169
20222 71670
46596 87382
33897 54961
6509 52272
51742 88847
45036 66496
652 8942
37893 64393
2382 51351
32725 73570
56929 75532
16782 63993
53862 93854
14896 67934
26875 61647
81289 84298
95700 97758
55572 81017
49598 80424
34662 65094
94203 98690
99360 99872
39752 52623
40300 75024
21413 24795
48081 56488
58802 73733
63886 81513
38541 65850
14383 51957
9461 86906
29229 60028
84398 91185
13197 57898
23252 55447
79070 99044
46239 53293
37356 54242
82271 87038
47829 50000
81822 94902
41200 62332
11647 55360
13057 89855
46997 53940
91581 91976
79514 98385
27747 31712
76982 96189
49936 94917
34293 54495
18050 94811
28937 34604
21121 68869
9120 37044
48975 85897
41729 51101
5205 50523
40580 61572
76389 90553
43930 79955
29026 64737
40832 72446
39199 52094
39019 83646
7162 81558
41736 81643
33739 57083
43082 81976
42834 88212
34502 72131
31217 43760
19540 54449
39982 50952
59904 80694
48007 51007
47775 60075
54791 62290
36411 66777
5928 97627
4578 13874
46192 52752
32321 54072
40079 66835
76430 77217
47556 75553
42718 74850
40263 67902
31787 58149
48740 57366
41060 93371
25249 55219
60067 80910
78235 91334
49764 61563
85380 88535
23997 52469
49040 60621
97552 97670
77892 99162
47646 62303
90417 91765
37807 44856
1072 87453
49661 63047
50000 52128
65539 67550
25373 52890
96938 99981
81745 93586
26322 71634
1688 68685
44841 58589
43447 85814
94814 98979
48038 69667
46387 72504
17110 23290
68148 74028
39545 49471
49334 68204
49946 56334
91567 92629
47768 55594
92742 97536
6096 21215
39821 44386
55773 93745
47049 50292
45441 85856
49989 83910
17845 36082
52275 98657
11352 87588
7758 93315
197 88350
50000 52846
83094 98795
63274 89697
29975 56974
35277 75076
44929 65878
45288 77195
61185 93163
18585 39961
62942 79231
18899 60971
65892 96311
18542 97067
88354 95431
37598 51769
79546 84545
2829 93522
47055 51691
18041 36507
16660 79069
73945 78381
47462 64915
88957 99610
16818 97457
40082 53389
23450 38758
47874 52602
81531 95501
49486 55713
47981 50000
82574 84126
14276 59099
2259 22023
87846 87960
40532 76376
41236 57205
50000 52684
88103 90487
47570 61123
44164 67992
11665 53629
82057 89496
34301 50000
1346 67905
61796 63744
45685 50000
26511 54882
49745 94330
41892 52889
50000 51774
56584 69567
47971 64597
4268 76636
44943 80272
42740 49387
50000 93952
39078 57224
3207 72870
9921 54255
13339 52850
22778 40238
82228 95261
22955 97926
88143 91526
59014 80407
47426 55751
74596 85934
47830 77192
50000 59352
28134 50000
10328 99709
10475 15763
61939 63653
55636 76535
37860 73883
56782 89797
14498 69914
99426 99592
69081 70413
57225 60067
18686 35153
53649 57663
43409 65387
75845 75964
91672 97735
85555 88533
45617 59370
41900 64441
41966 55928
71423 80767
49036 53563
41748 53091
88019 99870
55969 73978
48379 50224
66733 91914
49999 53440
23957 57720
40493 53723
50341 78183
50000 52155
16593 59820
49721 70653
901 69695
41013 56926
45966 62410
98142 99776
45351 50980
40231 71280
48822 80032
47375 54347
35674 53133
48274 50000
30747 66568
27750 53764
74514 92155
12707 46507
47597 66318
50000 54496
94653 99035
71893 87662
48628 72950
59134 93906
98721 99856
95593 99331
64478 65689
34539 70631
62705 99850
36915 44004
41484 85749
45675 92849
20195 50564
19402 50818
7120 89123
31792 62240
95777 98090
41860 51935
56307 70599
31568 44649
38290 50262
3936 19224
48835 52083
87366 95445
14018 60548
89375 98061
65693 80300
73259 92203
37856 56216
47806 94743
29498 67492
49372 70948
37370 48774
47249 70961
97268 97962
49783 62757
50000 54413
37884 73409
19569 50951
45390 66636
42289 59301
75058 83677
64139 69686
34198 37851
64585 74098
41931 77091
17313 20248
32468 44213
41052 78879
34136 58205
16825 53349
28057 74717
6122 27449
20300 55994
94414 95483
49640 55142
80924 93732
29249 69418
54836 94383
90520 94173
64480 91541
20492 53631
34587 71090
24806 66450
46234 55505
85920 89389
49574 53784
9758 20676
48724 57474
33487 66290
8462 72714
42591 69289
46371 82216
98291 99447
50000 60715
14889 91861
36847 49798
41937 79849
31463 62308
24555 91781
95048 98435
38783 82676
10850 51423
48041 68602
22885 50000
12017 47349
92204 93062
65616 71042
33541 80599
17009 32820
33739 63817
46898 63641
47350 70211
8860 76455
49743 57341
23675 53188
63210 78505
26364 63956
68070 69198
77811 97685
26309 56197
15491 51619
24435 87301
14661 73536
70387 77818
45306 61443
30083 50766
18740 52074
29967 96764
35787 56195
20323 72974
9647 65688
30753 64737
23877 68570
60643 99726
15568 63971
69546 95513
49436 55298
44807 53140
36745 82059
44631 52427
77443 97653
82054 86645
44830 92376
22874 64787
45190 53856
49723 57957
39705 82868
11299 52321
29254 82919
49796 85334
35182 52281
48651 63179
46303 63341
32799 65816
34270 50000
46716 52222
34816 63192
87084 97047
41923 72683
5338 59179
16700 60051
23717 42908
20113 52059
30854 73018
85590 90517
37508 58106
27870 61584
48275 51084
51579 58210
38059 96545
40138 48760
42259 60082
59843 77935
36509 98433
41164 69244
28094 52192
85934 86952
47970 64570
46408 55928
18341 99398
44814 84454
9562 19724
78590 99697
74447 75340
62216 70446
43699 62738
38383 61571
98312 99016
49128 68207
49396 60702
98467 99681
45207 76763
43202 57072
96659 97614
45531 74634
27774 57663
37100 78432
6203 90606
50947 68649
41261 61722
469 44278
47680 52442
48148 50756
47273 54395
75491 79753
88844 92052
89373 97249
16011 20950
3067 76917
49919 65480
48207 51833
20134 52676
46870 50921
78652 91086
57600 85474
46510 88841
57121 59978
54459 93025
43376 55879
9803 94068
44701 50000
45450 52387
38672 52454
57385 91685
7094 39282
72515 86273
54983 64907
99361 99446
86723 88007
49944 51353
35498 88108
46543 59395
10054 52504
49068 50315
17633 35854
82954 92961
25037 28980
49936 52550
46282 55622
35621 52958
91038 92166
59011 67663
38596 53753
25529 28051
31622 57647
61129 62015
32533 71169
7369 99041
61353 86997
54805 90671
49623 93320
53405 97335
74893 96107
49218 52831
46427 75681
41474 70804
46067 53607
20951 62462
97940 98774
22066 53870
56697 81065
37437 50000
77637 91524
33804 76909
18945 63720
44516 55508
70643 79142
47621 50341
43705 60786
20113 47197
13293 54954
31866 50000
35362 62512
53171 83015
20021 91857
45072 69592
10787 23719
47373 83903
61696 81217
50000 94082
24481 69291
44084 60158
45445 47485
35634 52892
35441 82375
44262 87643
41947 61871
34161 94357
26063 67362
48908 54815
18170 87890
37681 61826
44260 81210
47115 89509
24699 47085
26222 83077
67630 86813
12170 50478
88318 91615
6339 29479
54433 79498
45156 58296
78463 95368
18876 66063
20846 56038
14256 50484
76731 88865
44364 71036
26603 55022
32204 74574
27967 51399
82111 97528
42269 78405
69473 89490
48436 50000
14689 78828
29827 85152
37541 55808
35718 73094
43827 53761
16042 51181
74412 75479
7007 9733
48076 64245
77403 79840
73109 97897
37464 58234
36536 50000
48233 50310
22793 33478
438 52507
49601 54947
92604 97841
2326 31569
49444 74506
31802 75148
33652 61747
44295 73369
47184 52969
74761 85627
34728 70356
50000 65127
30856 86274
27690 54531
69902 79260
41411 90041
54965 84380
38535 67577
76441 77441
33382 98969
47165 51090
61907 82955
95217 99073
28619 52785
45887 50644
46712 55573
45143 51045
22599 54612
50000 63503
2186 98307
20768 87385
23506 56349
93788 96277
14095 35257
33810 54279
63292 91986
36845 53767
81565 87578
46699 50010
7878 18331
25793 71134
86050 86748
64029 81010
76735 86689
88783 89978
15211 97075
34109 70499
47607 50000
45986 51642
35905 74848
3503 56536
30435 52492
40074 70810
35343 51594
41173 65371
37852 68718
91157 93877
20601 61565
23394 63018
30084 35368
45627 71749
28065 71876
2599 52747
37113 63798
43441 99674
6917 78471
50000 57741
76663 96702
73773 82935
45038 77574
65089 87517
21232 36135
44916 75372
69211 82739
36294 51726
48092 73419
52914 57738
67817 71694
76052 83594
48413 55277
25755 69860
57317 61472
31077 68759
48671 66618
19391 40358
98500 99234
25115 58058
9902 99519
37586 77150
37514 52295
22583 74967
50812 86745
36131 63308
6666 51552
36065 69566
56127 83404
71894 88734
63308 94229
39655 40432
38618 53450
20744 52181
9108 93064
29888 60027
92459 94970
17654 95550
76890 96725
38397 55102
91512 93757
14587 55491
27753 50690
95666 96830
48426 51907
25502 51746
50000 75866
46085 75508
52320 85099
47651 53333
6365 68825
44164 51123
35778 61252
41875 94132
49600 95544
84595 84657
48939 58145
17149 42268
33990 91200
92009 97314
66498 80235
9005 9625
90844 98399
28758 48655
46092 50178
9901 17049
26423 55278
46089 57096
50000 63157
42485 64571
49058 50000
16172 97219
85111 97356
34929 54795
1409 21084
42843 69470
24866 56538
46367 66981
73438 92020
97118 98824
41402 55633
49906 50427
42040 51224
54882 71542
42713 83025
39489 41844
977 40866
19945 51606
46968 50000
43561 53599
37247 80674
40915 78614
35101 50271
51607 87890
5762 61034
48605 55537
48571 60077
71819 95084
36520 84722
48139 56586
70580 84805
37980 77015
2862 25821
40695 60265
58514 74957
29036 55935
42904 53203
64379 95423
82450 93568
30885 52226
85441 90596
36766 50000
38814 66770
50000 78747
40750 64647
38591 41769
38767 54164
41283 93886
34724 51501
69626 89840
67220 67820
85586 86416
47509 63829
35084 60508
80654 89895
57436 97638
37568 58465
49090 60129
29161 70383
31107 74838
35773 57553
50000 70939
87521 93542
42970 52059
572 65642
15606 87633
47094 50403
40477 60568
55018 90189
45745 73413
94555 96507
78292 98281
2349 72735
2976 26290
28867 72043
44601 79540
48418 52927
42317 59118
94894 98209
39481 62312
48518 77860
89651 91008
28823 53565
33508 57518
16063 61129
30358 51247
41862 50832
20829 62122
39936 66008
38229 51485
96673 98453
12466 56758
76001 98854
72709 99956
13203 25240
34899 61507
38543 51813
39787 59083
13657 90447
31384 67401
32649 90796
46615 57681
77292 99711
39238 45105
46069 57286
96864 97041
56385 68149
54093 76624
49870 87333
30020 53985
25442 64805
35649 54170
48604 92108
25400 37915
45234 60964
38624 55491
87378 93407
45156 69505
98972 99172
35803 52527
49952 59318
43621 54364
43554 54654
21430 88190
97189 99938
19445 57241
51298 95031
50000 51930
67806 77859
32973 56449
30900 66541
13847 50533
46600 86750
44926 56570
22897 86500
60448 93128
14914 54498
56009 69209
1997 18699
43178 53239
49027 49627
47944 88189
42870 57834
69121 96522
90749 95408
72821 94203
20238 63835
20922 59175
33216 60337
58817 63609
8694 44250
34391 41295
70514 75094
20388 55837
37354 50000
40783 43814
47687 51120
40689 97634
39676 56481
48866 70733
48521 51169
32519 68517
22596 59641
38731 42534
48194 54989
45481 68741
43089 93976
34617 67980
16559 50139
35929 50355
39674 56823
46735 56077
69664 71969
30961 80600
73269 73444
79909 97030
72811 74369
7441 40702
46661 50000
62353 97506
64952 96545
6256 26415
46658 51703
42845 63391
52669 60601
55031 99113
48757 88804
6764 51053
27057 56266
48649 50948
53504 83781
70777 86258
68732 91190
37928 53695
34144 56164
43448 55692
94816 97710
37808 50060
58220 95742
85956 95207
7420 70524
51278 65124
63329 66322
88896 97434
14852 51385
47068 53749
15495 37785
31174 93879
60042 75605
13468 57746
36623 96936
18891 19011
34824 60297
59371 87988
81060 89466
31349 55732
42088 56574
49152 53870
41704 50233
67794 87457
68292 88019
44243 56117
86902 98824
53040 92566
54680 80170
42954 65659
62049 71628
39692 51537
42751 50143
9848 56093
88647 98714
45878 85370
12487 89587
37632 50577
29209 99605
81208 83055
8592 51599
44432 60738
31487 57067
34836 62531
37626 71833
47197 52861
43142 55392
44820 68442
41106 46869
25915 73906
5927 31839
2675 57011
44708 50000
87748 96332
23356 50186
48452 83988
48005 75467
47320 73527
18975 51620
42980 55396
44885 71425
48119 62404
10487 75249
10593 54840
37440 61775
31646 55463
45234 87517
42336 52752
42155 62941
40183 83875
54708 84763
48740 94223
67607 81322
38989 79475
5312 98188
27085 51790
67041 87440
47218 65591
40355 58015
49290 51309
49169 60119
40880 56489
64408 99098
50000 51906
47195 53334
12132 73435
36641 92550
25213 56793
12025 54031
17395 56195
32132 61761
22940 36428
34423 58095
32223 76272
48840 51813
56336 64411
92402 95403
53610 79914
46596 55576
46765 56060
35587 44367
98614 99809
23083 53220
45374 55988
65807 87897
34350 52253
49596 73580
29347 55485
47986 69792
49415 50300
46141 64118
35179 50529
42460 54253
82803 99254
41841 64715
55928 84416
47001 90484
50000 63583
91036 97408
50168 69112
63725 81476
72577 79885
30809 50000
29164 70625
47583 56191
36286 50000
46428 71184
36304 90781
7839 93562
42777 54910
37169 57273
48064 53548
89830 93323
31073 50000
789 71356
37126 71322
36860 51953
9274 58680
37090 62794
98486 99132
25340 57905
78568 89846
50000 52217
47966 50585
77650 91498
38838 94477
46674 53212
49958 67401
6749 81727
81845 88968
31261 64823
41677 60391
37590 74746
39381 80200
35741 59491
44339 87283
30085 79499
47506 73364
44156 55420
39850 73028
55602 61154
47847 67264
41135 45054
81607 84951
66325 81011
15552 81561
1629 8357
89892 90374
57636 85001
44016 60515
40735 59182
53917 61081
60286 91230
59294 88416
88130 96039
62913 88644
39795 70790
50000 70867
41836 59541
53778 74436
39362 50000
1666 31055
57167 91605
39759 80681
19169 86335
37866 40064
15857 96996
41538 59256
28323 53108
949 38317
35404 52022
28244 75213
4591 9134
46483 68828
89191 89974
40144 79457
16471 51843
38871 79098
48451 50980
34154 91617
52583 98650
34116 38632
43691 88382
23474 66846
36075 97346
25356 55413
31179 50504
69535 90045
69022 93938
31041 54592
33224 37673
46934 77663
5112 38276
14004 66228
49200 68580
47210 58183
64402 93754
35150 65115
61106 86345
32741 61097
96265 98280
38961 64969
59427 79776
45746 54682
48782 87812
37073 79042
55390 90546
25684 99110
45076 55420
43786 78447
92335 97292
55298 59953
85047 97152
47047 50000
20131 80500
7067 51393
47890 95140
64849 82524
11157 50081
66903 81000
42723 72762
48576 91266
38283 77072
46116 87316
44807 56295
18478 58377
86495 87594
28972 54351
34891 55141
44340 89321
43856 77967
45849 51502
28765 72161
10477 51996
57458 63421
98255 98638
50736 82942
89412 95456
42016 53851
21764 91939
53016 54904
79488 86833
72013 87265
37447 52302
31407 89039
40994 63302
47809 55204
18194 57903
21380 80617
24479 64241
97541 98042
57302 61348
35658 56883
3588 46989
68612 90298
38610 92715
52879 92060
43682 70872
49360 59551
33989 99201
14695 96083
46488 64214
50000 53989
47924 63609
89725 97791
5175 63539
57598 97194
89452 99090
39645 55272
22147 54440
91826 97301
21194 64922
78201 97865
92011 92786
80979 91944
39035 57125
34166 57146
33698 67574
28539 52840
71437 79606
84501 85951
49138 87883
60412 62726
37513 67377
43977 73207
43060 51107
62744 66522
59304 73897
17582 50877
41555 71665
89994 99778
85907 88133
63435 98503
56353 83947
36021 65825
90691 96474
99255 99734
72627 81546
59929 79720
40345 76298
43404 54375
42193 90220
23047 93107
40942 65563
88563 92392
23078 28925
33289 63349
50000 51891
44638 75929
36204 81352
38989 63491
36632 69092
96439 98501
39417 52010
14418 53934
34136 62372
19002 48772
48532 50000
85217 99958
50000 64596
23549 38815
44844 54871
37265 73670
75863 87510
46058 76681
27559 44777
45514 51981
49779 78808
67679 82380
47310 65094
49282 76496
40344 79392
69025 78509
46778 50000
43691 79855
48083 59868
47573 50000
67617 68032
50000 52027
58910 85041
32594 52592
43389 65150
65220 91546
79681 98303
12193 53916
18436 60114
42862 63344
39576 73204
18888 58301
25031 66262
44047 60787
68819 79651
31471 61457
21091 52710
1941 33019
49226 54274
17856 54135
44737 51767
32143 67969
98348 99871
96738 99138
93363 95260
40510 58994
36509 56597
60756 97040
48983 54208
44735 79333
34680 71869
10294 96343
41107 66995
38528 83953
85552 95259
11466 51704
47336 60540
46279 53890
44122 65307
29907 54951
41078 52625
48847 74352
73859 83980
41065 54462
46901 67861
39077 56818
77315 80465
32438 54247
4908 99603
72916 92659
31816 35241
28051 35928
93697 98626
55844 78848
85523 94940
66523 94774
24112 71753
21865 65225
44735 71984
14950 50990
16274 83221
27859 57750
50000 51816
39008 50956
29727 63272
56158 72585
94998 96717
25550 87629
13635 58743
46960 50877
32307 63860
82348 98466
36684 62632
16290 41490
7047 85385
2898 98257
80333 85018
50000 52571
46353 51958
39961 52597
49356 74344
43537 72318
76290 80316
32609 38564
61131 88818
50061 68676
50000 51857
10852 60736
20152 50000
82659 82782
39595 60836
59598 79551
97911 98437
28516 73534
26593 71614
35856 57623
4485 66284
40816 51467
50000 52819
29687 55194
19683 56638
33304 62574
3184 79948
6553 83111
41682 53075
44982 50000
30598 55525
50000 84480
9515 65073
30976 66871
68031 92472
56231 85594
50000 51890
35882 75522
48743 78169
77239 81225
9576 73488
17566 30084
82127 96093
41185 79179
37758 65302
31904 59128
23102 50000
14353 24970
28565 57621
19052 54923
38764 53768
45050 69251
9063 54467
43417 56348
64519 69100
31153 64509
16669 67003
58504 67502
49908 59813
67629 83907
17142 43224
37998 78857
47661 64914
43265 68288
18621 50002
42194 63725
27812 79664
46467 50888
27034 54081
49806 50750
86642 98412
45597 62258
45324 62164
57995 89753
47595 61467
48453 72873
13772 51322
44244 50513
39586 53461
14347 89906
26897 67435
24651 57000
10208 40740
29869 33686
98170 99008
49996 78798
57555 70850
33926 52061
37356 94293
49992 90079
44077 69509
50000 52415
47414 54182
840 8250
44383 52597
49166 61738
47672 88980
54570 71164
52511 86422
71340 94944
31092 75812
82461 86683
10440 18752
40571 62266
69203 72522
29584 54725
39735 68947
66525 76990
34447 70260
36906 57296
15920 45438
99927 99978
45775 51608
59906 61283
64568 85469
15622 59311
3082 82359
68296 74284
40462 53475
80325 94557
78619 88094
19728 52861
46828 79702
93641 99024
56143 86301
59381 63774
91433 98923
33063 65377
48768 52994
37468 56950
49555 51788
79258 98938
69774 70481
34004 74495
43872 62874
41395 49490
28545 59889
78808 79072
54415 57439
51852 77333
44378 53620
37103 62562
41834 60717
47504 54037
16555 56877
44899 65227
44964 54415
30166 70623
29956 61411
99187 99479
8598 30980
42524 52644
83878 99841
81115 84524
26609 50701
74219 87079
47499 71805
14263 49736
28793 44514
36562 62996
35948 74330
37860 66117
31407 72728
39241 59747
36222 54923
29478 63695
27767 61514
18427 54185
33434 64662
60320 85707
70661 83558
54950 79796
42532 68477
5279 96824
71156 73483
30132 64598
18307 26913
36801 81072
10285 78307
93756 99927
9070 52997
58201 65522
69601 91505
43626 43846
33102 78218
35443 51993
29335 49094
80690 95939
48408 54254
50000 52585
28041 81225
46058 86560
49474 74016
49696 66079
36430 51685
47237 89007
83204 83261
49288 52552
39361 52271
31671 53874
43037 54166
33271 74579
47778 52421
16292 67482
50000 54647
58720 68458
49181 56351
93244 95113
45871 52941
45183 60853
1681 93890
50000 62822
46993 93106
22328 41362
13815 55754
21035 54509
99462 99838
55262 59403
50000 57310
49224 57565
2029 6606
1593 84403
43256 69973
6062 36009
96869 99326
32036 66731
46615 56298
71735 98915
19688 85642
68967 83730
41267 75644
41302 50000
48783 91502
50000 51532
44563 53718
42296 61774
21213 66221
33180 53963
65857 97882
2529 88630
7966 36125
41686 76939
42780 59348
69243 74900
30481 51315
80106 98742
48993 53417
19019 77263
35884 63135
48940 56107
47178 62459
90104 94000
43199 80503
10584 51484
16683 54299
37121 66919
28802 41485
43837 50000
34323 40109
49322 51061
39356 63007
16374 60234
31934 88361
16919 61435
40126 83414
851 28897
9370 29458
48138 89686
11695 91810
49226 62385
37046 87345
50000 66590
93971 97599
49674 84599
46170 69278
5318 31744
39354 50000
8746 51611
32448 53459
38457 72108
50000 58323
44932 60208
47980 51294
53971 54921
2890 25707
34430 58454
80119 93503
36324 82419
27918 73383
1093 21982
32008 83658
49770 51443
49766 52184
50301 81775
43761 52266
71200 80030
93928 99129
65870 85471
23399 27350
49999 65848
64461 79825
25282 50297
195 94725
63109 76805
76468 99770
43325 88214
50302 66855
64193 93345
3802 59823
72088 73126
52837 64495
36222 70635
8892 93310
50000 89637
56794 81429
39035 60144
40791 78000
46908 56446
30548 52188
47255 85243
9275 53678
47871 51209
85784 90186
43265 74215
32436 61146
86353 90484
66326 79883
50735 91115
40388 50000
32416 42411
81263 93634
46567 80417
48720 52180
41342 61124
33445 50000
26881 83723
15651 79820
62089 66315
43400 58150
70788 88060
29890 55367
3844 85657
19357 99538
48785 89723
64191 67668
80999 92310
36635 62963
14963 53144
36308 66402
59969 71447
66134 68410
45264 54075
21588 64162
40678 52579
41985 62574
48432 52785
37180 59985
47539 65867
71324 90851
16097 71034
68105 88831
40847 83912
35793 62335
55264 81439
46378 83774
93831 96616
44256 71747
95935 97541
35169 83526
47929 64518
1207 31711
96504 99617
60417 98038
50000 51694
66626 72866
77398 91357
39113 51238
57165 63597
44550 66951
7047 39498
48908 67908
55993 89790
45600 57731
48179 60764
73605 91965
96442 97287
29334 58397
31485 91494
40646 66607
232 32414
11518 82367
47921 79374
84746 94601
53735 65665
48225 50000
86828 98273
49237 56368
45210 55015
47676 50602
46790 86510
72258 99469
39933 54952
53668 75235
32112 36290
37860 55697
73702 86319
72501 80317
38133 77763
13918 56212
808 29145
12344 26535
33034 69955
47954 56892
68078 98704
66204 77612
44933 85181
8964 54224
84380 92816
6370 31825
36090 51141
6837 50642
90133 94665
9046 25571
50000 59447
12205 54517
81046 81583
71152 93095
83289 97876
41791 82899
46137 58254
75851 79903
43671 83036
41848 63300
60205 99412
36017 51028
71686 99301
23816 83882
37838 51837
87771 93325
49439 85184
33500 74367
67420 82814
17481 62809
48770 64564
10543 44612
73198 87731
58711 78660
19040 46713
71432 81929
90732 90828
28130 74431
39564 58714
49312 53757
13657 54753
22774 63709
48409 57440
36496 53585
50911 90684
40152 71665
4575 16490
47587 69520
84791 92042
52702 65674
38535 57435
47538 63176
18687 49155
85292 85669
66568 90168
47495 50000
33455 54357
49275 53982
30711 50000
27141 66456
83569 84841
24034 71149
92934 96873
18276 28045
13685 81072
8457 63422
48359 50000
72028 72670
54534 69889
90507 95505
20551 70477
45208 56374
1356 94712
42097 65303
69177 99067
46630 71700
15225 58657
61521 66444
91147 96278
47225 57714
35731 53171
24264 50299
73258 81953
45128 99320
41999 83312
39670 58389
65174 75602
38087 66503
47138 53468
24361 78502
43683 61551
33878 40258
49627 62392
41095 69326
96729 99062
31849 51618
71847 89313
36720 55986
65891 96033
16159 36396
43549 66219
50763 71735
48617 84264
47337 55887
38975 50767
19082 65426
83312 97811
87233 90789
37404 64615
1415 89843
57048 72789
39770 50000
45401 76985
49951 68136
51957 57539
47530 49622
38655 50799
39911 50000
45417 58256
40993 69716
33186 49638
27719 30323
48524 51125
26569 37339
39524 62430
55253 84238
48219 51250
59115 67106
42130 76424
42844 64312
47628 55282
24865 54978
27620 34786
30524 75186
48416 88686
53227 80169
76720 91271
33175 76386
29223 56595
8232 20022
49715 54512
13811 53951
17536 50746
46690 81441
34040 43145
80104 93972
17776 70271
61011 77560
49697 80862
34134 72326
67960 98522
26641 91779
97969 98603
14427 71499
5897 72950
33343 56251
36926 98427
22630 53361
30045 52263
38993 47606
46331 55367
37051 57620
43914 63535
46732 92224
47743 50000
47784 51865
51501 53981
32663 76412
24961 36628
44251 53895
28933 56009
48247 89487
49479 72733
28447 67783
42270 84109
43205 61327
1354 11206
21872 42530
26215 89133
49201 50456
19940 57572
50000 52615
82707 89557
36365 63068
70585 77719
86890 89902
48695 58682
8435 82856
30943 79425
75243 90974
56254 98310
11255 68430
41467 59743
41520 69281
41488 77227
12582 54281
39630 80021
68319 79608
50935 94160
13351 25718
95080 99301
81639 92318
45683 67479
37326 78351
29997 77423
19390 51525
29877 72665
10885 71908
25847 58332
27736 33889
16450 49487
61802 84062
41121 64709
43077 61537
90211 95462
20013 63199
44430 60829
48647 65041
19090 45483
76601 92624
75791 86212
47612 63205
28055 55417
44734 67632
48331 75785
50000 76585
13310 76473
73738 86377
46028 69383
28268 71423
88698 93848
48721 50856
46200 92584
8308 54599
31501 62786
29785 51826
24949 72371
35380 52555
50000 88684
25773 63838
48302 53898
46484 50000
43613 73427
61103 68815
25604 60001
46040 50000
22943 62425
1319 84790
50000 58805
42497 57234
47072 65756
27687 60152
62760 82127
54118 79930
96245 98407
37609 56223
47633 50000
51186 78044
71703 73632
14366 57225
18805 50141
42853 69189
37395 40065
42562 54986
97392 99477
38863 74180
34838 82346
58748 74453
47948 85000
29537 54018
10488 12621
29548 50958
32951 67238
8343 80127
34840 68559
80836 94833
38890 54182
46565 61161
99502 99855
8779 66888
70688 76089
41278 52901
36370 59868
37346 50555
31843 61234
15074 74961
79264 80457
40516 78177
23653 59728
59212 85898
49114 60219
66326 84457
47155 91083
27466 76280
64970 92572
61835 96955
32206 59010
17132 39800
30889 63705
51198 55461
42298 54130
96003 97265
73879 96818
92708 93420
46890 90544
84940 88050
28848 98567
23425 63718
45065 48046
94677 99031
95048 95370
48104 53490
11771 53700
29937 57312
27674 52882
28381 72340
35456 54294
80765 87437
67635 71291
19056 55485
33965 52893
25761 58340
57403 83128
19468 54412
39078 50000
41901 61403
13098 54343
41094 95563
6413 65186
31712 70509
10618 47995
9344 65306
80783 98862
40028 80871
38116 62372
16919 52492
28688 76782
15370 83049
87752 98034
13363 56616
33529 51495
4184 83955
24957 78571
83259 88720
11900 50438
32814 85961
82317 98082
26337 58353
46310 49415
32439 75263
94341 96897
41538 78628
51211 75826
75583 79523
48012 65510
34267 62654
50132 92643
23974 67446
32670 77813
40646 64726
37923 43500
12710 52673
53423 96346
30455 83426
45178 78620
21115 58533
37560 54181
67640 95548
11351 54736
7090 52794
66918 98928
33691 55849
32426 35084
35242 78009
45723 75675
93695 96627
92910 99489
9940 61395
32104 60940
82512 88519
78204 99964
71870 99983
46936 67124
73349 90758
19128 51622
26287 60153
40255 64756
86331 89198
11839 77721
34502 50000
75268 98442
98347 98767
46721 52892
87543 91117
36083 52309
32368 51775
28664 69470
2098 53409
77716 89390
35749 57597
84118 84750
71989 97980
26656 64177
59047 97900
47166 68544
20418 25420
22942 90907
13312 50336
2521 12616
47778 85016
45467 87971
74989 86219
44361 58617
29133 75523
77148 86706
14854 54156
92823 96263
25935 53333
44311 78282
15124 25239
48284 77126
42512 50670
44137 51553
36886 77869
47759 50000
48813 51178
28040 42459
55300 76072
74857 81155
21376 56386
67421 96845
80878 98475
59489 75215
48808 54453
22051 65817
23359 67550
45984 82146
64068 87444
34211 56852
7186 77501
40675 62107
99785 99923
9335 68238
75557 82662
36468 46858
38507 51856
99305 99753
34960 63529
47540 67155
86006 89811
19885 76047
7660 69509
70078 78307
13759 30344
31547 59989
80061 93139
96797 98139
23053 24736
24206 36836
40407 80519
70090 73032
58468 85637
35086 51694
46132 53083
68738 94353
16235 71548
64270 68587
25929 54501
50323 86829
48965 80656
14587 48436
25871 52559
5660 92891
8877 68038
93062 96160
45407 46037
10145 99834
41477 76231
13755 53710
491 1553
43082 88399
30229 68183
37664 68850
48383 88200
25211 38867
33060 62745
41034 78623
60939 65835
47714 49826
50005 78249
53222 74743
50000 53196
32162 57880
86102 90157
80849 88279
12423 14966
69125 86119
27315 55657
30877 70860
38092 56119
49303 67684
26502 54387
46897 85721
40659 53807
3240 3331
40978 92476
60126 79015
39475 66657
89238 93617
69835 98387
39865 58119
19029 40866
44164 57288
79483 81602
63016 72340
4819 73683
88837 96774
85062 96633
18054 60615
34805 50628
33249 58242
42079 78992
83414 90529
36802 51747
38159 60512
40402 83122
27382 65545
19834 34123
86925 97983
33963 76831
41278 64287
34265 50645
22293 61275
44078 69000
60167 64052
60113 87739
77285 96270
69241 99073
39094 54240
46372 56196
47455 52831
32384 81279
90477 94426
27466 46115
29170 81334
76992 80745
69197 74721
32340 71882
49608 56363
15671 85018
44542 54141
34215 65601
29048 51933
41623 85345
64920 72445
52889 53046
86474 97689
30918 48200
43217 66448
50000 57406
40221 78347
70491 83897
21541 77838
47803 71557
43385 52738
33122 77667
50000 52712
75401 98622
35041 80440
60582 77356
23035 65167
58148 76783
3141 94555
38321 91045
97992 99434
93411 95581
48549 61679
42232 67299
82017 95748
35526 74844
18028 33630
50335 82176
94952 95127
90584 99021
38709 82159
42482 51862
1430 33537
95074 96626
21508 93883
78679 79201
8614 11304
87410 98880
35993 61549
89438 98055
49593 65397
24876 64718
44053 73777
99966 99997
24589 52001
44596 50606
29342 73779
17573 22313
2205 36452
43901 52686
17555 49834
13377 51516
35557 52194
24380 85527
22305 74256
21858 51345
48313 83196
45362 57855
58213 96815
95954 98954
45001 72386
98983 99776
32342 54484
36176 75396
46836 58291
21549 53313
24567 86797
50000 87806
61198 77207
77130 91858
87659 88914
53145 56133
87283 92119
2452 42838
50863 60722
27791 53857
25586 76139
26935 60952
46219 61711
41815 53232
48496 59998
38779 58080
22107 50000
20834 56375
42995 65777
86377 99125
34110 34863
48896 77354
27332 49136
29633 55929
69784 72837
48846 51780
48665 67791
28133 50095
57098 92251
1713 55058
32672 66992
21789 56343
5039 18390
35148 50000
49449 52076
96112 97628
2698 25397
7513 80082
35269 53851
19103 82422
42316 63202
46388 63754
10674 63421
34953 75243
24590 50736
35969 80953
37345 64136
50184 63593
91859 97528
42112 54674
80490 85319
9797 51657
8331 46196
18614 22651
24344 97783
40062 88890
92556 95986
31226 69746
42391 61023
76848 84926
36840 57964
47745 50871
59500 75259
21324 87941
23334 43473
2931 26011
36456 76062
7001 97037
46269 56764
66429 84305
26502 83959
50000 85320
33612 53375
87502 93122
34860 59600
47310 69534
24264 33246
48015 51900
19789 50776
46381 52584
20088 95698
28020 76956
2964 39283
34483 75009
29216 68233
50000 62720
96161 98113
37164 48282
73346 83253
8930 23641
4958 38211
24071 58557
77539 97418
50000 58613
28563 76001
57860 89250
653 17089
78617 92684
34396 73159
31950 64671
50000 51899
60875 85635
38655 57739
77258 94245
40000 70485
10205 97956
47744 50712
81775 92278
26003 66085
74713 87081
34105 71689
41226 80214
3261 24201
14849 46809
3614 87727
49592 54677
44517 83941
49781 53523
39538 54623
5404 18852
49216 54089
25041 65092
15484 27026
37488 76491
33535 94669
81747 95219
36580 63276
1005 55535
99090 99657
81543 83869
17973 58705
49311 75071
29697 71697
35404 64615
17425 32715
38823 75250
92179 93727
62730 85231
18944 31055
21820 64883
63776 73048
81381 96277
56132 64105
88407 97042
37628 78021
25935 31662
37219 60283
19998 55655
46711 67838
57955 77382
40044 77419
27774 85517
67294 88829
10184 58291
85585 95651
60482 64674
8768 40809
94689 95157
29765 81049
48613 55003
49030 51824
48191 86472
76149 89524
27267 60100
46116 55260
48875 52852
94711 95962
49197 52035
31035 55312
38335 50471
46932 56866
14891 51674
41456 51597
74015 75259
1573 95190
72712 84468
48358 65542
62556 66826
67390 91933
49189 81397
21886 37838
14768 74729
37530 61556
45418 46768
41929 74300
3252 20970
46334 56292
94007 95589
33102 38379
80624 97452
23207 67010
96331 97206
35134 72998
2186 95742
75556 85018
50000 51850
49348 51304
47541 64253
83001 93554
33109 50800
416 47952
23040 54134
10138 75484
50000 74789
37414 60293
18866 75558
20011 44575
54188 73401
35797 50893
98048 99234
34308 60578
85864 96253
48005 64285
41539 64083
35051 79221
19393 33607
61143 61698
36321 63709
55218 93296
46726 50762
36587 63819
35393 88506
14459 97507
12843 62652
41379 81389
43243 50989
48955 78359
97040 98010
16620 86364
47418 50000
93167 96652
20183 50000
58796 93474
40255 50663
37297 68617
53892 86163
13644 55058
10368 34620
35005 58637
43439 51851
36310 58733
42091 62204
14291 96335
15531 44245
38147 57403
11364 93555
49491 77012
48943 54377
97899 98868
41731 67142
47359 68383
60636 84339
54804 72398
31778 61971
48329 50000
19370 58032
24678 64405
42477 81145
39427 60467
30987 73886
63113 80061
14151 54500
47315 52006
8155 73268
23156 50769
46154 77017
74420 93093
38010 70586
29859 57612
40262 52802
98690 99683
58125 64897
32760 63071
9866 53344
99500 99718
13054 54978
30742 59618
20591 57924
58299 96150
38657 50000
32466 62677
33506 54207
47652 83119
97274 99387
8950 62838
32843 57578
57207 57914
25230 62962
10615 69523
32207 67878
47916 95613
68430 90928
29184 53900
29597 76557
47617 79232
8268 59791
41141 78564
89499 91016
48431 66862
49472 72465
48435 50000
29475 70487
45756 90338
26858 56907
38327 62935
24131 94122
93953 94921
37759 64814
52280 66061
10845 54037
37833 80034
40795 56039
33910 51390
48899 69328
24045 92779
17125 73888
53237 66749
21808 51347
41582 52257
81522 93800
47672 59256
47600 72866
19403 53950
41292 59102
33021 53799
20762 51390
42551 56796
19369 62889
9470 54389
44677 77063
45129 87744
85162 90898
49586 99935
26380 65196
73575 95712
79188 92965
31134 73895
47254 51239
40082 68014
95186 97440
46804 64434
24311 41947
9853 52490
39262 84724
72361 82063
2070 14752
47820 57112
32351 57818
33970 36855
47861 77979
32194 59252
70092 75752
71617 74524
74644 84638
43020 58840
79709 85025
84034 88275
3013 47611
44960 61428
86363 95722
34683 60853
32344 96160
47897 80333
53340 62849
98472 99422
274 42720
28148 79772
34384 67026
82105 88351
8296 88687
96686 99483
97376 98078
40775 75912
47402 55968
9139 46962
78394 89825
43054 76544
41981 60399
89169 94570
74707 76347
4816 27857
45031 70617
52441 77488
45429 50617
11442 56376
29728 62185
45083 51347
39451 59431
26758 42994
25652 66881
40563 84720
32542 61364
40486 49762
32781 35692
63638 69037
35377 60975
49093 55579
16139 60560
77116 82962
64425 85582
39990 66421
27054 50586
46535 87491
28341 33238
56730 58063
11196 84630
43590 53144
28734 52253
73334 86337
48211 54932
26722 65732
44727 54046
91459 92730
76945 77545
75390 77599
32969 38088
67220 83346
50000 52862
49096 75765
11801 55184
29377 56723
49293 51397
76544 91947
91593 96645
23151 57038
36570 68057
12771 54248
39608 63539
41615 52222
50823 85131
43746 69548
49006 50616
34086 75377
56912 87993
74881 89924
39799 73028
63462 83095
78625 80410
18767 44268
94364 99214
74556 97843
2573 3488
41039 76876
50000 53081
29379 80713
7208 47092
48616 51108
34239 72172
36795 58879
69220 86371
31501 68567
46507 91806
49709 53084
29162 46211
40276 63906
42372 55790
89372 97465
92053 92077
32647 54073
44424 51330
24638 65219
30477 69565
73646 95373
16193 18945
95015 95494
78767 88085
45907 50000
60465 74564
44741 78969
51647 60109
20863 72121
40602 53037
19621 50000
43269 59145
42156 60297
98087 99740
39201 56337
60520 78162
81707 98702
29913 52487
44019 63492
98052 98687
47293 87079
36214 70288
34750 62521
58599 90496
26263 86464
81294 93173
40575 67545
24870 57216
82445 92063
83338 95480
91549 91782
23281 63982
76741 82982
83022 95131
43000 50000
22640 65211
20811 51854
78255 88081
46779 72000
49142 53357
52342 60851
32419 50274
45645 55976
29843 70934
73191 92064
44891 68772
14276 70296
49606 54057
50076 88593
27213 39798
67744 95832
18972 52343
28001 69808
42554 75973
2459 42871
38000 91770
74828 88439
77007 93379
56228 83736
38115 50000
69590 93779
46155 55141
59762 87156
52699 64542
32079 88597
10833 49445
38800 49834
1861 47341
44751 67786
45619 62229
47106 56324
31688 64274
36234 53458
84807 86705
43085 67751
12217 20704
97696 99802
30899 78791
64905 77549
40196 54245
42526 89317
74757 87883
90778 94565
22184 57591
46066 71340
45354 76162
34853 69667
46287 76829
59638 76481
37224 58467
35196 57142
83451 91430
19626 52894
82920 92375
43351 59692
37292 50707
38850 56121
14656 53488
44493 59763
89883 90760
61484 86713
45024 81799
21311 58446
90086 94318
35186 74818
83064 85435
45551 59579
33273 41974
99511 99822
42610 62090
42158 61419
49729 62156
25267 64520
39377 83729
83419 90105
45277 50000
37547 62091
38123 50872
44314 50152
71124 74302
57931 75890
15664 24480
83007 85301
31172 64416
92545 96105
26072 55032
47154 52302
39875 54723
80928 97430
42839 87451
97756 98443
72459 86390
55216 86478
43487 53398
48514 98417
33837 90475
87826 97088
23367 37876
13313 25931
85217 90842
22188 55990
40269 59276
56706 74937
34293 62770
65288 94279
42965 71056
93755 94797
29654 72246
21261 53443
56252 70953
42309 50349
69457 81323
75046 89235
44126 90297
5923 89440
74633 98722
21302 50738
12661 55166
47718 62074
25268 52888
46708 54901
14687 57316
61904 79499
31035 85549
38756 55654
25701 51522
13244 42809
48005 74666
35885 57993
60491 95462
78155 87695
30949 51590
33297 87709
32764 59095
53241 66878
28169 56072
21775 65261
17050 52160
3188 12091
69453 89745
53709 85770
45759 61162
49283 52000
13763 68456
71787 78918
49144 60524
31547 64464
11393 93592
43733 52476
2518 66533
27593 51238
18674 46424
48272 61042
7739 65768
36267 52612
35540 69731
47601 76514
46692 53183
13953 79725
52818 64451
49204 51762
17270 87102
40927 79719
24479 28957
37447 64343
38015 71252
49469 53092
40107 53776
85293 90444
28661 54719
66271 71166
46179 50418
44734 53857
13514 58294
45839 57605
61813 78109
57851 63180
15053 62534
48675 58779
13045 81568
57623 93009
88579 99241
38246 59447
35769 64595
46220 60806
17947 51851
36039 53490
95809 98172
18008 42919
32005 49997
31285 87523
29088 63519
20173 22124
2496 8366
40995 44013
18051 56550
45352 54195
35013 74532
42616 55325
37980 70411
49417 57472
48500 51492
54107 74137
63159 80955
32987 60869
49145 79950
34728 70444
50000 62240
48275 71434
48214 64468
23892 62352
37199 80394
26993 52298
33679 51040
56492 72032
36058 71824
66270 81930
56378 76717
26188 53690
96166 99147
17852 60450
2170 74768
59821 93383
60123 92331
97705 98662
80997 94234
93429 99830
88353 92498
41914 89503
53846 85824
49083 77134
24769 65369
25013 70544
5035 36054
49490 50267
80894 93637
86676 96567
85176 93957
45425 66860
22152 50000
42973 61727
11716 41613
8549 21818
39991 52336
23560 75816
4709 28202
156 77495
47265 87928
50000 51930
34358 57192
32222 61526
60099 63737
49402 98339
79254 96327
24869 58039
66817 86849
41102 52181
35581 72968
47389 57160
40043 98729
55578 81396
56121 98596
9808 79204
34453 53841
40846 51949
65871 77974
37709 59964
62142 88678
9548 54551
42905 65134
48720 50985
80560 82131
76047 95937
48999 78081
82467 92641
44748 54757
41915 57455
50000 53156
40426 73689
35136 47289
22815 52283
36333 77174
17756 39563
43960 88854
34361 94823
54392 74745
90747 97981
91756 98463
53346 67589
71257 74937
34174 48103
89007 97998
13018 35157
35035 64979
9438 21794
53152 78231
22289 67604
48255 61871
61159 80952
22694 54728
31136 32683
7671 48112
64750 71654
99393 99426
55825 62470
34696 76169
43989 64846
21147 64035
46642 51555
43973 50000
37119 68817
89555 93487
44136 64187
12625 22360
48690 66458
94220 99135
81998 98939
59733 94216
90780 92889
25872 68287
35819 54039
42033 64735
72623 73549
62285 90338
28939 64690
44098 50459
1795 25474
33932 57224
26275 53909
30659 72958
13719 54826
42412 76656
43009 75313
89414 97796
62854 86937
44598 56126
37103 51456
92703 92980
93086 97523
26424 64375
56358 62246
45058 87645
23685 54244
84661 87577
49630 53753
46972 84327
33875 50000
19568 56761
44044 75240
29033 54624
21304 56502
42735 80290
52537 55977
97600 98043
49590 51863
39809 56681
42742 72141
36349 71332
46450 51400
23676 62478
44036 50590
18310 62382
38544 71406
26714 94255
34700 64554
97115 99173
77878 95317
4179 41556
34389 51449
45990 71071
95931 95964
43328 72399
74931 87624
16016 55757
33975 96503
7427 50595
50000 63606
78794 90149
78707 88047
96808 98586
23174 57724
48794 58097
23217 61377
33455 53461
42772 75036
97851 99134
10054 25657
45678 55411
37447 50931
41407 71797
8740 56061
99556 99843
14924 46394
43167 69416
32360 64672
43989 57933
85047 98014
20629 63816
32354 58796
36149 56211
92913 92913
45050 78770
67389 95669
15016 80885
29416 42926
59610 72848
77416 84773
73265 97423
40412 66354
441 76109
37860 62069
53942 59981
20167 82967
35300 58018
49967 51444
18444 57188
91634 93414
40485 51268
8957 81308
43840 50000
16691 51614
27118 62099
86046 87460
74409 77891
43548 68874
98327 99654
39610 60080
34653 57205
81779 99015
39983 68848
29443 37835
85780 99655
35520 75662
12359 56553
45228 80148
44006 51787
22401 51716
47392 64634
44782 53879
44830 53321
47857 59182
44070 53302
25750 69582
48930 67248
75070 83422
45243 90902
17126 43148
3219 93750
8979 34875
44223 48907
6125 16511
23855 61563
30716 50388
39552 64588
26758 71124
48979 66213
57437 81676
43909 52379
31322 68341
38998 66650
84254 88714
56889 67271
42240 69530
45377 78008
49070 56377
60546 87357
76972 82346
79799 89610
41819 50000
39494 47608
21142 53382
55613 91248
80910 94973
99344 99381
50000 69250
28786 70245
53233 95868
2750 83276
20132 60015
23658 54706
45604 65124
50000 84923
14800 50000
47346 71206
37973 75856
24878 56140
43546 54139
99933 99974
34763 67341
45960 81422
35376 69479
46164 56085
42157 61879
98681 99927
47289 56140
7082 56301
36392 57598
87053 94677
44071 62333
36685 75139
20176 59166
23347 39669
49064 78807
49002 60638
5468 83845
46702 62126
47456 68261
43060 85703
18176 73405
94700 98248
64984 65728
38533 58257
42364 74810
88270 96801
167 36371
45438 57289
82787 95850
23111 30708
47396 93378
19579 65918
20526 55475
44220 93112
62706 70855
35877 66280
28637 92615
99588 99816
64548 97969
48751 50699
45927 61906
15652 54986
50000 52725
50000 51429
37526 52109
45083 60520
23800 60904
28903 73240
16770 98832
24583 25719
65335 85632
41412 86442
68669 89493
1797 64100
41550 56173
46717 64300
44623 74273
41034 73113
26375 58919
71573 77617
57019 64255
18831 90244
87615 92279
20169 97510
48232 56105
7606 46683
34632 51641
70082 92982
77589 99796
1684 62574
31622 67610
59387 80219
46648 47740
67588 85208
30240 61116
86148 97139
49179 76952
23840 38847
48804 53894
58202 72427
27760 71446
48358 98674
46614 50814
49338 55863
27544 45406
45091 57811
68766 95978
19774 52493
81277 86523
35289 69287
1107 74553
66436 69404
24757 64738
16609 57550
22419 79133
7820 46662
27231 37729
42734 58525
19642 59578
26948 52190
95726 98647
50000 52321
39222 70816
17841 99099
33189 58005
46746 56395
56327 75783
47656 75142
50000 95414
45939 66604
46249 50000
45845 58066
96215 99004
30964 52986
76996 92753
79681 83381
95515 99177
30033 72422
13885 57529
29197 67104
24048 30850
49086 69272
30355 53538
43723 51517
44017 56935
25387 98363
53234 61835
997 1814
84296 90219
29237 96002
61780 67996
45682 93898
33958 68609
41999 60621
49412 56419
50000 73010
47954 75019
33603 72934
6488 21700
16268 78473
16640 68534
55185 83714
41377 83388
86332 99072
18238 53015
35937 75971
39300 50670
41881 78183
56065 72264
33963 73585
91128 93150
10121 54320
39994 80329
44656 73909
36883 61438
25221 66333
41368 50000
49718 64563
88693 95939
61290 86703
17649 36101
31789 64858
30032 81482
57471 64771
30624 40052
47435 51460
25108 92478
47741 50000
87874 99812
26482 62356
77544 79977
58469 62356
99687 99767
53224 75012
50000 52400
42642 50930
35263 50000
46240 72281
33198 57552
32979 53439
46728 85560
56213 100000
42818 75838
44089 68122
33882 71391
37779 55280
15363 57617
29731 52526
44243 82794
41239 76727
39786 73871
21931 78039
29369 52698
24875 67956
45468 50439
46314 87540
3035 31155
44117 61840
48680 51368
29258 68051
3279 21643
41327 78221
43757 86396
46129 51338
29342 45571
45759 56188
65722 79210
14074 58445
89879 96561
16207 51909
72214 79871
91764 98944
45003 62549
43720 51524
50000 52035
41672 80157
27578 79848
41856 55393
49093 94474
46384 59318
77414 84704
82588 90282
59758 75762
60216 83805
80416 99341
32082 66904
46464 94322
52928 58263
36485 84439
47265 50000
21035 36196
16313 57647
90497 91960
53128 95073
82873 82972
44644 63562
46362 86414
40146 51418
35106 75078
30516 37057
46711 72904
98328 99534
11052 31786
73784 82900
27193 62948
49494 50255
83785 98534
60207 95195
46488 62033
49567 59901
36638 70395
24966 95571
12477 80961
47431 53340
28788 37073
48257 53712
38769 42963
41592 54989
42205 83069
50000 63575
65917 86020
48598 50207
42332 71087
34611 61909
46671 62440
28160 65337
46515 87794
70224 92925
37724 37863
8880 56969
65291 75891
55071 58197
49544 68129
46460 51214
46794 55066
42182 58623
32887 71766
71628 81995
74731 87052
47125 57580
47950 51724
39563 83693
28672 52751
22887 42868
98863 99150
40925 54752
94019 99675
31166 53533
37103 60294
20200 63043
41141 81339
99414 99759
49793 54587
2588 17878
47364 85397
43471 88090
47773 65943
11797 85694
1854 35534
47386 72303
16499 80262
38932 58294
49813 75467
81019 86179
40509 54868
22326 96802
36133 80530
36796 76796
49041 66151
7012 36836
78970 84394
18172 38742
38328 54222
29350 65445
45263 87789
4078 79741
31628 50255
59386 77649
66915 89730
7262 83685
66157 71750
97617 98300
46469 53665
33603 50155
48491 53351
49965 55026
81398 91373
27071 99315
43001 50000
49288 56564
39117 73170
30763 52659
82277 84974
94545 97813
89754 90716
43361 52878
38270 50192
43403 51892
24556 39615
63951 87063
39858 78341
20503 50859
28097 94865
44773 71385
97272 99490
40155 45870
49338 57613
11231 63842
96516 98001
78534 93692
76014 96937
10886 82661
42325 50000
41314 69008
35400 94728
38457 50577
54335 90006
43923 61929
49006 91015
48080 58551
34253 35457
9378 51801
92416 95081
22565 85828
32838 66904
47111 85532
10945 50000
30711 62542
14994 58236
48813 68938
80009 93724
47669 81659
47405 53899
47422 50000
40661 64026
3497 86595
37058 46349
1491 23793
41932 59858
1933 30193
65064 78956
13326 50000
92542 95470
44310 52762
46235 86375
35867 52333
33440 69090
48233 67595
92083 96496
75925 91430
17982 85777
79215 87368
46457 50000
9510 85108
40598 53220
45793 88198
29983 67823
49100 50982
47662 53246
45345 75571
63756 68077
22402 73490
34575 77075
25824 67742
16254 70339
21905 54681
45092 75223
17969 60081
23617 67869
29843 97015
47529 61573
48736 50000
43280 94876
17845 54750
8656 52411
44317 84112
60855 95784
17631 62908
14362 95720
32554 50861
38586 66255
21013 61351
23456 23959
33998 52247
42846 62512
57909 93237
72668 91373
45051 70274
45307 59911
47958 66136
50000 54630
22240 50453
87593 91709
85150 90911
67279 99988
23718 65510
84888 93063
93923 97042
56025 76171
46152 69163
38785 60076
48419 80245
33552 78190
92780 96323
14939 59101
2121 20178
19082 96012
16277 51512
47669 51409
42144 63472
48233 92733
49182 54589
92915 96769
47964 65108
23921 57760
35654 61660
94662 98719
36377 54256
74367 93681
46915 53422
34537 95985
58000 82983
42079 70456
17996 51907
46192 50000
12583 71846
93348 98815
49932 78176
27841 64973
16577 59233
7167 66785
1980 78229
47255 53416
15244 54126
99 8168
84899 99844
32075 72886
74133 97432
68464 92307
74221 90825
33583 54982
70556 85822
77373 95161
44618 51186
41450 51828
58122 68781
24486 93427
30343 71672
41688 54831
61284 88663
54408 95592
3431 86944
45883 99296
27516 68856
22392 59418
41339 56113
5238 39571
23276 43997
20632 51448
90624 95059
46990 71952
32736 37643
47506 57500
85157 95916
66245 67551
34772 71452
20236 99903
36879 65216
25910 68753
51798 60374
32238 56788
17049 58928
20619 51815
50000 51951
25501 65117
48873 88450
75454 79401
29397 60374
34451 69022
43948 57411
11986 18993
10482 16625
69928 87352
47576 87491
31135 63563
53230 61959
16596 81826
15471 58016
53915 96571
38655 64092
23919 73823
39924 65362
81768 95243
74074 95019
60195 85069
33825 55974
18425 24665
9844 98751
50000 58708
47080 49308
38785 65440
50000 91461
49518 50055
84224 93187
48127 51951
48099 58573
11791 95781
47497 88928
23501 34624
33189 80449
41812 65439
33180 92402
82880 99100
20560 52954
46420 69553
48358 95682
70056 98859
77470 94533
36954 61501
32833 59846
47066 51295
35562 79883
82421 90262
20620 26270
92173 95690
43117 72574
36294 82023
68029 86229
54932 94000
38823 57804
47982 53989
43630 85223
60763 80811
91166 95547
12879 51512
36884 62652
29300 64429
49110 50759
28575 64669
15464 83444
98056 99414
1753 18717
47289 73321
14017 71484
46988 52752
7656 51547
74205 74412
19513 35196
43625 56038
34561 74558
32428 58347
35388 65723
94451 96311
25768 70446
83499 89228
31304 52579
26089 84347
57518 99781
11573 87491
30120 65524
35274 55936
27590 53958
44067 57535
35112 52848
36618 58559
32385 74766
84903 91081
75485 76390
79355 83607
49506 51448
20122 99355
67359 69273
35033 35566
97929 98392
5935 97368
23325 35838
84783 86660
44540 56988
80980 89459
52173 56710
29153 64723
39789 52831
68833 68967
51949 69284
76192 91212
50000 56297
21075 64378
17374 99287
1855 5077
41000 89481
41319 78726
77445 80512
23711 74177
43944 80796
46825 52703
82343 84515
49168 50791
44247 55022
29871 59320
39643 74476
40572 70574
879 22950
49449 73589
33234 66930
7879 58331
25090 83074
35513 79237
80276 89242
44725 66317
31753 59358
50000 73230
49259 57555
40625 76299
71598 87492
36043 95666
64675 70354
22342 58803
81339 97944
43140 54758
49470 90748
6570 92654
97650 98447
40799 54759
42642 46130
94503 95288
50000 51759
49562 63968
13850 99342
49793 52076
41468 66099
21806 63249
39704 97136
43038 52209
66502 92997
8186 53626
99299 99571
18214 59781
6512 51121
34541 43980
41157 81960
77753 81298
82155 93723
83764 93099
44798 52399
41322 59600
73380 88946
39932 71673
47510 72239
70305 99296
41302 50000
91986 92526
11919 11997
58936 61932
32868 70674
46416 58100
11175 53395
29292 67719
20994 50073
45990 55443
48518 51602
41938 66054
38899 67664
63128 95887
66797 96024
47111 50415
37012 55338
45389 61521
35259 89047
97943 98113
69116 95035
12666 83728
23752 93963
45415 75607
4776 55344
76903 84802
59166 90015
37772 72261
11876 31141
47422 58424
46055 54121
46019 91941
12490 39607
65997 79780
82651 98966
36841 55840
1654 55082
46938 73118
8122 67493
34878 37833
44120 47088
95316 99638
42404 81391
70291 90413
34832 67857
13371 57015
49503 93092
45617 56675
78477 87450
85642 87506
85911 91474
8825 20300
49305 68262
46610 56344
9426 28986
35500 70526
43610 64314
25184 54025
26347 64460
97059 98665
43506 54595
28157 51945
46262 66076
65999 70937
29147 99986
15130 17317
35329 51855
75853 91670
93201 94809
60046 83641
64980 80017
55016 79340
34222 60040
47295 51722
41608 86185
82538 95138
70933 77207
45115 88865
47105 68560
32920 42893
37633 51828
18429 38340
46929 50000
80832 82295
51331 88815
48191 85831
94041 97570
93766 95322
36337 80179
39204 51459
59133 60011
87802 98171
56670 90281
22907 95353
47164 61615
59444 91990
43261 51060
43389 52866
69306 96846
45082 60979
46651 80813
71931 89234
81131 87569
50079 89066
14809 57084
39871 50509
49461 50719
55755 74753
55497 81377
12187 54124
8224 84467
21307 50000
60513 66350
18214 99151
60446 82379
85108 85886
37048 55191
47350 72981
48033 49139
3368 24436
56557 65879
77864 99069
76281 81318
50000 73433
38369 57120
64866 93842
49779 81430
23490 37282
44765 71957
65474 66091
49339 72490
23590 75428
35015 57588
21545 77891
48226 71388
18433 42554
49029 76055
45104 53865
45451 85411
95653 97712
46283 65179
47212 52286
65025 70341
3826 76205
85882 94740
66849 86197
16318 29020
44839 62491
10465 53924
21666 62905
16845 18314
58493 67428
64518 91188
78336 97890
30200 51348
50000 51919
50000 56939
44805 56885
44972 53852
46898 89134
96285 96620
71851 88009
65917 82507
3886 35413
17864 90364
45605 59321
25448 28619
42809 81261
91597 96399
41261 67613
59696 98145
94231 99397
30394 54362
63562 67233
45925 85177
41355 73963
50000 74320
55534 79443
31595 63103
58243 92336
65200 82273
38272 57594
73771 87519
42843 63592
40202 51601
35511 75820
34801 78353
18826 92630
46691 63996
23909 68473
40818 68529
17714 54571
37114 64700
20457 26955
32731 54759
88940 89344
19012 48661
83982 85060
48768 51662
4734 97691
45928 50000
33447 61327
4245 32017
77381 93408
53690 82801
6130 62548
34164 66833
24428 65926
49106 83735
50000 71651
75276 75523
8558 55165
55887 83812
74156 98607
72843 81413
22039 92986
91933 94100
47971 55810
46033 58151
38907 54320
13265 33538
47886 53447
44069 62796
25916 29116
55741 99754
32485 50300
62493 92833
37314 62313
27157 55811
13773 80631
44032 53491
46433 57626
77069 84848
55826 66902
18909 92869
47354 55684
36612 39441
98341 99936
44391 50000
87929 90791
45021 79748
77852 99507
30491 63249
6425 79804
44657 51911
46850 87238
49970 56535
60619 93629
31201 97577
46549 50760
6356 74318
97436 98124
57331 84348
48628 58257
20728 55860
88185 96871
23379 64485
42212 66873
87829 94742
97503 99705
33526 51400
70634 91003
19687 55306
50000 53508
46322 65480
53714 85725
97446 97711
27545 70526
92487 93349
79984 94968
43863 69372
94786 99219
68487 76084
28544 50721
7435 34332
24083 78567
42595 53225
18360 64195
30784 46533
54346 62944
46616 53051
32744 85662
47820 88872
62350 78998
14802 55783
41058 51497
72435 89986
40466 54846
3992 55852
44849 55666
50000 54144
69975 82245
68874 74284
47200 56347
85991 95278
20328 55000
19785 34586
41693 86492
31215 63692
32073 51424
25139 51908
47279 50000
89155 93735
45555 54232
40730 61590
31505 67810
30422 56341
36583 55717
75245 85304
43836 55935
62894 92684
89118 99034
16391 55246
73812 96966
87346 96169
48397 50000
49872 71451
33265 77747
82178 93015
33962 58453
42394 77451
3811 78082
30400 76714
20523 71681
34994 48987
52131 62678
43106 79215
71531 79856
91798 96149
56381 77261
43251 66009
17375 60546
1977 60323
85417 89952
34969 54648
41568 83519
35684 61470
90958 91446
69272 89649
48744 53128
81931 82319
24921 52461
33363 76661
42604 56270
97719 99166
49847 50817
48627 61841
34499 58187
44813 98792
31224 50591
78310 90320
49206 57404
24433 58362
42502 42773
49893 51487
44875 51199
47244 92723
34287 52927
55841 80607
32662 53067
24098 51393
6154 44426
44705 72251
37384 55739
49341 51593
49009 50000
49130 82927
45218 50000
96614 98856
15435 55078
30340 34770
39553 95081
18921 31936
46443 61547
47794 60879
47642 62538
40075 50271
47969 83071
33563 59738
84726 94406
42268 73226
2942 66444
74509 75190
46669 81447
64706 97788
59618 62477
16676 88033
89866 92995
36589 59870
65633 93228
59806 67245
94834 97210
25018 55828
49415 50678
50476 50593
37116 67585
76523 86557
98830 99144
48379 96487
43872 52210
45616 61349
38816 71239
26123 50712
34177 60550
48351 58407
42627 86575
55424 95660
45254 77542
21838 58516
8829 76738
46922 56346
93943 96922
49452 52552
48027 61720
36650 65346
44673 82534
180 16927
20480 58514
85843 94020
49127 56501
35648 52126
45695 51596
24230 59798
67563 90020
46796 50000
44759 88789
47457 51358
24029 50423
1453 71803
45486 59713
27730 91346
64126 67704
77797 78756
33128 83144
58005 86739
27305 51469
41960 92014
49215 87092
27025 66480
87499 95917
34240 55523
48776 66664
44399 58462
48016 51798
40436 89456
92499 98542
17636 52795
78007 95862
92453 97148
48525 50000
55264 65504
63414 92470
97020 97606
26230 48723
24552 54252
41586 55982
42478 65806
38407 86560
34947 63397
15141 18799
48910 84287
44276 53988
41963 78444
32362 68326
1347 88494
88316 99639
33211 60403
46612 54155
55456 66513
24006 79716
79346 92982
47802 69540
44626 53699
22305 67043
45779 45798
84048 91841
36599 54821
47661 61259
49344 58792
42634 85210
35135 60509
30003 51786
56455 64259
30567 92835
13334 77671
99837 99878
39809 58179
31005 52629
7365 92105
6649 35345
48439 83177
63448 85754
35975 61605
33042 63424
18792 43435
31116 97425
91994 94195
42581 50499
47560 52391
43849 66678
64315 68756
29753 50149
35677 56072
10736 53886
36651 37864
29815 59751
45856 65566
51529 70143
46203 53500
92815 96526
51968 68107
57519 66261
44866 51217
19293 54699
15991 28363
80496 80770
50000 53498
61468 69148
37542 59575
7697 50168
38466 67408
43121 66473
51263 92195
47679 53393
58524 95914
93842 98036
28531 59254
73619 78242
22116 61984
76976 98898
83679 85097
87204 99165
58300 81818
45721 75386
4963 59882
46766 54681
46838 51841
62476 81704
50607 99316
21983 57219
50000 77534
44344 60916
63545 65830
67502 91303
49256 53551
57990 73125
40798 59346
31910 50027
83272 83530
38794 53795
45616 80568
41169 52737
31810 59084
37772 64209
23203 57222
37480 81893
44050 72091
2548 18950
47126 56733
18783 60979
79810 96388
96514 98331
45774 53985
96447 98632
91866 92161
49402 84634
75725 91986
30046 59382
56108 82582
50000 52731
45936 74688
29 23345
78203 88685
59092 70436
35372 93853
68899 84965
85341 98241
40083 53104
49727 53210
96832 99922
39317 52059
31160 62342
40767 82643
48560 54200
44794 83804
39474 74434
43386 64603
57698 75420
31008 65447
19774 93259
41711 73214
18372 56189
26488 56524
2209 43331
48735 55950
54793 97720
10275 56936
32564 57928
41493 53774
81882 90891
46200 63191
43545 86568
33559 60847
50759 62425
33049 52585
45713 52214
9382 14736
642 7542
13373 43403
49409 68858
21218 50000
10134 45371
29467 94520
34566 56563
37833 59864
39068 98380
38354 74894
53414 68963
49955 67142
19794 63303
80518 93823
32414 66864
26533 92432
45603 76572
29272 55698
47110 70962
48685 59056
28646 43153
41253 53040
68955 78219
75074 81271
17371 54133
50480 81986
33920 53907
78721 98000
25624 61128
14157 83652
82649 86280
11661 69732
54962 65002
37597 71111
26293 54418
60973 89708
38979 79542
29400 43510
47459 50000
50000 52654
2941 41378
47446 72196
95523 98393
47129 50000
47110 51843
3129 95773
81414 99324
1705 68827
46322 74167
45198 56649
69743 93692
47209 75065
17912 55829
6913 94796
37073 60523
82379 90297
10560 99214
34471 79179
44698 64667
54444 54932
93925 97861
47667 53801
68744 88666
33636 50000
8676 48392
53320 83633
89040 96535
35102 50000
48241 78549
48364 66869
49463 62225
29917 30568
10348 21150
92831 93720
38286 61850
98927 99166
38765 60722
19457 55220
55573 85555
73145 74576
50000 71409
45525 53575
40893 58072
23415 68365
97382 97539
26256 62406
37666 58151
81641 84807
25642 35016
39837 59156
18753 79450
29220 94501
69004 90380
47946 50000
47036 50464
19640 52245
30778 64871
47766 50216
22828 33001
42076 53821
81939 95013
37389 81749
25041 92284
24532 52501
32691 52246
52912 96149
9786 52334
45029 50000
81350 98480
18196 55011
32156 53691
70003 70482
53681 83979
38097 51272
98737 99785
43491 69676
46554 78932
38477 57321
84593 92494
35103 63670
47584 84047
49335 75949
47695 56567
64332 64402
40016 57794
68215 78588
31586 76982
25138 79871
32966 62883
85574 86260
38225 38576
35157 52687
39118 47310
29489 62369
73930 81880
45023 86038
45832 91265
46569 74406
44018 62021
68419 76627
12617 30375
8872 50000
50000 51726
51478 91819
98302 98888
32863 61379
10929 27133
45961 62651
22501 46675
47463 50000
33153 52340
60872 84237
38385 50000
41184 58680
8478 51062
50000 54999
34970 54969
90 3506
76025 85701
30381 50000
32793 50363
34761 51789
11192 56996
88463 95254
95482 99742
42437 56328
16351 62745
11110 42780
35108 85053
45317 52032
45567 98845
90304 93944
10409 51965
63624 83066
79781 82421
40287 57836
45752 60317
43729 54729
25000 87775
80510 98974
48745 51396
2751 99336
38728 56304
26886 54810
98486 98760
82086 93121
41910 93422
32558 52958
27473 56980
13136 25655
82756 88043
17269 51946
47984 56660
8185 51163
49341 53221
38563 40832
78235 90858
30712 56271
34150 50602
45692 92137
47736 53032
47946 77210
39307 78093
43340 55304
13672 60463
35494 51536
34156 77266
40588 77007
21887 50000
38939 53175
81602 93235
47590 56914
40835 93697
19025 57356
49941 61120
59301 73603
64495 99793
8261 15345
33876 61267
9403 93122
33736 71756
31931 74841
24309 28546
49142 66894
46921 61118
45998 60856
68819 79407
49010 59375
71624 98807
46288 53128
49284 54879
25110 65226
8720 50000
35669 64727
40698 69958
71612 91105
48754 52166
2910 11040
17347 61086
22961 57765
69370 97263
44911 62190
2425 77389
26958 91644
93702 96872
84355 92264
11265 83017
51441 82898
66283 68292
43147 86397
25947 43445
76834 95131
47093 59950
17049 33978
83745 91037
46168 53594
7224 50000
46739 70990
41212 43960
51292 85528
47555 71288
8021 92084
52753 61018
27156 51909
27021 56407
42702 65544
50389 57740
29570 62463
73650 90401
15976 97231
30316 64853
39640 53518
67144 79557
32379 73076
42961 52613
61761 76330
78183 83474
32730 38070
12026 29849
33024 55491
32637 74712
42038 73927
20299 24061
24609 82215
16872 60204
61746 87519
26493 79634
48702 89275
36680 84096
47839 55242
48843 59044
18523 45927
8045 74138
10924 49907
48017 62934
48592 91087
62503 65004
12468 56876
48189 52706
29730 54235
40498 85590
39100 55417
50624 56705
13340 43831
93548 97741
42402 63363
50000 54607
28574 72633
48139 50478
44487 71338
99841 99920
11237 67837
47401 55322
52232 63160
29746 63606
47760 53685
74835 77150
27762 64785
18800 59119
35074 75972
79417 91567
45361 61107
48521 53952
50000 66058
97246 98792
88383 95681
37422 51656
18531 74152
35449 53917
29708 62612
18428 60864
21114 59838
36161 58491
99927 99997
11290 95804
39295 55075
32933 52043
39965 85342
70496 94115
49004 53122
48745 52585
41607 84210
34645 86617
89744 98539
42783 64254
20580 78686
76958 86355
11553 56836
50000 51461
77593 96618
56601 59377
89538 91177
25180 50578
38326 59297
66017 97395
48588 71047
36857 63222
76063 97564
48788 58635
47647 58636
55298 85007
42410 52374
30409 62887
40499 54966
87883 96216
45242 51365
67425 75902
33993 72367
1360 65860
33343 63321
24085 53278
42429 74323
91032 97829
37954 51366
74851 75747
49319 52712
50000 51956
46787 51988
41697 75415
73862 75494
78342 99140
39389 50339
30966 33150
47715 97374
4961 46791
48101 71585
53382 72115
12699 33100
15680 68120
3345 25532
89219 95606
48920 49189
86350 98983
46608 59209
55934 64781
37570 55756
23775 78080
27504 67884
43757 81444
30148 93852
44412 56086
35004 42553
45247 53147
27461 77213
8730 45015
42542 50352
20244 85696
17969 53560
24670 50000
49571 76454
38130 72313
86722 87755
16830 50246
26212 65419
47929 58382
56249 78853
23344 47865
70800 71043
50538 51634
47560 72517
57318 72431
39354 83662
85598 94986
32427 51574
66270 70724
43059 56730
80611 83901
48687 76477
67259 95657
43586 99101
8548 21290
49647 52978
21810 25680
16007 56504
82877 92137
27525 98304
63487 66989
84073 88745
94895 97718
44942 50352
6018 37369
57865 92579
62715 64493
52516 88568
32523 38082
40996 57580
84575 87544
39444 53938
47512 55871
9085 86890
82259 99017
88960 94403
68477 74929
34990 54153
87212 93376
90639 98868
62246 98335
91599 94279
23606 30248
20913 34057
68071 68146
19543 97290
25235 70042
45202 96134
45034 52024
60912 80700
20776 44136
81078 82498
47194 51032
78171 78471
69813 73337
33988 61889
43611 61474
99332 99738
47249 77293
12770 53552
50000 54493
25969 70678
43523 72695
30337 59675
42423 78152
76175 91748
80197 81581
13869 71635
45295 58110
36456 74733
45199 54286
44427 66981
27668 70237
46485 53264
64198 87078
33310 73666
33740 76258
45941 67885
39534 81069
86519 89094
33543 50000
49014 51490
44179 50006
26818 67518
40293 60854
51623 80639
81068 86249
68343 90450
42292 96355
96957 97450
68009 74202
46509 51121
24341 57683
47617 54145
30952 72146
29480 86790
64562 75146
18444 50000
23512 95158
13300 22886
24115 61252
46021 52985
15623 37376
36745 57423
21610 30545
45152 50000
50000 51558
50000 52526
46743 89785
34505 50375
51518 80801
49035 57759
50000 60935
28541 81174
48272 94634
49362 62726
30083 60719
42053 58344
46467 63561
66823 67861
25730 61559
42554 67363
46954 66984
23587 29383
12041 50711
75453 81042
16024 36873
64939 97228
40588 78111
37909 50000
34085 60701
34848 61356
5173 7360
16082 71226
23866 35520
18498 69257
32012 57875
35793 56212
48474 61802
64752 85718
72671 74535
82351 92680
82509 94069
74607 92485
94839 97644
11346 45745
46024 54648
86540 86948
517 98702
87070 90730
38609 85168
21325 91962
32215 66599
45292 84336
73923 96241
23568 31204
44991 73537
95674 98555
64371 88998
1983 99845
48400 56857
92367 96529
13143 69261
45132 75752
2545 33977
40551 58017
72834 80260
36935 75505
44729 53170
96584 97237
47687 59699
45201 75274
46040 51973
42820 56988
42441 57175
46596 61901
20115 55907
20271 93363
97946 99424
360 55982
34355 50000
29761 66645
72461 99937
58678 95279
67955 69718
18464 51703
44201 50914
28131 68403
50000 53537
51631 54910
36194 50000
42799 48810
49183 50000
28762 38390
49127 54196
7307 88184
48324 63850
71421 90627
23397 78478
42417 81408
56659 58206
53738 90560
48040 65834
27484 56732
2724 11472
42061 53415
88557 92462
86363 96013
50171 54776
63089 68668
19613 80362
19590 57526
22809 51192
38227 62222
46659 98668
43917 64833
46807 66946
77445 87517
43288 46143
39026 74823
32769 69761
28300 92486
49823 71262
27489 80863
31731 58248
51745 56663
37918 73996
35645 53476
46716 50000
55737 67543
66761 79501
49435 58812
27851 64211
31653 50856
51523 89743
11339 60863
50000 52187
28308 65009
46618 57662
24803 99519
47969 84366
74593 96352
52289 96628
40076 82650
36182 51384
95450 96526
19214 50000
60200 84588
40328 56219
48466 51423
51951 92528
14765 78375
94206 94802
22486 62245
26615 64810
30338 61746
6077 23381
51048 97693
37855 67762
82268 89219
40419 58771
76071 85865
50000 51739
30229 35430
27330 59694
93750 99041
30187 81162
61755 90846
59974 76969
44576 59796
57564 67878
44054 50000
43966 53969
22854 47164
18753 51025
59717 88300
46788 53852
26098 60162
21348 66734
98335 98337
71057 77190
21907 54829
50000 51775
49437 65622
85379 98780
46586 52046
62339 88446
23936 68584
32905 54428
33164 40083
82391 95296
46450 50000
8944 51024
61707 86122
43202 80450
81230 90458
46763 51076
31471 55701
60629 72804
69685 84647
46778 87263
33818 56713
26245 78708
50000 51782
35511 73795
31507 96930
41199 58016
47987 63633
50725 80732
64882 81995
46067 60944
40588 50525
46523 53138
99296 99608
30077 47978
46804 65944
23990 60107
25591 62765
93255 96023
52106 90124
47638 91217
7618 92064
11480 50750
50000 57308
59608 88242
38625 55790
41638 51128
5255 75029
23914 52713
27282 27988
29740 65522
69579 98285
50000 51857
1234 41684
95775 97860
38471 51291
43618 50000
43739 52822
48859 92717
39107 69989
46250 71164
24161 65844
93695 99431
72144 75055
532 95263
35520 60402
33387 50135
1764 5717
33259 77194
76650 81934
35179 51972
46881 51067
32386 50774
50000 52668
79140 84288
27327 41895
35295 38598
73176 90025
51450 96193
35260 59594
13048 50283
5874 33459
42758 92232
78956 90817
48461 54854
47130 54255
44605 51957
30474 60130
50000 51619
46439 53868
41495 54633
97108 99164
97640 97714
42436 78329
68880 89940
34483 71985
23265 99760
82429 92784
38897 68034
92385 94749
17537 52013
91912 94314
23798 63166
40225 64701
37135 50000
34208 52460
61669 69392
48361 50000
42568 73750
50000 58799
18140 62774
2330 18254
47583 52005
23354 86483
35011 48600
21442 64877
99751 99995
63277 86136
7541 75087
33670 60040
80862 86018
39093 82542
97269 98697
52810 77732
10325 75445
67795 95293
35911 62765
48273 70344
40134 51628
74344 85227
42344 51779
30014 58874
47110 53641
76959 89288
70801 95655
30334 72934
46176 50000
42358 64960
65692 74742
49505 67873
90036 94964
48876 53276
24728 35340
83601 92640
40307 57623
55308 57986
72860 90480
92454 93783
33976 37505
24757 55253
62215 86620
30318 65000
44763 55089
38316 77153
12198 32882
15086 50897
46423 70205
46464 59197
40272 83573
50409 93195
43397 94525
46124 69785
43281 63885
37322 67538
88270 92023
31961 64291
24758 48704
46939 58249
36893 62886
41181 59240
47573 85514
5930 43266
24727 58186
34105 67867
67227 84661
49364 94739
46931 51585
45535 54891
36558 51049
78505 85601
17896 59018
79443 83537
47741 51333
7657 28718
28378 62637
43991 71500
7828 42593
39209 84132
22139 51129
12181 56742
66091 67585
49340 59658
45776 57085
79417 80500
46886 54149
46345 72781
18218 61080
88411 95350
37369 72389
49230 87492
18405 63030
46611 51458
66547 96669
37454 61404
4497 8712
7749 78282
36364 64312
46540 73637
43131 70757
83963 96332
35244 58943
63446 71296
72172 85116
75160 82388
40556 50879
31525 55559
17862 50000
88070 96082
63391 80191
43222 67608
76274 87938
15767 52770
43166 70945
71802 83498
2843 73072
74251 82519
75621 83130
98280 99595
57049 75811
44925 46723
21991 87607
62547 87736
78613 79119
12146 75666
17752 35596
19833 52018
15211 19003
24617 52824
8780 15736
42810 54949
46184 67644
47380 83574
49256 55144
23130 63668
47614 65929
77978 78257
42253 80286
40972 52207
7864 38372
82094 88443
46081 55807
18957 58624
41352 50000
58328 65826
63597 63661
42751 68397
20232 75185
46676 61185
46475 70562
38799 59804
26899 53483
45966 75106
56375 84762
1019 74547
38248 54588
43964 51715
7542 17683
85613 96613
20586 54467
19637 45726
41462 56902
86638 98437
5524 50000
75545 86938
43981 55618
45336 64169
49833 70904
64260 93027
99504 99971
38002 62174
47327 62238
30701 57862
50000 54001
7640 80144
73498 73959
38054 50000
97326 97666
11930 55836
56258 99729
45769 59057
54792 98102
35738 82247
45965 50653
54767 61505
19390 59173
43368 50000
91615 94750
40714 53719
1906 89522
23626 48682
20534 59225
20835 54523
24644 54802
48535 50966
19924 59046
38358 64940
35291 56143
37164 80729
42216 75164
52474 68310
63938 90398
37232 54257
15799 36183
45844 64947
85761 95017
41354 73208
93817 99475
82347 93243
27030 67268
45011 73029
44859 68338
43980 56248
91883 93570
45151 58048
2683 85609
46669 54246
5120 7307
46076 61153
1927 42341
79113 86142
41688 80416
55025 61690
24299 29038
27627 66826
39477 78219
37185 87569
50000 82313
76489 86704
48943 53145
35277 52167
22819 99736
18270 56351
39152 61254
97641 98892
35000 50033
41076 59324
33100 50000
82974 86355
15824 44992
38054 54336
21765 61756
40263 85570
11845 65536
60849 97503
41130 62138
50000 62603
41603 50000
29104 62904
32758 53145
39715 60517
72961 92548
83310 84158
96433 99307
21746 66978
15194 35358
27205 49414
93092 94278
27830 51420
50000 73894
43207 50000
41590 57186
23071 56648
48305 88109
19395 62924
25883 50000
46424 74006
46267 56997
48141 54796
31193 52222
39689 51918
47490 50960
31388 56453
12555 17737
6386 25864
80644 97783
82125 87464
41648 51826
9956 22693
9734 43373
6170 62921
39472 73732
90215 99851
19525 53593
90866 95840
25075 51231
41186 84273
90654 95826
39948 74548
67902 86664
8257 80121
12867 87902
34869 78595
5013 55357
47738 54734
46051 55534
60899 62861
4174 83659
50875 95652
60255 96714
99341 99808
49366 52679
30853 55321
80077 89286
40969 85438
33653 58788
40927 78186
50000 51510
33349 61525
60434 92569
6517 54211
23628 76527
48301 70705
14318 73704
50000 61330
6601 66162
32917 50252
44336 53464
16523 61766
43681 51816
48172 65604
87446 99890
40097 70627
27063 53021
47668 58691
43985 57826
42525 56419
90770 91491
68650 71496
54133 55149
32558 64788
43795 81551
27242 64993
98987 99877
29292 62296
60281 87166
88825 98960
95706 97697
16266 30612
77771 89906
10680 27443
55018 90228
55618 76862
47823 55992
21243 80162
50000 56932
42651 78530
93513 99225
48493 60092
46565 79019
47950 85415
36306 52668
48029 77515
65539 69611
93799 98702
5492 28351
25824 52187
90895 92546
48313 63422
83300 86263
10433 70882
43869 52746
32020 64952
60505 75912
51153 97956
42440 60861
27263 59231
47908 53019
29122 39139
25297 90834
74164 82256
33885 50000
39479 51517
32867 73218
75697 81842
92756 93884
90696 92439
15770 27310
43674 60308
43656 65547
67902 99024
42099 57153
82261 82881
50000 60672
38078 58748
62813 87451
82131 88788
48406 56557
45899 54602
45291 55315
24840 59319
49726 59425
50000 51293
49204 71982
15348 54795
77445 85762
48241 54734
6377 88423
32095 50502
44483 60137
99676 99836
15895 57887
89055 93342
49628 80695
32638 69797
3910 93285
15268 54335
39665 64392
24772 65420
47066 59873
70412 74142
48956 68452
48251 50981
27476 68699
24596 69300
37349 63024
78524 89251
62085 82483
77124 99347
33206 52890
95788 99598
49720 82597
42868 67793
20702 59925
43892 62926
51422 52642
46064 62755
44547 63557
98874 99316
88472 91822
46981 50000
16862 34543
34095 88824
84695 97643
16210 51262
27001 54632
27994 69112
48508 51851
29959 69803
49473 52277
36755 75058
21682 59189
56074 81658
49570 52311
90408 93073
35403 45603
51435 55064
16739 57727
50000 75970
32669 96394
49705 93357
15946 95211
47149 50635
10372 35466
32060 88902
58225 64435
63533 77620
44496 54142
72330 89030
40233 66218
37906 59313
39085 50079
55080 74946
33828 50721
75527 94011
23596 51256
43679 51319
29025 52663
49955 56041
61820 91065
47385 78003
91156 95045
48616 55985
72154 80544
46714 72453
30173 69861
76483 79606
4288 99167
18749 52393
46592 71210
3996 26835
22335 65464
48028 89172
72780 88119
49875 59585
12493 46793
48779 76984
39031 54114
45030 48462
27623 50045
4605 43256
20895 71709
90813 98637
80309 93170
86253 95186
48237 53303
74460 77060
42462 55285
85824 89106
16831 76234
13336 72170
19884 55785
41544 62986
42169 78183
84910 94530
31783 65057
18362 56398
43430 61206
36202 50249
49116 73333
41954 85870
23941 66903
99467 99857
38652 78337
37961 51294
67875 68101
5840 59997
60853 84674
31937 75301
46086 80118
1067 78898
34336 56044
12895 83758
8586 91873
94163 94941
85915 98887
50934 81652
32366 48607
52231 94722
44071 85775
50374 65628
57065 81840
77019 95221
12427 38455
40113 62165
46868 50808
98630 99156
38317 52446
72495 93654
47970 77480
74938 80274
63226 70622
7343 16849
48230 77992
41646 56134
77124 97582
17142 68688
37583 52727
50131 80726
14275 50622
31598 78514
47839 52055
91089 96848
38764 56098
81136 82839
41331 67128
25126 53677
38541 97016
21856 83882
65042 82715
42734 83772
50000 53190
49971 64472
42375 71129
45170 60517
33207 51398
74818 97837
76542 79258
56992 71522
11866 38024
75661 88733
80125 98375
26017 51479
90967 93883
50000 89623
82516 99731
50470 99258
41887 80393
32205 47642
11000 86858
45639 50578
68639 86040
40876 62759
73893 82006
35100 44697
63549 95482
50000 57332
42179 57838
36789 72769
35630 68594
5815 6866
5045 83246
34046 54253
32188 59415
88758 95619
46027 61288
6461 75967
27791 96677
41827 69979
52024 68339
48114 59444
46199 62801
48996 55323
26167 29744
74949 93289
44800 81980
75194 84564
41848 61122
637 62110
46751 50401
43767 87970
16581 58402
16322 51327
44988 51217
43541 57199
30887 63465
49934 73381
25064 35090
12010 76259
46021 59103
20748 53792
85723 99771
33129 60398
60267 96969
41311 55641
21429 81431
42031 51305
26715 30006
10484 94135
50000 52135
17690 57764
43053 80510
39368 61885
17871 52263
19059 54082
87121 88389
37448 54928
37012 78315
38763 59338
50000 71142
47852 51240
649 45219
40527 65875
90170 99910
47383 53604
49977 58483
17618 71806
44451 75045
4129 33262
27599 54547
21184 37615
32078 76190
69929 71304
42470 67349
35669 75449
36466 65405
23310 35648
82228 97916
76941 96607
38592 48536
57033 98059
48013 51665
4564 71158
40281 52010
34554 51085
59146 75741
64069 99120
17772 62714
19610 81847
43476 58522
28566 47074
96940 98131
33533 72143
80320 85952
6908 23353
25206 27305
15878 57046
35250 38683
21121 54786
97639 99602
68184 80022
36008 76057
85446 96243
30633 75340
40676 53999
68627 73048
80028 82086
47060 91220
73684 92687
47781 78554
92236 99253
77562 88540
11116 99769
3412 59618
40617 94265
33237 54951
89472 91298
15905 82557
50000 51473
88072 92166
22629 50778
54383 69745
50866 85179
43637 80219
27763 57408
25438 69530
23543 78946
3166 26956
57576 61766
29266 63806
77072 94828
41482 51763
19178 52215
70717 75372
46953 80009
98218 99999
47960 73152
43831 90886
40238 52239
85613 98469
77899 98423
75227 91005
30329 62337
49042 78486
62623 91420
50000 51160
93900 94340
41817 75191
32549 56692
42624 54142
44490 51031
5504 40497
88604 89298
50000 50962
21184 65788
47024 69504
69214 85364
86100 96713
59625 84340
45833 53721
6064 11514
45369 51619
66427 78927
46731 51094
3382 54608
79062 92988
22048 61445
45951 50293
24839 58366
44954 65945
30224 66153
26044 98106
5336 24946
43480 50254
43987 69876
50000 74443
76265 90980
41829 81675
25309 27435
46589 62453
44335 53968
47639 62648
74102 87994
12955 54517
23982 64505
23723 58934
67015 84511
95940 98923
49351 53503
23367 60380
50000 55673
35365 59523
36222 73439
3857 59420
40900 63443
71605 81980
25324 50423
45250 56483
81524 89651
69178 73846
34382 53934
38642 79688
46041 83857
11140 19442
37866 61604
19155 50000
48617 55288
84924 96892
21725 52557
35988 90320
36596 36851
41936 50557
48157 53659
51070 87391
93114 94270
44592 52420
45805 60074
23065 36322
91610 99357
33416 42560
75364 86931
34214 66015
23183 64785
64551 79998
73394 78410
92075 97864
37330 74142
60784 95398
1272 58601
91732 91819
27645 67113
44596 56468
87042 97949
80428 96636
28446 62502
45308 87594
72048 96965
23335 55020
39988 73979
62292 74638
50000 53200
40322 42814
45794 89427
93216 96771
26890 66987
85991 87268
46002 76686
68173 74512
40759 54038
82409 85987
42073 56640
26418 66671
24379 61815
91554 96407
42544 51398
93483 97513
45898 57971
8181 58627
25751 69189
98260 99237
40619 85820
40886 51447
10864 25649
323 7880
13563 64806
15878 58013
1819 99600
42366 46376
23628 58019
33768 53214
49236 50217
38086 58563
95643 99633
3722 78130
43277 85613
50359 79422
47229 50000
8189 90104
79951 84895
9950 29158
59123 68548
44958 92598
9843 63485
36600 58618
44592 70484
40085 61601
33473 60187
47413 59372
13870 57757
61191 86327
43485 77512
69854 91513
24515 69409
70765 94779
43933 50000
8116 74069
74953 92212
18902 55286
34637 79817
51217 97193
20071 50723
23599 36626
79411 97738
76279 83295
94872 95181
56519 62284
41457 59999
44521 77909
97639 99542
58346 87643
36853 66630
40218 75334
67688 91403
23349 28791
68300 97851
42559 51312
23859 50784
13319 55229
14462 59665
44629 71650
99357 99521
61806 97680
471 14605
50000 52679
72381 72832
44144 50778
66529 92797
37295 54788
37732 56990
48111 50090
42060 65365
25314 51735
43632 69101
45763 60338
51925 87532
29249 56193
14513 64261
45982 52962
2658 87229
42441 64620
33728 62094
43013 66714
63162 69359
25076 66218
8571 50000
36710 57306
35230 54647
26849 50000
71469 85246
33445 65807
49109 53681
61694 69955
23900 35697
45200 68994
48748 79763
15574 50682
30663 30827
26156 51224
41412 55948
49252 68899
38350 94323
24981 61949
86277 90264
44264 65846
70890 95278
57593 87190
26064 79963
32096 37663
45377 52061
77457 93841
14323 48617
29616 61050
79665 91825
72452 84059
45228 82833
41149 68693
31877 67471
30937 50676
22344 44892
34319 42094
60756 82170
48585 67241
37898 50471
64393 66106
15283 52781
24268 66073
42521 55377
39660 71644
48867 50000
17817 18351
72645 97085
21478 64013
16932 87436
37998 58586
17294 75699
48036 98849
76292 96539
44919 89163
16339 96310
23096 64206
67295 76628
7676 26571
37249 57126
44583 59520
44514 73075
9542 84325
43289 50000
48485 51757
22894 65426
43920 61622
98449 99509
47412 89285
71313 79831
46732 60885
23715 96032
19539 54449
50570 75922
49810 53050
36657 54832
51437 94555
93180 93655
14306 71863
34845 76291
33405 63618
26652 53125
23257 25977
81371 90186
15115 57597
45687 57223
14810 80763
90880 92809
12890 20292
45377 66554
36199 79872
46695 53852
48149 79147
26752 52863
49983 81917
74294 76447
74828 95345
43580 62471
49314 77241
69353 84078
17143 97268
32865 53778
28723 61225
47389 54115
44879 88832
77570 89576
23505 39147
66480 99324
48413 50000
40391 56420
29291 59427
98751 99724
77603 84360
31021 41300
5597 79632
48376 50000
20289 72142
38944 95163
30681 68194
63009 76885
22390 53732
81719 97439
48061 50000
8992 48059
47467 83801
19067 26155
47334 68694
31566 58050
72437 87569
31467 77475
49772 52712
60634 94139
13483 24107
55348 97009
98476 99689
43614 60420
500 95550
42311 57698
86741 93059
1364 39515
43084 71022
56536 89722
9868 71666
51093 63960
40534 74843
35599 70645
45406 58105
86527 90522
36280 88631
38490 72225
93420 96166
68923 79652
87580 95649
50000 60948
27694 54915
38418 96094
48854 53231
85676 92892
24640 71412
47553 65374
24232 82297
52167 91303
47504 61153
32976 70366
99576 99954
43077 85205
50000 81934
16357 58458
24114 29219
40364 50053
27560 63410
42242 57357
30286 60589
15587 50811
70015 84374
41910 79712
62582 84982
73342 79609
36532 67270
33252 76119
41865 54183
83033 97983
46737 66318
38713 69547
47035 70311
70521 95661
29592 79492
25393 40262
35279 68810
33797 56750
40796 40894
91094 93933
46186 50000
15740 60982
14948 29135
98322 99480
79940 88923
34655 54545
90937 97831
32841 80022
88280 95380
27422 77444
24023 84837
31452 73209
10760 24297
35354 50708
13684 58285
48113 69147
36251 87300
20130 57008
34267 58206
42069 55627
50000 59557
50000 93686
57216 67235
39782 59688
46917 50593
42350 51214
59432 81576
75712 85632
42790 61013
92438 94593
23021 70318
8409 67167
47936 51950
11593 35772
48281 82992
36080 57969
83150 86572
8663 68052
49099 57532
34548 51594
29642 33344
46640 79433
15976 47015
38083 83580
23115 60861
43879 79653
41708 94340
45886 71132
35305 57278
35325 91190
47083 50899
18359 46088
55470 90881
10192 51941
23662 63514
36913 41959
4823 32375
47213 50000
76563 90429
60887 71337
34801 99435
35406 69575
50538 58230
28095 63855
37898 53092
34835 52479
19188 51983
53141 70088
48006 73136
67725 88417
32672 55176
48040 62470
38762 53895
39560 52193
40938 51055
46140 62824
50000 62273
32269 57294
21490 54742
22319 64163
6956 26472
97251 98780
44820 60423
26156 59139
45526 75544
36496 60185
50000 62752
46895 52894
1690 62158
82602 83051
23205 54536
38525 51819
38016 64191
23325 30345
93315 93561
35905 56118
21620 66340
35865 86431
41870 68367
50000 82734
44933 64807
89646 92706
81850 88159
92886 97324
25383 81460
93450 96635
46088 58784
51983 71773
44681 51692
43903 82098
20943 42519
14575 86087
78039 88019
59045 70639
71473 90132
43522 99522
35953 50000
50000 51667
79646 97113
28575 53936
26423 52500
46240 68221
38782 76781
11726 15026
38025 38081
70912 72466
98479 99668
77893 80663
11537 16701
55827 62124
61554 85116
36362 69474
78840 82465
43998 57408
61283 98716
20941 56271
78143 95113
51412 87098
27882 67993
64345 69618
46726 86779
34708 39073
32990 97557
20849 57944
33539 56534
43761 51103
44407 60822
17405 78925
13755 83781
46420 50000
42879 53154
46961 54987
35687 50000
45904 68820
94390 97712
39554 54853
45338 61711
16618 54321
8177 75857
48598 50000
48340 71375
17262 43643
3816 12765
34169 55981
22216 67066
69456 82877
43439 85643
57670 75914
50000 52020
35458 89385
67234 88757
85393 91494
45185 51327
61557 63615
4816 38116
44023 78692
12504 22215
19890 69047
27309 35440
27763 58473
46961 76950
38843 84639
38572 66901
34743 63501
78084 90674
34819 64493
20837 73957
40588 66192
32428 37380
44596 52532
23758 68996
15648 57085
46178 74279
81386 82800
10153 71987
68611 96497
49310 92859
69793 90356
43939 49279
3250 53954
31388 60755
5463 56710
40834 62490
44685 57067
14909 70539
42517 50713
49654 62459
46303 50000
42260 50000
1181 70885
69849 90371
50000 53877
9288 86938
32236 62753
30536 59158
38261 86917
3568 6501
959 26500
34835 73064
99879 99947
38836 77245
95817 96567
2277 88720
43707 57764
99415 99584
35471 72016
44674 78674
45674 55387
1340 2118
34688 54607
15344 71704
33524 61422
27078 62765
67499 95078
37784 48785
19779 97004
28128 55341
80691 86153
49 87362
45639 53655
47288 70577
7239 95160
81682 88737
12504 23973
39774 52100
73660 97037
10492 48070
15142 30584
90324 91095
89590 90047
27687 92384
49722 50301
73493 80231
30748 78410
41125 54466
3756 87222
77383 92876
43615 85388
65610 98448
22371 85710
48280 50000
37921 52668
54662 62581
96313 98231
78304 87581
42799 62388
50000 53295
13829 51979
18435 55454
30636 51043
33384 51961
94450 95088
34148 53338
34950 59411
10527 39439
47997 50000
41553 86875
3879 16839
3756 25733
43752 56036
62049 98301
18806 63738
33492 59878
7892 57140
14208 35632
40730 85122
3403 78217
19721 59385
17703 70927
54044 92149
16597 55907
46221 97241
49320 68938
27182 86456
55175 82562
50000 52419
38282 71048
43051 51104
21753 60727
75141 99159
31100 63501
99162 99319
39245 51312
2121 66025
26996 62645
68265 69750
77162 94715
48500 50000
34330 54130
38784 53719
64424 86979
14863 18697
37543 82538
10084 96944
97927 99930
17290 62515
93142 98934
24567 61382
29091 64640
43667 82932
21993 62704
4065 29016
32155 69623
92849 95287
46536 85082
43880 58770
36886 63288
5459 57661
36481 74718
27298 49785
46712 75530
27780 56098
18383 41899
25462 56545
98787 99190
27854 39373
40702 54918
36805 79235
13133 77697
42550 63619
41341 56141
31040 71467
21699 82680
90035 90058
85450 86139
23548 63346
86876 91289
43796 62587
50312 57878
13123 39378
47766 73465
47209 55634
28923 86459
38288 58310
47531 50198
63683 68306
54345 55594
69766 70735
94659 96707
30905 50563
39703 61578
50000 86641
27394 65008
42871 62957
80246 94508
93238 93728
56367 67424
21992 58075
40428 50000
48186 99954
86061 92683
67755 78193
50595 62338
45702 55859
27910 52224
16774 78717
94309 95604
324 59713
37106 44993
88806 90618
34590 82400
1257 29287
18385 63972
23260 98004
84220 87423
75 72022
24385 85338
97862 97918
46519 64955
18166 50000
44214 70851
88041 89300
21914 57378
32387 54384
194 59150
8970 79820
33587 61382
5210 32739
48651 54727
59318 99605
90933 91244
47159 62947
17956 47337
4854 30782
42747 51868
37995 81851
48284 63986
26665 52898
25388 84423
48757 56982
51219 60697
79250 92858
91720 98041
41884 47145
25650 53260
15204 51181
47984 52062
47490 86562
36999 69984
47879 74828
22828 40941
18196 47952
10830 90826
24278 62322
88350 97287
81115 89237
96861 97024
35717 63123
50000 54019
37978 90132
85947 92371
4993 63036
4315 35703
50000 53783
39989 56148
35910 55911
27777 59010
86534 92239
37899 78115
13963 97094
16766 57064
7964 58483
21519 56904
39005 74544
37312 72311
50000 58467
57978 61571
87709 91778
87086 92952
38558 72616
33711 51300
48863 50000
65879 98341
23786 47714
10010 33557
20336 78568
49841 50552
44024 56200
47205 50000
9792 81780
97633 97711
5305 96971
4374 35692
24069 54827
49064 66095
88145 94484
15246 16064
3837 8053
79459 83859
8346 76572
9022 99030
40461 56433
29465 38798
11645 56605
39938 63709
26858 60808
45270 61849
16426 78762
35006 50514
45695 86146
44828 75757
89415 96690
93705 97731
21144 54925
1889 56382
55134 61036
99409 99776
8822 15122
49523 53434
80425 90163
23488 50000
35569 58017
25131 60632
71270 89104
81364 86040
31919 60708
41993 68940
11924 49025
47586 74488
42403 72719
67880 94898
22324 63965
47661 61385
68857 82956
90163 91236
11585 52452
72079 86341
28077 53326
23815 55017
33424 64404
33621 71506
13863 98717
45395 54997
97372 99472
47696 76767
35955 52513
75884 91652
85906 95509
52546 99340
44812 56840
48648 56624
23883 51488
48972 50077
29763 59337
49095 56585
49681 54697
32419 58731
47610 66707
39824 93902
32127 61275
46277 62179
29303 46923
43609 55386
96803 99501
88270 94541
50000 52205
95100 98912
48169 80222
73459 89448
16533 54144
46839 66962
31373 79590
83333 85327
17311 58225
47569 66899
20267 64834
11666 20306
13683 33813
17385 34625
64652 77752
70744 95789
46772 72556
9814 56873
22918 33391
8694 14064
50000 60324
48789 64377
33742 70367
44231 64697
45370 61225
33413 58738
28043 54408
50000 75136
97546 99404
44046 50077
50000 54466
11578 78051
38565 50000
37961 42650
9265 55594
97634 99127
49712 72821
75784 99643
48251 85042
32758 86763
27166 65252
57671 62592
22097 66185
25970 60710
60685 75717
40241 53484
39116 83040
64459 74618
35530 65265
51758 88468
30758 60374
46444 63136
45462 89510
50832 65128
93720 98084
17757 80123
33599 55448
18341 55962
70879 88941
80931 81899
39155 51775
65939 74067
36581 76155
48542 77949
41757 53363
95025 97624
93237 96961
40091 50000
49353 79211
42900 57970
47975 52957
23248 56495
7410 32807
14244 25697
50000 57346
38386 50073
29794 74329
49980 51637
32184 56300
23136 46571
39454 57957
35682 65641
25033 73807
46437 50000
40981 60462
28681 41356
2863 25862
29429 52728
47706 58346
65694 94425
29131 54763
22752 50000
90498 96170
23088 50000
38718 90972
73628 86704
39544 52563
60942 90017
69457 72319
82603 85385
49018 54506
39271 57390
35613 50846
37180 99149
46545 71364
42399 63352
22137 78194
45503 52538
8411 35333
13674 52389
64174 72156
47229 77404
45442 76277
93283 99211
14614 47193
94469 98601
45858 50000
41730 60994
43646 66494
38188 50000
44961 82609
71808 94962
95538 98760
31909 60568
45231 50580
50000 81947
50764 68341
42764 64298
57503 62697
7737 98158
81096 87394
44378 70286
68072 86520
56391 83608
15763 87888
60780 79213
47254 50307
21512 22785
49854 64067
30712 91530
91655 97737
33819 70290
71669 82900
18458 96819
93149 97124
72499 83858
38388 70161
48181 60550
39033 68668
73735 81238
23874 54050
77840 92464
61386 99893
85577 86899
27484 64080
19701 58807
46086 51583
93385 98783
48304 88658
59700 65501
97843 99838
48115 50000
59267 90410
38794 72107
39021 57677
42468 54477
39792 54523
83570 87027
25719 92191
33409 67695
82826 88733
41775 50925
44877 57054
73740 95447
99596 99841
40481 71725
87084 98769
21167 76104
26434 70097
31627 65812
15881 56650
47812 58653
7581 91885
45627 53873
44424 56856
46210 71722
66640 87156
9365 54280
39022 82428
15496 53709
18410 89637
89205 90281
13157 39841
80160 93087
14472 50669
48227 51906
84667 99006
33256 99117
45672 60039
41352 71385
24782 50661
41693 60230
40774 51755
70442 90295
35802 60785
48270 58937
47005 74675
37966 74839
35963 57135
34990 72490
89315 98105
91220 92638
49993 56746
26413 77069
40942 54997
60198 82776
60235 90188
43492 58200
17437 88800
50000 72658
95198 98461
41919 70940
46571 70497
53701 70476
13232 68109
38245 68107
39779 97011
36785 55724
74195 88165
15129 35299
48504 95441
22933 51965
22416 44609
37224 40748
92394 94876
42284 42334
46828 60314
38111 68092
75848 78235
44959 79932
52328 77279
88414 90016
44154 57178
37946 50473
45851 71051
47997 50561
21947 56027
14920 77632
21823 59851
30638 55645
37878 76461
79189 85149
98673 99217
47854 50063
30087 34006
50000 52578
46839 55283
30566 60335
71049 88025
28461 69610
47825 52077
73784 78278
54827 77349
50000 53386
40244 63144
36411 54200
38874 91306
6012 7415
42886 70480
35686 84190
32391 67381
14612 76667
51687 57195
44462 50710
73809 91764
26990 78130
36373 74137
34284 49411
9449 66628
45494 62385
40054 99938
37748 51275
63055 94049
32068 58774
39154 58907
46168 64948
7409 77990
81052 81469
40485 51165
13032 53579
47164 52770
4310 94779
48203 91297
48213 56615
36965 58607
95289 96724
84380 87152
90647 99706
29152 66186
24775 73558
98577 99522
37837 82951
32136 61162
24725 53584
245 63308
62111 99447
92907 93638
47039 56339
39875 51168
4501 90952
47889 50170
37044 68444
93064 93973
25623 29180
90866 99836
12132 49135
99884 99942
32604 53757
47305 88238
18907 59505
44027 51504
76049 98475
15286 57344
47637 52318
48088 92958
47290 52631
91085 91670
43127 67296
66764 90534
27830 69563
20849 25094
24029 61069
42016 47871
10850 90642
34930 60317
70570 71616
67845 81436
49673 54142
93656 95585
44277 47345
46573 55606
74434 99462
16725 60303
68430 87095
95671 96258
31177 40560
67585 87251
6017 72922
42423 53983
23868 62499
15544 60951
99834 99958
41091 65899
83441 90761
76729 79348
54059 61325
78723 81846
88253 99722
40767 55316
72081 85634
31932 40439
44849 55405
42691 52760
42261 55708
50000 51801
45023 82483
69192 74100
47531 60129
31657 67542
31694 58347
91237 97543
87021 95292
81008 87623
41807 63759
39189 60823
47671 81408
25636 91062
61339 85042
40711 52043
47280 52357
61800 95397
28869 54182
71101 81237
11604 54363
34143 61807
94245 94903
10022 46606
86119 91347
61133 67018
1726 29383
4515 83224
23462 54957
7270 50515
34232 58795
49263 75565
46805 56401
44044 64494
40007 51937
47497 56427
36246 64028
40238 79078
28697 55517
19959 54795
29591 60187
79640 95311
39625 45785
43145 72837
45241 53595
47797 60409
22944 84173
77097 81665
14588 50177
942 98450
66846 97131
36094 76400
40804 61294
42055 90739
29952 91224
37931 58310
38822 67249
18021 98903
34163 78034
51993 85570
23899 28073
31739 64339
19500 52414
56120 89042
98076 99125
11042 84857
35079 60358
74801 76412
78098 81123
51782 97457
47256 67876
60323 69104
73421 91657
40532 59613
41980 57652
74733 88279
25213 81386
4008 50000
63495 73847
91997 99659
36905 63873
50000 69021
35010 79197
47399 50433
21691 55036
31749 45020
27415 35051
93822 99971
76932 83111
45788 53910
99759 99927
57797 87529
50844 80366
90486 96559
62025 99545
4355 50000
61204 71633
80393 85808
33269 61812
25418 52933
85365 92494
61726 81383
47922 72729
46256 64848
75998 79240
70561 80922
21371 65222
36041 72319
35465 64616
50000 53636
63178 77012
72770 75395
22404 57324
42444 83258
15542 57133
22533 45056
11407 56225
77425 94094
45311 55581
38727 52319
49297 63460
47767 85089
8372 66998
19970 28076
38714 82945
48403 52684
48991 57742
39317 84293
50000 95166
11588 24727
7029 68359
52256 81625
80442 88927
13622 15353
18574 27063
35701 54229
87861 91042
42470 68780
73537 90109
10524 29576
44054 52049
22070 64261
31138 51578
22677 85209
39362 45276
31974 68919
29910 51965
79005 98133
93583 98581
50845 83908
2099 90779
29592 61467
85285 99585
17025 40310
57617 57855
98614 99628
24064 61365
41308 55291
24776 55341
35888 73041
36231 58082
15625 27600
48432 82420
49218 54750
40976 60768
14011 95647
49061 56387
48284 54051
9761 35190
97006 97816
19736 75022
22140 40444
86857 98566
48955 91637
57353 91598
48796 50165
29528 62558
51782 59465
39616 92572
49012 58321
25635 90871
82708 86858
97145 98406
47281 76270
50000 70049
48846 99287
90202 95453
42102 56524
10555 51575
47475 52711
58601 70873
42879 66762
29665 76369
33571 96472
49182 76141
42507 50655
40895 55597
82161 85085
22177 67148
36399 75356
48245 78025
50000 51170
86233 97380
50085 59937
19315 59284
89682 94883
48397 50577
46500 56109
40926 62251
91781 92658
44262 68375
3136 10821
66750 75536
27486 54360
36684 79025
17769 59399
43098 50000
52793 94434
30541 52360
87498 95729
91064 97582
43627 73600
28710 71207
37777 81035
45385 57540
46484 73856
26235 81590
48774 50000
30575 56951
44201 55801
43803 50000
45710 84586
39582 76421
49113 85421
62348 90556
3725 91509
29622 43949
47882 81800
39220 82005
77718 97314
26392 86908
87512 92396
99272 99665
75743 89026
38347 42682
57699 65095
73196 73644
54898 92051
48284 52616
47103 89233
96681 98129
50000 52487
49875 63977
45506 80664
78760 84979
66258 83059
8283 62344
47806 62812
17322 54010
69098 82306
52463 97812
82117 96727
41700 69279
36785 55230
63732 92063
38351 52159
18719 73570
14377 93228
40791 55890
21639 51889
30765 49263
97478 99346
88845 95102
29635 50579
55147 71258
47249 50000
5571 10691
23137 63380
33481 36235
48701 51285
50000 53255
49339 56070
19348 28944
72625 80858
30596 59908
47869 56263
30909 62666
91454 94523
2513 8484
18000 76498
25672 63327
83776 93619
43147 81077
60997 63829
89284 92815
23508 53045
63655 79112
43845 53436
40227 79680
47473 53234
61263 77222
20021 51114
27563 70749
95675 99851
49875 51114
2991 30866
48994 50786
64826 67179
46921 62754
23817 75282
47764 53111
84860 99346
7902 86715
44311 52520
99251 99474
47971 61302
31624 59200
58228 93613
21157 39682
36786 50000
8677 52723
46470 50691
40169 56214
43178 81123
62905 91586
46964 87048
49104 50795
91600 97173
92940 93513
35459 81779
48906 56208
34644 56297
47125 85358
39206 50000
72476 97071
68768 87590
94644 98367
62171 80236
59439 96273
47609 60221
47956 50744
72600 78791
20104 99843
50043 94049
38920 56654
42761 70949
86533 97375
93806 95120
15989 69875
89383 91798
41645 72783
10785 47373
48078 60681
95123 97325
82426 92760
23649 60564
4062 64694
62071 71194
30499 89318
94234 99851
44768 54242
46923 75854
46191 55084
60348 63029
39864 50000
64006 80759
48931 51204
9684 17496
34731 67991
64078 79859
23703 62897
81988 83357
93568 96403
27191 75644
9494 15413
24341 94676
46583 64779
32652 50729
98517 99331
46111 59608
42719 53047
50000 53066
66813 85471
46204 92692
77214 87127
83020 96365
47778 52181
44123 60268
41822 50929
27346 82784
75751 91763
89601 93314
78011 79286
82107 99762
27438 42630
47855 53794
49886 52325
24150 55238
56459 75112
37690 79339
79042 85050
39980 67069
87999 97473
25852 70752
90691 93498
78312 83600
49484 84354
61234 96126
39663 56620
39948 51829
12978 56244
4930 26027
30277 74807
27437 65709
48496 50436
48824 80937
35178 53736
12582 62752
47915 66700
37001 75441
19997 62351
41596 51404
36623 74701
98343 98914
39035 50690
40393 78109
41475 51272
85959 99266
86509 94784
68080 79441
42226 78516
43655 56716
40734 58026
67149 84110
44553 50505
24571 58656
46785 51122
32876 71993
59063 70660
64181 88184
59894 99719
70458 93093
30222 68993
24112 52356
20232 61622
5320 45807
28224 64368
431 80329
31614 51882
72029 75039
61226 65836
2800 99271
23122 60130
22954 54005
46779 74981
54803 99898
11562 67896
50000 64010
39655 65352
44987 50365
44989 51374
2143 56083
50000 51415
25818 57728
33587 91589
36098 67588
59936 94172
37317 66452
23721 65589
27398 77549
93359 97590
35600 69225
36737 64487
45815 76834
30299 71610
24350 84610
75299 85940
47356 55026
90015 90996
56779 85359
39390 50687
30839 69734
11606 40576
26154 60284
37782 64351
24765 59614
62508 77663
18795 55063
10157 70276
48356 54178
42140 51879
36809 88498
49961 77981
40316 56873
48115 50961
95757 99328
33189 52054
73156 91144
17222 71589
55474 70248
44126 86306
23919 51828
32906 57290
32406 62064
29050 68018
30349 60890
2096 69355
45443 56170
50000 83528
48379 52044
88600 97216
26229 57365
7983 21944
96711 96788
78853 99355
95224 99115
57816 87660
48249 60394
28452 55565
76481 88054
14210 53626
46614 71840
39221 57735
16531 55109
46599 50000
66736 95755
43132 74492
38738 39561
27850 51456
43635 66564
25784 69061
35385 57048
27003 54557
39648 85864
48842 52227
36228 56626
16870 77492
77936 93087
21279 54502
41631 55598
57073 62675
38623 53841
48210 68462
70625 77438
25801 69300
42957 52791
45972 57339
65199 99463
13458 21090
85043 96654
93479 95790
67325 76732
28856 55768
76422 99295
91522 95159
43817 57743
44615 55937
33056 52906
33158 66751
34876 62685
49788 55906
29193 98546
26526 47836
53442 94094
91524 95171
20688 89115
38667 50301
22064 90656
90262 92822
34815 52226
41422 57646
4836 92789
39455 39762
97216 97933
49599 56016
91009 92239
48365 67688
30015 67681
15571 51916
44299 83575
50000 56327
45445 55313
33618 96492
35043 69778
62043 86503
39971 71186
44135 57574
48637 77878
41509 51692
25867 58535
19856 77480
8186 49390
43764 94644
81932 98598
38025 53266
50000 51502
75959 79997
17354 53984
6564 47313
91150 99266
59693 86355
12313 44934
44712 58325
43192 85708
37724 51604
59022 79901
20567 65234
32899 61061
31688 65815
69450 90300
34107 58065
83466 99003
43295 44483
43329 77485
51746 57494
23536 53149
44978 57455
42282 67705
49715 60389
43002 69513
14341 50000
44037 64170
80697 96667
84831 96915
32546 92722
14647 70860
10103 57047
34035 67073
25108 48984
57800 94026
29975 91986
65791 75327
28763 58175
48894 50000
15310 57543
15929 95808
34140 53187
81069 95964
49813 91057
99688 99916
40247 73814
46867 57473
41956 81908
54020 65981
49899 52053
48085 50000
74383 84270
38058 66027
18321 61876
34208 62217
80367 86678
5840 89609
20909 75116
43135 87831
38435 79283
40271 59268
75284 99186
48483 52875
29759 60184
50000 52921
51981 83727
47974 71294
48527 61443
47762 52865
45709 78420
56548 84862
11528 90602
13327 58208
24725 70201
93418 94227
98586 98716
18908 60496
15432 50949
20755 85926
15052 50355
41569 83559
453 47383
27695 30109
96018 97719
36766 78502
63354 71733
60409 75026
16765 35326
46819 55102
47529 98092
84689 95872
32304 75589
29673 61147
78141 93412
27005 53304
42742 72292
2837 70466
47149 55944
39281 70440
50000 57014
29720 52554
63452 75671
13529 90843
3453 27868
46530 55666
48300 52127
91970 93801
45595 85333
47856 84357
30397 54273
47328 50000
2038 14672
41689 69288
14406 59044
81533 82654
5549 26268
48059 56537
43161 50000
44428 52666
85526 94530
7520 68295
50000 57123
60060 69392
56912 94404
46918 83950
43795 80729
41968 73832
92389 97891
39014 51879
27350 30763
68317 94517
17044 60345
48702 61919
49615 73224
19206 30329
68173 80051
49267 51675
42680 50492
26495 65361
57763 90314
43042 61470
25510 57187
49659 92080
46226 53401
44517 53628
39768 47937
91816 95845
35752 89107
85544 85880
45593 79483
47124 69760
86453 87110
44802 69798
44079 51854
49041 52707
22191 66671
10231 85763
46713 58096
41870 68962
18431 57112
61951 89198
64846 98946
42790 59921
83425 94924
36484 60996
62262 98674
39999 56115
64764 93622
28544 34532
27855 30361
75463 94430
12528 51489
48775 54724
36483 54264
99296 99321
25633 30497
31590 51386
73723 89219
42933 57294
46333 90223
45332 55314
41501 80389
48068 50000
35086 61344
64713 88940
67945 69989
32564 61863
45550 52749
18411 59764
50000 54345
24025 67783
12608 54471
69926 83797
46695 60515
33774 60588
24611 65047
38486 70325
33154 57688
94898 97514
23777 63392
33338 73360
60820 61760
90201 91791
21806 55994
26013 91276
47142 54920
42469 64804
28837 56574
2 54784
20375 88976
41014 66734
97031 97335
36392 67192
50000 59304
8072 63394
88007 93923
47225 70273
95770 96045
48030 51452
28096 39653
94284 97167
14241 41419
50686 92300
39801 55441
84957 95050
39288 69935
79240 83273
77441 99537
7499 51272
80794 99901
53152 83253
33055 61233
75213 88151
7779 44856
37743 92020
27405 50054
77054 78494
72297 88230
19280 84400
31510 56794
53277 56478
24236 94964
35943 55521
35844 55301
36412 50454
48773 65309
73417 89968
20182 79235
28084 59185
31631 66609
29356 51345
92676 99125
21355 57302
61074 71635
70880 79258
55001 96658
40737 50050
78926 79238
93625 96372
11467 55674
90242 98068
74886 94213
33836 64932
17487 32778
46914 59145
5828 47024
24464 56110
40040 80344
78746 82749
38934 52516
50000 69258
11371 83270
46657 63333
49439 65539
13869 73853
47626 52151
46238 85270
47511 52924
35480 42217
38916 78207
13900 54949
77775 99593
37514 93763
37350 54441
24369 55651
21985 65679
2277 92230
17189 93861
46553 66398
58594 78873
46983 68340
20554 85065
77217 84228
24961 26494
19701 32350
47330 50311
17325 61281
38844 52846
31997 68109
32416 50000
1409 66074
55831 80468
49603 74472
58497 95135
47044 51738
37218 73671
47558 67374
9848 54140
37282 63018
35198 63310
53036 90902
39565 57420
43890 74814
47603 50695
15805 71388
78732 85761
44519 67044
39255 71493
40983 69877
69765 99988
38488 52186
67249 91590
91244 94764
60570 78613
31447 55484
3439 27866
47499 58279
85747 89373
17115 29731
50000 53378
42289 79398
31097 75019
45545 50000
97753 98949
93078 94668
33219 58662
83775 91499
11806 44377
69884 91858
46124 49732
21561 62568
44938 53215
35168 56366
31810 94399
2388 50032
33211 61550
90627 96742
24490 27482
43504 66879
41876 77666
50000 52279
36421 67089
44179 76044
54394 55983
78558 82963
44694 80172
27202 65639
69593 99406
37076 81251
17508 59648
34234 50262
11005 54360
77584 79906
53032 93607
37825 90950
26215 57831
72515 98088
22384 67136
40285 58936
29756 52559
23175 61058
9004 53872
48733 51978
89220 91003
85336 86580
48108 51982
18164 54374
46962 70745
38685 51817
40464 70332
92342 94006
50595 64464
76265 83505
36188 64232
21748 93494
5494 79336
77040 87996
44244 57058
30191 53607
45731 55047
24472 59138
46893 50289
32445 69423
26963 76226
47714 52149
22278 59846
50000 53283
47530 51780
33203 53002
29535 55163
40374 57685
33311 53888
23113 54571
50000 53192
7111 41982
83286 94461
45746 70195
46635 50319
19781 47936
33903 55368
33137 65105
29740 50622
19195 57548
17456 55230
45599 71029
46754 90768
46307 61452
38001 63565
58654 79780
83536 83980
25821 78342
37161 72382
33453 49934
1518 95788
19498 55570
48176 62984
6395 87012
30745 73702
49225 71922
62290 85111
58221 74019
36053 84533
24822 56728
51166 85867
48873 79173
8969 69300
47651 56330
16528 38451
32761 53045
99421 99863
76860 98534
90073 93702
41149 85213
44681 50281
79243 85345
45482 54238
30654 65059
35042 46496
34475 66380
907 8276
36087 60383
42832 67437
99392 99974
42269 97471
40637 55064
47945 63311
33514 50000
48745 57395
96688 97026
20463 63365
40637 51925
50000 76924
45141 81755
9186 60096
62626 87963
47202 58170
84102 92220
46763 61568
47786 50000
44177 70518
50000 53584
12738 53203
40937 74314
43548 52782
45708 50000
47029 77351
18088 60553
46466 79211
19181 56078
39296 55787
30428 58646
43001 53443
49193 49400
28136 73466
48265 54785
20264 50000
48857 52959
37270 62007
97359 99362
50121 72786
22306 65255
59894 93114
41558 85139
43098 52382
58409 67144
14981 16094
31459 74279
29775 60038
45232 82613
83985 90625
37082 65691
75126 85337
31481 49997
28896 96674
92978 96004
49196 68371
38578 93533
48339 50260
87779 96326
37629 50000
31765 94921
42419 70119
24793 59943
97217 98200
67714 91695
16716 61880
32499 77041
31628 85817
47175 75142
72849 84082
41770 52170
47107 93536
47727 52986
17130 50000
32797 98211
85660 96298
40665 44245
46591 85375
50000 79435
44390 61603
58718 95026
33422 98897
46449 83156
10958 27925
46149 50864
36439 59661
11877 56171
41122 64118
44474 97562
25768 54312
40390 69850
44556 63885
89861 91664
42225 61748
37991 50000
92892 93430
52162 58552
73041 93759
30447 86112
22105 62438
52577 95674
40276 73116
65390 68575
38492 64326
91616 92561
50000 68813
23642 57505
34815 75874
8951 80548
32871 71644
57128 82797
49776 59533
23558 67318
68977 74940
57789 94999
33396 73451
40041 52573
34408 40214
38825 51349
71482 83153
59874 92466
13953 77632
40152 70909
21715 50035
25899 58105
13898 82800
70301 94621
37008 89092
63978 65974
41634 53228
72444 81497
89297 91174
19249 56159
61818 63345
35880 64148
62628 69553
1656 59601
37634 55500
34655 57162
48849 92483
35943 56385
14924 57778
40662 62590
51998 74204
25521 54867
43967 61407
95780 97043
15193 98644
66101 70106
36701 59472
24474 33460
37026 51768
21387 57856
32906 60146
40117 55583
35104 96387
38559 52183
33653 58160
37627 74001
49727 60536
59807 64098
97836 98043
10769 60910
90695 99626
46168 81683
19455 55770
71221 95822
522 15512
48757 58078
79524 79780
19676 64637
76936 81537
9007 80098
34179 50000
69854 76367
80978 94767
49005 50895
47651 63727
86667 97566
85652 92445
87778 90477
96953 97668
45057 56488
76511 78625
42476 53374
46285 54182
89714 93222
2151 23078
9894 57235
52416 99120
9006 54286
79324 85683
26212 62242
37898 60339
20539 23632
31476 84691
68308 94621
53946 69241
37681 52677
23085 61975
35199 53287
65367 67570
72493 87436
21496 60367
14859 70933
19440 37950
47445 94593
91202 96739
93035 95734
87681 88641
47500 58434
54886 99359
38628 85499
39616 65759
28597 57170
97657 98391
36701 52040
11559 38260
48110 56401
20071 96486
47910 57403
9284 41704
69222 84533
26677 59573
18262 97368
8709 61729
50000 81220
50000 53557
50000 53991
76439 96921
47101 52529
12705 52501
36168 61511
40900 72485
37845 61692
71519 78626
3546 69202
41833 59598
23913 55709
71520 72946
74668 91323
49186 53885
98724 99058
71753 92938
33173 50000
36318 58278
92614 95726
14236 52666
30317 55850
54418 55928
30107 61636
20274 57084
46500 51400
8535 87991
31771 58572
72896 81232
92959 96888
43646 50000
49494 65417
39377 57816
33833 55111
6831 17836
56143 97111
80078 87609
25473 58501
75515 83049
64901 73211
91539 96685
37130 52683
34341 73627
20903 38561
95767 99755
87897 90509
31668 43431
36830 77105
76667 85851
47486 55721
99029 99113
10631 52415
42491 51841
496 95266
94376 96463
41926 44517
44054 59388
72796 83145
39062 51951
95143 96280
58641 78530
31694 55699
74531 88028
42745 78708
98944 99944
40397 52808
49308 52043
54796 82983
40844 51267
67819 94252
50000 52732
14254 50453
99860 99964
35910 51579
32395 59212
32823 59505
26593 60906
45935 55320
41143 55927
20123 82839
61257 89256
16010 86305
34696 59822
50000 54126
693 11066
49366 52041
47909 68251
50000 54118
31753 67128
6290 39484
48654 57671
79010 79800
1883 21317
45784 50000
45151 67110
28897 35356
40643 52647
38424 54392
44696 96747
37343 99407
35408 35924
46433 62829
34476 57326
46360 57071
39070 59187
48123 50813
35464 59699
42548 75214
37044 64641
76372 82274
13978 33872
48245 54649
15576 59698
17689 24949
83209 84596
46255 54953
46813 74318
36044 72138
30769 54142
64023 87338
44905 59776
4802 87204
86271 89868
1056 40772
44926 54316
87150 98817
45788 82939
55415 71735
84244 91925
71714 88823
21449 52296
32835 57667
94310 94769
76995 86067
46982 50000
66391 83241
38712 62151
9891 77060
89106 95127
9042 66890
72401 97566
97378 98432
48647 74671
84953 96959
11928 98249
50000 69241
29827 73942
50000 63725
43126 58444
28730 50000
35246 67972
21788 84856
16988 53513
53970 89511
74909 98901
10521 44285
35419 60788
74232 98651
44011 57011
31593 65799
42249 67396
49582 93948
47439 52704
50000 56991
26476 28175
34777 60862
47637 50613
30406 60627
79461 80961
90076 95082
45339 57795
49080 53007
7412 95073
60124 89099
3225 94561
35985 54990
8288 28237
49742 58115
73171 95355
49607 92870
26862 53639
69076 89708
52051 55726
75276 98824
16050 66833
22572 49558
45593 69632
63086 91147
22867 52351
11926 54719
30166 83971
58779 65213
40553 74569
56764 61741
45844 84908
47500 53137
24388 79416
32396 84290
7910 99249
55975 65173
1748 7240
73558 89884
97920 99507
59119 71392
41516 73452
6738 43010
41344 64480
51546 65748
39279 54211
30451 63915
36701 75456
19830 63086
22984 51091
45863 72088
23361 63889
9491 33869
60480 97180
46858 55849
48578 55465
32306 68193
44100 64886
37183 53908
44588 59042
50000 53721
14793 21855
46299 81581
40179 67678
35784 74721
38619 78882
53505 61043
26521 66727
42037 68807
46866 72800
47562 52332
12219 57210
48165 53469
31305 61552
65141 65813
48374 53409
95857 99094
32914 77150
41734 52086
39019 50000
96132 98995
43630 54368
61583 66191
10482 52653
19626 21671
39418 70960
26438 79097
38955 52745
89593 93753
13429 52509
46602 67008
47252 63429
19805 28669
41098 77012
30680 66049
82904 98797
84987 90916
53366 57831
37284 72151
40354 88922
47988 51944
41135 95200
42591 59376
27465 44674
56206 70578
28811 34479
9514 50380
61870 62807
48605 84001
31168 74104
5179 46785
38812 82332
73389 91607
30580 61472
21099 51122
93053 94322
27030 48387
49937 72333
34720 64228
49910 87150
82429 97501
82039 93941
57917 70519
33703 56749
48817 50000
7648 51324
42271 63543
48951 78331
55837 56527
47864 56776
36271 46385
55794 77918
42745 57347
21995 57570
5678 99163
30337 50000
40851 50823
22429 57336
78033 87782
46954 57072
48969 60370
49688 70111
1356 75758
48043 56064
44394 52227
14756 63779
6459 20150
3731 80531
38574 75363
40159 79059
99931 99963
69484 69661
27551 58216
36180 51625
9451 49056
45184 88585
36349 60236
36247 56378
32930 53785
23378 80905
82082 82229
39667 69518
71069 76425
30152 44742
47197 69349
38330 60538
56188 81098
30588 64472
39750 52319
30315 55924
25656 60127
57802 92658
2635 76516
41622 75125
27116 51414
43657 57994
73393 76786
31713 61273
35830 70520
58295 59835
49150 93761
48885 61291
26552 82428
31694 50185
62977 93773
42177 61854
18277 49899
47805 50000
98735 99052
28674 52965
71696 97740
92286 94704
63856 84739
35331 53086
9352 39920
48113 78477
60826 60827
31066 63090
61697 85915
51982 71928
50000 91486
2803 63210
38492 68169
37929 76245
41301 74474
45756 58338
40485 59498
48083 76701
13403 35278
25521 70645
42918 52911
29026 29229
49899 57658
53250 79905
4449 47754
5363 14647
96487 98593
4480 18289
8694 29935
18458 54251
49809 51223
49194 52469
6181 21742
82416 89025
28826 59496
11343 50000
36027 61084
76481 90421
30021 36391
31583 73747
45062 50821
41689 50996
25821 79503
37521 72811
27072 54142
62632 79881
18241 82478
40195 53067
16569 31127
44912 71227
43497 54023
48168 91461
25733 78761
36219 70801
44770 82991
73281 74254
25298 46126
14848 26954
4288 65074
46278 51477
37409 58708
65327 81597
40495 77162
50000 53835
23161 50974
17632 34888
29113 57518
69020 95991
34862 70210
56468 60685
18833 53764
25912 59170
44127 68790
22775 98585
44543 83478
25494 92994
54080 62827
41493 50521
22841 54886
48007 83302
93545 95627
74044 75321
41520 52631
41124 65166
38726 51330
42114 60167
84812 89179
84357 87663
71314 78546
37286 59737
71977 74309
46570 84551
67023 94980
61473 95644
27588 75750
29591 59963
48116 53819
81763 85547
1425 68129
10537 51789
49126 53822
45154 68361
8953 31651
16277 38996
6276 53437
38773 82915
26601 59375
46210 73624
49013 74865
50000 84260
42311 54960
32812 57509
25182 58622
48024 53011
53756 58646
54103 85698
44873 50590
50893 69423
12872 44333
95023 95140
40743 81361
40615 74597
66044 89823
35436 62721
45840 91028
90292 94649
32729 46744
36488 52052
78711 92775
7775 27176
25494 51703
53781 97491
38029 50958
46084 88050
49312 93384
95723 96715
48916 59480
81339 94406
28650 84064
83030 84099
89101 93007
19299 50141
41497 53295
58899 89857
50000 62593
405 72468
49149 52437
49755 55807
40183 77476
44368 64176
69608 71230
69458 83109
49324 80689
33786 72092
33563 81837
76217 77717
31485 65380
21484 59952
24044 86872
38467 68215
22999 85463
29686 47712
35630 43027
77564 86985
98344 99283
47415 74044
18998 88807
22963 67123
47899 96058
54851 90215
72292 82968
48140 54758
2641 58131
24973 56042
45055 86188
27797 55254
44453 51541
47663 61050
81228 86968
96341 99004
43284 76706
29385 65008
47170 88651
78269 91711
33562 53923
40425 87835
35137 68360
2511 36268
38530 80892
67818 76508
40473 53624
90544 99739
47595 91062
14496 99418
47699 50000
40884 62616
21273 80612
28140 55102
19719 52805
42494 57865
40232 70580
26079 60916
17103 55496
34192 51556
17760 50000
24309 65799
63097 82281
50000 54206
39552 51667
18159 44016
52255 71027
67487 91122
49695 50554
26985 52531
88645 93385
32758 55569
50000 55083
40466 53403
48521 52697
19559 52650
38244 72757
6737 26870
71279 92552
73224 81629
29100 98531
40142 45906
70106 77387
34524 59895
97559 98989
47983 50000
4496 19573
9534 81594
99651 99719
48902 63198
50000 93402
24671 54336
46194 53452
58444 97663
36332 79239
92145 96758
42564 64672
28595 63134
12463 52489
67331 78692
66915 73774
29719 59567
6271 74216
47510 69771
44360 60616
30946 64687
31264 67603
23427 29610
38121 52490
19319 53133
16325 25797
11023 52682
90571 96598
27988 50251
85251 89817
29021 65114
27936 69794
41503 56398
83774 99651
50000 58916
39600 63671
42262 98381
24983 70414
61463 64079
9626 14382
26437 88595
38144 96523
27944 56431
39145 57009
21294 52742
31662 64708
9007 79969
96876 99550
78311 86315
34386 76983
71085 89642
33161 53070
67198 96869
70447 75405
21533 74982
91385 98850
50000 58935
49589 65393
25548 37732
35686 67414
94889 98524
33914 80659
95198 96608
42268 51862
37053 61256
23892 61220
11396 35004
98304 99566
31253 73029
8632 51404
36737 44692
90212 99251
47703 50600
37451 51828
51532 71794
45670 50000
28880 79389
51775 52948
50000 56052
14614 40190
47807 58196
32427 53409
47174 76978
9945 89425
49095 53770
47689 51682
25521 75331
26146 70504
8263 67348
46582 74012
42801 51341
42655 77833
27557 62638
34391 71388
50056 79426
6030 90061
45488 83313
34339 79069
34354 60204
89077 99427
35063 41129
50000 59787
58118 65621
11264 58049
39496 52464
34642 67731
4298 64680
34337 56101
20771 34227
36406 75578
44713 61532
1257 61237
44634 70145
52164 60418
37478 59036
79230 83142
43745 53730
78901 85050
47125 50460
47950 51256
44188 50356
32033 58381
55752 80670
47428 50478
79225 97372
47796 50190
47616 63880
29157 72574
41242 50000
27048 62206
36820 57670
29015 58113
88386 88946
38279 56232
94022 97054
37642 50256
48299 59531
2778 76606
92163 99928
26600 52148
22206 43214
44349 71767
65178 98342
51225 97194
56264 80356
20072 53079
16594 52487
32744 53424
26167 91517
49151 55430
57454 74388
9108 61962
23498 59145
49780 79700
60632 75536
48021 50772
30288 53928
78419 80652
44908 58873
67121 76799
85112 86977
70341 88783
9486 12564
50000 52760
29917 63137
40496 95910
4507 20777
21224 51990
40344 57456
35423 74889
23265 50949
84466 86755
48923 62658
70799 94247
47143 52046
60588 84008
48949 62966
63370 69692
17826 83994
36942 53267
86188 91348
34139 94738
52275 99291
27953 71513
44165 54787
65389 77396
48038 77868
52326 92625
48815 50953
46793 55760
74754 90818
27602 61069
16821 56074
40418 52213
64920 84380
42363 48887
44602 53812
21461 37188
76463 96182
65342 72149
34641 92785
41210 81030
79530 99275
11729 15055
31813 60551
33984 66925
30190 99145
90589 97622
41218 62332
49997 56039
49921 79339
17920 93858
63281 71537
36536 74736
32429 75122
43646 66086
88757 93954
99011 99896
98251 98926
71928 84189
67617 84326
33937 80995
47401 52866
57791 85593
87037 93586
61699 91426
48556 81256
36729 64278
17667 53731
95537 96527
44741 58627
28478 62145
47152 62441
43301 61571
16525 44156
46938 57002
92306 99514
29879 51161
41282 60847
22746 66202
49643 51041
56534 66964
68935 79009
29917 42590
19028 89188
44195 52020
40053 84191
54983 81721
7632 94163
26307 66098
51105 56210
42982 50435
29086 29408
41575 52096
38530 67001
58501 74421
43019 53398
23153 64235
54400 77375
9383 99108
92751 93163
75137 89479
12626 68554
34098 69084
30739 56769
26952 65548
55174 61074
61865 81203
40847 56479
80892 95058
23191 78339
8790 69684
48777 64243
50000 66497
50925 73817
29860 42046
2491 3796
42157 75206
48903 74515
37523 58758
42423 71839
45374 50110
36782 50000
43246 52718
32896 64978
80177 81486
74097 97528
88842 96284
41027 55880
29607 53377
73574 96553
72454 81173
50000 55148
81909 93057
59806 75038
41629 55480
35398 78653
95233 95886
88999 94592
6333 75041
7949 51606
35782 80037
87122 88959
37577 81925
35375 52017
36334 68030
43061 78075
58099 98290
5137 44779
5097 68713
67147 72967
40991 67726
89937 99525
29435 55429
47605 52439
45880 63238
49471 59384
26524 60194
15990 52813
31770 37137
914 88936
16268 51770
8584 80987
9505 30096
60470 68063
93005 95940
36637 55673
24065 51598
9433 79621
46075 69506
40075 68887
34951 64052
44107 62470
26084 76866
46805 52749
27156 67700
93826 97911
35545 55765
45652 52444
64660 97266
41823 66515
6813 25853
38477 79922
38842 56811
1317 51128
72789 84660
36546 59964
61477 82414
60029 77486
45013 45453
80878 93218
79562 97382
20971 60431
95891 96889
24203 66001
1543 45502
45071 71460
32076 40852
38334 51691
44401 49265
76701 82707
10949 50428
39187 61107
80047 81333
35962 52049
50000 52280
39318 58495
63800 97207
45360 50000
44806 60649
46347 56392
75374 89699
35414 63497
30294 56430
45017 53202
40523 51665
35930 58986
50000 57382
49792 80949
48580 50721
12176 51700
48761 64544
35113 62136
50000 58011
43347 57737
7867 28605
32683 56376
86584 97042
48750 51248
48986 98256
96572 99708
69324 90013
48325 58635
58568 80737
60948 75595
12394 52019
77977 94353
51614 56051
87795 89379
1755 4543
48388 50254
64904 95348
45932 48176
58297 73983
79358 99353
45609 68861
34582 54236
16733 35968
81673 87897
41770 53549
23605 60320
64187 75305
28540 93639
24005 60305
39401 72039
61551 92960
54065 72330
27885 50918
41007 53109
79524 98778
29266 33181
42807 51275
88683 94423
49832 51323
71679 97077
48932 54907
33869 59933
41818 66775
84137 86514
97472 98462
16013 48603
48614 53403
7809 11709
68933 96710
40673 61495
46022 51152
33811 39150
85801 88798
45290 59146
33154 71135
14764 45060
41166 70991
56998 85378
27056 55886
21565 50000
86440 88122
31764 55944
33629 56466
57577 66310
45549 50227
64362 97504
36411 75034
86964 90801
61840 70013
45201 65773
48308 54408
48404 50000
87761 90053
9653 80303
32783 46527
75490 96405
61471 82944
20658 29211
45374 51564
47295 68969
76169 85385
12541 61593
54379 90557
21132 75823
32765 61210
42353 63892
45817 52070
41870 67574
70355 83727
47402 53647
40732 94552
34118 46503
77312 81335
82645 94560
13741 26537
47569 50175
90113 91841
2963 88137
60714 73363
27372 75697
45249 66371
31559 68208
63106 76003
94613 94852
49096 54583
6628 35219
18195 56400
33116 50000
13119 57783
45691 54082
50000 63740
33139 71608
40480 52373
92850 92922
38262 65015
98027 98717
33246 59690
92105 98174
34263 72632
63523 94799
46499 62398
60952 76812
48800 52334
40244 57750
33346 55356
52389 90004
69614 82096
39877 53144
41399 63018
77709 98746
45362 60405
26024 70033
9663 90369
25460 62792
30490 90642
38662 46693
17412 53492
2727 88342
28367 61059
82868 95572
55010 76726
49967 61984
60611 70890
38320 65647
19292 57296
12470 14444
22026 50273
37753 57159
28826 57102
61693 95543
49251 85083
22191 60748
40438 81112
49298 60602
36694 75880
20414 63894
61277 81457
33213 37355
42642 53544
43408 65035
49486 58202
41073 50553
38278 74995
65313 97604
69963 90383
48975 56534
33256 57745
56741 68822
624 58711
48540 68885
30557 55151
25743 65050
44941 58766
44331 53536
45333 80298
7893 17962
18404 63697
19505 26650
30500 62896
45417 50005
13841 51607
44234 57641
52712 78152
12687 53482
33271 43929
31592 69707
43641 50972
41140 67865
44555 53083
11182 56415
45018 71682
45359 51525
23577 63035
43032 59071
40863 61202
41369 50833
40162 81507
15802 98423
49322 57459
93011 97986
93071 95824
36636 51898
50562 75215
49627 86973
49245 50680
24040 49720
30957 83106
63 32742
47589 58485
35094 51958
36659 52622
9843 93446
20422 39052
47852 55614
47126 52742
31827 52343
17462 29604
45626 79354
98082 98502
37766 77823
27744 53892
81212 99354
46946 53009
65013 90864
47455 78427
39329 67552
32045 54480
95831 99385
76074 98378
34640 55540
76644 93302
38811 79213
47640 55265
17336 27311
41282 60577
45745 55333
6906 31892
48269 72856
49799 72361
48445 54664
42434 53872
66248 95322
47631 65523
42094 81088
44747 50382
75647 82539
85465 88535
45960 56584
36856 55879
35729 75034
31856 52135
2716 36549
26883 92976
6795 50238
95373 99405
28527 72509
22621 63041
11384 54761
62807 64982
50000 52281
44892 81852
40229 57252
25567 76580
22278 62106
45261 70251
43805 77031
86347 95914
42123 68197
49028 74508
44513 89653
50000 54110
65011 78210
35248 59552
93376 98707
48267 71421
23248 93094
89281 94793
59787 84907
78565 92692
24044 46244
10584 20361
38197 76407
6088 76529
21155 65209
55630 91219
28406 56711
38917 67016
63572 74778
36754 73916
32086 67104
50007 74872
47285 52737
18985 61585
45976 69593
39177 55113
60580 70654
48496 50071
41117 51384
11730 96958
6086 6304
58360 92207
35946 90666
28148 70822
48101 63316
33586 56188
54749 72525
22762 63398
32435 56681
28206 65513
48597 50000
34780 69589
21203 60756
4064 43660
76686 79308
24776 65222
39191 59523
42627 72290
50000 56081
83015 96243
42745 76925
71671 75787
29654 73761
36509 41719
73652 87003
71903 79501
96045 97488
29785 56079
63958 94077
49323 61137
11414 52978
75695 76967
86102 98508
2445 24284
8449 12791
90532 99077
54905 95581
47138 67110
50000 52351
31770 93214
36781 69132
28533 57300
10112 85565
37522 59598
41667 54078
48836 76356
65247 97157
49657 87714
36917 71351
57014 98022
49084 61926
50000 73838
11615 50993
44365 71465
41679 60343
77210 86949
68897 78866
45100 84064
40412 51790
96729 97549
92289 94897
27504 55450
39989 91370
16008 52078
50000 78427
45627 50582
65464 83316
46476 81112
18676 30104
23166 52732
63691 79619
45233 64637
39647 78627
36400 90407
42377 61466
43911 50000
99593 99690
27295 57252
33527 62297
42879 50000
70577 78645
77380 90587
46205 57215
41996 50377
86615 94067
71549 79636
48153 50000
50000 52919
21488 61712
8734 91647
29884 35066
88424 91121
52500 62361
48832 68881
2848 16473
31856 71935
69369 80051
36191 77813
91053 91883
12022 34527
24067 57457
39988 60766
34502 69893
29567 46853
41832 72354
62744 83417
70635 97713
22076 64037
89213 96752
14720 50663
54396 59786
49049 51364
39458 61827
87075 99662
99514 99981
29942 64532
30241 68085
40106 50255
35192 74277
67803 67862
83735 99063
44863 65387
42123 68126
94791 97387
60773 83925
24178 53017
8656 97051
64626 75247
53518 67696
44678 71928
88630 97581
5120 83247
71633 75808
21919 57738
40134 80335
98371 99773
33072 52248
37617 57995
32366 56427
46842 62533
29258 76582
38388 66421
29663 64697
18456 32687
44290 61453
41287 94863
26300 90868
48522 61340
99634 99748
39362 59667
46902 54792
25556 52915
42192 56344
66929 72003
36990 52046
48339 82054
19968 82940
39795 56871
57837 63034
35865 53717
32560 54303
21148 43049
49467 51151
27940 68309
44717 53211
60043 76574
99126 99661
19365 90196
46461 50069
45208 64152
45863 53107
23265 59687
41487 52283
26745 43509
71899 74326
99175 99739
29587 51713
60123 92714
55415 93127
86465 91014
24067 53212
24394 78811
68969 70515
33744 53898
36409 52528
47118 58321
21298 61422
35292 62738
49400 55132
14950 50000
48206 53183
76772 88385
37012 51688
48901 74011
87818 97070
64213 69745
33197 99020
26011 67092
45935 50000
44059 53158
50000 57629
96545 96748
16371 91588
95799 99724
33660 61777
90981 98366
72906 89321
31272 50000
5778 40367
47489 52206
95753 99572
41996 53262
35367 76115
94669 96944
85443 93427
39473 74837
35245 95547
46333 56503
47254 67263
63225 76967
35852 56723
12322 44877
15369 56408
22021 50688
32678 98278
42124 66729
32793 67554
70313 88689
49461 64298
46931 50000
29592 56570
15017 51964
53723 76896
31006 43855
43094 80823
49808 98865
64651 84910
47824 66676
9573 34840
36453 59940
46981 82406
17712 57429
22035 54954
97315 98215
46843 82614
43543 66092
45456 79034
92934 98908
31694 92294
3152 93410
19027 50000
44789 55730
45515 70775
37350 99224
39962 51865
24637 63109
42327 76964
49380 56830
84387 98523
49009 84925
44655 50018
79151 90514
62885 70406
14830 60207
20399 51342
34124 55552
31828 38031
98141 99328
37118 58427
19423 28112
30557 50000
65322 85201
48354 59946
53733 94067
47991 75289
6914 53201
42981 58045
94090 98921
34881 59010
45344 67335
33410 50515
63655 92066
32331 63681
78477 86711
84933 98793
42746 76141
1495 97032
49864 98485
64030 89964
43680 58418
32105 69755
37558 55669
42852 62681
90469 97546
44396 57037
7382 53534
97612 99191
21858 77873
50000 55677
79872 93222
31155 51898
60235 67452
53875 86390
47265 58613
27423 79942
79534 98602
98844 99113
57816 88579
45505 62221
50000 50585
23802 64921
44444 88818
22308 50000
13679 39023
83951 88341
66296 91698
81481 87184
35309 55865
45287 77607
21540 54311
45701 99505
97110 99036
88842 89842
18307 60994
62772 92620
49255 55466
20746 24542
42582 88007
23038 61959
452 23570
52082 88973
48818 76819
37006 51021
15338 92032
97878 98692
38851 53056
42670 85878
165 54355
20492 35846
28845 43459
43991 53339
38305 73561
116 26285
43215 58004
51858 85586
92852 96230
55874 59633
42720 72968
27670 55302
15557 50615
34636 73647
80209 86256
78630 84200
37658 58563
18456 57246
50000 72906
19308 67443
38245 58968
37617 61593
28100 54616
37008 46330
18011 62229
27461 57280
50000 79963
48144 70637
48339 50176
38770 58787
41345 53526
47722 72525
81023 89008
50000 55612
32799 55171
46393 75509
39208 55908
31670 78890
26271 99705
49793 72015
5758 39948
80770 87162
49145 54055
56493 62730
18031 62928
55423 81812
30936 56442
31626 76568
32255 69416
37446 98328
25782 61149
39207 57995
69676 75570
16798 57197
28545 90332
16752 45159
50000 55158
44093 55878
10491 53192
28121 61590
48562 57505
44169 64004
33986 74076
49757 51221
91601 96315
57392 66792
54937 90613
49231 86712
46209 57438
41477 52541
48388 67253
36363 61309
38481 51172
23807 54642
32848 42310
3879 85057
50953 91244
48449 81183
19752 37508
45768 88728
49151 81100
18201 40359
48020 76248
8696 48077
44748 79916
30302 96299
36610 55419
81827 98597
39184 62337
11091 56779
63930 75703
45678 60988
47431 61923
63019 80877
49921 84098
41177 57883
3044 56424
50000 61075
28587 97239
25240 65654
47913 51602
29852 95886
44748 53247
45383 71862
54451 90429
16341 93508
32857 59124
83364 85178
878 76995
45281 50000
63542 64943
97554 99999
46862 50136
26133 57797
15700 87202
83145 93440
198 75692
41898 61860
25291 99754
39994 71510
35419 57241
4122 57674
50000 76431
19391 57495
22534 55403
50318 56280
98290 99344
44232 86584
34023 52531
52101 53727
35434 53528
67019 91213
47342 51795
4262 86844
39364 76737
28469 55965
27675 66870
45508 51684
19176 58719
44029 67046
40431 64344
97513 99608
72823 95932
39741 83013
56863 64986
13829 58998
45279 65801
35922 78012
39028 75864
73382 88646
50000 94923
31431 74414
42017 76979
54223 96024
47612 58154
70026 88130
44050 50000
84405 97520
42817 80853
15036 57015
75659 78491
28545 52795
60908 81091
51165 56658
44782 63900
80145 81504
34817 78400
29993 50494
50367 75946
18857 84109
85780 90517
41877 84916
39725 56811
38872 69756
6944 48696
45861 74816
71516 76916
50000 52017
42490 69256
32544 52117
68237 81955
41993 74854
38570 95551
30469 63624
74632 94112
63563 87684
13341 67975
31947 72895
10232 13980
93163 95015
21627 61323
45941 55907
49689 53415
27356 59395
45117 99075
45723 63660
73909 74386
41311 62086
48214 50489
14961 66316
36768 42202
36277 61855
28398 55567
32392 77812
40790 66312
32045 71054
83944 98303
24984 58710
48272 58619
36530 45250
71154 84183
33916 66680
34322 63407
47363 80021
40391 73020
71371 88543
49681 67412
63945 80926
46966 69255
5634 43937
83520 99864
85448 88487
47796 67707
71347 76033
50000 53375
15528 92381
48311 55693
91668 95618
39084 51529
21629 52860
34575 77241
21006 65960
49704 53449
40341 70573
16078 59500
47175 63912
25502 41162
34742 50039
97938 99028
47805 59748
41115 60625
37357 70295
41972 48348
46672 83453
59861 67382
38469 86434
33801 59442
32890 59932
34651 55022
97180 98849
72300 86358
97310 97832
63820 92506
59971 66186
37535 57528
38868 50000
11474 90283
62015 68341
14909 80429
32786 75267
23935 62788
79935 91257
18131 48992
29341 58988
80734 96652
14651 18817
79718 87270
78691 83297
69432 89568
50000 69580
8351 62649
1794 46450
27000 89182
41084 63025
75584 94976
11699 72572
99150 99457
11915 54121
46599 56031
96939 97459
30510 64156
20904 64725
62588 93178
14103 57977
77983 89461
44823 50000
3631 63544
84539 87034
40685 43379
31774 74076
49817 84016
37946 59136
46515 59365
46586 67922
47802 79654
48748 51547
26649 63674
85792 86323
38583 58611
62577 99363
48527 63937
50549 58579
36616 41995
69865 87412
41133 72242
64413 82107
93790 96049
27127 64706
47748 51879
43850 55138
20694 68233
25296 60361
69241 71097
48506 81634
38939 67348
17167 54452
4074 57169
49076 74503
50000 56750
44129 89865
92823 96252
46844 50000
53369 91206
41852 51866
48802 58200
41814 56611
89504 89633
32099 85899
48705 92529
33724 53770
40247 61170
11826 52053
32926 77395
47394 71973
73417 77696
41729 50754
98112 99064
93899 99571
54232 72784
34511 52371
49498 59063
10992 50035
15649 90643
57189 59029
33628 60812
90293 96408
49556 84746
4777 10431
67925 69054
90668 97106
39400 51076
5493 85762
70376 72347
38604 50209
29443 33187
49253 52044
19673 26021
20515 60898
33724 71942
31713 73401
86304 94319
72396 81494
21768 24801
45226 59571
98027 99928
20770 24885
50000 50867
53799 85710
28906 67397
47641 65848
57818 70957
40452 60112
1899 57670
13766 60089
49737 53222
41824 87453
46027 56509
37057 67262
42315 56795
86363 91269
36035 54067
34419 42770
36595 57546
48567 50537
47626 67101
56052 79371
52197 65917
47640 90536
44369 54417
38958 65899
29777 97433
56424 74264
1753 62574
45986 74600
12190 27991
1314 45695
29338 92198
38374 80401
22330 63576
37369 70687
30625 62493
70037 79533
44556 75126
46255 95704
30123 54601
45601 58551
41129 61741
51178 57434
77623 97121
57332 85936
44616 50000
44306 51103
44890 75616
95350 99845
83885 98699
13465 55582
33446 47330
27653 35560
72255 83157
45928 78097
3704 69135
33890 69410
22956 54314
10212 88884
46429 51535
19492 87638
76723 87832
3116 86624
14976 51114
21244 51156
32089 69832
54663 91482
42322 57350
43559 52600
29746 30888
33543 53726
723 27725
73367 94538
21413 82135
33584 66520
48933 57676
31359 86612
41430 73564
45512 68688
45514 76961
28351 73279
32615 75894
6596 88615
43147 85105
50248 79472
81920 94427
45325 52831
24427 57050
46642 55564
27216 89935
30829 68958
46883 68420
73754 95044
17826 18734
40831 62784
29161 54469
26398 63765
59930 95827
30618 68596
75596 87044
24751 55012
65153 94072
32456 56715
40573 88511
79258 86507
62937 66485
33997 64572
47055 54822
45114 64721
72244 93715
1834 91853
30897 53869
75430 80763
85186 92147
47198 52320
48697 73893
38998 81704
39761 58776
41673 52165
37476 71368
23031 80361
19985 75245
32327 80810
43769 69672
47500 52366
52933 93897
45768 61451
65972 73636
49967 63242
83567 84177
56926 73632
49689 66048
75114 93502
85742 96450
8909 80948
45098 89302
17337 63721
47318 59050
79172 81793
43366 45705
11731 12022
34827 77431
11500 56022
67202 92565
9194 50000
49600 66268
89377 94031
28654 59502
44781 65900
34998 77356
97574 99095
94455 98511
14473 54843
49585 98429
55613 67388
39822 59369
51438 82405
43564 53179
32661 72527
21915 25324
37482 52462
46054 51443
31433 55800
13399 47338
39618 54571
45893 76162
36663 52843
63782 91074
86757 88068
37968 54399
5330 70637
24269 62884
46948 60872
25439 49509
19700 40276
22828 62238
48760 69845
49044 87750
40908 60761
85695 86901
10983 12732
75694 77228
55768 76047
44429 93458
40178 78013
5738 56958
3661 58840
85551 86188
50000 56098
50000 52595
49340 57306
32062 82955
35519 75997
11795 36120
27078 64641
34108 58607
88520 89680
25218 81595
43359 56246
14392 19353
41139 79114
83093 90291
36722 93316
6802 91122
28930 78159
6778 76855
77321 82223
33641 69476
43637 83187
33617 73587
41206 80479
47723 72798
32489 59145
80748 87905
1100 4311
33168 71827
42669 50265
85687 90179
9954 52269
46066 50000
48537 51708
20488 63096
33547 53720
37057 74189
84035 97764
77246 97776
59731 79271
27331 54259
26796 52670
20578 32756
35217 72619
48836 66742
37665 69942
80722 90457
55945 61398
44810 91812
42844 56056
46022 76375
22140 63942
22759 32614
55948 80311
42707 55350
54507 86554
94909 95912
46514 76245
18698 94149
71239 96168
46112 74747
46970 78682
29199 68625
45312 53848
21302 60557
66222 95393
27826 63408
49347 81466
45356 77773
9624 51677
94773 98886
75651 99966
34325 67178
98203 98312
24876 95433
29670 54140
47590 56473
43794 52404
54311 95534
65744 80620
28620 67015
88519 99136
61986 71185
10498 28828
45794 82371
42909 58179
35086 83371
22810 53977
93978 97439
49654 70935
83234 97322
49728 52260
17495 53295
35220 61979
47070 50000
13798 64699
71326 98405
94541 98109
30055 51742
52208 77196
16559 90961
1722 95656
14734 22529
45128 57814
87236 96011
45074 57403
26575 80368
50000 56815
96711 97994
17464 80758
34910 58545
35257 63242
41001 71476
31240 59381
50000 52887
98380 99255
5192 96049
78653 95505
38181 89293
36496 79905
76954 98671
95209 98864
48190 80763
51067 86499
37116 61595
60886 74700
93779 94985
15050 16961
50000 52847
30623 63659
23243 94686
28344 84466
41103 56981
90795 93294
43139 46938
37163 68886
42723 86388
21194 50361
38571 54366
24928 87216
45499 56744
9353 14087
42836 54721
30164 52914
42023 54325
45533 63454
37112 50000
42473 66616
49546 51496
45541 73938
22050 58225
46740 56262
36657 62480
40496 66103
28909 54754
33405 70603
49090 54370
40541 43795
35007 52614
33781 63104
68665 78542
62632 83909
4174 66587
44754 50000
63220 74018
44970 52161
60559 62653
21500 78499
69030 80899
994 99720
33321 62791
23693 76767
59413 79012
19197 98097
26180 58605
30758 69019
1764 18113
50000 72487
82069 94769
42100 60288
43525 52630
5532 14958
20364 57776
45143 97658
43036 45083
28137 64120
50000 63361
45516 83816
25984 54537
19122 52290
30439 59508
40203 71579
35863 57312
80238 87914
90242 95537
44143 61800
62371 65621
45210 62415
42334 61706
45485 58390
44672 50000
31029 71713
49442 76930
40406 69171
65480 68498
81056 94459
34951 50000
61153 94461
82875 91787
28000 52193
8206 65373
45027 67137
11277 82246
92768 97165
77514 98716
1249 65412
37005 71899
46868 50000
48491 50928
48817 75883
48744 59759
72099 96991
29724 67435
33738 40378
37232 63661
18097 53569
45918 72717
28989 74629
10279 36122
22747 55524
44161 54275
10462 78877
23208 67521
45137 56945
27997 73072
41391 74536
72593 81188
80593 99363
39422 80090
77867 82679
22572 70110
64610 80922
75575 94246
80675 88621
46463 50000
29216 43432
40851 71091
46803 71942
44596 77999
47444 55512
44902 78487
21501 88218
87966 95716
46006 74684
19938 31123
42951 51279
48137 75520
25449 61257
40905 70066
87495 95648
74682 86162
64619 68491
35658 56293
5953 63670
28848 67027
2442 9880
18668 62833
43918 69250
99178 99323
48516 54209
58834 68548
48604 64181
55335 93602
88102 98624
45158 50253
22940 54065
30901 51936
50048 92564
46283 86534
37748 68231
32994 33392
58858 66349
6242 35183
249 94995
20276 50420
29482 60631
61379 89654
64766 75360
92928 95152
2096 55296
44541 58686
87899 99200
69399 77448
47541 63668
32829 53676
38318 85975
4434 35309
61510 97777
35726 50000
42113 58594
50000 52617
35381 62061
1666 28135
81947 91645
16984 38701
47733 96556
43843 69436
8875 75642
47063 50382
48291 68992
31426 74544
64790 67890
44517 54393
28898 68829
81880 98728
18593 64081
63743 73998
4470 38281
91368 99734
95924 96918
31696 72806
917 83684
23497 66663
47407 83337
13648 56966
46040 46992
49794 59213
41646 54311
43277 76627
99336 99654
66765 94452
46897 66901
19941 50434
46307 60293
38024 39943
44252 57791
50000 51965
70732 72933
414 38274
48206 58077
37700 60119
47864 58723
36096 67208
44409 55097
19057 85939
35720 59149
49656 72046
45192 62809
57172 81792
45841 72164
48268 74076
45975 65759
12733 59125
19249 68505
47449 65915
41219 72730
36125 52291
70161 94944
81706 99666
66152 86757
39150 56412
50000 59281
48710 55883
36847 40472
38190 50733
47130 70511
49813 53679
42654 58141
44751 44800
7129 11983
46825 50000
14972 51774
37348 72012
15133 18848
39524 52500
44465 53810
16556 90373
80053 83158
59353 80023
34111 51533
50000 53341
66882 70079
48015 50486
19062 33064
79760 93662
49902 53399
33675 80379
39817 65699
44122 59895
14405 52285
42536 79969
49105 50619
56745 99710
24626 56872
28509 96160
1235 44740
36305 58526
29179 63201
2262 21451
80810 95145
29646 61170
52981 57339
57990 82379
90680 98350
44264 67907
29710 56086
67642 76945
37380 55420
45255 56387
31173 69986
41204 84039
93707 98452
37932 98060
22791 54704
50000 52073
55085 80885
44773 85558
17449 43375
75142 95913
44778 61785
50000 87907
42346 63980
25755 82813
72572 89635
64705 84943
48170 53850
51746 53988
32458 66713
42387 50387
1795 52498
33956 51650
46219 54914
12624 50723
48685 51700
24946 54335
8578 46059
49692 87051
39488 64822
80414 93868
31458 50236
41906 73012
75924 90250
75494 92129
35880 74311
29373 55099
34720 60255
41244 51377
7160 16806
47814 86535
11309 86776
37273 57451
53455 83219
57148 63103
21524 52808
86083 96676
45637 68099
45187 53235
38747 65192
21978 40406
45893 52680
17332 54442
61209 87497
47604 57224
18235 55959
45012 50372
39168 75026
47770 50529
50000 60705
50000 55058
5340 76456
45744 50000
23154 53751
34332 52795
41402 75302
14424 94893
95652 98092
41105 71376
10549 25990
67239 75303
43976 59436
90897 98758
43761 54552
58337 68984
37086 81021
97636 98004
50594 69573
95392 96252
90036 99408
46524 65206
41443 59605
39264 61446
38144 52896
89906 99277
36823 52543
25009 52124
40335 61021
42780 74137
47942 60612
36293 50000
58762 74453
40086 61924
33928 66808
33166 63691
76901 89444
46920 69490
18030 28279
6769 21291
44862 50182
45399 60757
28804 90493
33170 71679
57698 70468
95095 96898
65800 88735
46932 57054
50000 52596
56136 56320
50000 87135
45047 63565
44953 52009
9775 44950
29494 50000
40262 60282
20750 70643
46492 96266
94465 94524
49208 54666
38707 50312
11252 52433
47151 66103
24629 37947
71667 86807
7249 65866
24928 51904
49309 54962
49446 63572
37421 54716
3984 6841
82806 96792
51244 60074
45566 57953
5182 99609
49865 53285
16154 52898
47063 76819
45955 65731
77902 84447
32431 57031
48286 64677
39006 51316
6454 28141
82324 85515
71969 77190
50000 61904
48502 56132
33651 47080
49490 56761
41889 62971
36025 36436
26318 70993
88630 89030
85995 94077
38675 93103
47977 51323
33378 55533
34723 50580
37415 50680
44953 61246
17546 50000
36968 56758
50000 51601
75209 92020
36547 59870
50000 54528
43647 60910
35560 77994
3683 95926
45262 88552
54906 63152
59446 76668
23469 56565
43451 84735
40291 73340
16066 58069
80043 80467
45907 71897
30269 52702
40262 73276
44453 76590
42561 53080
7103 66490
76634 94686
95180 95641
79368 94318
4190 49108
63189 78481
8746 18831
41644 76406
67075 83463
95174 96811
2375 53067
49120 50484
90487 99915
91302 92717
12686 51824
55718 67376
76022 98190
32528 56123
45953 77348
96623 97298
64108 75332
22988 57757
38533 52080
22647 53534
5619 42265
42611 53914
45848 58055
45012 87375
30827 78295
47464 50000
40163 83265
44477 56335
79093 98199
39132 52433
35384 50491
34932 37442
33385 65897
2721 5658
26315 50999
34004 61112
49036 93658
40218 63113
10347 17355
92646 93074
65852 77656
61171 65546
41698 68187
35594 47592
10390 24004
1528 79283
46631 61510
88989 92801
72117 91983
69706 72035
44653 58959
45598 54732
37825 65626
91797 92140
41200 57719
4487 91412
33554 50844
20510 32793
42111 56042
31747 99843
67995 78940
48639 69407
50000 58250
24936 49600
43297 52602
35231 80109
50000 52264
46641 68867
11397 45505
45628 70574
56370 78027
27475 62662
42878 46791
24400 27054
48438 53333
44926 80266
79072 85297
69213 87236
69676 79593
9268 58517
22316 64145
37820 54407
56585 92705
96001 97059
49134 65887
27543 92100
48424 52980
55592 57329
36183 55941
44897 50360
96443 98263
44624 73691
61100 66541
32332 50293
44213 70472
49680 52436
35160 61113
97173 97858
58541 66775
45515 87381
42754 78995
35488 78131
34665 79673
6451 72780
41940 51357
31247 69270
38260 50000
43039 59044
83698 90861
976 48666
10152 26752
28581 50000
47459 69493
47487 52149
34534 98336
80141 92117
69394 96114
52934 74704
36636 56558
20139 60752
64934 80475
48065 83691
42227 69218
93647 99959
93337 96927
62850 91467
49421 74666
44355 61423
60070 60328
76191 96029
67026 80503
19178 55470
30585 72604
38931 50956
48748 64941
78376 93742
97854 98976
24800 51480
166 1642
49345 55656
41795 50694
73623 74081
47267 53908
98248 98558
47201 59829
16964 74523
47924 71215
29651 68892
85599 98242
27033 54735
10145 50981
89106 95963
11653 22546
77560 97814
65571 70729
48113 60402
76414 78366
31986 52780
32079 54625
53968 90699
329 64505
49450 66177
39123 73129
68678 80727
32234 76367
90472 91114
37586 54561
52749 55407
66127 84621
7482 8417
87389 97708
47950 51597
5012 47120
34166 60293
78644 87771
60741 61003
46683 55945
34080 69148
38105 72436
41760 51153
37418 53576
42393 64613
3191 92198
48817 93516
48296 53225
17892 97357
20495 55175
40805 68005
34570 72681
38545 51958
38548 88557
67912 99021
93130 97949
84611 91497
29251 96053
49124 52877
92487 97793
32306 53536
26762 55810
38530 56734
33020 63130
44817 59918
63171 89699
47888 56202
9759 81897
36368 69554
49163 66762
28953 56840
48597 73799
57448 79564
50000 51559
39347 81876
54559 80439
51136 57236
69471 76508
31052 72164
97711 99548
86724 99253
55321 97534
4258 70342
36599 52414
68871 73177
96988 99170
40487 82305
47563 50954
21753 37582
31469 59555
56273 59712
42386 51795
37222 91092
47934 51055
8004 86996
48227 50103
50000 54823
46953 77362
30863 53597
90621 96544
26152 65539
74325 83444
35431 72426
41739 98900
40263 67154
48813 50000
43909 64748
26208 50845
92410 98244
98764 99597
92234 97566
50000 50995
55364 77982
90246 96529
47719 78130
25488 88908
47371 59296
41693 65640
70899 81093
47276 53162
67974 96240
43935 75409
78522 79689
45108 84683
77397 77410
23889 55715
46759 80253
8836 33695
71374 88424
45576 58259
67776 68891
49558 52219
41313 50508
45898 61642
58205 82408
79994 87448
28710 45032
42117 56616
12807 45843
10195 52935
37075 78438
1980 54179
38411 71920
2585 12119
93424 98723
26228 53656
34585 74307
97808 98478
51884 52757
77760 98629
11782 50000
30517 55118
40035 77624
9142 13612
4249 68413
40749 56786
49260 86178
63466 97346
59139 98109
46215 65709
41068 82500
96868 98611
99032 99783
48561 82176
82513 87851
36128 88700
14991 53408
30843 67848
46625 60849
45767 56367
42010 61998
82053 84183
39795 71668
42371 44331
31848 62961
47033 57591
33555 39319
20849 65627
38268 51355
47376 55183
50000 54355
31027 41068
22919 34661
47695 52302
47723 85603
88117 89227
91356 96020
48194 66596
43086 57841
13510 56467
26655 52724
34129 59519
33078 71632
73342 88179
12384 76298
74668 99130
16450 52319
25119 62920
11114 50376
96576 99755
45117 62631
43891 74680
32796 94160
17239 50637
72231 75911
25272 66538
13134 56581
40719 67637
10831 88032
40312 93560
56101 70494
95324 95807
18312 33880
42953 76721
90546 90905
36882 69244
19618 50976
49721 51872
47043 85211
50000 63181
64724 91060
52598 86961
45885 60846
23142 28010
47954 66591
36481 78941
14802 55478
46348 63812
88354 89682
73158 84770
53504 73357
40675 53790
24879 84196
27697 70496
40026 81715
96879 97802
42339 62655
90426 92173
44389 56422
50000 65745
56271 75064
50000 58769
38134 70697
31895 73634
54027 98658
2801 48509
50000 56833
6829 97816
42699 58750
48589 97789
694 40422
40614 55401
8221 50000
22092 96797
53394 73665
37000 73929
54734 81271
45569 94949
30429 70532
49209 68119
44531 67223
56131 75592
32868 65129
29194 59029
97915 98290
32579 58892
48334 91878
40228 47251
40625 51165
56165 77406
11547 56679
45743 53434
53201 66416
2825 85023
2696 23705
49170 60370
11290 20493
77531 97248
37456 58617
41228 81484
41991 50998
44808 74462
32319 72509
12232 75993
75027 85816
63618 71680
98784 99200
54582 56386
25816 53119
91476 97445
44672 80850
25773 57762
15377 72710
41918 76035
588 10226
81522 91640
51817 84275
57947 70817
10439 55675
38638 62950
54775 91650
48633 78339
47510 55571
34462 56073
60301 70353
43380 77277
32901 52461
54659 76151
46059 69277
63589 99648
27574 69077
23504 89055
39212 62392
11567 50750
78509 91788
32712 97008
37981 54089
77738 90695
36233 54041
83426 95426
24017 32174
63180 75836
44885 79105
85367 92083
17572 42712
36508 72216
44865 48102
36430 73624
35437 78434
45624 54258
34511 63308
11271 22044
16773 54561
21891 62844
54242 82308
73052 79922
47622 85137
81658 98262
34655 61586
50048 92400
18264 92581
26802 85506
25919 57876
99704 99990
75785 95550
91752 94330
37882 67643
55445 85516
67148 70040
85585 85770
34116 67894
56711 87951
28602 56661
9150 85374
47184 51439
46011 93714
33463 52412
97110 98514
48487 54177
44944 90412
81735 84022
94560 96410
42979 55316
11586 98569
53914 90220
48572 83643
26147 66725
31599 76546
6607 50505
41716 54584
46312 79242
17646 46503
43151 50000
40340 83781
24889 59199
43700 57889
50768 76092
60654 65438
26676 38034
10618 36704
42826 84279
46024 64556
11073 14380
26915 64126
19954 70664
40884 55211
32485 75194
3675 50126
48917 53597
40702 85356
33400 63209
29318 56151
68308 72672
28443 55955
41967 73866
37784 68613
28934 57329
2737 26092
38183 55224
862 33100
27292 55319
48551 75294
36308 55733
39006 81646
17871 57839
40066 87061
89353 95551
47394 55481
48603 50000
30065 66270
47774 64835
15765 23455
53231 66742
4952 72478
15273 54427
71010 97708
52525 87201
47853 63681
49776 52353
44615 55884
3023 16288
90828 97914
56808 85978
92674 97035
7296 67398
25629 65185
20753 26969
39973 55825
24931 88253
9508 13086
39979 63903
58232 81435
88304 99197
94129 96170
99297 99494
50000 59378
49133 69587
20210 55476
47905 66506
93483 93744
15086 52060
48829 74948
46592 82921
44174 55885
34396 72762
45196 50000
31733 74801
13815 98991
74579 96655
67009 73352
35737 63677
46952 59931
83989 92180
22792 51478
46292 62873
7920 31571
48645 52720
39601 86660
36240 68374
37375 60151
9620 44558
37013 65437
77405 82826
1153 80325
44964 66461
37079 60929
43004 77884
40582 62975
28946 54122
4755 86995
45363 50355
33012 50344
82999 95938
7911 72173
30748 48310
45758 60540
43284 66361
29678 63491
19633 84873
84473 92208
26700 63742
75704 84580
46297 76352
30193 57002
50796 53817
68636 96272
44338 50000
24164 55191
37751 98264
25824 65721
32790 44573
42427 54851
97268 98529
80169 91341
86722 88949
43833 54640
39348 57298
62055 70073
52858 74892
47103 87708
39269 41168
95926 99923
44596 72912
9293 35409
33563 87045
22985 54369
46115 77815
44207 50722
43161 52067
38140 65015
33693 86910
8250 20064
30243 61260
68427 98659
76816 97347
32197 64421
48291 69468
38398 55106
47936 50000
43605 62743
70748 91285
27230 53428
86609 93468
49462 51946
32157 75859
78318 96748
57832 83936
2581 9423
50000 65243
35320 56754
92031 94545
22058 83938
26492 41279
82326 90878
49140 78221
14114 84359
47943 89059
59641 62654
49955 53116
94837 98968
11495 53339
76738 99882
74425 89169
23562 67119
26823 60953
23960 25781
41782 79821
35032 51333
55507 74963
83157 85321
23265 50878
87081 88857
36376 79831
30978 62224
42200 57814
44377 54531
44975 56279
58684 71076
47636 90363
64526 88434
49224 60002
44323 93361
28726 57901
51070 51870
18368 62136
46725 81411
47034 55673
40724 78829
11162 53781
42621 55862
84002 99714
57563 88140
98248 98731
4773 96939
63109 99165
50000 55786
88338 91018
82510 87182
43417 96956
40196 90370
7458 79962
97331 98973
31282 55834
27247 31779
47345 50990
20592 39199
56478 74818
95418 98360
82475 87907
38474 57511
69994 98337
84085 87712
13112 94783
46945 60585
90297 96392
31545 65448
46594 83394
45795 73765
5604 61439
10270 82931
25921 65831
46737 60755
42257 55680
27189 82696
45423 51850
49582 54136
49783 52540
69319 95559
33664 75551
34853 64437
7619 95934
50000 51967
33757 50000
68619 91758
17231 59795
29779 51472
46051 53049
53447 65279
21802 54959
21480 51114
37836 39971
47620 65235
65627 85209
90194 97007
44622 52173
32917 57007
48154 50000
96310 99453
46372 94522
29049 53132
99304 99466
30450 54677
3567 11578
43316 50510
36177 50000
92711 94985
75303 80695
34004 71175
51718 97618
51607 56245
41578 58207
97746 99907
49480 90165
52428 85468
13859 52220
48016 53510
97754 99675
55330 90038
44843 57243
22623 65012
35215 79513
81080 84419
73578 89100
35549 72901
65006 98806
26577 73651
34104 52480
4673 29203
11806 27757
43666 54370
14673 55185
41527 50721
47553 74204
67942 68660
9042 41725
3157 48933
77919 89572
43831 59242
94522 98672
81847 90535
54518 58368
76892 85048
21586 26362
44456 72560
17780 57840
45861 78712
22370 64407
64141 78742
47975 87964
76322 95431
18608 51678
47281 62583
2695 73469
28627 65212
87800 93117
65954 67566
33616 57502
45784 57547
44388 56170
23549 59595
49548 52014
36163 80389
42963 73451
45426 59438
42615 85197
48168 54928
96268 99865
60506 93442
65851 72215
76104 97168
22339 43549
42397 63741
92816 95265
83161 97425
95371 95584
52808 87436
30034 75156
25909 66056
39285 59242
47169 61094
3628 81776
29693 55144
96992 99202
33816 52213
46043 78875
19271 50000
47541 60021
44624 76066
40671 97381
1800 47308
89963 98855
98195 99371
36204 51577
44934 61047
29157 99459
11482 83251
88027 89925
42935 57894
43943 87259
65864 71287
37353 66110
40810 50000
15930 59476
33646 70239
88613 97019
46306 52218
41088 64628
34015 90734
46547 66220
45387 58622
27235 67784
43793 88463
42038 60707
42123 66297
45996 50000
44290 74641
45219 92137
18183 51129
71011 91696
2305 51201
44646 81584
79834 80046
45972 91429
40173 63819
40673 62736
47272 79417
30002 59245
73343 77552
39123 57158
38270 74361
6685 57250
43206 50228
49156 55866
14466 59035
41215 83773
51432 73677
64772 94129
79316 87627
30625 58335
53046 88183
5359 71470
44518 53599
50000 68347
16910 50345
44674 75114
37570 52085
37623 47831
78750 99895
89231 95855
7247 28249
69278 82708
56156 98156
14940 51808
45515 50161
48010 53536
30312 54026
53539 87158
71944 76496
32281 69864
38004 52886
45988 72092
43074 59441
79090 80276
44848 62997
47470 70217
13583 20517
57441 77492
33879 36884
18555 90786
79039 81029
40305 42252
42662 51841
14394 91271
7086 69043
60038 64067
29494 56897
47584 51149
90294 93680
32696 67938
46256 57012
35025 55460
41350 52829
30450 73470
49054 52942
40546 52243
30293 92800
19718 50579
46990 81878
41163 63009
41195 71297
61948 94613
8316 51572
45707 67384
37857 50881
67365 87722
49522 90206
98659 99761
22130 38476
38545 63293
55426 72423
36142 54682
42144 50000
39852 64872
46846 54259
96688 99375
37968 39721
36422 43156
16264 56105
41387 42573
6227 51666
50000 51995
11054 55684
45410 50000
28963 62245
28520 62581
69163 69523
48774 67507
68777 98741
22519 62939
24592 30330
75890 88415
48079 50000
49705 53471
65194 87812
81588 86199
22541 74246
993 39982
34320 62144
42619 54557
66944 80773
94621 95992
31678 41096
67977 98533
29912 58946
78785 89364
86138 87133
57641 69913
47340 55758
90762 95217
4596 45618
32735 70797
63438 96116
14247 75729
6500 90005
50462 90582
57175 85260
9788 97122
91969 97990
41200 59956
42731 78518
9803 70361
19083 53913
26419 72739
92169 97908
83588 85990
83640 87495
51456 59108
50000 58555
47453 94393
45832 58534
43180 82582
46787 58353
60143 81192
47471 68582
50000 59751
41921 68165
34390 78240
46226 63013
47233 90690
47062 57057
83488 89952
52277 75229
43463 80063
41283 61318
84519 87494
16809 48110
78899 99344
76667 99947
45493 91633
21547 60715
47288 57764
80606 99368
44183 99509
42445 65488
45429 77167
33162 85155
67332 82310
33470 50000
45212 91447
9067 43925
8354 72028
35658 67401
48941 76559
7743 94660
37241 51951
50000 51986
1080 84832
46170 51665
82152 96794
43572 77667
86197 88221
23512 61059
98903 99550
44987 50505
40987 65431
81300 84803
42842 50000
45642 53722
70296 76603
45991 56713
53433 81503
41106 94034
89261 98086
49238 55105
2283 21358
30991 98983
49242 51404
49223 67586
23351 97854
3881 75815
19970 57775
44252 54015
36110 50000
68827 73066
46262 97277
42034 55967
35684 57765
58471 76156
27786 78085
43018 80314
11314 50586
91552 94567
48549 53438
48987 66840
25334 25781
91324 97412
57474 77248
64415 79234
46185 58913
8154 76134
48003 70234
33461 58828
89734 99573
14713 66004
46016 79089
51744 91803
40820 79969
94445 96471
37944 92277
18176 42505
80629 92630
27698 51658
44447 79438
34367 73621
48713 53629
6577 7429
58571 77718
43948 52479
49291 50026
51951 77802
70888 83463
3144 4132
33915 63113
44157 72695
42314 52922
30282 64425
72441 84633
54218 65291
49788 64424
40911 75145
22944 57465
42694 90681
43844 68420
40039 50396
35407 56701
46350 62067
48472 51937
95694 96717
23532 55144
10207 22521
11747 54863
29513 86753
89838 91803
72792 87856
40126 59234
50000 57351
28555 70666
87326 93750
25734 82425
46127 77762
35094 65931
33797 68683
54948 79967
31416 72478
852 2039
84733 86270
45985 52701
2923 29935
19687 61103
38639 93844
24977 68161
37835 74362
44430 79228
37822 81445
78428 99283
39838 61776
41931 77599
49715 51835
74508 97075
21801 55968
38763 69756
15869 58271
33032 63020
24234 68790
41233 50000
44982 60429
71067 96170
32859 55035
91321 99349
45854 89350
21028 49043
51441 92744
36524 60180
48365 84097
74280 82758
35748 47758
44868 66272
67260 86731
47970 51874
42422 54354
18085 51789
50000 60668
30589 63094
59072 99458
59851 83403
41168 75491
13377 34847
49694 57387
43278 51862
4406 31023
30662 32025
47916 66527
39796 83681
19930 90324
15440 54985
98069 99653
40430 61195
48312 54103
43424 66427
41509 50286
45721 61377
59817 66470
23370 61956
47216 50000
41253 68654
45700 59261
50000 52178
48445 77194
58455 78664
32014 67920
22327 79397
32540 56571
28237 97225
57097 88595
60520 81955
59507 65516
48145 77049
37695 63908
29215 66450
68864 73455
21598 60596
44114 64813
15709 50733
44469 66225
92726 98852
11577 67130
48676 53795
33740 75169
62712 98697
26001 51975
47018 80730
26767 52133
44332 75756
19615 64422
59088 73286
89854 91375
26233 46895
42048 67343
33816 91825
48025 51072
2176 3648
65613 81712
32605 54218
47503 50000
48233 61609
43249 65840
52772 57215
32472 72734
29269 74346
84234 91426
48736 50000
75508 81788
2951 32614
41273 61044
17913 91025
79119 89595
72425 72666
39775 73945
26384 51370
97979 99455
7231 60839
72481 74213
53363 76562
5328 83138
89136 95924
43936 64212
90052 91233
34041 62660
87508 89092
17768 53181
30643 69083
34441 68247
50000 51714
41037 70735
26623 99788
45831 86951
26568 57265
46885 95617
46473 60345
73514 90586
15660 68865
85028 91799
61111 90520
38220 67167
90581 94086
49814 70886
37685 76117
12123 30435
40782 81945
81150 94849
41956 52913
77932 84125
35962 69245
85826 91860
58613 85619
19631 41224
34921 51093
63886 84472
36509 51208
49863 88573
61584 86329
45989 51925
48835 80073
45388 67744
42940 63649
38731 81240
40104 54711
2368 15029
20294 58872
39267 72615
39810 78216
45465 51969
82716 95763
33941 63707
69027 96480
29700 55551
79270 87883
74443 83329
94837 98138
19417 27252
34738 73992
49301 51687
95264 97743
4262 61471
75461 92258
71701 96725
66171 75527
99149 99634
49242 75943
18564 21477
19064 61574
39193 86429
57498 95746
31757 53479
34720 50940
78936 83366
82243 91984
51556 65503
37759 42208
21277 45136
35158 50000
47512 69604
64219 65578
75079 95468
84626 87279
41590 45671
78963 99049
10410 76289
40432 58332
33742 73387
31172 53277
23735 53372
89027 90411
42031 62656
43255 66568
85986 91516
74592 88657
36151 56800
20322 25695
94345 96024
41040 70077
41162 52347
52456 56316
33370 53450
31494 55526
50963 58123
34405 89228
20207 67337
19970 52477
40022 48146
12414 31830
71652 75918
84629 92195
51803 89151
48243 51422
95385 95865
97633 99939
45319 52923
90488 91053
55325 67681
34397 48234
38608 76966
47195 53844
39596 64716
38015 54491
21572 54901
24455 59624
35845 40736
90968 98598
93510 98873
21034 52405
57490 64175
23574 57852
25177 68080
47275 95806
6076 85013
27475 61832
66664 82631
21236 65471
35948 59068
46661 50000
34388 59566
70482 83966
43274 82375
39132 79990
47987 56362
49842 97157
37569 55445
43186 71097
72037 84616
43526 72891
11804 94214
39280 59173
14915 64556
29587 53272
30235 99218
96820 98594
65265 95367
41611 67606
25213 87042
31105 76049
38699 71687
6816 67519
18956 57774
49528 84419
29003 77939
30547 73197
7835 57490
44377 70710
21018 55138
45505 58429
24895 82435
47482 52445
23685 68030
68347 97784
47542 53829
51336 86228
44056 75146
19337 27116
17097 22477
94336 94443
60509 74662
52626 75697
87820 95935
32584 57318
36071 59096
51080 77456
5621 57803
8565 65351
39187 82061
26149 28599
49786 56679
4498 75822
28708 93205
56665 81991
11060 15087
46740 90331
20350 31549
49077 56657
75615 94584
52030 69480
14627 51648
43744 53319
90454 97212
71543 75479
60664 83268
33776 69843
67759 69158
27002 43222
37358 63530
47822 76215
21740 39588
28326 72497
92365 98814
85363 92688
41891 60929
39171 98939
34714 61129
41432 61742
47339 61198
18901 54314
70903 74487
53858 59883
47684 52264
47070 91113
44045 58049
15790 20443
43437 99267
21985 73138
45765 52240
22990 57141
48159 52123
15575 19493
38383 48947
79671 91057
33962 81599
31052 52126
2081 24972
50000 51108
41484 59233
31232 58221
45198 58455
33878 50687
24492 26422
47997 51356
92761 92784
47441 64210
91275 96248
51331 98825
65957 78513
79555 80637
38297 53702
78270 79343
47104 52643
41032 57460
48785 55923
17156 35090
41192 72737
30520 64069
33414 68456
30916 36826
50000 81030
94179 99007
7716 14372
43464 75717
46100 57324
26618 69940
48239 92364
34562 51907
41538 52139
44634 62621
44229 60308
40353 58454
2603 62473
10446 98557
40057 60172
45309 71196
29862 52133
22465 52131
45613 55059
33148 50000
29185 98059
11510 52480
27929 59181
97099 97771
41362 58747
35151 40713
32715 66628
41876 63429
32537 44340
39784 66358
35888 56915
48302 51047
47947 67985
71704 82940
97099 97168
31027 66082
91840 94710
52343 56816
98263 98989
34131 71838
44905 87984
46307 56855
39643 95758
39456 48244
43640 44211
85155 96378
47363 94536
22257 65856
45402 73375
76468 99254
69461 75871
32437 52890
24041 81252
66320 81734
34076 93902
84470 98310
40462 51377
41049 52662
35095 79167
42587 80583
46930 50000
95484 96631
39203 81875
33860 55251
24839 99143
49119 96845
16336 51327
47243 51295
99067 99909
50000 57080
49363 91770
3028 56577
34345 60480
48203 70494
25075 59105
66164 89207
32013 55080
8964 54116
48739 50000
44646 50426
28211 59788
27039 74143
46430 57876
74792 94724
53915 67927
78554 90086
9223 68049
87998 89513
24589 97013
58211 62466
42597 63861
8923 59729
63446 97430
23353 97421
48838 57330
40059 54048
29621 66806
39120 88020
78625 95079
65357 87840
74055 86767
41176 61648
5107 73609
38681 80367
28172 50000
37640 69555
70171 77876
10988 60610
44840 52584
68303 83634
24574 64621
40919 93908
63829 87839
32548 75616
15181 77453
24146 40802
90307 90340
25093 55420
37940 84115
49796 53197
52022 97239
28818 92424
31722 53594
7177 31309
29428 70353
48990 50557
48032 50400
14323 62582
72069 74294
61841 78156
49432 74962
75122 76404
90896 93071
21151 61016
38098 43347
91533 93408
30556 70651
48183 74641
13403 81229
44783 51583
47912 57995
41550 78738
41976 52769
50000 59804
67056 83281
9645 93611
19012 23816
50000 72362
30086 67057
55917 67312
67603 94754
99245 99952
8104 75999
27585 95422
47057 50000
89618 92910
32256 57302
17136 49925
96281 98147
45136 76875
44987 57295
45069 76470
45488 59049
25315 54267
87156 93427
45148 65342
24868 58157
17335 29836
47801 53325
46379 90795
93157 96100
43775 81732
36112 71725
28877 83621
46521 65225
26670 42463
2129 87920
68660 86054
3785 42895
80255 84379
46857 86291
26931 55871
10796 60716
48829 71917
3399 37660
29593 51893
10780 51829
20546 93486
45135 78086
33325 60336
9024 95438
40874 65252
46936 79607
40344 62121
76543 99937
85397 94758
44164 69174
24082 26618
5170 88291
3091 70257
29330 66938
47989 51887
55133 97227
42282 56001
32070 54722
93113 95018
32555 54337
24470 56737
30340 62377
22625 59014
87625 97682
77667 79931
35273 89634
44353 52572
59102 77690
42517 55882
17888 51719
42749 53091
78116 87314
45290 52439
21005 99447
55184 55588
90346 94536
47498 50183
1769 26756
9874 50000
50179 81796
77392 99231
32324 63399
31129 65254
39254 61108
92922 98506
51913 96682
31950 56906
37405 61666
29216 59165
43374 84655
31794 49437
54960 83084
74548 93849
18060 96793
12742 75742
25314 73635
44309 83151
41470 51188
37714 56373
42157 52010
48946 56361
40373 76235
18693 59911
56087 95840
35175 64347
27618 54538
27777 87662
80310 98481
40616 84334
22778 66486
32193 66804
32962 69256
5276 76913
67579 95614
36676 68837
5096 50000
99580 99618
46538 71161
53110 68491
12203 71860
40924 81833
59293 98186
92360 99038
55313 65754
66644 92656
30867 53128
6522 37216
39261 49413
99475 99696
94763 98223
58458 59866
22423 91028
39618 53089
29768 86963
49934 57000
73169 82113
19130 59317
19684 61700
45379 72703
48526 52247
47086 79527
80929 86743
22317 50000
44746 83747
44304 61897
18710 35697
19962 59663
47485 69000
55548 93256
44447 76407
44191 79523
37631 75136
50000 52173
39300 58759
90993 91002
46685 76570
24773 86984
13987 56785
33759 99043
38818 60814
39412 72199
33172 78331
73312 77592
66361 94305
96135 97210
34150 68996
17157 66428
27774 53790
47115 58807
44963 79550
49489 56866
44762 54068
47124 55964
29769 61037
93220 99585
34830 55661
49916 50656
81665 88991
66492 86583
44201 76793
16559 99110
98883 99420
22823 70886
44468 93514
46866 53374
56362 59158
26777 63233
15625 50533
50000 63581
43972 63045
72094 75515
49683 54308
15505 56472
48226 52642
38920 64598
49906 50960
24287 79932
32696 61360
26221 64318
47730 52514
4289 35683
14764 29175
39248 65206
75965 99590
48863 55372
48385 92254
57118 98976
48031 99506
55577 60594
54675 67700
61439 64822
39902 71751
46531 50000
33149 59290
12375 53582
45102 92440
47904 53153
33468 43304
42609 54629
30185 50000
85981 92312
14319 97486
15491 27739
51552 67639
45208 63359
79786 96936
20059 55539
71454 77992
33781 70176
48101 52150
50000 53437
47841 82264
94182 97090
46389 51601
38390 54208
31278 59678
43341 52052
44264 67719
50000 66066
27815 67093
48217 50000
32822 69568
27898 70850
54687 66049
41267 76782
52111 72795
26538 52451
7646 10506
46221 68910
78991 85109
56831 68987
69466 92188
29162 72933
47533 54819
36803 57475
13928 93638
67558 73950
85410 94189
50699 88772
43345 67324
29514 49546
47139 54959
7143 37908
45339 59330
46426 71079
22704 54027
3443 39381
89941 99319
17150 44882
78553 97250
42132 50000
34629 62635
27821 71819
84417 95473
89571 94371
18695 41299
50000 58695
49698 54429
35427 67958
65700 85486
23624 68185
15736 58096
9905 63738
34856 69895
19630 87489
8546 31407
36062 72785
11119 52528
31177 54022
25970 32298
45653 55329
36551 50711
39690 70292
44725 50436
24772 58046
48778 50000
16558 38750
17346 64075
23993 99745
6996 71965
27077 51428
26089 87620
70719 76919
55339 69902
92790 97981
9111 30211
39186 68102
47171 74174
42522 74672
57951 89902
89693 95605
42557 69834
37606 69352
73259 86200
35052 53909
39132 51503
60452 71903
50000 52149
40008 58756
21905 82169
78114 79064
37516 71585
39602 52198
48240 74832
93270 95541
53335 56622
35434 53435
25208 52543
77648 98714
8358 63114
85880 90973
73470 80944
46986 92203
45273 56292
39716 55956
38517 91387
36480 38708
65664 95343
47048 61158
22863 75603
99328 99524
45884 52946
47857 58553
79800 94557
44468 54133
79503 84069
7105 15692
70434 78749
33907 47043
45644 74758
36421 65077
29601 73684
44664 66068
53040 55109
37182 37198
43833 58900
10718 93506
36187 76007
40706 77896
78872 79318
72632 84475
44236 51824
86481 93224
75163 98079
48856 83380
29093 59336
99750 99886
3003 75783
50000 73477
31712 65699
39760 67547
50000 61873
21585 62901
92804 99195
31389 73807
35824 56068
21020 28998
35547 65461
41393 79093
66120 88939
35822 66477
42907 50912
47303 56709
48458 52988
18836 32687
50000 56921
46321 51350
50000 76622
63049 84769
43834 63613
50000 63303
23290 44912
45702 61076
18211 90367
71490 91351
79623 84608
82611 93418
49763 56790
46755 88597
39488 68771
52882 58938
79649 99502
29865 65985
67370 73793
51293 56366
88810 96335
30778 57648
85080 97201
45248 71296
45288 62480
6694 50000
6007 44680
40778 50000
41169 70642
87806 93998
22557 26208
84049 98420
79562 92194
32265 39720
45320 50334
47278 60061
45098 50000
67910 90240
42227 57984
35077 59348
42188 58843
47250 59146
72259 77152
38802 67665
47712 53370
13296 19077
25879 53851
45049 65679
48465 65287
42908 72194
26270 55186
96782 99153
30321 37082
94299 98211
40313 84739
11328 52184
29376 32666
19368 54877
16616 65513
39712 65874
34644 55694
47104 51166
50000 51924
32014 66239
47897 54354
16645 58814
29717 50344
1077 4623
56606 66094
50000 66038
98116 98397
49936 91363
6115 83496
13420 73062
37696 89690
56009 73208
7276 80486
47165 66104
48136 50000
49957 50811
10272 62028
12564 14634
78548 94826
40387 95248
75527 82140
43370 50000
43775 78920
36294 80964
40228 82619
44987 55831
13681 32015
94803 96873
88956 97952
50319 95106
19504 86407
17570 84201
47653 52101
59008 94650
21411 47475
40677 64994
48031 83215
50000 95779
48121 59166
71765 81809
46616 54761
25155 87694
29030 62230
42810 69091
5038 75315
39992 50000
92965 96668
44851 65695
9950 15779
44867 70352
16254 47444
4980 91458
43863 73236
36989 65677
28194 77115
5124 91593
41210 52646
29670 67915
89644 96840
30893 46898
31996 61173
44546 98621
11631 63355
19464 52547
65691 66583
46256 55493
50439 57166
15717 99924
50000 88684
4917 35669
95441 96176
48520 67482
8052 53419
42915 61108
26832 63774
9844 89149
49187 59700
2437 74158
54110 92322
38300 59514
22197 93349
39268 60810
64218 77823
56214 65088
30634 66210
42935 66538
6994 15260
1156 84670
69510 85831
85667 90884
90651 97602
32725 66276
15059 58727
30336 53009
38958 60139
27342 62210
12216 89354
25367 30631
45571 57641
28499 53305
54503 85334
79338 95161
52738 84769
20449 48298
43370 62956
46717 86703
184 73959
60730 69716
41844 52265
84397 92415
69645 91999
38155 54729
45869 77794
35810 53607
38430 51362
8814 49837
70330 73700
30272 41935
23967 65336
39727 67144
62287 66960
49984 50434
25171 54290
20022 56488
49955 75435
28937 54966
62451 94842
19257 54129
81856 85223
67633 75505
49278 70067
41538 72378
38964 51314
44056 98316
49870 54030
36196 79169
94332 95435
59029 68071
10584 94877
18027 20840
48923 61030
41451 88959
41565 79757
51061 83732
42160 82553
38300 51792
39911 67016
6451 54867
63703 99194
69576 89832
74961 94327
22927 40549
37378 51848
19818 85237
40712 75891
35607 69005
48759 59243
19713 55178
9276 23025
30889 74500
47817 55649
22745 48681
43077 79451
91885 99455
57145 97528
30619 40445
53313 91839
72232 88079
21326 82756
45863 51992
37380 39240
73748 81520
32798 70735
4583 35957
47470 61342
32442 58674
31684 50000
31124 56292
43980 58809
37590 64177
3610 90562
17961 56065
44580 78652
46868 59054
34666 50658
50577 85830
60728 87244
42067 62243
33067 55415
60871 85612
33385 67433
40648 50059
26703 53615
26969 49502
49045 70183
8102 73053
64507 71364
25200 61056
48396 53322
96778 98535
55032 56786
7265 22755
29925 65046
85352 97120
2770 84136
19864 56338
43425 63080
19260 59569
72546 79561
47424 55018
26411 62465
40383 94029
5340 43880
71599 85302
32236 66519
38183 54326
39183 62628
62298 90567
94572 97953
26176 37262
50000 53523
58062 69819
36663 57959
42815 70129
41242 86533
22374 41877
33261 61542
24492 63223
18693 51219
46581 63035
38645 55335
46912 70629
92929 93314
21960 72016
27402 28876
18786 51674
25592 90947
63513 71265
88107 90956
48554 58970
45039 57754
48240 74590
82638 88345
80133 83569
82953 96689
13438 27001
29556 59394
66957 97804
42054 72450
37675 46408
41355 70963
49011 56604
32367 97597
34575 64098
30438 62047
91316 96034
60603 91629
42602 60362
83701 85917
27230 59978
12173 26733
50428 82396
26046 54377
67332 71343
49379 60459
55473 86351
77118 83919
42846 71040
25054 50621
47533 60531
28878 64139
24984 68248
27632 63955
2549 64127
30276 87628
48076 54495
43196 50020
43922 73371
41328 65309
14877 56722
77107 84095
67601 83764
96585 98221
5792 62203
33109 74827
68998 94311
48637 63651
80886 86100
72909 93584
1511 36501
73568 99690
46404 63797
50369 81405
50000 51712
23362 80813
36281 81717
30203 55368
59077 87331
41311 93762
12788 79755
45188 69682
37638 71250
70542 79966
44021 93644
90240 94819
10534 18924
47000 66018
98735 99514
47967 51844
49181 64935
47413 58711
46651 92074
34314 65680
34405 69103
29603 77903
79056 83662
1383 72829
37142 96729
29004 70951
16126 93840
47475 50382
45030 80346
25945 54691
34819 60122
34092 58113
43225 62033
25404 70148
75252 94273
43140 55252
50000 55876
89124 90526
49384 57761
6241 51900
58697 97154
59763 69538
49853 51301
49262 54683
41724 50679
37245 54825
13931 37872
94179 98782
46565 84572
84422 95114
30474 62164
45744 56567
22943 61550
20235 50000
92471 99866
69857 91413
42633 50691
45349 50732
29388 58808
58458 88421
65791 69075
54160 61420
37651 80925
36908 47565
47244 59708
86482 91947
45912 64481
41703 50000
13536 49289
75574 83665
35302 85781
46931 52854
77874 87995
35359 58416
44937 76987
63445 72781
28242 56344
59381 78101
6454 79409
49332 55017
89249 94228
52025 84074
30675 64276
46753 52684
48870 62687
42700 43941
41961 56602
37320 59131
12967 72444
43060 68051
27320 70858
45213 53993
40699 56178
36670 41964
44328 51831
58559 95269
49012 52028
6089 72757
5937 37458
48052 56269
40897 79795
37994 66611
11909 21224
31587 90235
46264 62314
25338 56252
44888 77245
48690 88869
40424 65071
39509 93895
98099 98552
57552 94562
35433 71743
43084 68226
16095 57260
76269 89484
47058 63525
77981 86062
48127 69920
47455 83731
48485 80154
92114 95598
5432 11320
42216 86677
26103 62738
9741 81323
63793 68627
59568 83801
1509 87688
37300 57121
50000 54360
8068 98697
50000 76161
51141 95199
97941 98354
48426 51515
95472 96508
14077 56426
45002 50000
95964 96236
49626 51273
46022 97827
59431 82671
74927 84107
73027 86694
50000 77701
94521 95702
60485 64739
44389 51435
43962 52165
14205 50000
18756 66330
69981 80979
36477 51814
15231 52213
85134 86128
57417 61695
97861 99230
89014 89839
47094 55165
44368 80744
68075 70967
4142 48083
46771 69410
15567 56928
92484 98482
37569 59330
9771 32807
38395 56123
76948 93177
23281 55596
48296 66682
85262 86289
8758 63114
55366 60123
47477 54079
51568 92938
52186 71007
59026 80382
8805 45879
25440 94351
56532 69163
84887 90483
66076 67989
16120 25819
95796 96796
25883 62058
24620 77464
98642 98983
46702 77513
45715 71713
92312 94515
16667 58065
72617 96725
50000 72934
45379 52295
27852 63272
99592 99918
33411 99829
45370 71510
83308 87181
50000 78457
46729 73501
46602 50284
83585 87271
27895 52167
46673 52001
29299 70680
32296 77449
35945 61530
52298 62130
36591 46686
88982 90689
50000 70269
16840 61430
44270 67673
56261 85351
44126 56627
49909 62110
50000 68849
8131 77023
40615 54635
57786 93413
15391 96925
19611 51764
37850 51646
26888 96791
15251 50000
42749 64476
48599 75871
38121 53201
45330 88327
34329 51962
97065 99293
66825 79724
42888 60489
45567 55649
43426 54024
6618 47844
77203 80075
37097 62978
62529 92497
99494 99572
23652 53117
47715 52084
78095 85858
42080 53827
41237 56500
54479 91757
49174 50000
51318 73551
23917 83900
32393 59495
29158 53438
48678 85201
78498 91059
48032 50000
46075 50338
69786 79455
18761 73773
44308 65625
36527 79468
20564 40242
47754 81831
31562 67502
1585 53888
41008 54862
53018 76645
49669 55851
49219 75729
33886 59341
67028 83204
68049 71407
25496 35231
50104 67552
12680 91776
10353 69225
7406 59992
45275 58032
45349 50000
18147 52396
51250 63694
64319 80300
21472 97013
25599 50000
71860 86410
45949 50698
29419 83559
43762 51054
58681 64658
37540 47340
42101 63698
25361 61840
28905 75201
44430 86306
31350 60480
39006 50894
38160 62931
23179 51994
44348 97200
52490 63358
96605 99778
33613 54161
29480 64323
22919 61095
32556 55475
11889 70764
45671 63238
99871 99981
47924 84870
35787 74583
48562 50375
95580 97007
48004 65843
50555 84803
46083 50240
44484 51829
29818 51822
48886 56117
81360 99741
36471 51332
24049 57948
38863 69541
22925 61693
29996 68452
23431 68878
16311 53750
24280 58421
62369 92693
48381 70073
47522 54993
83344 87375
44923 51826
48003 77922
40629 57646
91010 91650
68932 81194
27599 87500
45726 60476
71660 77152
33015 42664
31364 60790
11893 77939
76698 96641
46660 84784
42292 56740
6274 48567
47150 66324
62962 67780
22473 50939
69191 72618
28051 58708
51452 71587
65181 71064
34787 45635
18068 51923
23033 74196
35748 58166
85160 90471
45652 65328
83671 89516
14641 59950
99711 99750
32602 54797
9224 84230
781 97416
55928 94190
5736 17724
76469 95022
46092 59534
17315 59878
96972 99354
34912 57886
35876 64575
19563 55693
27201 59298
35029 51764
62690 87771
8151 66361
26371 45679
45891 61738
46301 71844
92792 97280
70793 76789
11229 71681
80035 88168
95228 97137
45800 61179
3058 58063
31242 63369
48384 88738
89140 98619
80972 83127
12948 57850
30391 62681
48282 55730
45867 53790
23875 24166
23026 68108
23299 50179
45920 80058
17978 66383
41005 50258
38579 50000
38393 56078
44803 52288
49647 66548
79251 83896
48338 53283
74608 98621
35056 64527
31790 56977
15188 60019
48406 56638
29306 65067
23348 52731
35929 60048
45417 60870
48172 50000
71048 85309
21108 57019
48945 54950
56572 61748
22969 57294
36286 67884
32954 70419
13712 96513
10179 14436
24901 53942
35639 67930
24637 33127
76185 81296
50654 98819
37743 58553
31116 60727
2984 35863
38536 58772
6698 81252
45635 81009
48940 52326
76405 84613
41368 85195
94602 96227
30394 51460
91408 98356
56207 90394
38856 83090
45464 73933
56584 86241
34857 65218
17202 22326
12553 88194
45469 50000
68897 83113
12532 89934
46941 50000
8400 68365
47698 51335
58259 64097
70533 72299
48082 57966
51338 98080
46371 66798
43736 52442
47986 70215
77807 78344
35099 61749
50000 50996
75431 96879
11956 86964
62231 88109
47345 58292
41990 57305
35304 91158
45058 53185
48359 50175
50000 59372
59146 71085
40412 53766
94560 96543
4659 31210
27455 37834
18830 60719
46794 53200
40571 81716
3479 69754
48156 50321
27823 92088
47215 50000
67232 92144
65699 82435
61269 65440
98462 99210
40772 61820
35564 73306
19914 57197
37429 72214
47759 55468
48383 82822
4084 91775
96884 98405
46636 64980
41201 65085
31546 60586
50953 92434
38762 91613
20467 74400
34689 54101
97623 99244
37222 50000
38460 68131
58817 61228
46926 51784
36802 92542
4414 41366
58480 63458
16770 70768
71825 83938
77555 86659
69406 76916
35460 76736
3763 87286
31050 60343
35949 59985
31670 65226
4024 89979
41553 72746
23841 52056
87876 99193
91339 95642
22899 27608
90580 90712
97663 98729
98442 99655
10858 78529
48208 72152
52541 77790
25394 62539
45696 54119
82417 95479
48182 77894
49273 57246
41839 53555
50000 62199
28954 46931
38409 67250
12610 53034
91768 94974
34670 59927
38595 61189
56339 63367
34220 54166
44646 65641
28184 73187
44021 84541
97393 98032
44025 52709
60649 64911
47979 51166
62793 89778
87365 94755
13599 52298
71890 88132
46809 50000
21753 22562
46608 71945
21986 51124
73435 83993
26511 59996
44784 51662
96656 98055
28832 64648
14075 22310
90360 95382
7749 66939
3300 75207
21614 50000
50000 60998
52875 59150
65547 97538
45599 54577
51507 74650
13590 75126
29408 55445
20552 52564
47204 59747
90517 95835
27669 95427
36026 68610
22139 60164
90581 95952
86071 88432
50000 50579
13874 49868
98731 99607
93048 93982
44882 53535
84110 87813
34425 62151
33612 75380
6992 32805
58333 88278
33730 67255
43073 54213
89415 98183
93416 93689
8019 75756
38165 72453
73122 86524
69934 76513
49375 75775
44300 86924
91946 99833
79915 94844
79634 93604
35479 51527
48666 53045
25098 63430
58369 72428
65786 70033
66717 98392
48401 50000
2261 50765
56507 72560
16014 70761
43716 72417
30308 36079
98555 99987
34028 79493
23852 95535
78843 91940
66660 71946
78602 80363
39410 50214
30169 73797
27120 54563
94211 97295
28855 98402
47592 89984
96233 96530
32638 63359
66262 87691
76448 79911
17007 68124
32286 92557
34106 59065
36243 97016
6083 62410
39160 61447
45168 71692
39002 52198
43094 57950
66255 86683
47005 53610
26450 37648
20788 62373
40814 73659
37085 90751
47965 67887
83851 92317
56487 83500
42132 54392
39848 63174
60495 69192
82330 96802
80583 92895
67786 71962
77317 95723
9560 23518
35511 65708
20234 79130
65793 98510
22824 58265
72102 82580
36435 64507
30571 45252
37996 55727
3770 49056
85208 89299
85592 91285
22441 53415
35729 56864
20929 63516
41070 52331
31023 55711
16880 34974
47046 63609
29406 54265
43718 57416
48140 53909
91258 95487
38955 56537
42023 63356
28235 74979
47583 70811
50121 83345
46369 67715
46572 54035
1372 35166
18629 35779
42573 63415
50000 52274
33135 54920
16377 47278
35008 61931
49444 86980
45510 95046
60179 66712
45846 74006
26527 39513
41396 53432
57897 81595
27681 90328
75823 83105
39476 67866
10567 33055
21434 66439
52780 74262
28072 91158
75047 98804
65411 78243
5773 85590
49521 71182
89461 98594
30987 52791
23240 66549
81210 97764
12945 73466
18235 99557
99694 99848
70061 93357
47652 49889
56775 87279
49140 62954
46839 53174
39513 54485
71971 85626
3251 50950
60527 75651
38953 54459
82717 84418
49259 56926
37722 60342
46576 50000
76736 89433
48952 52097
12240 93973
6486 96499
41561 54339
48823 76381
39096 59079
50000 75839
24934 81896
48507 77445
36579 54825
68674 69018
86609 93111
35728 73111
60965 86288
75042 81673
78007 98385
42428 87730
25220 48193
88101 96256
60330 78786
36893 52637
44634 45979
43699 61293
53047 96810
21114 79136
48287 56173
42315 64667
29562 59588
24169 69243
21907 67356
27629 60152
72716 75775
26670 50469
34680 76762
37307 80688
30150 35357
40042 50275
87727 98303
17190 53997
47989 51372
91573 91668
38320 80748
11145 34316
70310 86500
68801 74425
39302 60392
40396 78823
25208 67976
31728 53598
24077 44995
48988 73648
34728 50966
12242 15157
33146 97855
32931 53627
39456 62991
48208 52962
55481 92272
45902 65533
47599 77983
46905 50000
47327 73208
89008 89992
44747 51939
19719 64624
37440 70830
44522 51607
26302 62546
85511 93707
37409 67854
60936 98797
41992 44239
84430 91236
50000 68996
61106 84019
20069 21693
61254 63819
49152 80770
22620 58341
42849 51933
44813 53988
67855 96679
28624 50010
98732 99842
59356 60960
40901 77465
27504 89561
40107 60631
73595 81359
21808 58079
30508 61958
22547 55609
17428 99343
58939 94412
86375 91905
50000 52656
32675 71398
35516 51606
44903 46857
46171 52860
84847 92764
17450 52124
7051 84044
47728 60712
42449 52164
20082 48834
14860 77032
76093 84294
48819 50000
27345 66005
5788 18058
41008 82504
58086 70544
32407 52403
78821 84627
59651 89986
12464 47551
92096 97542
23776 36238
49709 58089
21178 66329
78677 92889
48867 91980
43582 50961
45663 59409
23241 58975
5392 11677
32200 98806
41479 44601
16658 52141
41056 69102
7506 50158
9622 54461
51088 78922
42051 74154
76085 95036
21899 22579
42356 79872
52667 62462
49405 74846
77048 79155
79882 94284
44913 51309
14593 89042
32254 65143
91832 97675
51760 68317
88102 94103
37446 93164
34322 50000
4277 36151
11630 50134
40257 41549
44369 58588
33750 61016
36111 50105
85541 97057
62688 84321
60877 79314
66120 79045
33871 76810
46884 65294
48570 67300
26901 62958
48813 57445
30844 63166
17211 24167
22405 57848
78120 94326
24789 51955
53524 94362
91394 92542
45568 53494
14769 54111
33368 54564
32253 53856
84826 96028
84617 88981
44653 58650
25671 59108
48135 50000
48142 51898
54828 82375
94217 94706
48366 52235
31672 65054
49910 53705
89361 93762
79357 99018
33600 58171
23780 59982
47632 55309
98987 99646
37112 66286
47731 51709
45865 82106
43603 63245
70628 85285
5181 12986
33955 67742
9095 98811
47054 81958
43069 79334
38881 50000
33456 56108
45389 51119
56191 77316
36715 57491
64019 75418
50000 59387
17041 21506
43611 60171
44594 79300
2855 10318
43915 50097
30718 67861
29405 77119
29476 51142
21542 51729
32320 56843
27326 56572
45248 51726
46737 50000
37278 65094
46981 63932
24051 70722
45496 60634
61325 80311
35069 59217
29916 58884
49798 59077
23725 66424
44433 57684
12428 55113
47194 50000
11331 87963
44162 76135
39463 52458
44535 65654
40766 74692
8561 35537
30250 62760
38312 53493
47344 50000
42073 50000
46290 79323
30260 54360
32167 93731
33219 70425
47410 76925
61203 75791
64080 72763
84756 85587
95875 99672
58744 85861
52079 95531
36001 89807
45812 52911
44701 57078
52887 73025
66870 79336
38116 92150
61032 72264
11439 57752
42302 56126
43084 51882
48961 56985
54518 80370
86119 97601
36798 81735
50000 53193
22466 56480
44612 50804
47588 53492
85043 87818
49734 82569
43222 55078
30271 73619
25846 40746
47065 52866
28054 52463
44667 61100
38978 52169
46436 52708
90402 92098
2243 17880
44120 53589
84526 95284
45674 85896
35458 51930
33586 62586
28667 58143
37234 83600
80119 98727
69186 83312
46453 53057
36111 52341
36500 66409
56108 77648
33446 57115
10619 38332
47792 48956
44533 62053
33162 55769
14799 39448
46926 50000
76871 85980
29358 57275
74036 99391
74555 79002
72952 99521
19897 40700
11601 15256
40409 82962
47500 56731
14832 18351
1000 98127
48968 56513
46697 51874
33324 73620
46481 78940
86844 97424
43697 54632
60253 82519
63423 84131
36330 73820
90785 99113
12723 35576
53446 93480
11926 80725
25461 47605
38927 65908
49737 58987
55789 76452
86039 87079
93901 95321
49187 71634
29259 56021
24013 65096
48070 67302
46237 54580
48909 57921
45433 55899
42237 75465
8699 14139
43435 51192
47101 85491
32151 90513
53889 63008
40497 66009
36591 54195
16432 33994
32514 54830
24003 67327
80050 83400
18787 58275
62830 68602
21155 82193
48048 71318
31706 95455
46757 73304
6107 9581
16735 60070
52749 98932
19001 51718
88189 99015
49658 86219
12348 52274
48440 60877
42957 59332
53301 91307
41998 81570
33553 53026
900 55816
44958 53040
7987 47269
50000 56767
43731 50306
33953 54311
46698 67022
34519 71131
46599 85030
89403 94679
35771 52207
32043 50760
23957 92424
47431 93073
89220 94486
96180 97122
64659 85620
38780 57594
37264 92092
14945 59403
46415 50694
77688 79296
60893 77664
79608 89427
48045 59954
89829 92202
56672 93677
3793 46776
28897 68270
5118 68207
43482 50513
48628 52949
50000 52361
14490 93435
42909 84090
30982 40686
28789 80620
20180 79615
5058 48882
44306 62840
31751 62411
45692 66409
48609 55438
44415 55768
3147 86656
60276 79603
63736 68729
58001 99719
61117 68291
44631 63132
62951 92128
54953 91877
47334 79122
90026 97794
42987 66427
45710 50150
39743 58698
35857 66990
94892 97149
87258 87704
42774 61985
44580 55513
22660 52149
57029 85329
39721 85254
5803 49740
32666 64158
12810 28456
28099 46802
74543 78245
87810 98092
39704 64391
86023 96906
23781 37257
94781 98646
19126 52270
87373 94874
19850 45529
75414 85449
50000 67105
87476 97241
44912 50562
42092 57204
44941 54566
79995 96378
30670 58882
49384 57323
17344 52150
72178 73822
48930 51628
77442 97048
18906 83108
50000 67685
38161 61730
55836 99819
48043 50000
46455 72379
68152 71791
25815 32934
38950 71053
59045 94436
17084 66323
22042 55879
18477 89317
95740 98667
30612 75273
13244 53526
29785 71727
88000 93994
4886 91137
12035 49206
40410 52287
46077 58853
41153 92429
13811 56345
45007 69189
12526 55763
76272 89255
47530 54962
15909 92447
61682 94773
42093 58538
44928 52328
94397 94949
28612 69916
90870 96172
33024 68689
47684 50943
44741 50000
50850 65148
52809 90248
43775 48017
73800 94422
44620 46686
57369 89671
38021 54571
90359 93760
21809 60987
93407 95167
37897 60271
57849 84658
43334 55405
12447 80685
42327 88807
48276 87570
46985 58759
41454 76789
41772 73790
57505 79674
41226 62135
49306 63496
28146 43381
37125 50000
36294 64956
69416 93623
43019 57298
91212 92179
29125 56479
26197 80687
18679 50243
31757 50000
43578 51311
41593 71007
35170 55544
47339 91721
96085 96308
61998 70313
86107 86536
33793 67600
21960 62702
49722 63462
69719 97695
67751 77491
48434 79918
13889 54351
68590 75643
83068 97129
47191 50991
52790 96568
49519 94077
45102 67434
80974 83568
95130 95795
21198 55857
48851 51782
41843 51482
40425 59202
47077 55539
46323 50000
25963 68106
29142 69422
72834 75371
12712 72441
3856 14880
40666 82595
18247 61217
45444 86966
37188 81451
20542 57961
27484 87911
31075 59750
35829 61319
31615 52539
17052 18234
44334 93360
50000 71802
30557 71590
94037 95477
31866 35255
47836 50537
32398 49131
41642 83423
43655 59940
5266 47771
22770 34491
63692 72427
36292 54303
90928 99710
36418 59051
50000 52245
18109 54752
49281 51736
49711 51698
41134 79942
49969 53888
88122 98259
43752 54136
50000 79552
53984 83044
88514 98601
40937 63951
22261 44243
98455 99100
20628 44498
50000 52075
45511 57673
88328 88366
31408 72676
66498 91493
47657 50000
35812 39865
35219 77727
67891 74680
77757 82825
42312 67084
22773 70239
30563 66532
50000 54044
22469 83576
41515 85299
61198 69699
12610 60650
48364 68820
2963 55399
46632 77826
40914 50000
41923 50568
37330 42258
11919 74875
27714 29627
5688 60406
78370 86905
21514 88260
56725 85796
91848 96405
57810 60559
20396 55459
59962 63188
92734 97214
39271 96868
68934 77385
80843 97953
49531 66731
34617 68969
44722 54308
32766 70384
34419 80148
47243 54743
83992 85318
44790 69350
44766 80656
24794 60837
83477 91547
21657 70205
12424 50804
24026 59009
11508 86227
36867 57032
71049 75311
46062 68637
10726 29553
97358 99545
92651 96796
64911 99740
62071 85142
67911 87289
803 54445
68512 74854
32111 91579
24755 26887
83744 92873
45367 53185
25381 61313
25490 68711
47331 50209
52906 54818
98865 99420
30726 75515
45674 50611
37158 68050
15533 29069
23867 50000
61925 83627
36390 84359
23202 50000
82979 85858
31243 72052
48746 55572
98717 98842
93497 97612
42549 95162
49838 51701
28825 51609
97910 99095
38036 40774
58713 90301
44652 62671
96774 98785
50953 53183
32610 61569
46978 50686
9933 22535
48225 67750
45260 58088
44948 67835
95213 99603
34952 71117
16105 53930
76555 89691
42769 57137
47193 53205
28746 54807
55425 62480
41682 80360
39176 63067
94361 95180
47628 50000
80320 85057
8038 32371
60258 60834
25234 47397
30274 71000
26194 71076
24187 57302
84248 88349
86832 90448
13726 56905
78571 88758
37934 60147
45214 53484
26442 56951
45738 77992
76966 91831
68765 82681
20881 42740
81081 92151
24538 61855
16385 91738
20302 20314
76047 93197
45306 79303
36909 62345
43196 86403
43705 55862
37138 70303
47044 57943
13956 50000
7139 60754
47639 87612
53508 64475
47093 71627
78430 84307
93859 99247
94030 96234
85347 92528
80590 95467
22962 58815
8436 28434
45190 84283
34048 67567
45546 56223
95803 98619
84722 86980
13128 47946
50000 53327
26515 60875
25725 50000
43656 62915
73593 78780
18481 68184
33701 56897
53714 56999
8309 78275
57747 73387
11565 19297
37726 57059
30098 77880
44063 94727
60787 69822
33342 79502
98551 98970
29571 66172
35452 66487
35808 58341
74966 90864
73822 88717
87896 91089
37675 53445
78994 82241
41017 51927
80026 86545
8743 31178
21390 64918
44057 71707
3428 83355
32000 72539
98823 98895
4279 9529
30344 63744
74278 87973
31291 41582
14482 59532
48716 64378
40419 70245
96826 99288
38237 62853
13232 92605
36250 72299
42383 58956
55846 63199
66314 92309
96929 98113
54038 91548
90857 96914
96654 97428
41850 76445
46931 64466
26581 61705
41935 52155
49020 72938
41167 43101
37389 70709
36072 58195
35448 50000
6755 49865
63095 81786
38657 80235
48769 58669
49627 74462
43874 50000
45927 81286
22046 52605
47832 73018
45244 63889
27285 50000
45827 55569
39802 77107
47309 63532
68769 76495
90739 94808
30096 36476
13471 33875
95458 98853
49838 58847
48085 89174
16636 50000
63508 67346
61389 77656
30356 99173
45948 54741
47859 63320
39494 89680
43670 51625
38752 52400
33834 59752
54097 79588
89858 92189
23512 56836
50000 58825
22124 66162
39325 77874
41337 50000
38654 50063
70891 74485
77213 96548
50000 93681
43008 55807
71401 92166
46615 53172
86300 99372
43417 65075
88564 95652
42395 62063
49625 61082
15897 83352
59229 93729
30708 75674
47652 54970
34949 79856
41160 54940
66049 70523
30173 58140
15565 54153
90212 96865
52216 76514
39280 83667
45807 57655
47917 56979
7502 52766
48805 56641
40348 56811
48321 88352
27163 63124
33202 48065
60918 83469
48343 59395
36878 70508
33499 91713
38081 57625
41881 50864
54283 70984
47003 53483
48021 54647
16416 42927
14178 57722
36751 67590
35161 51996
83041 83871
20674 35868
96624 99418
40884 51261
33941 61744
44282 61910
33965 45319
47895 81076
32428 56235
55675 85350
99891 99934
20820 55640
28555 51775
43917 62716
28501 58315
44612 87292
28959 54336
71780 90108
86750 86800
40581 51803
50000 53276
22021 55314
20528 49777
41807 73994
95369 99483
11646 50081
16860 74116
62290 63218
60637 88744
30055 53302
70795 87741
38848 63876
18120 50733
32991 73350
45757 51325
20007 30648
43768 51324
32730 87587
37826 65235
29859 32243
39399 99613
12348 58777
28446 54135
25691 58912
19500 46893
50000 51505
39431 76159
21179 81090
4214 37763
3755 70699
45877 85086
6484 58785
28435 65890
59752 66835
92380 98039
39015 84451
71576 94660
3579 49253
65654 80148
30065 54945
38426 61601
87390 91213
63736 64094
46646 52355
79905 91309
39972 63715
36705 98943
49533 50566
46567 78006
13724 33067
48826 93858
39156 61354
65344 94155
45314 77076
49392 52817
49074 68449
30643 74681
24268 86129
47451 50905
95512 98077
96536 96543
91080 92150
32126 38178
47918 80742
4138 93302
33225 54970
1393 62433
45403 76602
38472 74593
45504 83014
10574 18511
60748 90954
83716 86388
22036 51332
36445 80327
24866 72899
99899 99970
44926 75258
33487 50000
30699 70403
48162 55279
70916 73883
67574 95000
24472 64802
29314 62693
66979 75665
78451 84036
34141 67502
47070 50000
71863 96851
13088 93588
45097 57450
83371 96858
38312 44311
31852 54023
98544 98997
88112 96931
12596 44692
21824 79244
33600 64413
70155 84704
33937 64063
25763 52866
10931 52501
22882 64708
41397 57695
50000 59466
43938 55982
45895 84808
48452 50188
23533 90205
48753 57104
38865 58930
46971 63880
87240 98447
46078 63272
32082 54372
40984 51629
41864 50000
49409 53455
48625 52084
30384 63763
80637 86180
21649 63300
40123 77009
29752 97876
39724 50000
33207 75606
18131 56413
85647 92345
45144 75241
72369 89130
30946 62718
81149 89952
83916 92168
9864 50000
39966 59454
87561 91580
34610 74718
37320 90205
47425 78180
3182 88799
39035 58172
23518 63737
70673 84174
75534 87409
40413 58702
3689 7648
41715 45141
44401 78513
48814 58881
16150 23797
45583 81880
44317 63052
41755 61929
56968 59823
38855 81310
34158 52494
14781 69052
38548 71243
23273 42305
45625 50981
74854 83677
27748 61680
36087 59659
38611 63591
89997 92166
49460 52513
54894 71718
21339 50403
48969 55719
43245 57331
76466 78485
40531 53986
92790 96891
7085 33325
43659 64553
97619 98030
28173 50661
32360 54371
74725 87757
45966 51569
35786 53424
9623 19097
50386 70252
35092 75808
46126 73830
35445 69334
33882 65028
57698 70036
15766 70813
36787 75439
45870 51835
70541 90614
49854 51022
65483 68893
34970 97498
27638 70090
28980 59265
35544 37364
23438 63618
45285 47298
44957 51871
27842 51036
43043 74940
52751 75402
45910 71855
4777 47910
35250 51060
46232 78023
12690 49889
12631 95156
46861 63788
48385 53742
34195 59196
32745 43770
30202 53509
78164 86625
47968 88609
28584 70864
38332 68217
17378 50145
5453 50707
53672 95272
90198 91905
18350 58011
76199 97376
42602 54095
44455 54249
75631 84810
90055 93915
41999 54888
38081 53063
56880 83048
18934 56066
46911 54562
55920 57411
46851 79510
28408 65975
5670 50046
23547 46168
22042 52599
32920 65251
49953 53724
30707 61126
9318 37633
18440 95888
37059 52773
1389 2105
77165 88536
30632 70251
91451 96587
48410 50585
99328 99393
28482 96363
84784 87381
27637 42919
85204 91159
93120 94834
14075 15056
59465 94767
69317 96151
94478 95364
25954 57676
49974 51636
39978 58063
44046 60664
49223 57532
57393 73755
25163 46923
35244 57204
30912 75312
25568 50963
14980 52472
28699 84138
15747 64644
22490 80102
9361 79230
6543 57200
98327 99255
43583 58235
60770 78722
92285 92743
41834 72082
4395 36234
61564 72574
42053 54295
40314 53183
40558 63860
47590 71883
57628 61282
71416 78457
79373 81308
38905 73017
25114 64023
60787 64650
98694 99591
62969 96739
7246 85731
46639 58627
9604 35109
37768 63523
49116 53384
33642 53183
41980 70169
27644 36577
34043 58939
27637 56367
20086 26753
35570 53803
91859 93684
12146 47645
24883 39967
65875 96131
25384 96110
31430 50408
35731 79145
40988 73152
81051 81407
74704 86830
5114 96691
66599 75043
51384 78939
84034 98309
1762 82820
57867 79313
15484 21687
30305 54862
45668 54474
79904 98696
11344 55997
15733 54994
29268 89340
71446 97692
37206 64784
49264 65013
67967 94505
41308 65818
50000 53910
8199 35693
23802 57231
39740 50412
27196 56513
43634 50762
49890 52208
92627 94807
50000 54069
39420 53239
15636 56103
34125 69230
75140 86801
90873 99914
23258 41911
46703 56215
73094 75014
41899 52410
24002 83638
45168 63589
57729 94402
23337 88184
60060 93757
46496 53317
35240 93250
25380 58112
54759 96160
5785 73630
16058 52093
32267 50754
88523 92278
81946 96194
53658 99050
3689 53743
42859 67015
35746 65193
44766 80611
21567 56299
38602 53798
66392 71430
18319 40689
21407 42795
31416 75303
48648 54970
96372 97831
29069 84379
91388 93459
43649 54052
36460 57185
59928 92295
41867 84882
46206 50000
37611 61069
4363 76778
61948 82483
43006 56286
72149 73502
16703 86167
33335 66249
40867 79971
17257 78002
49296 68673
29154 73935
19149 59962
49057 50711
66140 94354
47136 73358
42903 52877
71516 83744
78178 96246
99974 99999
46615 76516
28846 82345
16736 50000
58041 99229
47965 56094
45264 52756
42449 65416
44255 78197
12743 52914
50000 52325
35566 50000
34410 53002
3968 62836
36310 85650
38994 60742
89402 92588
99544 99767
74785 81927
11791 50000
49034 54053
6888 58036
83109 93846
20003 54460
34950 69085
47311 55218
48691 52666
1479 22336
24134 63420
98584 98778
27318 60314
33473 53543
44324 50630
49066 54323
7116 83422
15947 21530
84177 92588
78981 89556
3970 77484
83520 86795
48985 52254
40088 53723
41186 52246
48923 77281
29319 69208
82908 92500
49570 50099
23013 66047
1311 70638
83037 99437
29723 83958
41332 85317
42125 84109
45532 55937
20646 41031
41733 81117
35208 57082
40195 73387
44168 52453
34185 58538
39592 61042
440 33271
64593 97441
20361 60794
57592 64735
48406 68439
23614 67411
88889 97130
38169 77970
50000 52137
25591 40829
34278 56600
49477 62921
73548 93072
12206 26694
93710 96274
22322 67171
60252 60985
97628 99158
74943 86138
73594 86117
52047 63115
41001 55119
41207 69102
81393 94159
69701 71891
78928 80447
47307 59390
26 16199
98097 99691
75433 77475
33486 38973
12332 17011
47706 64018
89323 98403
50000 58487
38091 67028
41990 87476
47559 66894
39689 74347
64249 99202
49324 86134
20513 50000
55528 79639
11195 15323
40523 53211
1635 44195
42781 62790
33412 39151
56447 59100
13671 40524
43044 51089
42522 76565
15756 53765
50000 67129
88369 91122
66989 67619
41718 73866
42239 62735
48045 54427
51090 56768
45835 84195
6700 67662
54529 86442
9780 78410
44640 56606
36953 75903
69365 93337
42602 70785
35678 66650
8434 80099
9778 68592
74554 81176
25215 62882
38063 61233
13548 56048
6936 7364
16158 36770
48377 50446
73999 75802
13966 99714
14066 55120
84402 92712
94577 96383
49733 62419
46360 59196
43140 50000
51802 56213
42890 71562
44280 52896
91569 99851
37800 70212
38558 50972
48354 54480
46516 52618
77036 94389
54673 58694
19196 45510
34915 99154
69002 86146
44567 58069
78015 95902
53566 88366
45311 72691
6496 20488
39605 54167
22542 55491
37235 55558
2794 76209
49379 94556
7980 53178
43516 62753
2276 73222
48776 57690
20713 52081
47857 60255
19093 82836
35748 63769
41479 50000
46376 68092
69810 80916
43444 56320
48693 53215
41193 58226
42281 74203
98318 99690
33885 79975
85264 97342
72424 80581
32159 52287
78918 85679
32171 57590
45899 60213
61847 76171
37907 60192
82111 95045
66964 74213
42642 63462
81122 86487
47492 52101
64737 67414
51968 73256
41308 70905
90777 91884
39657 51774
92270 94349
89538 95846
38508 84104
32535 72281
37895 66063
25883 92567
43478 50000
73231 98626
38847 53235
37164 87691
52409 84418
18628 50295
41940 52997
37992 66390
28279 49954
60315 85684
84027 84300
34102 59447
61626 71555
44196 62767
31820 63386
35777 56336
6078 27723
40638 60576
41506 69539
3804 11110
82209 94477
45897 95830
43638 59381
48790 50265
47290 93366
47156 63267
45072 54911
82183 95359
20439 57806
34684 52526
59681 80896
34619 64787
34933 52466
37453 68475
33353 61370
40492 68200
46354 63493
17823 19138
16003 94812
70326 89209
69619 82129
46734 50000
13179 52432
45717 96876
36907 54691
31792 69635
74540 79450
65880 69747
47892 77859
49743 52611
61056 88628
16577 62706
25845 41850
43095 63360
14244 77687
36450 53206
50000 54317
29924 61297
45857 69439
24801 87772
96739 98116
47932 50000
44659 51279
48491 57009
48300 84430
61565 68799
44549 50147
42088 71823
48999 52363
38666 83721
34367 92468
48625 59749
42857 71989
89810 95119
45929 51281
37941 53833
14061 53536
26265 97686
28500 45537
99674 99879
49049 80927
20062 25671
26232 65077
48023 73535
40544 59134
65106 91693
45550 50976
37018 72105
10231 31324
9291 52787
41972 53246
50000 52327
19013 61888
80293 84747
48049 57238
14028 62424
24369 69432
60969 96840
18427 19365
64842 75764
93613 96000
34191 65044
52064 90904
40524 74548
34061 63711
62441 77425
38261 82172
28103 71594
46647 50000
15684 50091
34140 74687
14750 57849
99023 99114
12460 75275
47602 63813
40139 70289
3417 49931
22341 55483
37786 67407
28510 66419
47606 59486
47951 50940
40082 57118
85926 89969
5009 18062
26380 53993
75358 81130
41336 71921
14074 56061
36621 54230
87548 96894
63580 99839
33476 59426
24847 92373
30722 75468
79239 87008
29013 66642
26340 44799
39742 54561
73463 92884
38447 60042
48475 62710
25735 51672
39260 53931
49653 54909
59990 70675
47907 69008
38826 55088
79978 91070
35578 50000
31438 88921
55095 85950
47467 83656
49029 81298
47612 57843
37797 54928
22039 46806
48011 52398
24658 65133
44413 70661
46528 52712
27377 54239
43498 71954
1927 23529
78898 90707
37857 62501
50000 56380
47566 50000
37624 58037
27489 61167
39383 59876
78256 90202
21262 54214
49547 52610
95418 97976
47890 59817
60079 92495
72793 82046
14684 81829
51097 86399
39794 65972
39447 42181
36225 75773
24262 60321
63329 90043
46406 53296
47496 50000
90617 93965
44164 62276
30002 78931
49748 70402
28411 73062
79187 85545
6991 79945
8599 38962
34582 71201
21538 58480
48752 60703
48797 53721
25685 61395
84110 90519
36636 39424
77145 98076
72937 78406
24903 37608
35681 59448
35412 73282
87642 94323
60489 86848
7456 40046
26307 52825
32233 63028
41319 58069
38801 68842
21391 25012
45749 64186
55873 97690
40904 56917
40513 44974
70174 75106
46207 67871
37173 69989
26288 87355
59123 93276
84102 91986
27954 60839
48823 59513
14806 90600
30753 55920
47127 64007
47884 54927
35054 72593
30986 71072
44539 77932
63192 98599
95489 97075
47864 50161
5917 48458
49110 96049
37469 60618
47563 89725
49550 56160
68073 72760
3491 30105
82608 99377
48937 61525
50000 66249
7652 83667
54864 78128
87321 98247
89076 95382
45737 84917
32587 64050
48164 54324
38541 50000
36467 60187
46922 51048
39836 74978
27131 34238
11125 39716
41524 68117
30455 51941
46490 55560
4223 25616
66336 67946
63378 72139
64159 74904
75192 90679
30504 63759
11752 67760
40015 56943
45378 98132
48561 58313
8060 58162
42008 58621
49395 55148
73941 94553
94715 95739
58282 84067
71082 93109
32148 60038
28480 67724
43119 46900
91806 91946
40625 67414
65885 84726
97536 98710
46623 50883
40639 59300
26347 50000
88871 93369
48200 52495
34222 72411
30966 58362
96376 97246
15566 57680
54093 63029
50000 57391
24915 73815
87329 92605
15651 74085
42575 63465
38632 59360
50789 85675
40639 77372
38316 50500
22936 55731
27149 69081
20144 67550
40489 51938
43856 46805
73800 83287
98422 99347
47173 84400
49224 52242
2626 47428
95356 96826
47604 52359
7471 51461
48827 90201
50000 88179
50000 53912
95525 95907
24612 50528
34466 61206
10392 64948
89816 95175
20077 56672
36852 45293
31842 50580
98017 98017
44806 67046
45789 57333
37354 51253
98429 98978
37904 70223
94267 97256
8769 32122
45295 50525
93243 98257
50000 52585
14906 70238
50000 52010
46680 50650
35552 52650
64029 98261
25259 57433
48645 55654
9093 97694
18734 51580
48597 51176
81592 90614
9827 32566
73221 99186
34704 75129
97753 98333
46696 57788
45629 69949
40177 52855
41132 79644
15526 29142
53415 63029
13145 92725
18848 53565
36448 58733
1310 60297
32731 72992
11336 45678
44948 74573
95823 96661
86516 90067
59641 98026
40932 50742
21480 54130
79359 99946
68793 74531
30085 92541
25107 66098
56682 95086
37577 53183
63725 91631
27511 33741
11584 56994
94432 96738
49587 63996
11535 73082
50000 57462
36393 57702
49273 76019
71232 90213
87808 88599
70327 84978
72734 74646
30898 62961
12849 31741
24033 50000
98533 99559
43271 50795
60762 83882
89575 89885
24339 72050
34636 56195
21169 65894
38957 51899
36904 53320
83465 97140
68622 69017
87094 96528
18665 54885
22759 26907
64405 90831
37840 58555
40167 75328
47692 73153
32538 71301
30892 97457
2110 43288
10714 27144
21969 56968
263 16002
63198 88819
37576 74330
80850 99602
37952 92825
50000 63617
28292 53093
51787 90758
48493 67548
32399 61581
42999 50000
20257 54575
45120 50000
58392 69304
36780 63232
48317 82878
6439 91725
4269 50371
70975 79999
43266 66732
73332 83325
43628 85813
35645 59565
34837 96400
16772 19493
28435 58556
16901 44904
68519 71111
46106 82752
48357 98461
4496 33663
45658 51211
37085 47956
47920 50713
39935 54957
14913 53610
49056 58943
58718 80847
39960 69512
45619 48840
33963 79033
46381 71930
57837 74436
46775 51910
33427 98887
62340 87638
34231 55268
32011 41901
49134 54404
33992 91416
93044 98461
47979 71870
23712 54356
23322 40877
32754 67479
47994 52489
37211 52352
5591 63403
97322 98016
39527 55714
43864 86036
48853 73196
48541 67585
66517 89702
19930 52072
47284 65586
27963 61805
47428 64025
15494 75328
37181 62373
97902 98530
40044 70128
11773 50000
38428 52403
29007 56162
46329 69885
44688 74515
35375 91011
48855 51051
92238 93546
37185 55481
84142 90072
2000 58045
34119 68661
74626 75465
50543 55736
88758 95072
41991 98841
36898 98563
24321 55501
85991 86330
13138 53971
59535 61752
50000 65859
40097 69348
32999 67457
19206 57620
23103 60777
92035 99730
51292 79170
38061 57043
35769 69545
30600 62848
47589 76874
50000 50978
50000 59989
37277 50000
51171 79468
28855 83211
78004 98277
33473 90531
34005 73492
48462 73194
25687 86500
34212 80273
34393 74049
43540 54294
46869 50284
81040 87486
39065 61389
9580 99680
50732 95151
13028 51693
40712 74403
56612 72604
66103 71516
7376 13638
20970 35327
46263 79272
40901 60429
29510 63051
16350 78563
34809 69100
26585 53259
977 68062
99705 99927
34840 51918
30820 89223
98824 99558
42579 68331
59095 88273
42791 71371
49000 61969
46566 51384
73371 87867
75760 97140
16409 17483
22333 80381
28933 72104
38417 57586
8876 98937
12518 64557
48884 57452
45855 52703
23248 40376
32777 74502
41426 77253
44649 53381
42193 83173
48232 54588
46308 54091
29756 55183
51584 92993
8491 92146
5662 68257
36983 63789
36655 49854
35424 72881
43773 95045
47082 55079
26825 95139
60780 86867
25084 59142
78751 85303
41749 71687
41015 65004
36513 65333
48676 60202
18350 77289
20117 53060
49178 51808
90494 94887
32533 71111
19288 23790
52804 97544
42260 62684
19464 58244
46101 51261
47634 69490
25923 45028
46177 58667
31485 63826
48754 77114
55853 84275
50000 83418
34885 72384
87137 98159
50000 57081
41975 50065
11432 63934
48139 55700
74527 77638
44676 72785
22494 91108
97093 98861
62796 74664
64712 72621
27982 70891
39812 76849
43238 90676
8156 20879
29526 55207
92237 97585
43290 69051
21059 95306
28925 63895
27542 74527
32474 73613
43808 50352
53381 68018
49280 52446
2519 40077
17007 34724
49909 62524
16034 48244
11545 91881
78211 85446
50535 96531
65712 81776
47138 50000
76693 94784
37714 64180
80928 95771
28214 63464
45363 50000
25956 69215
50066 51000
76325 82044
16066 50711
60759 79973
34718 65055
46519 66449
28403 66471
31613 64633
66642 95775
88323 93157
43371 78769
96454 99788
46256 86477
99216 99748
31556 76746
34339 92940
4304 55802
88637 95764
22948 43186
39815 57371
89112 91939
35935 54009
72975 90612
33451 62993
58168 81210
34479 57192
14180 80813
45921 69728
27486 94479
48859 50424
12320 53712
24467 50000
25166 78535
80246 83757
42980 61454
74914 88906
33627 56184
14449 57226
72947 77667
48599 50024
16719 51769
19351 50000
18525 84045
49914 51304
35754 50046
47696 68915
17135 62557
25717 64089
28314 53778
49375 50205
33492 83383
28241 68650
7438 62003
27026 70024
4062 50000
28742 51780
73757 87797
41904 51934
27628 60125
43630 84128
11291 52194
48132 66944
19880 66437
36007 84954
77243 95971
90775 97945
29027 39406
61671 69099
34464 60369
22330 74523
5193 8765
30580 99687
73165 97972
50955 95590
98278 99987
39340 52809
41666 52414
83047 89633
29585 84914
54644 62390
43609 56075
10232 53057
35123 74264
41691 64063
50000 62619
24515 61320
33860 72822
30461 61908
90258 97259
86217 88628
37179 58977
39096 52841
60581 90290
42308 46740
44262 58705
48228 90886
42494 52352
64594 81380
49049 93021
47078 88325
66268 84136
36004 53627
76024 92358
26178 87464
48692 50000
47470 72701
39032 57772
38295 61661
48529 78742
48372 65286
56573 59106
10593 49822
28074 38393
46843 50000
45189 51429
42254 64583
51338 60747
43803 60510
70970 84225
33201 68177
40502 64552
53023 67447
14853 58690
23955 74541
33519 75585
42161 63966
33188 52425
44151 61195
43248 66866
50000 53770
3919 91989
99486 99589
21551 73243
91172 97378
22115 92033
47117 53402
43329 80887
35485 55816
20113 22586
49120 98221
76936 93837
61963 82870
49759 51503
40714 52905
28603 65096
9586 28586
48008 78755
36496 38946
75245 86736
41386 51310
16093 71511
19931 50176
40800 69866
72858 86854
41621 69659
34774 75152
87670 97592
48596 89406
47314 71924
29638 31900
46447 50514
10745 76755
84473 90599
45902 69489
4302 63572
25925 53257
86327 98470
82527 84345
78456 83108
13258 57963
17755 53193
779 27900
24745 52709
15811 63668
78816 95280
45879 55261
12674 19710
35002 52450
70660 88216
35956 65162
47191 50000
42580 59204
39128 80766
39169 72897
40711 67056
15114 57030
43412 71146
92663 95742
67534 69004
46955 76566
49908 90075
43283 50942
49016 53842
41970 67595
31585 70443
44873 59049
16231 61203
21085 53886
5915 33475
28211 80478
48685 58583
74347 98373
90397 93243
35823 55507
63619 86457
18140 89284
20852 64557
42545 50000
47074 66887
28785 86713
21771 50557
75906 93506
47200 51215
40799 68972
75063 96760
9385 63746
36614 73419
56180 77530
40481 74896
90793 96154
12096 53182
42635 69082
32061 75926
26184 60739
21951 82689
23138 89150
51651 75597
48717 54108
26506 52435
22426 62109
35631 88311
63066 87372
13756 30824
97203 99936
29902 62671
42837 50000
50000 57092
32027 90597
26330 44543
43897 84465
34490 51610
22823 54918
42201 46463
50000 57408
796 65349
717 6550
40813 80297
45093 51816
43589 50000
2482 89991
31773 53737
26183 34690
11758 19143
6121 93018
43012 55402
55334 99459
40136 62925
42713 50340
44729 67259
26675 50624
57211 94268
73802 87269
35665 68398
36771 52657
35943 74967
55959 78902
22225 87849
65270 88818
44612 52583
76138 80096
35253 61676
39317 55774
8850 17181
16317 21984
77081 93379
48423 50130
28908 56082
78521 95200
39073 98768
49047 99042
24526 62681
50074 56226
37669 64198
43212 54671
48159 95805
19823 95044
13937 95380
96174 96327
10282 66036
23708 50768
84517 85323
61478 91385
61722 64988
31466 56881
52539 99576
28469 60754
50000 54611
23032 25227
48395 66810
33660 58389
98598 98698
43935 55685
34735 46937
36033 64021
39166 57357
80921 93100
46405 70030
28442 52725
94518 99965
16493 55554
47699 52228
70351 76868
88926 99301
11298 60960
41925 50993
32084 58942
23456 60327
35604 41776
30062 70696
48195 51517
44756 66731
14634 64025
43279 68619
41929 77531
3457 87910
26978 90715
23345 53101
54741 84788
60827 79284
49081 53986
64809 71453
34812 51758
21180 95759
81270 86565
48531 72693
45479 86105
42082 89261
16508 54988
26288 48254
46560 58318
54602 65843
48030 84750
97454 98804
45073 61247
48119 71331
82387 92368
39706 56755
26058 60439
76858 83088
75321 93678
47406 75634
77270 92885
37822 69631
13139 24507
87533 87985
50000 89759
47033 65217
13364 54117
46706 84557
28378 50589
32296 63913
47891 52199
25544 51193
32599 60946
21755 51273
37532 56646
28252 54974
46265 80109
33964 52245
22424 57030
39460 56757
45721 68791
41883 70985
50770 83870
35872 55831
23214 68573
46552 50000
65613 91805
96632 96633
40091 52330
47635 54382
281 21658
82381 99255
26994 37968
16485 86150
8454 53787
11616 52070
58790 61563
10240 52095
79123 92083
41816 67436
88539 89741
30132 56989
58138 96934
90552 98169
25244 68965
56182 87605
45174 75765
67435 97328
37691 52689
78808 87431
28791 73878
76683 83425
36882 52908
47355 72150
44417 64645
21923 56798
34384 56658
9501 27800
98042 99333
18392 62649
27415 63540
73234 90027
7977 51838
50000 52209
42718 53778
59310 83806
94141 95918
6988 90598
36335 61791
48605 54253
51535 66685
1282 24743
32982 71631
45794 63152
29157 63118
46121 75473
49802 97304
46809 49876
94752 96850
48626 52625
51627 62398
44011 55523
69940 82556
73809 79859
95222 98128
46801 83201
76548 79535
8534 19539
11956 45474
62172 64872
51547 77690
26483 50000
35698 94742
42396 98835
84918 99393
90699 96352
28674 99494
36992 56023
16238 69021
41684 93253
38198 78180
24689 71940
34832 88742
27503 73846
40176 59546
98855 98862
52284 65264
36416 52931
31920 94613
74342 97429
48498 59347
50337 76425
50000 83113
39363 76404
44567 88889
66947 98321
46300 68434
83981 95589
31809 81450
76843 79586
93900 98137
49407 58372
4207 81954
50000 81458
29281 55805
96687 96782
48885 98448
57878 85947
90550 94082
36763 54536
30654 59572
38597 54832
25678 60120
89124 96463
96744 97048
57850 67025
76027 78513
23148 76974
36532 70773
37514 95539
1057 7526
37416 47785
36912 61239
47791 51819
70599 72327
9448 39509
50000 57266
50000 52839
16562 59701
19056 41724
93448 93926
58017 72608
79507 91095
211 5610
59199 75548
49036 53019
30902 36385
23769 51146
89042 99591
36285 67925
36596 66672
43776 62982
97141 98864
45908 63174
26966 62304
20139 97186
13840 53163
31841 67718
37393 95747
48360 77252
46753 58149
48844 87736
12758 74646
15352 72166
43835 82981
28836 53930
55318 59872
35656 60660
14782 89351
38088 60957
54962 58550
3308 16691
64030 77085
49982 58521
69030 72911
46007 73358
45136 49451
39020 69254
57306 64511
48135 50249
34700 80722
24626 94666
50000 51077
22869 54073
45943 51884
44148 57074
70973 95959
81154 87215
66698 74814
55043 79772
48448 82699
46020 62538
50000 51867
50000 74034
33764 51870
23035 54223
49721 51687
57815 70767
21514 50000
42583 59822
61861 82549
49424 57102
32810 54883
46681 57337
39410 69015
26043 38254
49889 51779
9878 27494
47311 55499
68107 80833
27825 51601
44922 52636
14940 57482
80866 86597
74897 86492
35549 92324
37746 63701
41430 93341
33352 46042
10576 88982
84325 93837
24159 53373
10497 50712
85209 92841
66593 85065
42678 57481
31146 56023
37449 64932
44992 72502
33570 61339
46760 46892
35703 53619
54859 66504
9545 86019
28800 51507
42803 72521
23333 24332
18733 36315
36853 71437
90255 99188
83050 95653
90209 94146
46662 50624
46286 71390
34190 80614
48671 73823
27683 50982
30324 65582
8752 54233
273 57709
69358 89071
70524 77020
26995 53987
50000 66607
8585 26642
46441 82571
41168 56027
37512 91363
46512 77058
96294 99761
99778 99894
41135 87185
43587 50000
3186 80968
12436 57462
61876 79533
39323 76098
38227 69344
48878 82565
15819 58522
32464 64958
22643 36940
97121 97738
45687 76230
34782 51651
43423 52969
66931 66956
43791 54759
60789 73472
25024 57341
32241 72613
20680 52630
34106 94735
48155 50282
46368 50031
33016 98841
31095 53438
43377 68468
43115 77456
45145 83546
46016 84476
47765 50000
80491 99670
43856 87535
28024 98844
42387 95811
39021 68917
47923 64166
34697 61165
25729 57731
41659 59633
46514 57088
91428 95640
48015 53721
8400 83472
50000 89344
92935 93589
4091 26307
50556 93408
20452 52806
71545 88315
51991 65200
58698 78768
12822 97233
22862 53926
48791 90889
30416 70553
20533 60350
29199 54163
55960 64832
15685 41939
97443 99673
40870 60514
88350 99156
44578 64812
50000 56548
98531 98671
74047 88829
30770 95880
76943 87651
43141 54984
40369 57127
75643 99343
41286 98648
6316 77911
47183 58574
6369 51279
25442 61838
49064 81791
42549 74300
79079 82553
34001 50447
4214 15118
31786 65001
51838 87523
50597 58599
36801 71140
37980 42200
30970 39835
29173 91902
35892 82235
46982 50000
39557 54722
98328 98672
45750 83852
95421 99013
8907 97941
32546 68884
48276 63998
85005 85789
14782 57039
26734 51410
59400 59577
46011 96228
88379 90488
28856 53306
37890 61573
46468 62878
48760 53374
35467 50786
19069 82124
21698 84499
29040 82202
42083 50870
7755 16089
29047 70043
31802 56016
36714 62458
49505 50750
48964 50153
12591 51850
76349 77208
44496 70782
58458 61167
27138 53828
69289 75420
96436 97344
90903 99942
9834 50843
37946 51218
43990 51932
10625 55926
39118 50681
46595 47771
98653 99759
35316 74874
66580 68170
81327 92424
53469 82474
46254 54508
38497 98741
6326 45231
43189 55164
49331 65148
30003 63958
74945 81747
41443 69478
21474 52514
40559 62471
42934 63641
71652 98139
44398 73771
37202 57348
45791 50000
39361 75016
49280 57827
42297 51751
11203 51438
45172 84247
48897 57983
41250 53833
14239 52772
33100 74191
50838 53542
82743 99898
39892 85658
17120 54324
6250 62468
72595 95985
32276 94238
20497 59889
78901 79598
37982 64746
27147 32229
36578 55460
48044 98374
25500 56654
41500 60016
42127 59200
6898 38340
34230 62265
27185 56875
62221 90573
28803 35395
32010 33923
15277 98064
41548 43572
72196 90196
23837 56939
64470 78298
48906 50936
29402 69077
39294 79656
26719 69023
38335 55495
48926 68549
40462 64005
56054 78544
7426 44680
45742 50000
29824 30411
67488 75010
62578 76596
63697 72839
57832 96720
9003 50000
79494 90109
46839 70202
35803 50539
91781 94260
4117 77929
47568 70024
43290 50251
98673 99663
67487 79382
63199 74988
72179 79212
36034 93338
47381 71428
34970 71616
34558 77985
99170 99461
74066 78642
95718 95910
42931 95747
87092 89412
47649 79561
40934 63615
80802 84645
33686 74350
50000 60808
65478 70743
45128 74406
76394 86830
77454 77879
29219 66293
23482 31581
33650 52642
87055 89231
78236 88539
41959 56380
68557 77767
27041 52708
43175 52044
11900 56839
14964 81388
43340 74502
78268 93235
20529 99659
48437 63182
59198 88661
87722 99526
31132 71116
35015 62244
45635 62568
40624 47469
65007 85492
28870 51747
42392 55485
42961 88856
11932 54001
11132 51187
94680 97959
30346 84705
35259 61918
93286 96465
52200 67722
42424 50000
77382 88521
51028 94554
44745 67743
20122 28401
31619 38025
32574 77357
68742 90312
46954 76633
43564 83091
50000 51452
50000 75288
50520 77726
85298 87658
32784 55874
33481 50853
33057 94684
33126 55006
49588 81289
15145 56551
55114 62508
24315 67240
608 90137
34423 36768
39406 69456
87554 95575
28435 53791
33852 62828
88779 89884
62994 66315
44861 66790
99409 99502
50000 64873
25653 54254
36361 37666
42271 96457
36060 67629
43605 70302
23539 67434
69287 85661
77571 96033
73676 79237
50274 96255
29803 60606
81930 84722
26717 39758
49478 68726
54930 67539
47293 66546
28028 72970
41961 90789
14417 88208
48720 67582
18736 66239
99121 99917
37331 46582
25562 61510
66804 69924
99737 99935
68000 77604
19679 89081
50000 59520
30763 76136
56004 57466
60070 61044
31920 67688
46437 53596
8606 37276
68120 96231
46752 63865
97425 99003
49268 84822
44997 53140
45511 52789
97878 98358
6641 91777
28929 50142
43097 60003
34343 57254
43094 79460
35700 44082
55875 73017
37201 92566
63960 70062
41131 76162
67203 72811
55356 68188
35564 49628
50911 60134
28352 72469
89894 99555
17215 51472
26579 52208
90941 94316
64725 78738
54569 81068
38737 63250
28309 72104
85350 88502
32687 79134
47130 93187
52342 95087
47350 64415
95076 96851
20788 90965
48437 53287
17009 68612
12540 50370
40591 93941
74240 85519
48219 50000
47643 61967
18493 52702
52936 54608
10639 56762
38784 76802
95735 98456
46261 90480
35127 96386
39232 52541
88596 92108
85655 89480
74069 95707
49695 51231
26951 71607
24213 67733
35336 78991
45487 50083
74402 79560
77114 92021
31384 65154
59723 95728
38254 52853
45778 54909
33080 97611
46722 90329
2744 3818
881 78092
74176 75219
44004 52459
57071 84821
21891 87537
50000 54598
96876 98975
64178 99440
44199 55241
43688 87098
49589 57838
46277 66320
43026 73805
43448 80715
76611 84330
51965 85260
80484 81862
96180 98954
55420 63346
31617 50389
31243 58985
76188 81489
43829 53655
60956 96895
17140 57822
87818 93073
39308 68179
76560 82560
11368 52097
34917 85236
80297 96723
47249 60040
45932 86195
43535 80885
31597 33086
27953 70981
9606 26257
48081 50330
73271 84576
66858 89482
11773 51908
57349 78429
44297 67562
40855 60589
47414 70077
30404 63464
1102 94879
52339 79736
43450 69863
92067 93628
95074 95209
86681 96621
34246 54134
46972 59644
22755 65684
48037 51851
47110 63054
52816 88554
78736 96007
29380 85859
90705 98939
65607 85366
45924 69937
67381 80632
98874 99223
30091 55122
62636 87754
86319 99793
47497 51046
23107 52482
3708 18145
65609 97967
47736 52927
24054 58670
8333 76369
25914 53046
88724 99718
36139 52588
91017 91812
7433 80404
82478 82618
90953 95362
99590 99759
52072 64146
22826 91071
39975 57494
6187 37381
50000 55937
25320 85485
7439 52701
35071 45781
26471 55204
42026 73619
32296 54303
42234 56920
24162 67013
18311 87850
46582 63383
50363 75218
29890 66591
46531 74938
76419 88969
54095 96123
73494 78698
63559 70933
49654 55778
40249 53950
57031 60461
81835 90828
45763 50385
50000 58124
21019 63849
39169 78698
48719 51785
35936 80109
48393 86596
46542 87784
16442 27121
53843 92422
8025 95619
50000 52593
48680 60026
48942 91653
23870 54308
51961 96688
38179 56844
37698 51068
39055 52375
27451 52923
3913 86456
21736 51798
47927 62539
43971 53879
70289 86575
57205 82315
47131 61357
57623 90523
4869 98984
59537 87380
35 95286
39861 68417
43876 76235
32823 80847
58052 92396
40966 65917
45443 53274
23215 50722
47143 50370
8626 50610
42328 92692
36515 81109
33389 56234
49123 79289
48726 63566
97991 99150
26545 58754
31446 62116
28408 50645
41579 81361
26803 55042
49396 99946
34783 60443
71212 79195
72473 75961
46808 57435
47136 50000
21681 53218
37343 43836
40352 61476
52661 90957
32542 66267
66963 80081
41618 55879
50000 62423
34728 50000
46974 80596
47810 91082
44475 52811
89072 93961
15076 96493
30285 90455
74425 85755
78269 89750
29997 71907
47715 50000
50532 79276
29736 74268
11493 77007
53488 65798
71293 96151
49728 50775
1717 3028
28000 72614
45352 63397
49433 77096
19531 49908
36560 55945
35500 68155
76767 80030
15764 43692
9655 88771
32833 74204
41146 77349
11680 55747
46260 51592
99949 99958
37536 68276
14656 73131
57889 84875
14715 43682
47950 66408
31328 34848
13521 83946
47169 80234
49288 51608
3429 67729
49244 50235
41209 79100
78897 86096
50000 86679
54860 85645
41602 78724
68901 73527
43416 79917
46011 46303
46222 58926
76918 90532
57443 98588
47609 54594
45132 59232
37616 73749
95378 99087
48525 62646
89967 99593
6752 87504
37649 52465
50000 56474
44940 61228
72895 96163
61853 72498
27919 68951
66768 97637
80179 86317
56985 69046
27977 64551
61839 99332
48010 59092
46589 90453
61359 86638
49508 56160
65753 94826
48149 59627
76147 93490
27589 52762
22098 68634
92278 97674
81247 91687
5346 88318
48022 80852
19674 51349
30144 74972
65887 97152
39380 84745
24117 56977
15927 58630
42493 61146
19394 57937
92595 94691
42330 62046
15839 20227
47928 52038
47562 57436
45612 52417
41387 67858
32557 66309
68050 79381
15859 63893
43222 44035
24789 51556
61515 77490
28869 43470
68506 79810
11378 93090
40004 69548
3178 12955
44495 75636
3501 19194
27980 60022
53092 66918
71699 76754
25024 61904
95558 96547
51881 55645
10282 51976
80959 85256
28594 52018
41892 54789
50000 55333
84860 99904
46412 73953
43686 71462
45429 51212
56164 67615
75167 81897
94105 97683
44855 58889
68343 69244
47184 79511
24923 51743
93827 94233
21301 83264
38423 71295
5599 83035
41674 60340
64118 96201
92828 96032
21917 51017
49217 53710
1085 72950
46139 50547
21191 61259
78836 82745
55908 65915
50260 58493
37895 61686
64871 66045
65813 89304
56836 87207
95608 98554
46402 50000
14462 81142
49972 53928
45300 68697
21547 24179
48124 65710
45056 64394
80905 87869
38501 52794
49321 79454
47919 50898
50000 55128
66012 77274
32028 50456
45514 59164
36872 66305
97335 98746
39824 97668
14618 45160
42696 60110
39438 82631
29136 75325
26872 71676
21344 59541
84939 86833
42354 62551
1519 14473
47080 54350
79534 98800
37256 74076
40642 51397
93147 94379
80911 92974
25534 60462
61747 79728
65216 82006
38572 61240
3725 50000
48165 85366
27427 61671
50000 55865
97727 98083
77743 84207
15973 43111
85553 85875
31202 59906
19902 37216
42272 57093
42323 46914
41405 59400
59956 96960
90504 99394
25219 58855
86447 91697
72921 88102
46688 52851
46032 59780
60956 81162
48702 55473
32928 42543
47540 50000
89942 95745
22039 81422
13886 78152
47110 53741
28176 55746
47789 70734
34796 59422
77310 90338
46145 74582
39633 44280
20992 54155
47947 68136
46256 50112
96734 98208
26178 62359
44742 50000
47374 83425
27108 53904
35722 67056
23901 92330
48501 73820
42630 53055
48723 58293
49154 52384
46938 54349
40430 78656
63951 97972
41403 54414
25588 60609
34484 77703
38352 58092
93007 99398
22699 51416
49400 78601
31247 63210
52817 81045
44847 82627
39203 82665
41515 84763
17727 32063
36390 65009
49005 50651
32950 56606
48478 50870
82901 96552
9087 14921
18760 57917
76940 91883
47451 83396
47928 77745
49532 91165
75176 85992
21207 75468
46714 56583
34289 53920
45965 53013
9608 10363
29611 56568
17567 17755
4753 21621
39513 50000
36976 81220
32902 86325
2464 26076
8670 21496
64164 98166
42026 60180
76762 81878
29038 30238
66258 89297
6642 48021
62937 81676
82046 97519
35127 76744
64510 88414
37741 55216
50000 62770
11863 11917
36163 71839
37265 69632
9022 23999
29817 56008
24194 50297
11212 99008
82835 94667
44893 64952
34120 87301
41716 60988
25445 55510
58534 90638
45233 55493
47616 55920
10247 35365
34421 90257
48558 50366
20808 66017
76639 85854
81477 84320
36601 64378
13887 26640
70026 97285
91883 95925
8989 68169
31386 64287
48155 83601
49694 84545
82513 89160
46906 51335
67150 92925
37208 50000
78221 94087
48580 69037
43300 98044
17375 20858
49033 73160
44196 89040
85414 90963
89827 98647
47762 59697
51088 96197
50000 52115
21918 79322
44349 57550
42181 54005
44382 54472
32680 67597
33293 52485
48994 52752
47723 50000
22548 22637
91170 96890
52540 99711
31798 55255
2439 72328
37482 40029
30659 68560
65689 70379
39488 58897
82632 90007
43872 56529
49186 51343
54110 84619
41356 54401
83888 95887
34993 71330
70208 85144
59609 94018
18994 98183
60516 69706
38079 38706
3159 11425
45033 90012
47437 52958
18720 88607
38805 87821
49289 63510
42473 53743
16280 97846
58578 83580
48139 69824
25610 71014
29580 69189
43779 73207
68182 92455
74998 90467
23932 73442
54441 96105
25900 52773
16386 56592
60607 82027
43501 50000
66219 73553
18410 33552
46889 53634
40204 46384
5464 29571
27081 53296
60937 93524
44260 50006
92061 92718
40011 84033
47140 50718
36729 51976
28534 56688
70325 93745
33714 56094
56312 67304
79321 84076
62195 82147
36275 67181
18917 73356
20679 64828
48233 50000
28050 64495
31931 72750
43776 51134
36925 72506
40971 58533
47215 63709
47001 53085
75436 82572
60830 94545
52957 67750
50000 77177
47127 58618
44001 79909
42218 73988
94053 97819
86841 88685
79008 98072
97711 99472
41308 71784
46020 57915
48915 64881
18373 65469
37303 76631
15904 21850
41673 60162
82409 98237
92564 98676
57801 96731
94767 99924
60426 98928
5862 48542
96875 99414
23494 70123
28093 58311
27766 39563
47242 50000
47397 51226
26061 53142
47554 62227
69587 91636
33566 68176
51742 90604
20925 35493
40151 76029
78059 88594
36301 61664
48987 80713
34935 71891
18453 50000
1231 70908
95217 96226
45175 50648
46892 51099
8939 69340
77928 83471
78874 82657
36958 62670
54104 72486
43925 72325
67800 75695
47307 51361
34727 35649
31994 72902
32790 40673
95928 97889
20170 76428
24899 28367
44376 51816
86536 93337
95668 97129
50000 52832
53683 71356
48709 58821
26418 69131
48508 50094
71088 99721
45489 78297
47407 50000
95832 97220
80914 82638
90516 96107
15579 56533
60934 99744
85882 97366
76076 78358
15315 60185
91548 96774
78532 91687
48111 52567
45647 69784
37090 75536
51538 80763
26612 52094
93388 97174
34506 56860
22615 32789
40761 62409
35797 68156
50000 56411
49572 50368
49774 69101
27017 50527
18300 85421
79222 86271
13970 20227
42542 77190
64984 93537
44265 72236
47011 59160
50000 59765
48520 55941
18834 61064
20868 31077
13606 25833
60158 77885
97972 99318
49851 59019
13613 39851
30818 55785
60408 98107
89038 99443
26127 67950
77465 90469
45217 68757
81547 91650
64427 97948
45595 81998
72509 76475
17307 52547
78325 85075
73129 95240
27959 53093
3215 87581
73830 90471
48292 60303
2995 87312
41695 50514
48963 92486
62283 90182
39574 50456
17148 90300
47329 56646
22917 65168
20883 69410
3080 78777
32393 59646
82789 98913
47036 67278
6116 15781
51987 68554
67858 98430
34877 53377
50378 96334
45526 73654
37467 60389
45346 60574
33421 63607
68333 85535
43848 50000
5072 70865
42654 66181
12375 81544
47529 50648
8713 57260
40384 67888
15867 58232
47103 56350
17871 82418
45818 54981
11021 44160
84160 94725
35579 52155
24346 72184
90087 93378
33300 55711
38184 53224
4161 76879
89161 94744
19334 54410
30497 56564
31692 74953
36000 73544
7504 38694
97490 99026
37863 89919
11126 30992
47136 54877
65233 66282
15111 36136
87437 90760
91717 93355
26665 27627
24951 38119
42662 52329
42514 51087
11378 45845
52285 60687
50000 53409
85843 92337
24751 82319
35941 87732
26617 50218
8755 90720
80335 93748
49196 53226
63095 81928
48854 65163
99384 99730
45225 53899
26111 52970
52159 78907
14575 70875
47043 52358
33981 67157
38845 91805
33732 76779
66237 77560
17435 22893
89889 96037
92436 97747
50000 55520
99620 99773
30406 71012
32202 53038
35672 52446
59615 98339
71026 74072
37577 56725
642 37856
65472 75647
58968 97245
52391 59551
45397 96355
50000 59618
58721 92139
8150 74194
72106 85121
44248 56625
44647 66411
47149 82817
46062 75289
47979 56698
33170 51501
90209 96961
45533 59453
44779 52568
19349 96470
40933 58648
14872 44313
27081 62134
96084 98694
32177 50000
49212 64628
30704 65912
66042 80942
58765 86311
73648 90926
84391 90554
67450 71600
46611 64989
28799 65960
42138 56843
36498 59834
29571 65431
22736 87544
41526 53096
39745 80688
51855 70423
45873 87477
81873 86833
21365 78691
50000 51597
50020 96691
96831 98317
48247 62323
64474 87059
24518 57837
50000 54554
66485 68244
43783 54035
46036 60149
46364 58805
92577 98621
42224 71496
25741 83781
50000 61135
47179 57774
50000 60645
80603 91049
32043 59251
51864 62398
48210 60351
34498 95415
30865 58456
33421 68386
92131 99083
33996 78391
18466 55820
42059 58561
34673 78167
84813 95757
43493 86244
36101 53044
1778 42539
50000 57437
42039 62442
46198 50000
55425 92366
66780 73880
88633 97151
35909 44863
25562 65242
59169 87549
35590 63448
39685 87461
62194 81627
21591 66475
1203 9864
65389 70120
87014 94410
27949 73094
31958 77067
29105 91465
44123 86470
20252 63156
93621 99642
45407 56488
74929 96228
69620 82096
45212 52342
39387 59465
92193 97450
26007 51222
34534 37418
97546 98627
59950 71228
46513 50000
24808 27311
16409 88464
9696 52664
54273 69312
39625 61811
5839 51308
28333 29885
79861 99581
41787 64241
43593 75273
70204 98372
38327 87171
14007 27880
42201 71502
68829 82818
43288 80082
25418 58409
14652 61404
3075 22853
32007 52571
1112 61527
42323 55625
33666 57477
36927 42287
31690 70093
46292 60439
46456 51499
88301 91439
7562 25110
48782 61695
46301 97570
43925 53133
90302 91137
68010 89597
31011 57207
34679 67797
42928 64150
46700 50228
7045 71302
26771 50248
41421 61385
47566 64039
68771 92174
43992 85116
15482 50439
31923 59538
43817 77131
66467 86608
26097 41020
27606 58541
48496 56797
45731 57196
34061 66343
26381 68046
49786 51285
77974 89378
21459 35379
18665 50260
39350 77085
35088 46692
50000 86161
45293 83414
50000 51282
21495 50694
23693 60907
40116 64903
31317 94037
35019 43596
83436 93938
64061 72886
46879 61156
45507 76471
8111 54846
34097 64881
40510 56999
72120 79047
48769 99308
32584 59917
38609 56958
91709 96706
91428 98939
41555 55890
87913 90799
98784 99502
69347 73330
24888 57503
34218 65116
18374 33795
12593 75507
41125 84224
76885 93145
23537 75202
48164 56021
93228 96105
31383 60298
69399 83527
55404 92819
8891 39615
82435 90400
37597 96981
25713 66527
64611 70254
36204 57680
49560 61543
37404 50000
18958 64580
64326 72519
15731 57388
42426 67747
39070 68891
2849 75557
15486 51223
71402 81163
50000 66437
56177 99364
77996 84189
41270 43348
95498 95877
61050 90844
47493 95032
37626 73443
44380 52327
9456 15290
39267 58547
91380 95458
34416 76387
33181 50000
41952 59479
16226 61382
48487 52295
72249 76859
19573 33552
91541 98316
93952 94320
40859 62034
49474 50994
47769 50322
92467 94801
13977 57920
38345 71497
29413 57028
42394 80290
77320 89015
46475 99595
91276 95419
48197 56731
40267 65917
42379 94677
41989 65878
29853 41241
33077 58248
89599 92646
35025 61287
50000 58515
49227 53746
16571 62666
98894 98944
20931 73076
29192 70397
9976 23307
47271 86898
46599 83269
65746 96058
29336 83915
730 5924
18108 32659
58060 98456
45725 59917
21358 96111
73876 86617
71220 75079
49775 69922
38034 50257
49187 78987
47396 64366
32646 51672
89647 96590
29487 92114
49777 71271
98052 99541
4912 75350
48444 67397
35199 67180
36451 84348
86550 87731
34897 65861
25781 81776
48291 89417
91802 94130
99139 99913
59146 73257
17533 52955
43207 60023
84383 89037
60217 80917
4767 89107
27281 63829
8547 62261
11562 28393
69159 75042
28800 68821
27692 61666
59987 99807
49180 50821
83546 89851
46302 60053
43611 72143
30993 35572
40994 98104
91017 93982
49365 68507
25365 65769
36383 50211
42893 58734
24893 59026
44549 73193
47191 59935
47828 55035
39959 67788
44885 57053
7217 61194
36005 52023
30959 80847
14917 62929
42483 57767
33820 77974
39423 70677
48320 90886
18837 30762
23761 57709
41751 76053
54929 71495
27263 56168
15157 56314
363 22063
35872 97557
91037 92282
22334 79441
32008 97287
55726 64593
42132 91420
6983 85174
73291 89849
46879 69573
56074 95335
95286 97306
48432 58182
35444 51856
17166 44273
33890 54409
4185 29439
19981 90581
75854 97249
72139 92155
16903 82342
43295 50658
28395 74841
44047 61905
49511 52469
60354 94958
74006 88655
78056 92359
82024 87206
34544 70408
29153 73659
42354 52841
5020 19493
37381 68879
7362 92622
46985 50000
9088 30967
52348 75905
90942 91359
49549 55646
1817 48734
51971 73492
55386 83229
52590 70955
37169 53444
99370 99994
68127 90775
41165 55431
13061 44181
48146 83700
16371 16858
57308 84266
62767 65731
98920 98934
81634 95244
12787 53472
11651 76894
43501 51509
49100 77902
58437 88885
3147 19654
47158 50274
76765 85098
48707 73484
74550 87209
44633 68621
50000 52909
94588 98083
9224 51076
37186 52110
51684 61274
41559 56552
76953 98224
14693 52079
26286 63564
13913 89668
18501 96725
94787 95588
34888 69972
20896 86178
30759 63232
46517 57165
95875 99641
25807 53708
91917 99806
40553 61736
9213 56539
10533 76337
36937 67227
65316 85253
43307 59058
39985 53815
44360 57878
37454 61697
47348 56659
38202 52540
11931 71341
48738 74408
57045 82223
39295 73776
47310 68894
16091 43147
97144 99994
42582 58865
47554 53437
40458 52372
38456 50410
23536 51632
22682 76928
22295 53066
43996 97878
29245 68959
15362 34426
19273 62806
33330 74019
68276 74164
9964 86978
89278 97147
1327 86861
52394 76762
93660 98093
40972 70260
77103 81368
33438 54097
22798 51455
22342 64258
23162 76922
21166 89254
33225 77133
41240 63379
12720 17106
33933 65589
99743 99975
67440 93371
46367 86288
5240 91674
5761 46639
31370 56094
28750 63385
49008 52798
65719 74538
48083 90961
49826 71704
18595 69351
29480 50990
52769 78255
54352 73055
46894 90834
53291 82182
23723 53762
40176 72662
20204 62025
32106 56764
16960 56196
96830 96952
21129 85992
40601 51852
86732 92929
1906 28586
8868 75232
40827 80951
28740 65378
5330 43246
44506 56898
48557 56631
48374 60082
22074 54293
72915 96665
19654 72380
67693 89012
46105 51158
45441 59118
48471 50000
66172 72393
16431 68426
77250 91458
5161 99001
44441 59119
73420 90892
43671 63483
86448 89901
7692 20029
47629 50000
27017 71570
67863 84800
34503 70059
75976 88657
41913 67895
42077 63397
4022 90087
43423 59759
79843 91143
37622 65808
64124 75325
26366 63596
40410 60964
49794 53885
48108 57324
50000 60390
26040 66458
59622 90747
40303 50000
43908 57572
87095 96057
53695 87944
3578 91827
44614 50000
43839 94241
47000 52442
39188 51348
11220 47104
44640 97873
33175 90242
30448 51480
45772 62258
710 13282
33705 60720
31384 60389
85064 97643
77241 99324
41774 78573
39856 60917
43591 71851
15254 50000
28226 91179
55926 70592
34331 36800
48077 63770
67737 77687
35725 58112
98245 98932
23421 64895
82390 82594
32057 63917
25790 72835
49775 57180
41804 57693
32797 81437
34466 77671
73438 85351
64110 82106
30261 95257
21377 77997
53278 70510
98996 99106
46991 71007
39651 78504
27546 43811
48232 62535
33165 66792
13978 50611
50000 82939
19690 60245
54438 68478
28700 53197
31783 72634
68129 81049
46433 51309
43669 55409
31015 57111
78999 95842
75793 91496
87846 97247
35499 57794
46319 65673
43305 76954
35563 57723
24151 93066
47043 64269
60571 67306
57188 79790
38303 69185
43912 63649
62051 76587
33853 59372
29572 36489
35020 75091
42586 50377
37526 47999
27977 95349
41712 52410
50000 51762
20405 56327
35416 46655
43528 74201
40962 60215
44228 93405
22130 62999
19459 51350
41588 65773
50000 83457
92062 99145
37272 41962
43093 59117
24343 52410
49454 63514
62642 76338
49672 95777
42822 68009
97800 99758
93842 95710
87739 91372
32793 73601
34155 98081
59960 64494
39334 73942
30473 73631
48020 51255
82245 84957
76720 81576
30590 62804
14580 53443
46990 90447
27416 56820
29634 72787
36435 64301
46216 52192
34621 62175
2031 42246
30281 54004
33592 73886
49535 53917
17452 62519
44746 47938
46969 83980
14675 53908
48266 51773
35635 50168
96973 97493
9719 15456
45850 90467
69459 91489
75448 86785
49992 56413
24124 29253
24835 85947
47668 73291
25272 55963
4072 27382
78803 86933
38776 58122
92448 97194
36649 89699
47956 71615
40658 59277
72957 96033
48158 65440
47227 71804
30647 56761
43976 66823
30768 56541
85054 95727
75473 95098
76228 93522
95966 97526
33095 50000
34592 54257
39078 68670
49731 74592
47619 62932
77661 88336
43074 54607
18853 77122
26661 39296
45250 52478
42825 64351
88785 93831
59026 71030
33188 58789
12016 44521
29288 56589
50900 51153
42961 55758
34126 52338
31224 65726
47943 90062
98636 98791
55597 68556
37888 90089
47540 50000
45366 50491
34052 52941
72389 86522
49228 89487
50000 53368
51738 69028
33270 66739
44146 59031
40158 50000
928 9678
50000 56943
75814 86708
16514 53419
50000 53799
72166 79111
81781 82692
77835 83119
93459 99358
19881 57941
80762 95474
42783 64346
57428 59835
59442 71730
43120 63419
47341 53528
57067 75761
48294 50556
45438 66975
91719 98729
45112 72019
40065 50956
45227 59853
39888 87747
14904 58563
41956 96527
36276 54062
24204 62692
29022 44454
72245 79457
27733 61527
28146 50346
69144 77063
35792 45503
29236 65411
5205 32641
16829 68099
46757 69723
34768 62759
45610 51800
49798 84155
36693 62746
43734 60257
58623 67704
32016 74610
24789 51344
87525 95025
43375 67787
62545 87670
46547 60599
66354 81413
23740 64567
27482 67194
99607 99929
45497 50000
39806 45928
71925 87103
21508 58571
91263 96620
92468 96919
68052 92429
65636 92723
70013 70910
16695 52505
24018 56044
43191 84568
63827 81490
78408 83189
54681 80346
20017 70119
41686 47217
97022 99176
49832 78193
42886 59647
25287 60382
17153 97822
495 5026
77617 95691
41019 53335
50000 52671
18887 63033
89935 95690
48127 55442
39137 76917
54931 95310
76704 79517
59270 71492
25427 43683
68818 70569
41710 71709
48697 76368
45916 66734
42736 83830
21617 84831
34855 65657
31884 52646
50637 85478
10546 92999
14593 29967
84995 89260
27883 71004
35358 53187
47280 52619
48205 51503
18847 38863
42407 61518
75517 89079
47793 82203
67407 84410
14758 59615
96204 97449
17145 67651
89876 94798
22439 64922
46407 90588
97983 98235
31167 50000
87684 97929
40240 69985
73576 83551
91493 93806
3907 37687
81745 86614
19033 60843
36461 68632
88627 88869
86652 89051
70185 71003
98703 99612
71032 72271
28537 67157
83224 84793
34389 71688
2422 99746
50137 84329
28134 31782
22770 62986
82709 99453
36346 50000
59558 74988
39400 46971
27086 58962
48834 61107
75340 97684
58057 59237
47772 59749
46406 86932
26481 58293
48574 71340
60734 76864
12031 53442
96770 98421
48987 53789
48113 56599
99406 99789
96357 96515
31501 42252
43518 94847
25347 63137
43977 55917
95676 96394
89654 95281
5041 52482
11985 42502
32842 59919
88904 95964
81630 93482
48021 83816
24822 46478
94917 97134
38466 56591
47837 56881
31712 82810
84936 88244
69810 97102
44581 75533
52465 62721
30319 56952
65461 70137
40124 53917
81248 86923
41551 69362
41559 63852
66816 88830
19899 61712
46658 57835
74488 74850
45023 67651
29372 63623
44026 79345
85270 99564
27989 63982
39578 64551
46256 51830
49967 87337
3979 61962
81171 94672
48028 53504
48619 54893
31959 68547
85179 91442
68696 85823
16105 48844
3668 78612
47270 56726
47033 50104
46041 68973
48750 54033
25505 67719
32388 39169
75993 86191
35263 81842
47363 52995
36003 57006
79713 95679
47053 67104
69649 83160
99514 99554
21781 54433
26428 85616
29939 65168
14827 53014
61781 98434
54428 75714
43850 70387
29956 62595
63021 83168
11716 57391
34306 90179
41897 51480
49410 67434
19546 87940
1838 40339
30560 50286
48392 52665
18293 55090
44027 61314
46572 55227
50000 51835
67975 83093
94063 97439
47221 66617
79070 81982
77436 95135
97155 98782
93242 97256
32300 60013
44594 82701
41940 61658
54403 54506
35838 45586
7234 81928
15610 99723
36551 52923
48977 59149
43152 60576
20319 54737
13029 26182
40517 81642
98202 99470
49770 51765
32192 40228
49800 51452
18435 54240
50000 55540
48686 94623
15650 50000
98977 99278
22176 60643
56354 59666
56044 89436
85457 86765
23827 60219
27695 91290
53649 74550
50000 55040
40172 54655
16616 90230
45389 55461
14945 50590
27091 61694
17359 54639
38270 50000
18833 62889
31014 65873
33372 88693
73486 77749
39100 55961
4965 64474
71339 90980
43496 52093
23728 45069
1757 81347
46783 82002
99418 99713
26171 88511
32975 54395
25592 55944
83603 97846
45949 87336
47442 52971
37664 80700
34196 54430
28499 59716
25829 69045
4670 51878
71873 80883
33703 70238
50000 58175
83213 98993
40646 56387
48896 59856
77288 97756
48462 63640
71986 90864
44522 62261
36587 75182
46667 76838
44045 79597
45615 66904
49207 51570
35618 51806
84387 89309
25538 27615
64569 75191
31647 56384
50000 52758
21503 92898
68307 77415
43952 54032
34124 53552
95196 99314
20140 54669
50000 61373
49547 50163
13552 32815
92883 96073
89550 91674
42624 60884
10145 83247
46933 65015
42647 54653
1539 95159
66651 78497
43615 54950
88920 94750
43272 50703
34416 97317
31513 55468
44955 58328
20714 46861
6490 94191
14534 77942
38231 65233
62495 93213
34205 35786
38020 51184
38011 50134
47284 83956
20467 20879
34091 74836
12232 66007
19585 51426
37381 81667
52616 91753
46684 83396
46445 91862
35221 72485
75079 83342
53024 97357
54480 70004
46640 85055
1714 80885
53875 67711
42718 75093
98845 99410
43514 55161
81762 89871
23903 97116
36621 78666
41010 57380
22162 45754
56020 90174
13824 58213
11382 33028
38480 51134
39840 70920
45832 65225
40171 60016
47113 53945
54208 61767
47458 53333
37189 99588
6840 43855
67320 91573
18443 69651
44936 62070
43674 58981
30279 56634
58456 75440
37827 57540
24361 57021
83822 92201
19273 80323
20915 62706
88038 88461
39376 53124
29205 75946
40989 55147
23958 56864
15279 60486
40183 88919
53912 77468
36448 48739
27110 54117
55978 93605
77700 95596
31090 68785
88166 96721
16284 56461
40070 53432
20753 53551
36086 36765
1021 69078
60004 83279
64342 81397
3357 66698
86313 93086
21092 63705
40555 82151
90789 93318
63539 75451
35931 80416
33620 70578
82295 95142
12713 56355
47843 94938
35414 50370
54412 79010
48040 59320
49503 66166
48953 66108
42490 67621
32860 56268
3998 59166
47055 78677
8229 79547
45345 88920
49278 57384
19812 39649
91068 93418
43329 62423
41243 63441
21508 94665
40588 59730
26790 90487
28026 39005
66068 69029
35333 36229
31516 50000
46369 81231
14048 79651
47799 53111
35948 79936
16173 68503
38477 70191
30172 50472
34898 48212
52626 53599
36162 50706
42961 88606
49527 78287
71231 83077
80252 94696
67402 69151
43127 51497
8508 94017
76725 96648
57067 98276
44434 50407
29389 39748
34389 71788
36817 66145
38103 62520
40126 52291
60870 79159
24718 63629
46612 77784
25425 63287
85061 89368
43332 72302
97849 99137
35754 63310
41249 85681
43037 60208
36651 52812
49240 50000
59337 87663
79987 84067
3709 83616
24990 33245
20728 56647
46768 53320
77148 94959
32132 73197
93475 96463
72175 88556
97192 98177
42324 54029
26834 51209
41998 54005
22999 80791
44595 94631
42526 58676
83518 87580
39153 64789
47160 56777
22009 65776
44559 50000
55228 91742
8832 92417
44556 57342
33176 67390
23609 93989
29172 54834
34698 66895
48270 50659
38094 55873
49116 52076
63849 97877
53019 54454
29521 35438
72214 83583
37063 63640
46940 50000
12062 50000
96943 99870
59320 91717
10939 56075
28648 51741
35467 72887
43391 87245
65708 93299
61726 72748
37416 51878
69989 87475
97530 99832
36800 62092
14257 69249
46882 57911
93865 95036
41815 73601
48038 82385
7920 52124
39813 53492
45402 90726
41334 41763
52207 80664
48372 50000
87452 97622
34565 55045
45198 54485
78999 88644
8404 20727
26609 54193
53849 71062
95296 96980
87589 96086
46129 64949
36007 55950
46872 54547
3805 57125
94751 99153
47956 50000
27939 90582
23237 27831
95424 96632
57787 96289
50651 93139
67713 78277
35838 60863
36244 73214
68320 96718
26607 60346
16715 72242
41486 94451
80544 86715
40677 56352
35055 97616
24704 64217
67360 69824
72173 73436
70900 93528
44277 53704
44459 52327
26710 55876
17939 32776
6963 50737
46697 56912
14084 53226
36374 76153
50000 60038
59252 60107
89189 96059
95899 97475
89149 92341
49567 52580
45517 51892
14669 56264
34033 79737
50000 79252
45483 87429
14019 41024
76494 84950
52614 70749
37328 51084
40189 53181
47562 89085
47459 75970
59232 71952
45769 56980
34343 69157
4022 44286
76546 87030
1278 84699
44648 66552
8722 54053
24823 35389
20944 57101
45467 54532
46980 51563
31097 68673
34679 73097
48722 56140
46170 82240
32663 45468
32196 90837
99415 99427
83367 93079
50000 51708
10900 72080
44677 65558
50000 53722
42633 63512
50000 72816
39442 40316
91983 93387
62694 89197
34945 63076
34448 51487
98929 98944
64766 75470
22464 32829
91652 96870
94948 96050
45404 76074
56588 77343
94966 99921
49237 74712
37354 56026
68615 89145
28314 51682
23261 55744
35273 54674
36324 58971
47155 89961
46851 51309
68650 97250
33392 50787
53470 97855
47661 51150
13448 16736
46656 50367
57287 86123
889 96158
5553 62728
13394 39272
48109 55110
55751 57713
16561 93105
27000 66505
30530 93302
28791 65878
15856 99984
4487 30780
36852 80980
83883 88802
26359 57368
52959 70709
29391 70096
49542 92000
70972 98182
38519 86859
66539 81595
86125 94249
57466 82297
64388 90793
5461 96224
25824 62927
38706 52391
45128 99207
16057 53110
85361 97536
36139 55630
28588 57271
60737 89621
30317 54369
14801 56985
63793 72083
48226 91400
26977 75156
68045 92240
28404 69979
63422 69148
87906 88133
65535 74229
46077 55813
41884 77581
11760 41108
15975 56080
47771 88805
81789 90033
42069 50500
46671 50000
25347 68795
34723 50887
49178 60032
29449 63650
48151 50368
34464 65285
74727 82420
20029 63517
24819 55117
45821 65450
42843 54924
67157 99489
79357 88955
17607 80450
3851 77296
32393 69306
29562 88710
22550 65650
7444 9068
71750 71856
46813 70897
45618 56152
63824 85316
77485 81293
48362 73392
12987 61213
41610 94681
42433 58956
46116 60239
47045 81311
29205 59061
34915 63886
44963 55331
91445 91551
65196 77747
24810 51061
50000 73739
32048 62753
3419 69783
33065 56486
36559 52620
49402 82600
44575 58006
9316 92067
93464 95487
94701 98832
21292 21441
64994 83655
46407 51064
1210 58127
48530 95724
91694 99042
31249 52899
95162 96293
38059 76926
19115 47621
43624 51676
74699 79746
50000 55932
6784 35786
37581 71452
13586 61699
48458 60319
16455 52379
35427 67982
28183 92159
16108 58596
29743 58368
22504 72221
47110 70882
73816 78603
41993 56397
58849 93243
73821 73922
35458 93776
22396 71074
89046 90017
94198 95080
50630 60146
70807 95224
31958 57102
49524 69771
46969 74743
13339 42703
66926 82126
95346 96411
21264 54242
49753 61966
32029 60072
44656 53776
63468 71698
98768 99502
35414 59171
84430 86581
46624 78206
38103 80423
40335 66230
28879 43857
22026 61023
6785 89246
19427 88128
64940 95078
42748 82350
18669 74846
40741 53855
36206 53049
7636 50000
81288 85811
68051 72546
17745 53072
65212 97844
92868 93177
81607 93215
66060 88197
48490 61054
59014 59249
8941 83420
32990 73434
46913 72935
81988 83213
96663 99075
40528 69022
56793 70558
73487 83325
47493 56233
58646 94739
38029 67412
42393 52343
49637 54872
19218 58235
70892 72918
88414 95290
47088 60863
48965 68015
28414 85158
47410 92909
26186 56798
98976 99868
39087 72073
64433 75136
60205 71475
35893 72988
46131 57490
38029 79643
70998 97340
46970 57401
81552 98315
1649 24150
38732 84112
11748 55993
7663 9207
22411 60928
76724 99165
5500 20121
49274 51647
81149 96036
47204 65699
40774 65707
38186 80942
60122 97624
28893 53386
92434 99960
39687 69861
27107 67115
28853 52768
38505 92879
70423 70691
22546 88387
46415 60248
50496 88190
13032 18622
47676 54669
83279 85374
84125 85970
94314 98948
20995 88438
42565 54096
34014 69367
16280 30240
48626 50000
94338 99204
50000 88538
8754 53231
27674 79519
88037 94873
30034 67021
24323 60609
12388 39373
31789 46010
45702 54344
39779 69683
56336 96017
37535 62457
67342 71509
37058 55486
50000 74524
78623 97495
34321 82594
58520 72795
7536 13122
87757 97808
37626 38695
97045 97494
39577 52102
32600 70472
65877 79452
37989 64439
34558 54409
43987 69702
31196 37039
8200 14431
59986 74164
43826 68390
38470 53867
45515 58584
34495 65202
42978 55970
23336 68114
48385 62804
3641 39461
41912 70257
23176 59534
50000 57373
42182 63298
27410 36805
81900 84811
18730 99701
80600 91211
36375 56870
40341 68479
24749 50000
47787 51942
82152 99207
67693 81549
99468 99585
46250 51760
96993 98647
47057 51479
24169 55312
40486 74310
47991 51287
43245 68978
10483 55523
89850 90633
5603 51896
13568 68358
29392 50561
8150 77813
53370 77541
40065 59516
39423 81037
47402 77398
4863 50874
9842 80723
10720 52544
62691 84905
43897 60050
36755 66387
56974 70519
49563 51262
44526 79351
69259 70099
41545 79829
15704 50000
64997 73096
35488 80282
22115 57600
45476 79220
70380 80714
38520 69637
96254 98199
94223 98323
44510 53007
27771 56079
50000 70981
30516 65389
48568 50000
47430 50000
219 68507
32306 53319
95443 96823
37298 63391
75039 78819
36416 55532
48765 53609
97970 99402
22709 33463
29084 93908
45252 52834
17784 61285
9373 38735
21292 44855
49076 76955
50000 87270
47882 53252
94340 94649
78222 98668
89100 93917
46339 53181
32488 77570
81891 92665
3590 20020
19497 52979
43377 58708
62833 83515
7098 43157
50000 52778
18815 73902
3497 49238
47907 50000
75795 85332
43772 99136
84577 89825
77296 97442
72710 92770
45569 58012
43664 56115
24256 60040
42461 50000
60255 66716
65748 93886
70490 75330
59149 75976
16132 53023
45311 78722
36908 78163
47550 51456
49590 51828
78376 85059
83017 90733
86034 95717
25429 67532
49908 56338
86270 87243
33787 69074
7905 12687
46595 50000
46640 62764
52690 68187
38178 61678
37996 59831
82722 84345
71070 85294
72895 81366
29145 65141
34607 60525
42225 51789
47113 59093
44952 50388
98742 99530
46327 52480
24733 64484
73873 87058
50000 54397
74654 90924
84432 90969
72741 85910
38170 54667
48692 83655
96150 96155
32830 89496
47656 49034
42418 54837
51491 56952
38451 69671
46392 63277
52627 75197
20055 55467
66355 83513
69233 98901
27404 77729
51852 78263
50000 54477
39416 60768
75934 80431
44435 49503
72927 88439
40080 70161
30749 64824
15733 25826
48264 52376
19258 63854
996 74242
69273 71334
24724 48255
38242 73395
47508 51705
90967 98172
47622 72142
2812 4935
30124 61842
10564 55299
49063 86734
32754 37781
52811 87691
9838 40567
34687 65765
38776 57712
52086 99789
45916 83608
47345 53580
4375 92201
43543 53565
64087 87219
47353 63562
21146 62224
82864 89522
26067 32040
45062 85821
46916 49932
64454 95711
48746 91346
16365 51140
50915 69638
49583 53257
29822 61557
21346 63679
17927 19369
39705 42612
44932 79368
50000 51700
21443 57595
42288 79531
42202 69233
48717 53228
47047 83549
38048 61921
50658 53687
39868 71498
73386 79796
15665 56114
42632 58103
42025 94825
19070 78821
45800 68743
49584 79115
46815 50000
14867 55458
50000 52007
41743 67951
8529 77772
14245 74761
17875 62648
7695 11143
56201 71975
44581 67434
58500 97454
814 84169
68248 99334
59077 97195
67682 81919
13199 31324
33281 53198
3607 64585
99212 99656
33019 75733
30781 66505
79322 83683
47788 61282
31783 39277
44394 82456
45381 56634
49686 54044
46811 72986
19962 45793
87669 97719
47579 51890
44204 62133
28626 56548
50000 51289
26146 69925
33536 72484
45786 67682
44705 60335
6781 54375
82555 88684
55835 81202
50000 65814
28163 93114
48723 56792
51534 55411
50000 53531
42768 61059
60112 87116
47507 50000
81199 85302
74460 85924
46869 72121
9131 52955
58205 72482
38424 76569
21181 63985
48225 50000
71396 81599
46608 64328
45388 50901
67324 76102
34964 46725
19486 59097
46824 93481
44242 64391
20137 52607
82421 88949
66605 93255
43344 74355
47262 51195
19024 75855
33055 57819
81793 82197
30558 86424
47129 53821
48670 51503
46970 49789
80015 87924
36884 76704
37809 53109
49773 49945
45743 86927
50000 53947
12657 42355
42105 56516
40621 56150
17774 56784
47603 56412
43538 53634
25929 58789
26115 67948
33439 50795
86388 99730
49200 58685
38011 58974
35563 68044
39788 57463
53811 64065
58392 62086
50000 71819
36332 80336
10980 51817
47595 63629
92535 93800
50000 76605
519 28096
49164 56244
56822 73799
60299 89425
14886 51646
52846 63673
33270 99954
48399 56082
9248 77217
39276 74378
72424 74021
35708 56570
29620 56683
31858 64050
95545 98582
34983 75408
87177 95233
3011 23550
40215 97217
26652 64580
36444 40783
47832 93225
93366 99359
47003 50000
44345 98515
98979 99622
47522 57331
39559 74772
33997 57521
35333 91176
25716 56740
26592 42289
95419 96285
15276 16788
46505 69707
22927 64642
59832 80174
43271 63923
47285 50000
50000 75510
24591 85164
45533 73658
45250 50000
40448 59519
49352 62979
74223 96629
89048 96090
25879 51417
18801 23003
86157 92942
53388 93862
89604 93259
564 93227
80091 90479
77641 87448
98234 99975
8627 67819
31023 54167
66744 93706
39468 75945
47258 51592
40655 63244
42744 54077
93988 94168
90864 94222
19679 67985
3489 9452
21451 92959
63804 64044
2130 96307
28957 55769
17514 40942
46312 86148
15095 90494
58503 85986
92374 95576
47220 63785
40208 65202
41600 85030
91538 92385
77720 97947
97021 98145
2311 94194
95863 97722
41583 56275
61032 64030
46195 50000
59750 77354
42784 54966
68191 98421
97995 98566
45396 55201
85893 90666
80716 99830
50000 94868
6246 15445
41599 83361
2087 80376
34980 73982
71740 82623
80294 88954
43719 57835
2710 87710
61092 77989
42751 60421
55479 68860
47194 62774
37324 65814
30345 67528
44906 93975
50000 72414
54629 67787
56543 79474
34179 55459
43651 62281
57066 57536
47971 52371
45336 66894
46650 79947
26313 50910
87605 98272
43534 73956
46458 74552
80617 98295
74701 99163
45394 72830
43715 85980
31209 56726
41006 55452
97392 99896
48161 54211
17900 54358
86157 87117
57109 88577
39699 77867
70783 87942
41053 52578
48013 54237
8985 23807
17878 41819
86369 90149
50000 52379
50000 54192
44965 64681
24697 25721
39528 53165
48182 50000
30361 95806
75959 96606
57043 89808
90974 99918
38143 58903
88404 96423
32101 53688
25629 55858
31170 32428
28439 29327
90353 91168
49564 50468
34005 72712
76008 95043
15885 40391
40691 51643
35299 92122
43186 74549
27240 43526
68386 71863
48130 71995
96694 98228
45718 71206
21316 22525
88073 90883
84785 99009
44475 75256
77227 93394
13508 70793
27383 53661
35983 58344
25051 66388
32037 50196
93634 97519
12585 74771
13648 94469
57384 78743
58965 64025
45530 57608
47856 53028
22606 66026
46744 90208
26651 54092
30836 61194
40890 54186
47624 56824
44087 62006
46914 79281
48520 80472
1233 28886
79269 89452
36702 53804
47084 57296
65171 95970
48211 52453
31274 73462
50098 60231
8335 66349
75193 83460
73864 99021
75377 95505
35530 50000
71666 93418
44802 54403
96319 99450
42068 58068
93653 97784
43358 60612
40318 64690
8345 55803
1173 70897
62066 75023
76365 93295
48786 83487
64669 75088
37860 64989
50000 51203
19229 57362
46327 78633
86519 87153
23155 82961
21127 54813
44611 67625
27587 38827
44212 60167
38950 45118
22472 47880
39447 53290
41452 53503
46697 65852
44835 59125
46958 61623
28289 95438
9463 38348
42717 75478
34926 53487
54272 63791
88004 98073
49533 51819
36266 50358
50328 93223
38821 61512
47921 56405
6391 55742
99596 99790
32500 91762
47873 55458
49708 60499
33391 70769
35048 50000
80363 85331
19322 54808
45351 51242
65483 89594
48114 54637
77157 86418
64448 79629
45325 71135
31971 97469
48719 55178
81373 87497
13615 35929
84475 95008
44969 91542
47775 70535
43629 70553
24672 37286
43032 61165
22635 56458
18465 54701
68936 69600
97304 98234
23652 53667
46157 50000
44455 83939
43385 62602
40449 61767
94623 97659
23319 59254
44171 87197
32842 64762
37658 54253
98104 99974
17682 52044
31975 56363
34665 59386
31545 59678
15072 56652
48092 51879
33170 38887
42447 52696
81508 83844
99999 100000
90107 96907
64607 65108
44738 53748
47916 89626
41768 71949
78202 95846
35867 53254
96508 98132
91124 94475
80400 88511
81459 91941
72325 73462
51686 88737
98097 98913
589 15537
64197 81593
45501 46783
45193 58865
48418 53196
87530 92030
47714 71251
86116 97475
46142 53303
10199 31859
30303 67409
33494 61336
86051 90394
31249 64657
73915 95374
27982 70593
22417 91555
22623 74564
68785 80453
93032 97738
41694 76115
45140 59279
49221 70456
8038 79327
58326 79023
34946 51517
10489 54540
67119 82265
50951 54311
21911 64968
75593 94861
58992 90015
38449 44000
55723 83878
91399 92720
36196 62363
68760 74383
33703 72512
54341 98101
17986 66422
49324 53634
50000 95592
24885 50096
77273 79126
29822 67895
45379 85027
60674 61767
28152 42224
23578 84624
38627 60010
42698 74285
60803 86411
95128 95670
9010 38652
39810 53336
47188 67282
47030 74324
41086 69116
82655 89968
49934 70030
43390 63017
33483 54018
82082 96704
50000 51213
43783 83539
98253 99918
40819 66119
45274 83432
50000 54905
40864 81894
71418 76980
10650 82116
74688 89112
28228 71975
48139 54516
44598 62895
48588 93175
47115 77682
547 59082
11707 22087
33464 58373
50335 60461
46662 65777
39105 74805
38732 69550
60503 94115
78750 78951
49608 70629
49970 74202
4505 47329
47618 62653
45818 58757
15757 67651
48979 53704
43499 62781
49727 63914
23131 51457
9667 52814
14836 75278
19719 87605
25341 50313
32793 82255
45271 56461
61752 88938
44378 74665
50000 68404
66380 95147
21398 54851
8235 44743
7429 70284
86257 89095
17482 52555
42769 52870
40789 74470
62891 80656
47351 74934
45679 70334
16806 52265
5725 93127
88855 93968
66266 66557
48458 72381
48393 52275
40050 95441
75524 95812
19107 53122
42040 52733
23132 55599
40548 43892
58688 85201
5349 58619
30269 53667
33883 74794
46446 59609
45858 70762
80973 95035
46738 60949
34521 78683
77177 84277
70889 96732
33512 54502
90548 91042
5797 92259
28634 70174
48195 71005
47815 64335
55893 86720
62107 81323
94164 94676
61849 80163
47020 63958
39831 53463
6369 72438
50000 53615
23255 81683
39454 96419
39571 83082
42431 56903
31642 83361
43183 65328
48378 50000
48908 94397
77880 92399
26430 73729
72216 92093
15569 53814
69371 90136
40490 95749
31937 68300
93011 94604
43756 58744
54357 98689
50000 50949
39369 81871
40872 96190
61194 91149
49840 50556
34852 66579
25441 48343
84528 91256
73679 85142
23253 55488
43687 84254
34132 67482
1249 88094
49624 75656
86950 98636
46871 68138
40026 67893
48407 50000
50000 89021
89925 95033
45539 56301
52556 66376
17569 55425
4165 55151
36080 80570
90843 91080
71220 98628
50000 68296
38868 70561
39680 69469
48051 61403
95222 95268
69576 71279
8320 20415
48167 76810
71544 82854
67267 97292
22649 32948
2737 20014
29759 73181
59208 81349
59338 61672
50000 53015
64888 71083
78522 98120
48530 80232
44058 98329
88072 89612
13577 55731
4664 83623
20402 27514
36942 76350
48313 56065
96865 97403
97869 99737
54524 64081
35497 64061
29826 61361
45495 91189
48040 60607
26717 64933
44502 61284
36998 39069
45028 57478
45157 56976
34874 59096
43827 56203
24823 66535
48818 55113
87948 88983
47763 50000
68361 72589
2495 58243
62218 98578
39432 69217
42795 73434
34690 45977
34136 79091
13811 58547
44870 76518
47323 55701
47887 50000
32746 73417
48902 79920
53423 88738
34401 67899
61582 83855
40697 75477
81313 95811
77136 92782
8866 33051
45533 71322
49593 59152
97999 99209
54591 84263
52024 78507
26281 61865
48030 50736
23636 59354
46382 53308
67209 78839
40318 82292
74009 89787
69115 90771
66821 83867
83081 90733
22937 30332
12448 39412
95905 97827
18691 78085
40064 53952
51195 54507
60099 97724
40229 73923
22352 40603
34251 92042
59097 84899
44390 50418
87273 89680
29547 57871
46106 85038
41567 50109
20233 85215
86891 97201
40947 56061
46605 66202
44908 57142
6126 52605
96201 97612
38812 79253
36433 86002
36462 56498
55775 71828
79029 90127
83395 89961
44185 50000
47116 60650
65098 97666
46314 62853
33561 57894
32157 79715
82331 99825
46750 83800
51194 93442
3461 96287
21985 64353
85150 98833
10987 53016
88141 95835
74117 96183
61454 65105
32511 78271
29847 68813
27494 46708
27337 72567
48947 88344
76184 94812
87375 87937
27904 61040
53216 88793
8631 68277
39457 51685
29768 52288
75723 86123
46505 73372
4051 81685
70855 91316
13869 38613
89631 91043
37305 69606
5602 86519
28328 51575
66708 95895
27285 39437
9951 23506
46728 91757
26279 64571
59535 92586
39507 81177
30043 54925
93272 98510
76037 91957
61800 70925
95613 99493
11837 30372
23628 50000
76742 79398
89368 91616
45201 86156
55395 61200
43906 67036
39910 83945
17807 90088
39343 73444
40980 57783
48348 55880
39794 71265
94380 96793
36216 56957
99775 99890
35201 96669
46450 51482
8984 52520
22750 43002
74394 86830
29439 80157
56951 83571
39825 82446
45833 51984
92969 98016
25825 68711
56854 96520
32935 72670
188 65459
34324 54293
54732 80264
21401 94117
50000 52774
32645 77278
19989 52504
77769 82464
6321 73212
35130 77035
48318 50000
29445 58440
46762 92490
52878 58776
20750 30202
30541 70446
37100 63069
24627 76072
93261 99880
69678 92072
88029 90209
51312 90343
44574 51245
50000 87865
66148 73951
92734 96156
89746 92598
29533 90468
50000 65486
47573 77406
45150 53066
43896 54021
69649 77608
98937 99433
30731 50193
35904 56072
39348 50115
26672 87957
61992 78690
26381 65038
14476 56772
7496 50206
9377 98254
94400 95859
22809 68221
32212 50923
47365 59744
45815 80648
96308 97017
50000 56560
16455 45836
40217 55768
17402 77807
42089 60079
58169 81839
14232 76421
67387 73616
33184 71003
62767 74387
46326 56979
51684 94287
43803 86279
31319 69561
91163 96415
55594 86135
20155 64941
88776 89794
98406 99406
28969 63051
19466 60097
42450 67975
39718 56593
66937 68834
59672 95044
45342 87242
47750 53104
38696 55520
35790 64595
43568 80821
78896 93200
94005 98772
91016 96170
18761 54773
92547 99185
57301 80108
5023 76470
52298 81481
91234 97350
50000 51628
30592 50567
24673 58954
41722 64221
29306 55946
44725 78918
81800 86849
39862 93518
57218 61610
43603 84254
81028 82866
60896 62931
81319 92033
60293 74447
49576 75529
85072 94410
40136 55591
26503 59092
66337 93138
46376 52174
40642 66740
37172 61378
15606 29846
78711 86962
70345 76350
37501 56971
25100 65604
24528 69768
50000 59238
43419 51371
43335 67681
7564 97116
36691 70255
13101 86086
9226 55925
88284 88308
46684 74178
22811 70302
29504 61697
20203 58786
75060 95890
43867 62364
42145 72776
41511 72818
36068 55119
80550 84603
88192 94647
23509 68813
44426 73106
49179 55969
43497 84567
39769 52656
68281 92310
41699 84196
27694 56251
47354 69657
49937 51113
87035 98363
49058 69855
44034 65922
38154 66179
81222 81707
1499 25293
65011 67785
8110 68967
36038 97351
32516 54959
33467 65311
44124 62819
5275 33088
48990 82779
50000 51386
42801 55392
67865 75745
48632 50000
12129 86548
24208 51144
15041 74752
48660 64858
50000 68613
34208 69921
93981 95970
83076 88162
97555 99570
29879 52715
45624 50820
49760 67036
39557 50000
48221 51096
78643 86383
43267 50000
79280 94669
40133 50108
20479 24578
70898 82099
69435 82559
19581 61783
60685 61476
22963 65389
48380 68735
26496 75774
68932 79513
25557 60746
83159 88435
14218 59992
24673 44228
76344 82568
21620 93752
63014 65804
48193 52358
72684 80783
51730 99153
57537 82301
24130 58447
38134 51768
39352 56499
33368 78130
26805 67206
29453 50000
72391 97475
15639 47254
31658 64556
91204 92170
54884 91729
38701 57426
58259 75157
61800 70339
44050 55406
44077 61396
34417 65666
99609 99702
13161 57672
88628 90828
31400 82880
51885 97675
40325 56956
23864 69213
19635 52073
93147 94394
65561 74480
72300 84122
29574 60154
28146 60489
61181 88317
30 79452
47056 58817
8976 16903
48516 66987
279 10601
16440 65841
32784 59538
35152 84395
90449 96785
71479 92168
48347 50000
37081 71581
81014 92333
7883 74605
677 68628
44686 82400
50000 71262
15879 93314
4684 64226
43037 49054
40604 57132
15578 21102
29437 55562
42945 60959
38512 78955
50000 52704
45212 83603
73055 92522
33313 50000
45007 50139
3984 32146
49148 54439
25998 65367
35378 80132
55717 79078
45420 77850
44137 54230
23234 59201
56558 81534
23177 60475
35958 66028
51072 81835
41688 60534
12962 80812
23404 42920
28219 55744
97724 99446
38601 50000
86896 92428
12163 55653
26959 97178
61662 67265
38767 70093
87314 88017
48834 64369
42688 53918
37187 97536
24829 60658
46831 54202
48297 65645
87839 92296
34897 54769
80533 92709
57584 80987
8946 41345
87798 94598
10267 12296
40422 68714
48090 50000
47730 51359
82886 95197
88628 99612
39367 57962
50000 61000
49607 58027
10573 95338
45198 59398
3025 94064
88028 96966
47905 55471
33257 70479
28192 70576
11813 55462
39253 54843
18928 51311
47593 64573
48164 61423
36171 53387
64077 64984
36043 52394
8861 50558
31209 64940
35741 51252
47567 62005
14237 91212
635 97168
44771 60876
54320 75409
94941 95894
30709 97970
47075 54113
98431 98955
36752 50825
68695 68700
39946 72776
28461 59258
76358 86336
23168 59830
16121 86780
47347 70777
83124 94935
46473 52174
20961 65070
23321 88675
34611 57271
22964 71352
72270 97045
38596 66671
14755 52588
34272 94402
41299 53477
46913 64380
50000 77750
50000 52040
71158 73725
19017 61686
42391 55214
92046 92781
46130 58776
85157 98104
42764 82035
50000 63573
38363 55741
27328 54267
63291 74193
34471 72519
3667 97234
12566 18373
46415 63979
41479 50251
39295 73525
50000 50986
30589 73469
47145 51334
49703 50596
33978 68693
27497 60446
30411 65080
49867 55708
87194 88485
44261 88278
45649 51664
44665 50530
37627 53903
8517 50472
78427 80244
44853 65063
48031 50000
46797 93351
17093 75127
66811 91717
37545 53521
44683 55133
91629 94144
7349 15226
50189 96733
6419 94811
24506 98743
87598 89013
40053 56753
93018 93198
32950 72738
25753 98241
35601 63347
59161 61268
2510 33247
44140 85067
81711 93718
58141 60285
58142 77971
94994 98712
36002 70372
89396 90337
3011 38694
7211 69982
56513 95963
39419 63799
43813 69401
86015 86466
81501 96885
19361 58741
46644 92186
73661 89979
27720 60476
57888 60747
37571 92425
26831 52057
68495 89745
13552 91658
23822 52780
80057 92292
20548 52997
41317 60628
39524 72451
34 69302
28167 86674
49423 96290
42145 71489
22818 60378
66749 97468
72370 97179
40580 74364
49039 54827
5759 50624
68440 80555
24107 65978
76325 96910
26008 54609
42180 89459
51481 56776
49591 68416
46460 58792
47033 57623
40618 68384
45290 73590
19501 48565
26593 49815
35804 74665
47569 67988
49479 65370
48060 76124
50000 55632
29894 57367
60895 90924
80338 90711
97800 98623
88283 94155
24153 52474
33005 76623
39684 71631
35520 51425
42369 53224
39655 50366
47569 59435
57098 96215
29722 68458
57130 66941
44357 53158
85287 99592
87236 93127
39083 75584
62827 64380
59557 99223
21794 54983
18883 79285
22667 26327
50000 52622
38860 50000
43643 57822
85637 98714
25736 70672
97039 97525
49368 62971
11541 97540
23875 78025
37022 68275
46390 60540
58036 59713
40342 80262
35810 72630
6092 97241
50000 52108
39673 54214
42505 95763
63478 89135
32247 69711
38282 79910
23965 55793
40600 81808
92580 96769
40996 61613
68766 71373
63583 76908
87110 94891
43806 50939
25408 97669
45613 50077
16665 57125
74524 81601
24889 67402
14525 63740
11052 53147
68593 79462
26695 52896
13632 13790
27432 64704
46022 59054
45250 57521
82690 93156
10622 85669
33693 57444
3079 86564
70278 91962
69997 84230
43457 63305
94081 96359
29492 51610
22522 33728
45449 70527
40034 51372
78921 99722
74031 80554
39202 52715
62562 63437
50940 55880
81811 94166
23923 51983
37859 56959
23551 51415
65565 94031
30106 85618
33683 73984
44172 74789
57897 61582
36292 56243
9511 69201
35282 95484
35460 68752
51571 89723
44850 50000
66143 82972
24050 72496
48570 67517
28778 69063
19838 25831
29233 69354
46310 58575
23205 67039
39297 55632
71341 98256
14074 65927
75918 83258
33629 63557
75935 81938
48475 61843
22287 63008
28134 66707
37487 61217
39231 69782
33713 51957
17943 58318
16505 52062
16614 65329
1975 49881
2070 81245
17132 17249
47534 82922
19829 71611
48494 78343
47913 73402
43855 73437
46790 53910
79016 82244
42664 62584
59786 72925
25638 56115
22336 59101
35666 38020
40021 53124
43377 61687
47127 83290
74242 92120
45896 62261
15595 86675
47448 54600
98858 99291
42076 64207
43811 51713
50000 52213
39298 70870
78259 89624
17085 70071
40105 51023
48018 50040
54273 94620
56614 81539
15240 70628
11498 55991
50000 51622
38907 50000
52815 81852
34801 65302
66839 91195
50000 60058
39113 59254
35754 69205
36614 51958
6298 41150
10700 29838
61146 61558
20512 76593
89276 98224
99033 99784
37006 55715
49660 53815
39835 71890
82321 95635
46746 61541
26743 70588
78245 91115
89324 99801
49432 87820
39314 68359
23986 73404
35295 61694
85148 93779
27702 79535
28133 59612
20251 59978
35566 83932
32309 66737
42361 64939
32721 64322
36991 66937
93691 93887
33472 72531
67272 92668
41511 78956
24232 56298
31233 84615
43809 62333
7302 50738
35294 57486
41637 53110
92185 95726
42479 75816
50362 61058
55832 83589
17197 84920
38329 75059
49615 55696
73781 90508
7845 50000
29565 52056
46035 51535
41117 73770
43623 88282
35072 94556
49825 51199
75592 94088
32736 81551
13733 59061
17863 39488
17338 32086
50000 52135
15544 82359
32104 70553
44330 51767
43582 65547
46988 79154
42877 89264
43180 59568
49799 57743
36451 50915
44720 53275
85758 90437
49090 56839
41986 65865
44149 58928
36293 54206
91569 94818
38175 54455
50000 53326
25596 55006
46497 77836
4121 45492
38620 60022
4617 10659
36355 68651
26998 92444
96854 97627
53331 98096
86760 96386
93237 95677
36671 67413
50029 87334
17672 52269
32940 71536
45086 61385
49632 64498
69922 80594
43278 84596
49524 63473
34139 70111
2084 27179
15582 86538
38205 54821
6140 45801
47738 79981
94003 94157
29018 56969
95303 98222
31344 76199
30369 65531
95510 99047
65380 69436
49282 51211
29322 31605
7947 77985
35751 79752
11959 48588
6556 41221
72676 77298
63211 96972
21995 53699
49796 60685
84774 87893
79530 97647
47537 53750
62468 71036
66777 86690
43432 70511
9108 51629
74257 81291
34129 56199
8914 94774
35191 69878
59889 68918
38358 86566
33957 59380
12981 51850
27421 68079
30965 73121
48078 66078
50000 79332
35201 75319
35269 58291
42271 60879
22931 56247
29326 51227
45951 61657
20419 96767
8452 60774
32120 77119
47285 61311
32181 52827
45938 81212
66073 92818
57886 62555
43605 60604
47857 50000
26741 54206
41266 67961
29991 50000
2855 19112
48013 50000
97690 99182
99303 99986
35639 59684
36801 65465
43772 66284
37972 74332
36282 75790
67288 68289
87119 90300
49212 70141
34841 96207
44970 50504
57062 86031
43409 63101
38975 81167
45548 64857
48276 83212
21846 65639
56474 67800
66926 74946
50000 53139
37208 63890
70566 79960
45005 61969
71741 79083
8490 52272
42058 54273
48698 50038
46980 50000
49092 71530
35729 56055
67571 82071
56463 88026
39460 68072
65644 67677
66492 74175
31149 93851
79750 83370
26837 58894
80050 82087
21533 64667
62195 95448
37224 70545
74672 91970
22256 88877
41795 73771
12082 87170
47250 81615
18406 53403
30971 49809
72740 97046
47244 83848
19709 55932
26054 50000
34889 63144
72636 99495
67431 96848
44066 72974
42002 62690
76437 87919
3041 50890
41243 76026
40259 57155
81797 84493
60120 88967
86498 99211
50000 74605
48858 59683
50756 52143
44697 62753
49358 50077
28743 52196
44389 52177
63360 85456
46346 74151
50000 88114
41397 73526
55221 97252
46682 66273
8983 57728
29336 73908
46650 52522
24602 54289
48116 60352
72531 86482
48270 53231
41955 59789
47867 71370
13477 51154
50000 89115
49649 54660
59850 80189
55053 95192
59410 59556
30175 59577
54138 99536
35565 78146
79602 81682
37143 59573
40948 50702
37439 53441
16172 37724
48200 73910
43575 53243
45721 66066
54044 71065
50448 71519
39869 50000
40330 65123
16217 55223
49722 51998
15952 51268
13034 81972
36814 57780
50530 67892
19244 52559
9655 53739
46727 54077
23624 51815
10801 61358
86810 90936
49701 60344
22965 35359
42843 66084
50000 52836
45335 50000
39408 60492
79205 82879
16619 55969
44699 72171
43314 70472
45734 80311
41082 43848
29277 60309
85313 85723
76744 86204
26363 81397
57057 86274
56239 99170
22354 51846
32911 62942
47238 80744
49870 82148
41109 89576
71515 99897
30133 71466
29134 31306
17657 76475
48794 55245
17699 60833
5843 76862
52621 85667
47764 70688
84210 85262
49010 51211
40503 65903
42554 52684
43515 53072
35771 52109
52288 64278
46466 73383
65750 73478
66106 71881
60070 84265
19626 64393
12052 51909
47732 51926
57404 65911
26022 51592
97338 99345
3534 84441
49760 57147
82977 96732
49121 56307
2926 14162
27600 53362
39838 68740
36841 51253
74447 93540
92488 97271
32308 58234
662 58613
49171 57774
28652 59686
48081 53499
28786 61069
36312 74834
37471 62579
53159 63972
46769 82450
13382 33431
7036 83274
22923 36698
45830 96240
49466 53100
84770 87297
42851 86585
28882 73604
52808 82309
39554 51640
26717 33012
44746 86276
76552 77719
24961 52534
46699 83435
44531 56188
30830 82021
64865 77137
88359 89090
34010 57716
69857 72993
47240 50000
84401 91657
39391 82394
10172 34671
18415 59157
9667 24305
11714 11979
31352 81705
689 27225
85717 97434
18184 22806
50000 86597
37777 58124
26525 69012
55281 90874
32702 47619
10406 45186
36380 55047
47546 63004
48843 57969
16271 58049
90506 93525
17754 63090
65791 89988
85442 86436
49293 50440
66872 72895
29751 52223
20359 65000
38521 76645
22966 64980
14158 50000
61350 74867
49427 61360
47343 70978
43198 62396
31623 62492
33458 57429
33096 57149
37207 50000
48493 50000
33932 56824
93195 99799
67959 76499
1416 31471
88753 91412
81021 96236
97319 98101
25607 60620
3578 81727
3901 90172
25464 47882
55975 59929
67108 68895
46565 59359
82667 94465
23337 29124
22744 63595
45312 70580
5735 24712
71593 98491
15420 74478
50000 51626
56947 71877
38344 67704
45268 55300
53480 92587
98733 99436
45201 51898
46994 57203
37756 52316
1806 73895
49331 51099
43964 64145
93213 95491
96392 96863
33169 77912
10150 79075
47923 50000
36358 68046
39369 83888
30710 31654
38582 80054
47796 56901
88065 95830
19987 61387
34913 84162
93529 95711
2454 38295
40229 48385
76038 99445
38113 75534
39893 73027
52745 68717
82458 91053
5001 39860
20882 85409
37370 64341
76786 97852
7820 83695
28423 64051
27377 58732
24054 52528
40577 84367
91861 92454
52944 59509
39887 42754
27397 91752
50075 95392
52648 84445
24785 51261
35120 54550
62307 93845
33364 57953
46187 63001
17376 53842
81835 98335
18968 79920
97003 98049
36391 79789
49929 51612
70317 88827
43941 69600
43908 47005
33507 58831
47599 55805
24926 69847
39874 57227
47044 66680
43733 47221
42586 57111
43315 75724
89204 94356
38525 53351
14723 85220
48419 63436
96739 97020
45460 50000
83892 91320
39057 42367
61967 82998
42207 52942
43075 56894
47485 50316
28082 51312
14435 57437
68074 84392
22725 50935
20097 52644
31447 51823
43304 51034
29696 60697
84044 96376
81778 99557
35191 78170
27767 61278
46162 59025
23293 57996
58537 92152
95982 96554
38374 65410
45017 56461
38048 71211
64694 91183
29395 54029
21272 56274
30865 83823
66610 83976
50444 71835
45030 70707
31526 70331
19194 62305
8714 65231
52352 98428
16468 34935
96638 97136
19286 36771
14539 88821
28950 64589
36180 55431
29524 74241
47105 62538
61558 99171
80712 87262
40979 52171
23639 58628
58251 95647
41744 75982
1364 80647
19475 31347
78294 90660
6453 89200
33636 56428
49089 50069
73562 77586
2491 97636
35077 54581
51242 54294
10982 40516
48554 62321
46842 97618
83395 95019
95861 95980
86182 86822
42855 57177
43661 53603
62695 90769
69077 93682
51842 57217
74853 96186
66036 97805
45702 51256
49754 69137
33958 35926
14294 35911
50427 72303
37777 64362
46041 59942
48364 66098
25418 45515
18228 89250
34194 68509
47860 86471
28936 36952
40170 50077
66475 95593
48423 90455
39448 60760
37815 59190
21765 50977
46641 89691
44803 69984
30317 51204
71446 87272
42435 65766
78608 86474
50000 52248
80435 95947
49144 66444
43076 64533
47911 51172
54 64256
50000 79466
44924 50717
95278 99049
49033 78636
92159 96272
6795 51010
23312 62392
95425 98336
46095 51687
50000 61378
39204 50000
40462 59105
45228 59547
47988 50937
46058 50183
4841 67711
89515 98518
41282 55699
30494 86035
38067 59416
37919 96603
49410 84502
45120 58300
6909 52353
63203 88146
26571 70174
76384 76501
59254 63229
59069 72627
49361 50000
27532 76690
41081 62988
17974 54805
34410 50000
6797 81809
46088 68344
21595 63323
64245 66515
9440 20172
36162 95084
45860 68395
41982 85343
80568 88302
99058 99742
87210 89880
43822 69464
49415 55599
44302 58773
86315 99023
94497 97125
56010 97916
11670 40193
65439 91122
45735 59240
31844 41789
42202 52779
48064 51849
80665 89333
72630 80721
26472 64616
6576 10777
90298 92306
73641 86282
65150 83569
92264 98036
14080 90905
13191 56174
67491 90266
43612 88715
2604 15210
16124 50473
36302 66735
94522 96474
6402 85953
15399 97302
91488 91685
46604 54971
18788 59105
60302 73395
71886 98334
7310 51097
34309 61274
17630 19752
47665 50000
24437 66382
25401 36859
39254 73566
9246 88828
95177 99706
52098 77689
89751 96764
56510 95326
27616 76575
9734 99406
48260 86013
13160 31923
75654 97440
49620 80880
32881 62901
11082 88985
42407 70136
19243 60429
46526 55499
14278 89921
52450 58744
41326 55013
17298 84548
45667 58696
35176 65186
41015 69825
38404 73000
16995 91685
87913 96311
43944 68742
40534 54472
89246 95730
49636 64785
10604 42844
75253 95287
73958 98520
99592 99828
28034 63205
45589 77409
6229 16098
49704 58632
48262 61525
59907 78364
45841 57578
962 71305
50531 76157
50000 79686
9654 54881
93823 98063
49390 74606
25780 70206
48014 87353
30466 53744
23750 58078
49990 74053
58531 64817
91652 98234
80139 84588
55009 65109
34229 70173
79750 90411
24596 54587
12313 50798
44715 88335
30680 58585
93173 96458
44088 67501
10508 75431
34559 40939
930 1643
41615 68738
71221 96020
5129 12227
4861 86818
45903 72529
54092 62572
79314 81696
61498 92628
43997 50000
80874 91614
23887 95145
26911 52240
36066 66388
22160 53787
31589 95542
24191 39650
50000 71981
49442 69599
42376 96356
35446 56750
31719 53081
69023 94580
31938 60243
65899 83501
39105 61242
59471 82245
14382 76828
27362 60117
7105 40896
44025 54411
77103 98490
91378 94596
53700 95735
40191 52644
25321 67053
22535 97409
66147 84213
67417 78597
88983 99920
57719 94734
45176 51614
11604 98938
42771 56400
45524 62599
50000 63690
27493 65585
29107 58416
45403 56216
18602 54220
14319 43880
14618 59060
45249 53664
20203 75934
65347 94048
75646 85310
50832 99883
50000 83622
82401 85462
40276 50236
40478 50819
41568 62301
59128 83365
21114 63802
43469 58658
53149 59876
38379 65162
8797 39639
49061 51683
49180 55866
78709 80107
5266 80085
36287 43702
13831 36418
89029 96537
52203 91209
28359 68628
74829 79842
31546 60990
14504 53084
37164 60387
43405 63345
68194 73463
20198 58448
1396 98165
5395 79659
11672 58234
9799 93837
42180 70589
48511 62339
37048 84530
47826 92107
27585 72860
16444 51834
80412 92109
78100 91913
7255 75773
45512 60930
36726 50178
44125 93329
77522 87270
43635 51566
23719 45051
60489 98019
87231 99443
15771 42337
26553 72759
14658 17860
37580 55655
41718 58696
38241 49116
65652 67784
47020 53503
56583 87898
23865 64858
38118 73154
45407 50000
22211 33736
76066 97733
37896 90856
47936 52912
42541 87960
18192 73565
88531 90140
50000 60587
37361 50187
43630 95183
28170 74712
44701 50000
43690 81549
33022 93779
30218 53784
46833 51926
50000 54436
20948 61493
82851 96949
49656 72477
50618 86617
2593 23569
43085 70848
96175 98419
34485 52248
13265 37231
27645 72660
54059 64080
45436 78902
92982 98017
43742 51443
42861 52087
33182 65176
61817 88132
46349 84163
95516 97442
25129 64031
95816 98084
16740 59829
27221 56847
30880 51693
29129 47473
23611 52312
12745 91049
76551 99056
9238 81302
44626 54175
50000 51961
865 19664
48494 62557
33463 87303
30532 63917
50995 62224
72951 95666
44789 57155
42505 69031
22436 33821
31822 76270
50595 94802
31811 60190
37927 68760
37774 73524
77190 77494
86765 90554
10431 46172
28630 53921
37798 89318
50000 55573
39975 53801
44569 85626
47198 60888
49917 51178
45305 51999
16436 59245
50000 60148
85944 86593
42007 57055
85322 87777
25129 68173
30002 76175
38775 50000
38826 56271
6784 10068
48681 79285
33005 57457
67329 71144
34619 56322
42456 65433
35839 66346
77100 95816
48133 66358
65029 89157
91570 92093
23922 53990
44700 50000
41430 74765
48472 53047
45307 56251
34645 45104
43696 57034
85923 95259
71158 86056
44633 73599
92298 99934
18591 39555
14633 98364
16880 56650
42273 64498
34329 99889
32137 55085
10901 54425
41258 94155
50000 55592
80129 97782
52380 97194
70267 86738
39908 75441
48305 50155
48948 50460
23279 73514
50000 71343
36918 64541
12306 52459
31555 68108
46960 90454
31481 69897
36649 68155
19977 43220
36940 81583
77427 79394
46841 57703
19093 61167
37146 68371
37729 50000
23331 56539
64678 80274
59019 96891
35014 41442
11758 39662
21991 57289
93994 97513
52794 65645
561 18351
76293 84863
48169 59190
98669 99221
90620 98963
90886 99709
26125 60794
21484 57990
13207 73481
83003 83029
35773 44241
47469 56183
5564 50744
6575 80208
96045 98258
48736 72672
72254 72584
65342 74975
95922 99338
43861 84503
49558 55348
38729 57713
29481 99774
32435 72696
45419 68074
44740 73333
34395 87183
20229 57329
58290 91670
40159 58553
49126 61489
5379 42323
39875 80615
42470 85313
41469 51985
10019 50000
66813 74803
36050 62448
45108 57236
40300 56220
34075 68229
2780 56807
68118 72190
90225 98854
84036 86850
46981 68148
40210 71628
39732 77657
40518 50349
39744 58651
47048 69280
47774 59828
35945 75606
47217 50000
57512 61571
42116 68521
97936 99920
32668 56197
48397 72039
77719 93787
14039 32329
24480 67929
38888 75383
56712 97008
27594 53423
43415 69402
86012 97071
38902 50203
26505 93372
33787 50749
46820 68888
40834 75809
93577 94435
44397 51707
35117 77884
28220 79625
35953 93227
50000 58151
40116 76471
45113 53386
42437 56478
40289 59632
11326 53316
52999 97330
34713 52743
2239 96333
38173 51200
46109 50000
63491 96269
50000 53652
42966 50818
48320 50000
33728 68589
70702 76861
39422 72730
48074 76799
47167 54480
37284 58226
59590 74178
5463 70340
61230 89224
76391 87487
50000 80196
20433 50221
43687 58199
18362 97825
30876 53274
38448 55838
41678 93622
45221 52737
21285 45866
51340 73206
20789 21209
18802 61667
15752 91465
64564 85097
61119 69686
50646 59376
84665 94870
38085 73133
90631 92017
30241 70648
30201 58598
18374 68488
40215 72852
40384 64164
679 32615
90333 95871
31284 60036
40183 56994
48346 66827
57051 65933
97696 99082
54296 96823
56154 85992
43347 88299
39389 60553
44767 94548
56030 65546
42463 72221
35040 56529
22184 51934
31735 66412
44546 62935
49607 83221
70196 80030
19796 24113
73403 99821
62656 63690
44522 57268
29430 51260
60892 63210
44951 59920
55639 99110
47026 51355
47804 58830
3569 45181
89681 91628
54304 93754
83411 91179
35952 65140
47537 63185
49099 82973
42736 66297
37001 55842
38525 55425
31898 57449
74906 94032
1543 86875
19382 67246
83099 85516
25435 67322
15767 61129
28356 66775
8478 63825
38360 51609
50000 84558
42994 45177
45363 50984
13627 54237
99128 99765
45727 69489
45568 50973
41104 57817
47445 71994
32937 36490
48058 65044
24976 28636
88945 97270
564 82997
73742 86222
49933 77332
39201 48163
45227 59316
37449 71564
49241 51252
6486 92585
93519 95333
38786 85656
29864 77816
52996 74159
44151 55772
76219 84966
36471 66243
93168 99019
42998 60687
25845 96015
26103 66032
88888 96199
43885 79376
75442 98957
49465 58488
72220 82824
57555 61616
48900 49495
48160 56054
29212 52311
42834 69807
89200 96363
32345 70035
1756 32112
36363 69333
58631 88254
41824 50966
21290 21989
39605 52140
22703 56638
35312 52636
35526 53003
14518 45444
96619 98653
59817 60462
24098 54652
52258 84011
46099 54292
23413 54189
46645 66577
64862 86296
42936 54406
28733 50212
91872 96877
15239 59132
14646 65355
27532 60235
37241 49849
10181 76524
40232 83294
74762 92278
86632 89969
35931 78153
41038 68111
47395 69016
38055 45720
20165 61679
27603 59661
38993 60281
58618 73200
26564 65723
79167 99907
15311 95466
40199 66034
44451 75532
75237 94357
1449 81299
82070 97514
34048 64355
38833 76404
65377 89051
29681 62846
48497 72496
47743 51747
48163 84484
75450 94706
83344 92122
46738 50000
21798 67389
34857 45804
35598 57610
48157 51112
74842 85217
39726 56429
40752 79528
24231 68872
87105 91502
58860 75074
88745 97066
40521 58736
15093 60495
10796 50000
42806 92065
45555 55918
46321 70220
73916 86535
36898 70230
41320 71406
32896 57205
18684 41623
30103 45909
23016 55420
59950 92583
54428 75310
76075 79386
45986 65099
50000 55828
1488 93031
31190 50210
92485 97994
49388 53484
54006 98138
80966 84567
46686 54094
25938 64651
59488 67361
35679 58162
41161 51114
50000 55340
50000 57290
32853 67348
60938 84661
29579 91770
22108 63588
47073 60805
49954 58038
41578 42566
39644 51106
50000 52389
41377 80231
47962 50000
37748 60511
85391 91689
45338 51493
98571 99923
83001 98078
70396 78179
65304 79189
37159 55255
28636 51774
31581 50000
55474 62508
50000 56944
23171 58880
45972 51596
49529 57043
5846 79354
27983 61444
75961 88236
39243 40882
50000 65908
45918 52221
28916 31875
18680 71344
39494 94595
54750 61301
38676 52120
3572 76965
34849 39267
41341 56093
49693 55695
23626 54539
34086 57311
41324 54205
48148 63992
58459 80116
48339 94538
48146 50000
92216 99433
33383 97328
66288 84337
65585 89375
43409 60358
47281 50000
43432 54936
45950 53963
45964 56501
13281 14099
50000 52021
91733 93380
57598 63378
84095 93374
41236 87446
35901 74611
40206 41433
39972 41199
32648 46865
48092 54686
48671 67916
39606 70395
7462 93135
67511 84677
89879 97099
38186 56908
14886 66680
38134 63519
46775 62756
33945 53785
15252 51375
17154 51117
41316 53877
46289 90167
75505 89693
2676 90879
31150 88558
45365 54475
36010 53445
23529 48562
16812 61973
59153 60360
67014 89222
49487 50312
37903 54823
88403 98526
48096 63591
92536 97790
51852 54799
55440 95836
85811 96242
20417 65628
25130 36504
43963 70307
39626 72871
37897 59117
12106 62424
77160 96877
33514 52445
22951 31186
26086 52374
17355 53456
30333 99400
19697 54419
71858 97042
45464 54323
30964 54036
49298 65208
44138 52727
21947 69907
79629 81936
24996 64087
87354 93561
54518 56668
28484 62450
50000 85312
6871 28990
94677 99980
81073 94404
7925 51879
75006 86500
42989 53257
64832 68785
41867 68248
49287 68976
50000 54013
45339 46797
51458 91744
39880 57521
50000 51331
47822 51620
44115 58933
79829 81795
78927 95510
50000 53421
39660 98408
10418 13074
24279 66388
40382 50932
77944 94802
61346 87290
45079 70178
54500 66368
35465 62589
48380 50000
49742 53775
65578 73909
70448 99223
49982 69159
74817 98201
59932 60777
42994 49763
94044 99654
95033 97407
43377 56618
38751 72458
48794 50000
49868 54017
26889 60847
93220 95871
1172 89921
9960 39277
69485 77209
85076 92409
45640 69450
34916 58916
45579 77502
15955 58561
17340 22078
15196 41108
51388 72713
83848 84634
49441 83954
31502 74324
84370 94426
76367 92409
64764 86724
77656 87438
34096 63596
16925 22482
46299 53522
36546 91146
63152 94294
20398 57979
50000 57499
39335 54228
38892 50000
41014 72554
65054 80638
67039 81357
32731 69993
18518 95902
96394 99104
92522 96384
15286 95150
40985 84949
30407 30513
7551 98390
23375 90153
41134 49943
39720 63577
90966 95462
23882 67875
50000 92563
11594 91449
26015 71983
33542 61065
23527 50000
33440 61370
53119 88521
68278 80049
54672 86500
5958 10724
98549 99933
88246 91697
48625 50610
33501 52987
45932 58134
41817 94563
27438 66325
14805 49888
10450 30202
20224 61112
41863 59385
42007 80965
42499 63544
93398 98589
29644 37769
9282 50883
61210 95833
36471 54025
48562 64430
47417 58533
54435 94194
40189 44870
35124 63855
58302 97229
24245 51575
68621 92741
15158 57182
52188 54470
13198 83933
48860 87734
28174 56170
47711 55436
7419 45143
31262 63180
39969 54970
88702 95378
28284 59132
9249 52695
48708 51679
42470 63629
38192 65345
49084 50408
16945 73975
42349 72226
39319 67018
36855 65179
94042 94621
61638 72222
76303 80019
49377 69391
28839 54669
9465 50281
26391 58370
74507 95496
81547 96921
37232 58941
99380 99445
17643 59851
41629 50475
86270 96863
35677 40713
45994 53899
31323 54460
48503 54590
41652 57189
27357 92213
44697 51415
91175 96521
63611 70751
48367 57881
47239 62288
32603 60411
79514 86084
75884 77519
66354 79939
39214 54216
33758 47916
99203 99449
88329 98266
45155 74319
29939 64102
17023 46485
50000 81330
9370 10835
49937 84070
13984 84605
80438 95475
37305 50000
1798 64858
26384 57350
44452 50031
50000 60571
96953 97599
14426 51260
17467 29445
89259 90920
12862 14987
82128 87084
46997 57399
7626 75342
50000 94626
22338 57413
47119 50224
47849 56666
48043 51460
22674 51751
39877 89012
49744 65213
16956 76162
99602 99913
46384 47079
29271 38086
54729 77962
40341 68945
91818 95548
25317 61291
36076 56939
37310 51581
25987 65284
50000 70168
38443 63526
33807 78844
40148 56277
44004 83375
37975 53840
80077 92346
37073 82355
24385 50000
92512 94079
74902 95199
46962 80814
50000 54058
99749 99955
19124 58238
45509 67706
49082 90149
22984 54191
46338 60406
90566 91260
33614 57006
99208 99926
47971 52451
90821 92083
52581 81636
34664 74550
46595 59934
37190 70257
70141 91412
32021 66992
7438 82639
81343 97027
62627 98973
15967 21085
72087 97733
42410 70707
12354 79732
99170 99532
96153 99678
69071 95310
49483 57568
87798 89316
23167 62448
8651 57905
49997 56147
11137 27071
81979 98412
48638 53718
32545 74804
9871 51412
32208 51813
50376 77901
26420 50853
31425 55903
25562 57700
40119 76609
31938 65973
8651 54116
50000 53139
43119 67187
23869 63430
10858 12027
38334 67569
38416 69538
22495 28861
47133 60839
42483 56865
25141 53013
45885 90985
18233 44688
46377 68236
43797 58560
25086 50827
39691 63485
66789 83845
39098 56710
49403 58074
49980 56857
58058 88875
37516 69793
62181 96529
22954 30044
63575 83032
93243 98524
41754 59118
37173 50000
45259 52128
68901 87418
39061 71061
5942 95619
14600 55504
46183 87605
46284 62806
83540 91800
50000 53383
74462 84296
2883 94588
27319 43407
76132 96504
75287 77174
36226 57831
94987 96188
66185 93529
58804 85612
41175 64408
30472 64208
29187 66932
45996 64792
23201 70359
83525 84311
85870 86921
78511 90092
42893 92574
83078 83355
79771 88201
4379 97386
79631 95438
32262 56666
50000 52872
44752 51010
50747 56801
12778 22480
32292 54590
45088 50257
64449 94786
19233 51028
43761 52853
73628 90467
11589 84951
52828 84027
13752 56506
18286 57332
19609 97216
43235 53960
48275 51512
61715 84845
99339 99548
76039 80798
97824 98069
58318 86236
57831 83011
29452 54866
42881 50000
26009 58667
66340 77395
96146 98452
86502 90878
27277 97807
48413 57835
93092 93178
688 77632
47056 50660
20142 53572
38547 55850
45406 64096
30104 96368
18996 51921
61517 91629
29773 66533
45647 60574
70330 80622
20232 54565
37951 68532
37332 52055
94016 97182
46830 88024
38352 57505
7565 26644
99594 99720
37093 71574
83179 94852
46720 78910
40618 52722
46252 54899
42584 79156
66059 76442
47439 71243
26908 65358
32165 72773
33325 54465
21210 89413
25242 60588
26897 51846
48448 68151
41106 67730
80978 89662
28761 48571
28243 28268
48089 96744
27248 42759
23082 29676
48035 50000
49610 73705
48099 50000
82934 97685
4220 93984
4303 80859
40869 74687
47826 65080
41374 56808
81196 95366
48694 53874
48053 58548
36976 50000
46977 79978
18011 59512
36056 54448
37882 56099
77352 99620
37101 92903
48783 84208
47913 50000
37424 56104
24054 62093
27377 53369
32904 86531
18280 62798
6972 99746
28492 68198
97634 99701
48233 50000
38077 44249
6250 82648
85523 97066
39409 50908
30101 74485
9916 98123
50784 87819
41142 82910
40762 42062
19286 51698
41122 72402
32323 55419
18299 33427
46654 51486
48090 50000
47938 56601
14517 26721
34635 52696
53093 67026
26067 75419
64742 82679
43437 52965
24553 65731
52325 82849
86915 90811
8980 31555
48120 56954
35460 71646
33678 58085
79446 96187
44834 50000
45539 75586
49857 51313
47252 50000
50000 55397
78639 81940
35740 67166
49100 58324
92124 94970
60489 65184
36648 61442
97080 97091
85264 87854
851 49953
36609 43921
87754 98775
46345 51028
34702 56413
48812 83605
11078 57264
18298 52127
11603 52189
75846 91928
25680 50304
26132 57738
43117 53472
62732 63719
34644 57848
72680 99753
60624 61023
29037 64465
12812 39855
44251 85794
38337 55822
94139 94639
97115 99921
85088 93800
33191 88174
49509 83145
1428 37025
5743 69399
79660 88184
73306 97523
41655 86753
24703 83201
71873 87230
42121 57489
16869 30775
20975 51064
46522 68521
37636 51056
30325 33917
28994 51239
62055 85323
8917 33069
34824 81759
25227 50000
18944 35912
40492 97511
45585 95630
51927 80485
63183 92270
7680 28504
41437 61767
70324 96476
86844 89114
24670 55951
15912 17310
97970 99970
35821 51115
20675 39864
38467 78794
32730 65011
42171 53334
44034 94840
5612 41704
73225 94725
19388 37963
47497 74936
92779 94329
11027 50000
12041 72134
33371 57112
72245 95192
74464 76805
66229 98835
29058 58417
3786 73604
54530 83148
44198 52497
39168 75396
33950 65926
10689 21290
38583 48476
64974 93237
63968 97459
63678 81697
15728 79531
44468 50037
41519 50000
65946 79955
20229 65583
60384 63413
44467 72637
45762 72278
10747 37243
26668 56866
88399 95196
62759 64160
28280 61921
28837 73034
60881 92969
41250 61061
62113 71927
34911 37626
49580 51076
16997 64775
86574 91104
68474 86400
36225 54633
38636 82711
44662 91964
39598 78463
31218 34853
26672 27213
65733 74555
46715 52912
39428 50803
11868 56178
50000 55040
43052 77441
35829 56980
46756 53286
42287 62396
4224 18032
44214 50034
19811 79516
42526 68363
28324 58352
78595 93801
13998 77729
18333 56341
63245 90480
39508 81054
46021 60115
31570 53934
50286 87067
47957 77964
32206 60646
28212 70749
50000 52519
65694 67949
282 84761
27823 56271
22769 45920
48508 50000
22893 75598
82602 89796
68975 92414
38755 77465
77008 98858
37086 44269
22384 37882
15122 86610
8117 56069
45342 85085
3009 79078
30035 55153
10594 99492
68469 82755
48473 78850
42067 66507
42438 96921
4793 10625
92081 95246
77612 95105
18020 80316
31199 90046
87379 93924
42958 88503
46770 60412
44369 52012
90775 94203
95886 97366
63600 89665
39835 81806
34290 48789
28967 52702
35237 56784
55016 62433
98744 99766
36216 57100
14431 70610
92291 95920
77475 81672
42574 44815
31188 80472
38060 55984
57017 72313
14419 54257
27303 75385
68235 96926
7042 87323
76925 88019
40396 74962
42884 51716
39622 96153
9676 36173
67733 78039
93675 99194
49208 67414
97751 99517
48984 53369
81327 96823
57479 63555
56576 78140
57948 98964
84141 87520
82205 95751
97193 98492
74406 86580
11649 75441
41588 66597
30788 58025
85191 88681
36401 63044
37544 77342
67925 84018
13747 56186
32525 62265
40453 97603
34572 73200
49186 56850
23136 88036
2267 76267
72957 97938
3910 93214
63661 90652
94650 95916
32251 67702
30647 58654
4772 8771
46194 53261
47666 83397
53166 67443
33295 50000
25700 80303
34974 58598
30507 58054
91336 93417
45105 81619
80036 87998
98397 99836
33650 92960
50726 70936
2314 80559
96069 96960
94725 96579
12870 97604
9193 94627
37510 56396
50000 54093
22350 28674
40967 68622
33329 52228
80179 86656
32337 55687
15997 58275
87430 94256
42528 58324
21352 56528
72009 84681
37719 51303
47618 96487
45452 51380
70234 80216
42526 82293
67774 80710
25540 77184
21425 56900
50983 86234
27528 93046
50000 65721
44226 58566
40818 90919
74348 76979
4719 47711
96797 99992
46842 51433
45467 96871
31279 56744
43817 53067
93313 94247
34034 47057
30040 54959
38760 65744
18674 52926
45450 86610
97769 98649
77118 79138
41105 69762
52370 91617
80192 89152
49478 51531
33779 76855
30400 62738
13549 58480
21739 39146
45765 52467
77718 97368
5968 56119
761 30898
84056 90433
29816 67704
99287 99352
19329 88497
36379 50306
36124 62143
31923 52149
5126 86005
36897 53314
39786 66926
48587 64185
14204 52436
49877 84057
16910 56973
88202 99539
45309 51425
45172 71575
49654 60873
43988 67713
38686 52360
96867 97773
98252 99686
57901 93158
43321 66277
65109 98658
27169 31791
25937 67129
55792 76002
71271 79069
37190 65545
89620 89665
93773 95955
10659 92880
46979 71690
91589 94512
75849 82446
47346 85245
64188 85973
4023 21311
6264 80623
64685 82185
47324 66609
16222 82425
82590 90530
80438 83992
79401 90323
52008 81561
17229 76589
27422 53200
47269 50911
31072 53074
48101 51259
33944 86425
50000 55031
69781 82403
48532 55821
50000 61834
35033 40525
12537 67916
39634 52817
30534 63805
28944 51828
41309 50000
42077 86487
41459 65913
49932 52332
49309 86611
32582 65092
32865 67434
46599 53185
70345 98203
23428 53826
7734 90473
36257 77472
88867 99567
47560 80839
29538 56403
30546 61281
25006 59580
20207 75345
42147 59630
24404 58272
38955 70153
70337 89824
55571 92871
40117 50000
54404 64039
43695 55014
64160 95968
40671 52976
37595 76939
16553 56148
56155 59736
1971 49415
20367 66031
41790 76827
10543 53098
46992 54252
4724 6900
91136 97917
33660 61307
45181 71221
44872 80286
99007 99480
21502 55949
82044 88964
48338 76868
46124 50630
78635 82577
44156 57746
55902 83496
91822 95041
36440 97911
89597 93139
20177 63237
15646 86350
21983 30083
44204 56544
42055 63914
48151 75156
43249 72282
64417 72916
43938 60128
76077 77088
26517 52901
57266 91578
9967 10126
76771 86517
25176 50000
82539 95306
36927 61226
32455 91284
51757 95566
20071 56011
43901 87617
97089 99590
62236 74691
61201 91512
48687 50624
87832 99447
37611 78163
36955 78990
72619 72700
42047 60375
92770 97775
42062 69537
34805 50501
55647 61109
10769 89629
45070 65637
43588 61837
33050 64965
43720 50118
8090 21852
68412 97667
96548 98043
71277 81887
92983 95960
36141 78621
77622 88654
47742 53855
68547 96870
47864 58210
23509 65036
7440 58695
46011 48304
41286 66171
47314 81187
45589 64773
48595 90444
37047 64786
82870 96416
93637 94539
81995 90864
29478 68362
30959 52472
40428 61661
44322 66541
58853 59353
2055 72704
11387 18180
39160 63355
49994 77929
26962 64689
41994 61781
46494 73631
82047 90626
9606 73588
48242 54572
17943 58631
88394 92991
46241 54104
71087 80872
47219 50610
74752 96234
32238 61189
87790 95854
92747 94291
37895 41534
75095 92049
46790 65018
8860 50888
42263 52462
48704 85931
20168 27597
72904 99340
40686 54758
45226 57938
36011 38181
50000 55905
14948 37223
47533 87726
14844 50839
33137 75819
89074 98459
5637 69227
50721 54039
28069 52740
84181 85060
41070 54223
42191 90208
22640 78050
42677 58233
42773 84866
25672 88828
75891 94402
22472 80049
47165 56539
33955 52396
54848 69315
44313 52894
81059 82735
33512 77505
18894 63883
55673 87372
87038 93121
41694 50000
91469 93795
43320 64960
45635 51085
7757 76598
37520 76196
21975 97156
39190 57632
38642 44884
70984 92287
27116 53027
81285 92663
56164 91453
44918 55267
84906 92545
43240 50000
567 2380
32251 66280
83737 96448
78760 87382
21903 56517
17755 26899
21151 21885
46178 57331
10748 53734
26568 57360
13376 21260
30555 60763
40476 82932
43586 83134
18479 64309
40257 75351
22083 61773
19442 37371
37696 64088
49084 54024
45432 86275
26024 59525
99852 99857
36690 51228
34294 56660
33595 68655
82185 96630
44734 54690
44851 55311
27378 98732
26159 43259
38570 64758
75445 91812
25381 26520
82618 99749
49776 57152
34854 80134
43977 66880
38906 59459
49549 52734
49339 94141
45883 51026
44269 71638
40075 51415
25898 46460
33185 35831
10031 36610
16636 26707
33886 86038
2145 53204
41425 83270
62045 89961
37004 52129
38324 64137
34070 80199
29116 66354
25561 95122
34673 52055
43852 68417
35047 45196
22874 65534
9479 53398
30764 33381
39887 50601
93344 99210
32093 64116
50000 51347
35054 52111
82022 95738
9261 29379
28356 64936
90652 92285
43220 73896
47390 51648
1605 38657
99406 99874
47722 93705
41379 56496
63820 99172
31821 97957
31340 63438
21892 57039
87510 88808
48566 74223
48322 59308
12136 86241
2583 28052
32931 40280
45429 51241
23458 26314
45430 76029
24523 92003
44944 66274
25499 58979
99621 99708
42254 69888
67761 98289
89978 96459
43046 75968
72327 87209
43467 54514
49713 86877
99221 99614
35918 49097
19292 85386
85853 85980
34644 61760
24775 59034
11735 74422
46268 57083
98080 99005
5634 48268
95785 97739
29686 41770
33490 55428
36324 59431
42683 58910
75441 93351
49515 51843
33209 76399
88092 95233
19672 32714
27478 41878
91381 91451
21364 83012
33123 50048
40029 73578
46337 51612
51459 55308
37963 85496
28976 74087
46611 53247
37912 82455
56552 65656
62596 62926
44043 93153
34995 72880
80201 84244
38758 84205
37242 69577
88508 93894
29297 98146
44271 60197
73304 79552
33443 64594
38913 61529
68144 88911
96223 97312
87103 93022
50000 64989
75996 96481
61370 93883
9779 61330
38495 54593
47856 91260
47770 52879
811 96296
33291 55631
99265 99557
11416 86478
33391 97071
67027 81083
81900 94410
24943 75872
89995 98473
87852 97784
47405 50333
19868 61078
42916 72006
96044 99770
83711 86564
93019 94618
46933 50000
58354 87510
43175 81327
61533 94871
48684 97424
56892 75298
4043 74225
37020 78050
32439 52720
40824 54429
35011 55863
33097 96543
18723 24811
33905 64911
36627 51260
37036 50000
27178 54273
72490 79717
24215 51458
59066 96121
48412 67388
44981 53488
18614 57052
16865 27164
42258 63903
43238 53540
99224 99942
38019 65893
61997 70294
16124 66934
37149 58400
50000 95649
21238 45368
39658 83677
35603 79837
97685 98909
93913 97454
29881 55070
40265 50000
57253 73254
45404 57154
45919 50956
37300 72543
45617 86238
96737 98628
59155 71108
35699 98557
44138 56134
71929 76894
39090 50010
27617 58679
27049 71975
49295 52786
44740 54590
73752 74738
94703 99652
30624 89862
46355 54233
82486 87469
41436 69133
41928 52156
39382 68475
39432 76049
30300 80818
79665 86798
38843 52036
88622 95128
37377 56572
28875 54182
13028 72099
87456 92425
49938 66789
37740 73755
42306 63709
24541 69499
40607 50000
63350 96985
34976 70958
85221 87074
44064 54617
41232 58931
1840 18559
50000 52694
4852 9918
44935 76285
97494 98402
19553 98594
16205 23967
77156 86308
93956 99613
47347 71027
38682 89271
45840 81238
42362 75067
70750 83978
56908 95682
41289 61039
34227 62574
87280 87410
56313 72275
29331 67589
61188 76711
43970 51436
65870 84896
39017 51190
18755 45252
54341 83162
85770 99351
93969 99147
49818 57694
26486 53614
62848 90134
40995 50623
96843 97764
66402 94777
28790 44006
39167 63748
48006 73150
33212 63914
46532 52272
11501 66802
84027 91609
49177 63747
5108 98643
42306 61652
28751 44739
1167 36987
79929 93030
71511 79494
16596 52864
42091 58056
28425 60417
46454 58971
46989 80417
80394 82302
25950 63962
47130 75091
99138 99184
68813 95794
62355 91496
2387 94005
28354 97790
91130 98230
37655 64991
8640 91976
97509 97768
36671 66776
46896 52206
77897 99587
72567 81194
64003 67995
34965 79256
44132 47962
80944 83786
36238 76063
16962 31915
42384 81678
77448 90097
14397 88054
74506 77626
46999 51405
44065 59338
69636 71882
47608 54107
79866 96832
47833 50000
57167 90333
4453 49340
5067 7566
50000 58365
61936 66335
96652 98173
79814 99114
50875 71557
62202 96559
38964 75071
39549 56484
40173 62016
39107 79288
66905 96612
48600 56285
48218 77497
41563 73624
33105 53378
67634 90322
66694 72509
74538 94109
35654 80393
40422 61160
67005 71041
49605 79701
39036 60131
75115 95450
44995 53695
24031 58671
6358 44301
45792 94595
75136 75355
40350 81351
64419 80796
65057 85540
7978 54740
27997 55673
63306 81077
25408 58090
35251 71861
30156 39970
24679 80595
87552 89200
43671 53233
45078 55879
42329 80537
99094 99442
87640 89369
86553 99683
74099 96141
82114 95296
99135 99605
66036 94039
45503 61725
67920 82036
98646 99529
42647 53483
18021 60817
35759 65205
47307 93953
38652 55045
96404 99983
48229 60939
95479 97277
38592 61188
94825 94996
87439 95414
1637 86523
45770 52242
47904 50000
38133 62178
50727 52751
89803 91145
35887 58293
48041 58811
45081 50071
15377 25259
96813 98156
14839 46389
50000 65626
84639 96427
11991 51845
48603 60393
50000 52761
25353 41114
38048 72157
44994 56446
4829 44423
20569 59784
22704 58113
21379 64874
32632 74588
24393 85118
41541 50000
48588 74084
41170 72105
1419 85759
45367 62892
96684 97362
19765 50414
29240 67359
96535 99724
27046 58785
55138 66575
8509 94354
50000 58153
79254 96685
92512 93469
38908 53750
81915 85910
49831 85441
10861 95184
7269 28261
25603 41740
50000 53392
30257 61805
15443 50389
43543 59250
68126 88572
25852 66074
10393 49226
19771 46452
11801 50426
37394 69227
42235 59067
19144 56829
50000 64762
83373 91072
50000 54275
40138 65190
43371 57376
17933 48924
31435 55171
15456 89631
85339 91143
36645 73184
4121 4546
5155 40368
32431 57884
77869 93614
32977 72995
53572 66941
21646 52837
8924 51075
17216 60353
46601 68907
30713 52662
51878 67158
46810 66539
27509 51313
44941 52656
44479 60278
11983 70981
17478 18894
65433 81825
3437 9325
18153 78459
99038 99271
43326 55673
50000 74881
45219 58586
24952 42055
39525 51909
29004 72706
7818 10706
65865 80005
46968 86817
45711 63660
26497 68378
48627 55731
40617 60512
48606 76390
58762 91745
26597 38877
29765 36159
56766 68511
34559 72524
45731 60883
7695 76310
96854 98463
14582 94711
52632 82433
36699 60170
48351 58986
46891 50000
21724 22305
55803 91534
60810 67205
8758 50518
54894 89234
16798 39791
54340 77277
28784 95303
11547 51825
6839 69964
49394 50999
34332 74350
35343 76804
55369 93275
96971 99707
26262 56727
40951 50000
81929 87645
39902 56005
42514 62063
30243 33982
10066 77044
38548 74864
96429 99801
38655 97892
23755 40457
15358 96333
41801 53604
42464 76562
39744 81869
13708 57680
66662 86442
40497 55664
73467 83014
50000 58297
62936 64514
80881 91163
24247 60232
60210 99613
36059 64308
92130 96323
34278 68128
39367 56776
56239 75192
86580 91903
76372 87025
35842 73801
36101 78696
38688 56325
37961 96418
12378 76463
42677 68561
19698 60393
11196 61654
29673 93683
46405 55280
45952 64019
42931 62412
40727 50780
41830 63967
42658 50000
95063 99082
22992 67479
2536 27187
34574 59832
9674 50593
86356 87403
32904 88276
34823 53246
41388 72175
27759 99620
47488 69228
39194 70924
15047 70188
45460 57276
66727 79536
26434 43130
80479 86483
31053 71611
75874 90168
25119 60573
32573 48603
5351 50375
44266 59994
75870 99976
68626 90215
37551 53820
17444 86104
34090 75876
40235 68831
69081 71834
33956 69598
30014 66977
48041 97174
36084 59893
85257 98881
76364 80281
70460 76116
50000 52703
37506 65687
49643 55841
31707 79303
50000 51388
1297 2758
94951 96248
35369 56446
77114 91616
77150 95107
88780 98171
44700 88738
87363 89372
43638 50850
42505 69872
38969 53410
54717 75036
74304 76139
82692 84029
50000 53282
16491 29582
89879 98499
36630 66484
14790 25241
41460 54414
46238 50416
4909 61937
38511 52492
48234 81116
91003 91278
30379 33061
50000 65112
17109 56762
44526 53956
11008 19382
47406 52145
39232 65076
22967 92852
90168 99354
28781 69378
33893 78222
15722 65483
46417 53096
22596 54413
44373 57651
20815 31115
31225 59740
27785 58799
13109 19614
41390 61196
25644 37149
578 33598
29016 66212
92974 97946
79166 84248
7820 84153
34957 68310
56388 69855
68735 74772
39062 72877
23130 77326
40672 62505
11599 33665
84277 90248
93135 97777
39890 69458
38946 85224
44613 79226
84202 87062
30340 74843
96865 97505
63844 89083
44542 60677
42540 56619
21988 56912
36447 74578
93658 99483
49728 53386
58428 95657
49478 52405
45932 87398
49479 53036
96567 98553
29189 44599
37870 70195
74227 87561
47202 95379
48546 55412
39956 70835
47279 63115
37920 47592
51803 59040
70623 75158
45007 64844
8547 37197
45184 52029
46989 87142
31001 87657
37048 66053
72331 76737
21479 90788
63374 86241
38517 69893
49856 86835
88655 95754
46112 59546
9543 34384
22082 57014
47754 66632
61831 82794
11759 59374
31975 62817
87821 95059
33845 66869
25213 90417
33538 51206
69884 91038
23306 35927
22471 38608
48465 61989
48231 51601
46534 51093
43958 56850
41440 88934
27304 57018
36826 50236
78740 97840
30400 45927
47077 58518
43586 63547
48803 53299
44802 58439
16477 52486
97332 97681
65619 65924
7572 52343
27116 61132
50000 57927
37827 69256
47265 62449
42504 56078
44835 68683
47323 56105
33585 62618
60756 70436
14422 75714
31853 73391
47958 50000
76514 92864
38877 52419
42003 45668
27349 32165
28881 56840
59271 60530
23478 85550
46351 89802
73484 78626
15486 56020
47004 89554
30897 57999
43335 57313
31947 84258
31944 62263
42461 77191
33489 56894
56613 86851
49878 50679
60681 88971
26340 61588
17100 58617
72556 83037
20000 25616
18129 60877
46004 60437
44492 80660
46307 62497
48993 52730
4218 87900
64743 98826
38298 51425
49453 61756
10476 34836
80319 83683
38420 59980
47814 69639
68095 83714
45101 53222
9010 60781
35695 93086
74227 96716
31147 58426
60488 75867
45868 54256
73142 84941
13933 32611
37714 60289
21205 66665
19533 51728
52860 88419
30112 61927
44291 70825
48568 67470
24994 50759
37254 51811
47500 51010
1705 14496
40047 84323
23077 67244
42137 56562
26036 55543
79828 85340
8134 20728
21753 36464
37008 74714
77067 97204
85409 90076
38003 73198
60038 71566
65578 68067
78309 98678
95398 98502
64837 66554
18522 44169
27139 63248
29383 58436
22876 64829
33715 65478
10677 52096
40526 50249
38431 63538
1640 50719
71661 96102
20441 55237
30345 70168
54189 65847
27509 57704
25340 72511
70271 91841
44744 59441
12852 54231
52159 83953
51817 97666
94113 97529
83848 86380
94829 98382
13137 44105
25114 75041
33568 47598
47392 54956
21151 74946
21741 56623
44972 50054
14202 88309
47093 65001
65918 80217
28785 75369
21742 25178
44100 56651
87363 99586
18085 34470
74803 75262
26478 70368
48021 51346
34167 65511
79901 85754
38723 60120
51118 69403
15202 56066
15545 29293
67924 82031
38809 54682
76487 86987
43709 66395
48791 69157
55457 64561
99588 99645
47864 56773
29628 57118
49929 61750
30810 69613
33746 54622
36736 94907
27250 59192
46815 53567
18685 58613
24339 92515
95301 99593
48095 50000
19140 56986
27888 84816
66923 79356
39511 50000
8376 74140
12803 27959
47860 50574
32693 50511
31479 34374
63012 89115
19522 56865
45048 52099
24797 87467
42618 70928
36995 56690
15033 41881
14657 49120
47155 54407
26776 63039
18454 50845
46981 86019
49265 68370
46522 75365
42823 53080
89491 95302
39110 74934
94255 95643
61753 80534
62427 67997
20856 81394
63179 85644
4075 30446
47673 70137
29924 57581
91032 92239
24193 50000
46561 63325
47196 70741
71621 73465
42156 58236
94712 95454
27905 56450
29827 59086
49644 84387
48173 53816
47403 66802
48350 50000
59520 95002
86502 94026
38135 95977
46834 53734
31872 69620
32941 78187
84382 93996
4621 96377
25762 74678
23793 76859
31726 63031
39990 50828
12751 30690
29251 57251
90391 99495
26061 57189
78212 96289
45728 70891
40590 73665
31835 66789
29889 30459
62614 87117
32634 59972
46146 61506
19859 64357
38325 55044
87928 97186
32279 56200
73189 84988
10945 69357
27726 98175
44599 58798
52159 59721
40239 46170
36335 62259
45818 50765
45732 72398
47340 52499
45278 83420
40859 56095
35094 62300
58214 75708
36643 44592
66035 84424
15285 51574
26000 43764
93510 99928
56946 87435
34222 52133
4660 21262
73877 81161
91352 96241
48433 70131
34684 85406
35836 53178
38076 52926
33358 40152
90285 91876
33175 56733
49486 53834
29450 68850
46939 81502
47847 81131
89083 97020
29925 53018
1394 93268
38588 50000
30751 63158
49639 51655
50000 62394
71768 75903
27589 58867
47956 50000
34101 53634
47700 50752
80434 95433
46116 94529
52807 73764
46406 56991
36396 72745
55628 64608
56458 71463
89272 95686
50141 75343
24425 55722
77132 99366
47413 56750
91027 96444
49377 63146
96054 97037
46675 91926
88514 94463
49608 50565
56589 79755
53967 78805
31195 32048
36795 56243
50000 51684
60917 87989
46712 51488
47173 52060
39494 56868
97588 98189
33424 54052
39357 62128
68736 71552
24215 57777
41614 58409
77052 91836
64558 72964
42698 76336
9546 37696
17087 54269
63306 89055
33441 51740
60327 65276
60194 65604
45013 88477
44506 72325
44711 50000
50348 78217
49313 91620
24802 58305
3863 88721
35921 67025
91767 97901
11398 57923
76473 98942
34765 65590
47412 70283
19122 57948
61992 99954
65252 84641
45280 70170
8995 33538
29678 84127
98103 99853
37627 54800
49367 64719
31620 82994
6236 75076
94649 94701
33630 60534
54727 56842
35008 64502
70168 82075
4547 93887
5870 49773
45833 64518
9260 71074
23643 96728
44772 51628
31091 56787
35890 52091
41225 69295
9159 94320
43992 55660
20250 38770
10197 90601
24286 53059
59885 69864
24586 56212
46611 60716
86919 96007
37618 70046
39363 60339
32279 72902
30839 66436
31859 62313
45414 64102
32789 51122
9744 21482
50000 58250
66668 72276
29064 62546
24054 42270
83447 96708
99587 99861
28969 29603
29854 88724
44436 55692
48094 50000
44392 63814
49276 94128
56415 96746
27471 50860
43372 49168
7414 65107
81449 82831
78151 87563
37700 78352
95812 99548
48529 54346
43916 52524
40707 59556
26517 60982
46372 79394
24036 31076
74468 90832
4097 33931
22246 62891
41272 68441
69387 79894
41804 55164
46426 84753
77417 93192
3932 88679
81522 93462
83172 90176
50000 68365
88428 94035
66446 96011
83277 86668
48910 54177
56444 78797
75536 92701
49437 51020
47346 72635
41991 68652
91534 98054
57425 63699
155 18617
16173 73840
48175 50000
39248 89840
61361 63442
13908 84983
44752 65750
73567 84828
71900 74589
45495 50723
56445 84265
48412 83538
26336 62355
27979 86126
45934 59410
61361 88016
35299 53495
80196 85872
82543 84748
29538 58845
22322 44477
65727 69762
27760 68690
42328 53425
65886 82229
13462 65250
45798 52625
14802 50008
60375 85696
88733 99737
47610 67849
96175 96291
86453 98898
52677 85156
50000 53203
86667 91767
49725 57468
37975 50000
32003 58286
50000 51150
20106 71606
45204 67198
39528 56133
15485 51996
38382 53052
25597 73892
11200 55515
62926 81318
44596 69296
49025 66988
60095 69904
45621 64005
14820 79479
39068 51915
83120 98327
39307 78474
65363 98113
80316 91638
59049 89034
46890 89517
46129 59412
45831 77146
34658 55700
43324 50000
2323 77334
33210 52976
37500 53962
27797 77153
78953 84307
48804 93645
47247 50000
81477 94704
54371 63105
44896 74868
62896 98246
29724 62342
50000 60477
21180 60537
44696 56972
39691 61307
41028 63325
13075 88360
42844 79553
62544 84249
34613 73149
74596 90124
45098 54073
31604 95847
38430 82835
50895 95971
46400 58295
74285 87992
35998 55357
10124 34509
48395 52600
15820 68212
42003 52530
6404 18718
32804 64711
45156 78085
18860 31593
32109 78809
46012 54398
49088 59049
3458 75479
48098 71437
43591 68106
39276 66164
30475 55395
55264 58923
91106 91873
19256 45335
44614 62186
45085 70647
59409 59414
37550 60538
17023 62501
24160 48921
66751 90591
43659 73161
78623 99103
17588 31322
49349 52557
41244 86326
29489 71679
33515 63247
98607 99333
33320 88557
49278 66020
16839 35885
17180 59265
44493 60510
42392 65356
45428 64353
18069 53338
19951 54853
9025 54199
18036 62470
30769 42340
45329 50152
91344 92442
49669 53424
90922 93467
45166 53079
56654 74661
66989 79583
45828 69162
22638 53406
49124 50802
32693 51296
22505 56866
24517 65470
44807 52578
41044 58201
37700 52135
28877 50853
43269 78184
37830 63080
37278 60657
48437 92779
35488 60117
93972 95663
45576 72398
19961 59694
47929 54475
55021 78507
36471 89366
41212 55013
23384 50262
4007 91780
97634 97804
23988 68515
57636 98371
17866 49837
65581 85695
11027 35428
20623 32939
49094 50363
24427 64308
36353 69082
23291 32060
52012 72317
28209 99778
43136 69323
70586 96700
72641 96501
28780 72755
36422 71945
46140 50000
45699 66646
28661 45994
28854 50000
50009 87159
10739 88964
34219 56408
65968 66160
27529 44460
45345 87307
47468 68909
42273 58220
11807 50509
29710 44941
28843 50540
9615 32906
59327 81548
42281 54800
1247 99591
2190 40218
12980 19652
40333 63075
45985 65644
96501 99975
26567 61769
36987 59927
78776 99296
91397 99990
45525 52338
76228 99176
5059 35925
8975 52465
13075 53955
70095 82341
25971 65743
79401 86085
71484 75982
48341 90008
43362 62588
69816 83733
33480 66611
89785 91300
28007 71819
50000 57582
48023 84867
39595 53827
64301 80415
49018 57084
3784 36127
42175 53045
77926 99045
28786 59237
43800 51834
36441 79216
27416 56110
7123 50654
65799 99265
34519 69022
75877 76203
30589 66296
26611 79564
51030 63177
45575 53102
52201 57938
66622 96804
84508 87407
12470 65850
42847 51074
11895 52184
42711 68801
73783 83934
40842 74055
30353 48014
17564 51097
30594 56259
26450 57527
80630 94990
11510 90291
45404 67030
36305 91335
25345 55072
11243 54549
47567 51526
42800 73732
40334 64112
44185 50000
23119 88030
33779 63871
8493 86660
99025 99343
13866 17344
49578 56798
23817 77197
49218 71643
33155 71101
16371 53276
13946 53192
85107 85317
41437 69422
74715 92876
31539 61113
53546 56801
67154 78313
26436 53486
31752 79409
62758 89026
49840 52589
44561 73420
24650 52099
14243 66229
1444 73186
92608 99852
48784 65981
48180 57018
42975 55819
48871 59889
81388 85279
96805 99452
48292 64884
32860 99191
48590 58435
82644 84717
48775 50000
65249 81630
26589 86838
79093 93848
48503 56868
90982 98100
31538 60020
42392 79667
46215 70660
15625 53569
97971 98884
95807 96868
22425 55239
70239 81372
63911 74671
94953 98499
76438 98565
19401 86899
40334 79347
51685 62316
35085 57774
50000 67765
44255 72687
45643 58691
17630 55275
60918 86367
73402 96124
46044 60093
39944 52543
48393 73683
46706 65452
88658 94177
82298 96460
48285 49079
24206 44989
48585 56495
65909 73816
26843 53404
84810 93795
82817 90077
41996 53410
59530 88423
41687 56817
39890 63435
85260 88949
40889 55118
42197 54605
76812 89952
40578 76793
44998 73977
3049 52866
40998 53332
42324 57679
87461 96232
38054 66723
30616 54375
49433 71828
41571 72526
56495 73620
42684 51498
89070 93369
45815 72769
31712 62100
11287 50000
24970 65118
45223 66778
39227 60986
43543 56377
40570 83731
46259 50000
26594 65724
80172 81506
64609 95902
48929 65949
48631 60537
73015 94719
38254 54503
93645 96924
69792 94986
95581 99763
46891 56160
47826 90561
10958 59732
18821 52917
25938 42658
90136 90610
35084 79304
88563 92699
18549 33891
48840 50220
24969 62758
50000 52715
73211 77515
57355 94347
83797 97369
84768 85007
77311 88283
39090 50187
21953 50068
49896 56004
49893 93854
44654 55355
45002 77752
51563 69128
43562 52656
50217 74696
37252 92408
39304 57540
38884 81030
45459 54965
49424 80885
95460 95523
83000 88838
41786 70918
41060 66165
42702 69746
48980 53848
28568 54751
31322 82822
50000 74044
44888 56300
58848 84510
4393 8912
85016 91622
31570 59206
85391 98098
45848 50000
68207 97514
48994 63035
22712 62749
48512 94678
15626 70706
23308 57454
10250 55314
71731 85749
36636 56468
17361 55873
57832 89597
41329 97684
36336 50467
45608 57840
35152 71276
47968 62071
38564 52139
49041 53938
43283 75423
8038 43312
13759 69608
54190 99942
67742 88342
62022 93774
43589 83721
46197 56700
46345 55986
47058 50552
41492 50737
43408 61118
56354 97808
993 90729
1108 47106
65673 87223
44143 59593
43566 84406
16928 20480
53326 62480
36194 67292
43363 70711
49020 52783
27417 50804
49562 56174
10850 56064
49357 54555
37180 76500
51242 84361
34744 50739
40497 66915
32371 50784
50000 52033
14282 70032
67912 89074
78860 89048
16376 40383
3164 17000
50000 54891
38352 57962
9981 67612
4083 6545
44566 51821
49140 88112
5694 56700
28367 73203
47886 64869
44351 51051
15470 97886
49198 52182
27916 42999
54729 68341
6728 78037
47514 50294
46916 83155
21997 60953
29622 72653
39957 84722
86560 95016
25739 57004
17666 24872
45784 75987
55116 62450
50014 69910
4783 55757
66328 70435
49521 65093
39944 54842
43247 61134
64635 82578
52097 91326
44260 54951
47594 63972
93073 99166
44963 69333
13325 54329
27910 50327
39799 61838
49389 55063
97225 99673
50851 67860
37512 64356
28654 64333
41685 67086
30428 75507
63027 67067
38571 51954
7147 28955
46726 90085
77380 89259
48282 54990
43659 81674
34106 52740
78310 84278
21321 58770
5993 12846
41680 57015
98820 98927
48793 50429
48380 52654
62100 87560
18279 55617
53224 61061
91516 95705
66499 72698
47800 65740
25611 64836
2865 60274
32420 68151
43679 68620
37098 52186
3948 18259
80415 93570
23310 58954
85348 87151
3837 73272
49485 50333
40693 52803
6044 50470
86465 99552
57693 71331
39886 79185
16983 78246
35992 64403
30544 50225
33238 58987
46683 50650
24991 51593
15035 23744
50000 51339
71099 83133
43615 50687
50000 53658
48555 51089
68873 74550
67530 95729
36512 71009
39456 65475
17106 52137
46440 85980
8964 32589
94773 95936
631 72533
11692 62106
12578 51600
18587 74490
54219 92393
89452 92900
64138 91430
75799 84978
5803 89265
71836 72920
45226 62524
29467 73331
30770 58250
50000 52767
47318 81017
45430 52891
41197 57636
16180 38737
44506 44600
37048 90579
82553 98352
1172 34315
67072 96087
90175 99892
50000 59422
47339 84683
74997 90992
64211 75178
46916 77095
44347 54078
51171 51518
29215 57015
33008 74110
42938 52640
51727 69246
5772 9991
8871 44301
8438 51953
48317 50857
46566 75790
33651 59622
35224 50000
47164 62374
38218 56390
4108 12323
39680 71101
19746 23285
50000 75442
26380 59315
66305 95003
30155 50687
30531 61307
48681 70071
12246 57701
35394 57916
40580 55334
49197 52379
47265 63579
54765 91001
45356 87196
52914 53740
6690 15661
96519 99369
42397 51732
11563 52538
45583 59878
82631 98344
68247 88293
30643 67229
60046 95962
35868 96654
61909 74452
65817 77941
8030 64981
48155 67070
11734 33180
64920 86064
84629 94906
43964 57310
43080 58779
12099 68646
68553 81616
42108 62181
33733 80757
26667 62105
4342 53013
77660 79547
47236 55418
90879 98741
45750 84325
28934 78723
25408 61225
16089 51725
75015 85393
38757 82612
24554 46820
48623 90850
43070 54485
17916 54448
42599 56056
55738 69957
42395 46953
39959 65925
61295 62762
50087 84057
26582 52027
38488 62853
36796 57535
73585 78125
25603 80476
43672 60985
75995 87552
40862 89870
19432 50000
29128 54959
41989 79452
34542 51308
63263 99155
48430 64031
24109 58585
44677 72731
22513 56717
36885 52454
50573 61554
96264 97852
76704 80586
40069 50000
89694 98668
23204 59416
303 60653
96795 98391
67799 90605
35278 57755
64978 94399
91939 94349
40077 55604
40830 76101
38154 80585
51894 82826
83583 90562
32489 73213
32797 60267
39362 71349
42109 52860
48010 79420
83753 96482
37593 70798
25024 89424
36031 60422
49443 80341
49507 69764
46984 56023
4411 75377
25474 69945
47221 57161
40906 50957
41289 85763
47293 52381
42653 59298
41208 76601
26691 60525
47092 74551
61140 63349
99238 99540
45593 50000
69047 89304
91854 95588
35888 56489
40079 55201
2453 88917
26111 58113
22025 53982
45987 54912
38554 70540
20037 35912
48287 80821
96602 98172
15758 39360
39016 53200
50000 86329
20195 73016
64365 66839
51892 71790
31933 62858
4364 83582
67638 85431
96774 97644
47221 50514
49917 90618
44711 86838
15859 57989
82740 89084
57462 62375
25545 53485
34906 67276
50000 52063
12385 54311
35588 62133
18312 50000
12297 65315
95467 98138
15827 54677
84278 85025
29150 54648
82634 91151
50000 55088
46382 65543
12810 31436
41243 82477
99608 99965
98238 98346
48214 54647
10324 41573
50000 51526
67343 80414
5109 40003
27284 51281
47794 51290
40408 59891
50000 53734
57903 60270
38897 70487
50000 67980
39907 53161
53731 57203
48590 55683
46000 55691
70651 76134
49456 83905
36058 75788
36676 60758
37652 76822
15851 56617
48424 60473
46687 82120
21294 24790
80214 90041
42123 76425
64376 70016
91548 97642
94781 96739
33948 34573
44616 85210
67091 90614
43541 51639
46320 70684
47959 98934
42870 95651
6476 86188
28734 60813
19345 58105
38241 57000
34302 51132
61557 64536
33859 54397
99670 99979
36981 57064
65452 68826
36156 71457
77171 97478
48377 76841
39443 64021
80571 81628
29685 91237
33018 85565
38600 55604
33437 50552
46403 51826
12103 58048
22197 62757
50000 51985
33593 71431
26385 58324
46950 54715
50000 52531
45991 78482
29491 85995
38654 68948
70142 98049
37941 80446
41734 79046
80419 80422
20787 97845
61962 92937
48099 59759
45968 87663
64411 93880
11595 61788
47499 90953
69580 87500
43423 66144
42282 60972
4496 13565
47807 74801
45374 52615
68634 85612
35585 84395
38356 65127
40809 53339
23463 60233
45165 54066
48158 65374
75409 93906
49677 59281
50000 75823
48651 58437
18784 54246
49327 60990
95030 98675
41638 56908
41949 58291
29466 60194
36195 65206
40347 52821
77832 86231
11596 43343
26318 71706
46202 73716
94043 98391
70162 87730
47455 50917
28221 38683
33386 53390
47573 65227
63672 75165
44849 91181
30175 61606
47633 66699
46784 52395
98899 99948
36264 72955
48545 90667
50000 61308
91519 95147
46085 71245
72210 99438
47533 57869
48661 51344
41219 58815
48119 63048
48048 75312
62151 93013
38923 51381
62970 70374
56790 88284
45211 62440
4339 31342
66391 79236
38036 51264
50000 57234
78670 97551
43578 66391
8036 58352
38836 56047
5915 50000
31206 57217
44382 73779
48018 54821
29121 50000
45693 85935
86190 98844
37184 57320
18509 50402
43052 77557
29277 72850
94303 96165
37629 46718
50000 57562
49443 81221
17115 56065
37949 58172
18302 51708
39323 87177
46075 70042
87937 93918
24760 49649
48204 54293
73532 79567
45884 64413
31800 76715
63883 85930
40750 58071
42984 58215
73714 86756
22684 30580
19477 60034
48250 64784
23170 62702
29539 54125
23382 66014
24694 53907
49451 52017
94696 98887
46594 51290
44633 81385
26597 71935
48254 54959
44281 73043
26431 94594
98896 98998
58720 71141
11743 79186
43890 62773
45367 56486
87647 95561
36980 65119
46702 54358
48811 55894
56141 66185
62691 70607
96552 99743
13733 44256
94371 94374
21583 24311
40375 44694
32545 97228
48156 51671
75898 99617
43472 95621
61740 73180
73134 93832
19216 78479
60917 69926
83295 84322
81557 96574
86763 89695
82422 94957
12838 24090
31319 73367
39823 81818
21004 26566
45626 54025
50000 64729
39317 72974
5337 94345
94283 95782
46662 82147
27832 59393
19698 79567
62560 72700
63445 79027
42337 53675
65745 77737
85053 96419
38288 68311
68775 87759
49507 81840
43005 85735
14445 96174
14429 52602
70606 85254
46520 63199
50000 51961
27672 53107
69145 76804
35887 70304
42084 63925
86866 91566
41883 45881
41614 75534
45002 52569
11473 31613
41554 83770
93935 96564
29493 67505
41531 60917
4935 90349
45127 95616
53443 62092
21763 54505
11521 94746
72594 92648
64183 91628
62161 70434
44601 66370
86021 87892
25117 29348
66453 89934
47720 69767
37681 44969
42560 50346
80926 89163
30862 52229
43956 50000
46130 85242
61199 82282
13245 51485
37207 38083
40082 56992
26747 61300
40985 43381
44259 51812
50075 59814
26942 69577
97685 98583
73731 79078
8830 59302
4393 50000
21825 25855
13837 71060
23624 65594
50000 54649
26263 95602
36005 46006
63043 91241
45647 65775
20297 50724
31519 67549
51605 66864
6913 43205
56866 96548
92998 95857
31042 55399
47893 63097
30659 34915
40371 40697
41765 70614
45371 76269
47707 50252
42194 57615
89521 94070
43957 71850
43042 53237
74913 88163
87768 92023
47160 54653
61169 73942
13647 55478
10166 79057
7531 87546
33076 55958
24812 43461
12585 78790
41882 81528
47333 67231
2577 50065
23120 60458
29722 40270
39914 53938
46477 67670
20349 20606
35109 56677
24296 52716
50000 57621
5539 32507
7877 76453
41937 60366
46538 50000
43098 67206
18413 29238
36888 69763
37446 53285
41372 72946
31152 59106
19724 72403
95253 97420
33094 73005
3024 25055
46889 61649
25629 40124
94078 96641
75528 84575
28231 81625
40530 75429
27736 71148
49614 86479
4152 58169
44336 52273
17732 60840
52602 86912
36500 57931
37095 57759
49940 53380
38636 74106
33479 57666
32102 99782
64572 76947
95551 99293
98357 99023
28511 67866
40232 75173
47125 57366
88093 94074
39353 53987
65157 93594
80332 84877
51484 92990
41746 69811
41075 69211
42476 55791
50000 56068
33677 62471
571 49127
33838 99757
91085 95921
10811 65162
74917 84333
38924 54136
43830 88804
45530 83434
20827 50879
48480 66100
1614 20833
54755 73189
92099 93175
50000 53494
12629 76787
46331 93076
46852 50853
32078 62622
30437 69913
33754 81258
4460 55113
29703 63173
44271 51779
43133 69871
53996 56600
38867 83796
73280 77595
80112 85916
14742 38554
47859 57088
57279 83401
51578 64578
7328 31046
39667 65723
33037 72527
45764 87114
66370 95373
41935 67097
54157 72173
70620 96077
42088 54404
77132 88588
26070 58964
43943 75943
48439 50934
29005 67631
66590 76451
3049 55640
46142 51755
38311 91662
32306 59113
7024 50000
74429 90523
11017 79973
77219 98780
88665 89287
97879 98023
71061 96095
46540 90175
63931 80338
42054 56748
34218 78275
29384 50530
15386 24303
19921 72351
50000 64837
27047 64571
37387 50427
13027 97854
42214 71288
21982 72158
47080 78134
5708 91725
39279 63797
50356 53806
40421 88711
36130 74242
50000 51820
49 93671
34107 45695
28080 71098
74410 76265
32110 59826
74874 75097
30964 58939
19219 59459
4050 53334
62586 90255
11088 13556
77168 85937
71147 97624
17218 55629
36967 39444
4305 20680
46245 81152
43471 85657
2640 7994
50313 92984
74808 78566
92150 93049
36706 75040
39237 49613
75678 81852
26149 50178
77090 95842
39423 84286
30529 57700
28089 68860
68038 69070
49306 56687
77983 95676
94206 97280
26583 63839
64746 75849
45190 68809
39511 75515
23878 70574
22843 54563
19229 40385
13124 74215
39072 73222
42810 55818
47376 50000
10688 14412
91061 99928
10099 40321
47278 61415
19657 54247
71080 71098
21152 51114
2216 48158
48271 81352
44646 84144
19618 53066
45029 65844
66065 85893
82499 84925
16594 44402
11605 35364
42091 59314
16985 21267
43804 51968
46726 88150
61012 86205
40230 69885
43063 82933
65817 80513
69211 81096
31352 54778
34631 50000
38860 96659
40701 58312
49538 50476
88143 95450
47871 61352
44067 65757
46684 65286
67436 82938
67304 85331
81766 90301
50646 52078
39476 75887
19650 68924
33638 74704
27710 64850
27658 57935
39475 86848
24220 55390
27763 51979
18570 54999
81100 90182
40693 77283
48103 68857
24331 51671
48208 76328
16425 37816
80408 81889
47169 53063
7388 46551
19075 63803
12824 65756
54609 83500
35062 58142
41927 61466
36287 52794
5173 99238
47392 64079
26969 39664
45346 82021
28039 59521
95858 96910
70538 75528
58938 83995
49077 50145
91635 97239
34723 38523
7562 47183
39595 77462
3467 47985
44091 77217
99166 99173
88869 92433
50000 55317
29565 50322
43945 53790
62190 62422
86516 98924
79300 89076
71408 80118
23362 32651
80923 84362
68885 95682
37183 63646
28826 61003
46858 77950
38556 65796
52465 98968
15194 44478
24084 57334
10874 82726
48331 76284
28350 54639
17108 54396
99125 99664
49158 65216
37529 75753
64801 69272
99151 99503
36391 72329
38855 64655
45083 84668
6906 60723
98043 98333
20051 53835
47399 48079
70987 84984
47030 66072
36443 57628
49859 51765
68214 71660
32125 67140
21233 60450
40841 70977
38908 71008
89196 89620
16290 45076
62338 73016
63943 79503
36474 59131
31141 90030
91762 97072
26951 55171
50000 82425
41938 71081
97327 97523
33197 70527
76916 97101
24171 46964
29902 57100
46391 54507
41775 42810
18605 51416
80931 98943
72820 75749
85874 87269
37111 63769
26468 88398
77899 84803
44836 51480
31780 61221
32912 72373
31675 51774
41536 51466
55540 78057
30094 49470
47067 58045
89225 99797
11053 19754
28054 71624
49092 70819
39858 66313
48852 78452
44000 63663
21789 58398
98427 98991
9653 53028
86712 88982
44821 73224
44824 68499
98760 98906
20026 54618
47690 86969
70193 81890
53177 55175
34819 57145
45487 57256
49350 65131
30889 58869
251 81880
85982 95179
22086 51607
45875 76461
45493 65684
49312 71475
50000 52406
48792 50853
61395 66870
6082 90032
11497 56056
38630 48882
50000 52127
31059 45180
34653 70529
40322 65339
89588 97498
48179 87776
45323 61917
40024 75771
31672 38889
30893 64484
50245 73416
38055 79600
59040 64918
40632 59536
46405 63784
54531 89665
31651 57733
18019 28039
93497 98429
36592 58366
88715 90984
41579 76690
51662 54519
56545 81872
40609 61754
34787 52433
19593 60562
25107 50000
13527 55744
79940 88990
97921 98612
49088 63879
16542 50822
18400 34590
47668 59637
852 66732
3551 97012
42414 86127
65878 96646
23550 53361
40755 73441
9541 53730
92414 99771
43421 72366
47633 50908
18301 61726
42913 57557
35783 70410
18479 54903
30015 61835
29273 62515
42809 74196
46269 59983
5820 50646
62890 98706
26929 95199
47552 50000
41680 48637
45771 88432
21118 78180
28817 49188
21148 61304
30070 58053
28198 60068
49513 63298
96685 99689
70953 85046
67006 81369
40201 90320
578 89174
20750 56104
56403 67973
47690 66811
51447 57957
14791 83403
26341 39628
71671 75313
31956 55818
43524 51677
28636 84473
50000 52478
42639 57529
21130 38050
34524 61841
44382 45518
56678 99202
48585 56572
48098 50965
1923 49406
11753 78352
34038 59690
27510 53775
45013 70662
79544 81321
41526 61696
85394 98413
34904 67105
11063 72736
44464 59230
36412 57304
17453 20460
43529 55617
68516 99637
92045 99316
58783 98033
43870 66953
86680 98430
47814 85240
77230 80069
21988 65725
32898 73379
23832 66420
53096 54507
43871 68399
26061 59977
43469 82528
84254 88938
48431 50000
19348 35417
86630 90517
76027 97222
33596 50341
4579 49228
34797 62531
46717 90853
21139 63856
35757 53501
7122 57160
46884 74186
51487 73457
49661 97144
48259 57631
52025 58452
11935 77589
31389 50000
89620 97454
17541 91309
80658 90926
69895 78771
493 86593
78953 86708
97299 99612
29099 96957
60924 72000
47545 57770
55791 72425
19122 38482
4955 19329
51766 91176
32796 57644
36504 61815
76816 97786
73318 74364
16651 71970
46501 55336
78181 92059
90366 93880
89196 98382
48159 62277
44015 80463
48740 65837
34639 70461
42538 74081
36919 67468
38249 67965
53333 93068
87791 96654
5073 37995
15354 70348
20740 57854
37581 74980
35070 58391
59007 85399
46369 87832
65024 91974
44660 52594
48126 55365
20586 84060
95661 99403
33792 42033
44744 54382
19587 88228
71141 94582
21995 65105
21857 60834
41949 65008
28993 94081
42914 55957
11865 59108
32440 52954
72690 86582
38975 42382
83632 91939
28574 67686
46846 56413
46017 60207
881 3488
90099 98104
40747 55447
14689 79206
40607 81101
96580 97621
12230 53556
71968 97010
21556 63477
3847 55452
21624 54348
31796 64493
43085 50408
47561 54298
23192 55366
46085 69638
49904 65888
40695 99370
11133 91071
45745 60238
40418 77651
37718 57344
24017 57375
18449 21157
4707 18281
78403 82233
38139 58896
13225 39159
34399 50177
8955 44853
41082 53104
78646 79607
48574 52488
15921 32976
49106 63835
61539 75688
30443 67980
6376 7639
93488 99738
28402 60486
71712 76412
25501 63223
44274 46167
48099 62450
9274 54044
22595 56083
36797 61399
46361 77100
94662 96690
37661 56309
85614 96484
45843 50957
22337 63190
64742 77253
28288 57008
36898 66768
37034 61036
48311 80586
45885 58632
33549 68741
67160 85908
54069 72241
70356 92473
36331 52844
92002 96862
42321 72666
47981 88858
28167 64076
21980 59633
51171 90020
84464 88455
44484 88344
77920 79337
38367 65583
97541 99752
9191 53314
30762 30977
94101 96276
87070 92799
74108 80214
40567 67006
40802 75548
73335 77288
31374 51536
28665 78258
39364 50224
346 19540
39049 57879
41763 66104
41935 50955
87008 94400
81641 98969
49791 53864
44010 75731
45681 83170
65973 69490
35062 54749
42704 51634
21614 50234
35609 52338
33887 56092
43823 86135
14053 21381
22576 52216
45071 85903
38803 86393
24788 56479
42119 64197
72533 79842
29400 59801
9730 55179
48617 92316
38232 72661
27799 62843
86768 93318
33780 61202
78649 85828
81301 83603
1026 88221
74011 80627
46632 56691
45644 82352
90077 94119
89382 93943
50000 53129
43182 62620
53230 61479
20737 61392
36948 70155
25459 61994
63700 66503
17696 74257
24618 38987
59143 89160
29357 80796
94730 97149
4584 74127
14236 48712
47185 89161
22247 60257
48812 53485
46531 84665
20108 87409
38600 77093
26212 69896
68008 96964
84184 86470
78883 83548
58482 62670
91973 98065
67685 79581
42957 77116
48839 51342
37092 72072
28011 33019
96946 97953
87627 98997
38850 52075
94597 99037
64726 68320
20414 58262
45503 53810
80579 85718
19406 52463
67129 95761
54251 97663
36765 54797
37348 77208
14298 55351
3232 45908
37037 67662
84561 89199
47156 50000
89846 95775
25792 26037
21313 37072
19448 62371
85252 89184
92123 97589
23955 58513
34207 41035
70905 85085
47276 86602
40009 44796
37143 78901
48311 74215
54885 87308
46591 76905
57448 58036
48958 82779
41982 90591
64935 76202
45288 60442
48136 52462
5922 47931
9199 83720
40376 69701
82800 83223
41772 76906
84218 87102
50000 59509
26984 56899
40980 62374
48566 50033
44375 57317
83717 90244
41396 55493
43557 87821
46519 88031
34161 52288
69183 98500
84452 88317
35904 66537
57778 93605
47849 68799
28955 71632
29189 67878
46100 70782
80275 91799
68856 87606
30209 90579
15449 60287
46421 59181
28105 86108
62674 63813
42351 48137
40310 54492
10956 52906
40438 50600
76043 78575
74863 95831
28505 75581
49558 72281
6588 98220
43743 58110
43350 93676
22400 57368
89385 97585
37967 55632
5368 34570
48658 55820
43100 57992
54536 91158
43404 68665
99945 99968
48419 68255
75751 78587
6632 61950
48315 51325
99911 99945
30014 54865
37141 90171
20376 35845
98425 99045
17350 51620
29776 69287
50000 57559
49858 92397
60051 83117
98730 98979
28576 49691
69236 93594
7013 54447
38247 61412
72447 89293
48891 66540
21926 62987
88635 98479
39022 86061
48766 83982
93518 96525
52436 60990
42883 64454
46987 64649
95114 95195
38962 79768
45856 51853
47591 87096
47828 59232
20736 63149
34113 35283
28894 67659
26806 63925
99910 99942
77953 90249
3206 61759
2563 65587
26711 58832
48060 50846
10415 65521
86206 99198
26623 55427
13127 81929
34133 95546
3664 76302
62744 68266
44538 78573
46406 55233
4242 63622
40481 56288
24574 82203
43334 78912
38795 78742
23245 48158
9733 98113
20980 56936
27983 56481
90013 94611
50000 66028
33285 70216
36815 93820
17075 88745
26648 99694
8087 50000
40353 69081
48249 53313
29555 53497
87162 89594
85196 98853
41688 69269
86298 94171
28346 55121
48447 89929
43429 50000
9499 85154
64561 74589
28180 53903
56035 92486
34823 51166
69696 77578
35266 61105
97754 98764
48090 86618
13065 28674
41731 46127
10855 85443
48417 61238
32006 67852
38567 68616
43165 65640
29745 59141
19120 84850
45714 52681
34638 60142
71978 74800
70394 72903
36569 76106
41897 61105
42885 74591
93442 96074
68513 80960
46376 50819
45938 52075
42558 68770
19059 59852
77796 83389
47884 53051
49147 66273
35352 64460
421 56740
79235 79691
23107 64904
35957 95305
23247 58511
93272 97052
61543 94782
32989 53725
43706 57108
65151 83400
49271 62329
46949 85411
38669 66656
68654 78251
38732 75803
62962 93396
37695 50000
43049 80179
39878 59319
47518 50000
22853 90495
68164 78804
47865 56031
94580 94600
89862 94969
69381 81426
17663 95727
50000 54291
42566 71923
13461 51759
1422 29272
34601 64804
46508 60882
45340 54743
90819 93922
47819 54815
16475 74381
69590 74227
48748 59761
47334 88507
26742 67158
39279 82207
87373 94648
38274 74492
50000 68886
62795 96419
36318 56829
92499 98523
22793 42945
9113 93662
45912 53915
30808 51335
92926 95497
44385 81126
58707 90887
15019 57186
45466 73084
47002 70286
40945 94896
12076 72997
45021 73123
49180 58655
38332 63690
98946 99469
48692 65197
9577 58097
38122 57867
43249 49830
62149 95452
32443 61427
83829 84597
37193 64512
36339 54938
47688 91110
50000 59185
35634 69106
63621 74868
48472 52671
10457 28523
39116 51037
69458 86077
23018 53913
41662 58566
50000 53770
60527 62039
31846 62434
25295 59301
47327 50000
33069 64308
28254 57127
66904 87175
38917 66929
89225 97631
50000 52903
29686 89001
47152 85786
42497 53740
28212 66296
48488 78780
90674 98325
49388 65344
46973 64823
45947 72167
31325 66731
16257 51658
31397 68278
53798 55471
32945 50000
43238 85973
61783 73488
11595 18712
46855 52431
40226 53430
19565 56969
24264 66519
77081 84620
10846 18819
49624 65478
48112 65113
47138 52289
40173 99895
36696 50848
42578 78804
13599 73475
11897 27184
7879 67693
31929 65406
85910 86109
22405 51339
47186 50000
64818 80644
72129 76275
96101 99423
70020 99515
51038 65877
24937 53522
31375 58290
8457 26240
42868 64346
41343 53897
49259 51899
60122 90401
46882 76613
90812 99706
35705 78488
34808 93395
2362 81945
36028 71813
29509 49859
28368 64755
29818 52630
21342 61772
35702 75147
91582 95503
74981 87988
70290 92493
34617 65528
68003 73138
83017 95596
39587 93505
18057 19243
23877 45524
37112 68063
1510 87213
33394 55324
36346 51881
41440 73242
15945 51152
44809 48332
48008 50405
20303 60874
18635 60001
44250 57972
19187 56028
31569 68910
38681 79851
55176 94153
89763 94865
50000 55260
34458 49402
34639 51884
48442 56963
92605 97113
9293 10657
49075 58687
40048 98081
69100 71949
19454 63672
64459 88293
56181 79842
41017 61608
37501 50467
50000 53954
75954 94300
20475 52943
75110 82051
16881 33157
29942 64175
41978 60613
18208 82304
32100 51874
44263 50231
45743 95193
40684 79753
99900 99966
44243 63313
72156 89139
43690 54536
35285 54601
15188 22426
35031 64961
17391 80554
50000 52561
19817 84633
51546 78149
83965 95863
40314 74779
70779 84617
15773 82525
44759 87830
48668 57820
12249 29636
37352 73501
38636 73009
46377 63225
47649 85503
53798 67367
18357 94325
10058 21866
94181 98521
45489 50000
25373 53887
40739 51704
43794 76746
48102 77094
33333 58546
42601 92416
9327 73061
18337 59288
71040 78165
39376 75583
46585 72515
35350 36258
38594 57739
12103 35895
21386 62660
7840 50000
47475 59021
74221 96772
21846 52767
42520 58332
53054 70566
47767 62480
39016 52238
17599 53502
54821 82938
55002 83129
2027 77293
34535 93069
22602 32594
38838 57434
45433 50000
91869 93703
39792 82306
27385 54789
48599 66433
49581 82133
3466 33541
46093 54336
26050 58206
13690 56528
46404 88033
38958 57635
39836 97917
45512 62680
48500 59648
50000 58768
20351 56043
5980 24423
42814 50000
62778 83687
50000 66312
25191 69541
41173 68516
11426 31330
40112 85110
7659 50000
21712 48608
390 78720
70392 83941
24798 67240
1293 21939
54755 58659
2831 68284
14030 54936
48594 52651
60304 68987
48523 56293
17346 54832
30621 66056
30141 72382
23831 41166
91552 97150
80365 81974
36464 57945
48930 66141
41266 66463
77412 87492
12527 50185
34998 67904
56473 60892
12731 16881
41997 78310
46995 83377
38367 41272
46795 50000
21441 88570
21363 52752
27356 63680
49581 52277
33562 58904
49828 74943
1794 2185
35403 61076
41483 80095
29840 50000
23901 39602
14833 66916
92255 96192
21105 96223
45802 51881
48457 55939
32107 62492
2275 80008
87498 92452
38871 67462
75677 80818
98253 99031
1120 96192
30674 53189
40686 77722
61384 78031
45517 93098
58044 90004
47072 62461
59873 73650
20675 64737
52786 74135
26498 47118
46578 60231
48551 56398
47194 50122
4900 86585
34095 68185
29263 60013
69143 73330
42742 63748
94979 95066
42901 73725
88402 96666
37979 53051
14220 56918
10713 52906
93714 96289
56305 86425
14723 82484
45563 83316
42839 53410
35965 78713
49160 51055
14230 76760
92603 94631
61860 70612
70439 94641
25479 57323
15431 40598
88872 90501
71125 79250
36420 54302
56035 83886
30427 63814
27494 58604
57148 76301
34037 60880
40709 73927
45352 80040
53108 77721
38842 67425
54614 58179
39652 58207
24677 63239
30132 43338
47253 68034
17995 63040
47458 74217
35277 78789
64337 82573
54889 68683
15004 59074
11647 90138
47975 50000
94993 96649
57741 71659
39682 84917
46115 60873
59551 98716
74534 90303
47177 91865
23918 93449
47915 83033
84884 93408
33380 33603
43778 52666
49286 73932
45821 52555
24377 96114
12850 15270
37042 50734
3292 14394
36487 37099
10860 21188
75551 82854
50000 91802
48482 61548
29474 79207
7406 95842
482 77566
43497 54547
48675 50000
75824 77657
3825 96087
26247 54116
72700 82217
89297 93086
29942 77092
38956 52567
970 30568
44107 65512
48410 50000
47732 50193
40862 85952
63733 91121
36313 61169
24886 59586
26675 57253
8935 61153
36039 66255
39694 90753
43946 54655
61899 81359
61465 99534
77441 85680
22634 50000
50000 79572
52128 94217
40425 74963
65262 81177
14240 99091
92526 97281
67282 99202
49326 54987
44145 99267
36896 52156
36942 62229
92895 96771
96661 99119
33372 33852
37584 54997
41368 76457
16752 35379
37592 90426
1620 62683
24759 52655
37076 99621
46222 54190
24696 31705
50157 61395
10544 96037
49799 70382
42879 60422
45778 64873
49224 74327
25392 61264
8754 84678
31219 69667
81255 84320
49259 60111
44942 79831
65586 96126
20728 97821
32168 52053
37377 65574
66880 86469
92984 96423
48586 59335
42680 67981
49847 50764
41924 72497
26880 29800
30126 63962
47710 53437
41868 64655
41921 55785
6295 23352
42261 85651
16235 91065
7061 80725
60184 86562
49939 50608
2822 57127
76229 93252
38296 55403
76841 82818
1529 50606
56953 90862
35379 53665
45386 62263
49068 51251
32336 59470
47525 59011
84182 88659
37857 81089
39690 46383
93465 95585
91885 98912
2082 91005
45020 66208
29884 65806
71970 94645
32944 55717
83493 86984
83501 92487
40681 79021
73426 76973
26136 68509
59998 67841
57095 85092
5849 53952
20349 32734
48724 83821
29076 70791
54661 58280
56967 64974
64628 95916
42008 50000
40873 50000
46814 80183
40813 78054
82216 82289
36444 94498
40290 77108
26623 53561
46622 63594
17507 78226
41759 78032
18369 36863
13400 46992
31408 57781
40323 50000
46066 51373
45578 61229
26012 87772
48350 52010
4976 97769
67068 92427
27509 62818
82954 99435
17180 55517
44160 74302
55416 84917
47277 67908
42720 59391
33059 55853
24011 32205
38337 75313
86011 98370
30923 59901
97170 97466
21171 45820
16591 61128
42898 52558
38836 92204
25397 28335
37832 51149
88564 99178
35027 55779
40264 85084
86813 93629
48628 62655
10269 51566
46766 50000
10316 50000
47844 49857
55791 58841
37552 48306
445 23290
18781 62827
13960 63693
59729 90946
14001 80270
40512 51889
31200 52118
46784 53346
33823 51668
28146 52582
1804 70766
35668 53037
50000 61683
28157 72425
4324 98463
90931 94057
30497 45130
36899 58222
39946 58459
18764 52352
34617 61109
50059 50479
13417 14339
42608 75143
37267 53307
30375 64174
15744 59214
39105 39804
45549 55634
4219 62900
27012 73586
32357 61999
44284 75457
34970 50854
86318 93834
14686 38564
49156 72741
76619 83278
12245 25844
70705 93176
34952 58875
17493 60083
20934 66019
56705 75664
84824 91520
44675 79980
86237 96149
90961 96306
46329 85525
84585 99474
46933 65893
48518 58952
94797 95318
2185 45822
37213 79253
43962 55033
92695 99510
61438 99798
10685 91735
72788 79698
49416 80663
13783 37569
53755 65168
50000 57525
25612 38947
56085 89833
91218 91838
47225 56412
38173 46723
25158 62458
42397 52951
36684 50000
37636 93588
48869 51874
62998 70876
38075 44073
96859 97492
37422 77009
36894 37127
83543 94695
44615 54801
83517 85199
47615 55879
56743 71856
25738 39714
29585 62364
1403 15663
47225 59736
45060 59873
47511 62776
17342 36034
91872 96336
51507 55545
46729 54610
89981 91886
4784 8371
82005 93433
49038 87037
89832 90281
48095 52609
28630 72840
12951 33099
34681 64620
27957 49222
58463 58998
42352 83536
54907 87476
79251 90670
19780 51513
9438 53444
48406 55840
32036 66792
18563 76790
59404 81339
33882 61960
20169 59164
35684 60453
43456 51316
28536 62375
6650 27745
35599 60804
10611 51787
63524 65848
24983 37418
48874 67725
55321 89161
24140 57152
36801 72162
83495 99684
46337 87830
49951 56513
38892 99585
45798 85232
38814 43460
69823 75435
21008 28298
26694 50588
60283 90378
45129 55790
4171 94665
46520 67327
22423 30689
44993 83558
27554 65085
30625 43195
34315 52498
78147 83807
50000 58153
71686 95524
77290 96066
57170 71696
50000 55387
46230 60734
39425 82253
499 18378
96124 99986
43776 52249
42429 68903
87688 90007
48356 71793
96011 96707
36358 45645
36245 41948
59800 65353
97411 98995
48946 67858
42787 60951
24289 65235
71771 77041
53776 82119
1911 58843
20526 74000
42003 53034
80213 88235
61838 85918
41401 54880
38545 79530
69647 82203
91518 93457
48794 54360
80686 82110
56929 81782
55040 73397
70656 86684
34667 61455
45805 80346
84644 85322
48501 78120
1608 61749
34049 56784
19940 59038
50000 51421
50690 99727
20770 65561
21471 57543
21520 50483
32718 93992
686 99668
46318 72564
28714 52294
32871 60101
31530 51037
14575 94450
36673 60327
48965 55900
35630 67334
37491 87738
42540 54758
44278 55700
26732 50000
38702 80940
28325 62328
43785 83827
13817 81586
32879 50943
98087 99716
41952 64784
46643 57529
44902 66584
37363 53313
42601 51766
36656 64488
1951 42003
39230 63737
79590 81422
86947 97354
39489 77105
30509 55159
41453 78109
7451 46534
50000 56731
48710 76143
46807 87290
43029 65744
47014 51010
38112 86093
17440 94813
72345 80810
42807 71823
48672 49781
49470 56743
37950 68139
19020 40654
48924 82605
47775 63682
32290 63901
49697 52068
94511 96246
20729 63675
93068 97050
33325 49466
20775 57553
58456 71296
47711 60532
84618 88376
38926 95611
9746 18051
25279 54674
43695 62806
40669 64111
27043 53201
48350 54376
89687 90185
47920 65815
22842 63130
57422 71839
2818 37480
43153 64132
38694 75179
37261 76650
38814 84062
45982 52861
49539 77773
79091 83121
8489 50867
48790 50000
90147 90210
34041 58329
4814 51817
21182 50597
38297 58784
47295 72452
29639 97601
37520 96596
36182 70560
49034 59793
49192 50796
50000 55650
47276 67134
14612 56903
47891 63272
39655 89084
29211 57852
44370 68172
28601 43570
15201 67812
18719 83255
21708 63399
95362 96147
46901 69471
39471 51892
32677 55607
93253 95384
43651 46574
83432 98688
92784 93301
40278 63889
17084 57874
26712 55902
49905 88925
45487 59497
1637 2178
31495 69544
3283 70192
42037 76709
35473 64912
91473 99221
79232 96227
48533 74300
56582 85559
4888 78106
86567 99269
15242 31983
11444 56079
40919 50736
23218 51837
14845 89794
34024 46614
34675 69052
34717 50000
38726 81538
28926 50000
95727 98679
24474 52824
30819 66118
83328 88240
41965 53921
74949 82143
27713 56974
40565 62580
18206 52722
12936 57032
34760 84566
39033 50458
42496 79343
41442 86958
43770 59823
49282 57847
81097 92280
49640 52743
39709 55667
81029 83731
3888 14717
13668 58314
54011 94611
47269 57378
93360 95089
29242 55018
43293 99806
43221 50757
50469 70013
11406 14956
49260 56301
28678 66640
86492 91520
85767 92124
17712 75755
78765 97969
47394 49147
15794 28143
29874 65978
42366 57253
22148 60599
70021 79511
70718 88954
47661 54752
32184 78918
254 53696
49146 65418
35723 52550
45599 50406
49439 56472
35527 52983
16327 55822
49666 81631
72522 88988
27023 50000
53927 67785
50566 91548
41301 62166
47230 73743
43653 70692
7032 51556
74451 83140
34389 61008
47644 60917
12964 50947
85163 87766
23745 29812
34695 59408
77825 79324
46059 62733
5656 17603
48101 50913
73706 85839
33557 50000
19474 59738
59512 83379
36948 63743
41811 66641
23241 94127
47052 51833
37747 60476
63207 87813
55726 66605
52662 77739
88674 99028
42795 72506
35864 58529
79664 88807
66481 76623
87776 88120
69255 82475
41682 50000
36162 73085
42275 51232
48109 86848
36503 64787
18843 87472
92805 95960
42576 52611
14924 77402
42179 89692
26577 54940
22974 82371
96276 97309
48318 60736
94351 97324
69654 92271
35102 44276
5184 7123
45705 50674
24338 85827
57443 90708
46245 70010
76613 76963
49385 51113
5969 82684
62011 95787
23995 59594
88388 92111
31336 47729
66084 66219
63019 82161
61165 84586
41229 54657
17668 62784
80239 91713
46399 63189
18140 78964
20491 29468
49057 81479
61232 91039
71962 76249
48485 85469
30981 65441
75779 77298
13211 51022
38400 73680
82337 90065
50140 78457
96127 97837
41614 52333
86065 94167
73351 87953
96655 97716
22407 50014
35688 53223
46637 55586
58589 74603
48755 50000
26225 78272
49111 50868
13842 22713
48071 57369
48569 50427
23936 30969
57177 61318
43662 80829
47701 50027
50000 52869
28581 63398
70452 90975
20931 59305
39396 62123
45560 73038
41460 56683
29188 46555
61107 63916
47376 75292
79415 92747
95712 99807
59123 97259
47020 53384
35787 65524
20741 64541
45750 52095
25058 67322
56551 80489
75708 95091
49076 65874
14574 96368
41043 50000
8753 52276
54508 99467
13792 24362
15012 52321
33958 78392
33864 82056
67087 72156
14662 76654
33866 76612
69042 78558
47763 54800
62006 84993
35378 64744
2082 41208
5123 18915
41665 73662
24167 53416
52587 72319
32734 52466
70399 82761
3120 99008
79902 84014
28324 94803
12569 63470
7845 93629
94046 94515
16955 77067
25417 61410
47466 51060
34807 51216
34828 57985
28808 83036
23340 94753
14095 17096
4543 51817
46170 50912
16321 50557
8839 49561
40116 85251
23849 51676
80434 84118
87105 97499
50000 86069
27093 69005
9254 30419
72177 86769
26686 82076
12782 68682
30320 54933
40546 50734
36516 53766
22274 54160
2728 5369
96169 98057
46025 75366
29674 56013
40764 83203
98777 99661
37746 79286
54330 80475
11668 55315
39670 97693
41366 59337
39501 44878
6355 14325
39857 62816
84099 99568
48816 55129
49932 80643
42310 52237
99023 99123
43262 51555
79867 93623
97848 99583
43048 51870
36640 43576
50000 52809
38921 53002
46774 61281
25409 59347
36263 79899
38987 63732
47584 52413
47457 92375
36599 70774
52900 94664
83676 88124
35842 78683
94006 95703
33135 50000
19354 84078
54558 87232
11499 84070
11693 12814
4654 75688
69306 92118
64679 74554
28217 54820
48717 50000
63098 96628
51658 95785
43816 87447
49582 57624
97541 99419
48471 56545
50000 52234
16274 87221
41646 66840
31977 76467
67151 94472
9629 96667
98664 99606
34924 55405
87740 91882
82662 94734
9710 52162
88095 90240
38306 55566
35131 78445
21051 57488
42368 57057
10059 94750
36576 63071
2166 73169
26852 85570
21693 60749
45185 58140
13075 57055
17939 56440
46407 57927
91983 99113
25106 51839
43859 79860
48353 50000
21368 65303
38138 59008
38544 58371
87375 92754
25265 70882
11242 40648
9861 99925
38883 48929
30046 63346
41034 80841
48092 66365
33235 67040
27581 62290
85737 86153
28177 71297
70860 96575
13837 68521
49312 61459
12399 82411
36253 54201
46168 68122
38921 58922
41790 97693
42886 88192
97877 98918
25924 63017
73955 83884
50000 58812
60787 82818
39035 69798
34489 70123
66326 86949
70449 73431
44314 56233
96085 97836
13080 69024
49054 82875
47325 53530
49909 56865
47404 68230
28625 70234
38220 63668
16601 33865
48288 50000
29373 45300
45004 52988
46518 83444
58537 75943
35494 51415
31153 75020
9710 70657
34874 55187
82749 96293
15848 50000
91590 98575
28342 67845
121 5558
36464 69846
38600 40549
31287 71630
34094 60335
22037 98124
41229 96128
41728 79674
45735 55025
958 75655
41680 43256
46628 67628
47442 63659
75515 83465
9154 83090
18783 54402
21443 30258
47113 77519
60914 80914
50000 57228
43035 81124
77922 87172
6441 53973
20247 58370
3097 85481
31645 54004
42771 79192
69850 90877
29121 66906
41111 68959
28208 39888
51934 61126
49726 61156
64935 89245
50000 57114
58436 83159
42252 56225
86935 94569
14353 28424
44658 80085
440 89204
50000 51102
31907 51107
49478 52575
29147 60439
20254 86029
6095 51860
36225 58562
61035 80181
24365 85394
23924 64761
42972 60669
31822 55333
23732 96302
48709 54428
83716 99675
29661 42687
49008 62531
46991 70137
38770 64324
31279 69632
14899 49053
44038 51742
38959 50662
10805 48597
115 16019
49194 53042
10299 45141
30420 97238
85966 95589
28029 65280
40168 92414
42317 61423
45199 57534
48928 51029
38144 81946
13195 67512
75676 79177
35624 54927
11553 14804
17666 57793
77995 99778
9862 54442
50000 54174
99701 99945
37946 61594
68113 90128
40534 63342
89576 91168
19050 76131
47878 57101
50969 99456
59076 74139
50000 88513
46873 52851
60098 98886
44716 60518
79380 93730
67891 89797
99298 99994
44178 61425
38609 58830
6961 19610
95516 98080
49858 61539
17447 52238
48218 66921
47234 72307
17557 30019
38593 59041
34689 73074
29381 73062
43052 51744
46942 47864
45648 53159
9434 54402
54202 67144
92452 97726
31035 52178
79424 81540
49157 65851
49574 50348
45599 63060
44014 80218
47257 76765
31974 53611
11717 17300
5302 38705
49003 49825
51725 96095
44443 81443
49729 56918
34849 78403
71585 77659
46577 50000
46214 51428
94285 99094
45322 50000
30667 53145
35280 73218
19616 50000
53222 54166
76558 77695
55664 57179
85537 85790
27670 78536
63974 95314
49181 59158
78378 80550
32592 55202
41086 58204
54225 56438
27623 68360
31198 42276
80338 93154
6958 7364
35481 50000
24775 51011
52066 66907
18018 95899
99499 99904
91975 97398
61308 77061
6332 34623
38406 71941
46311 72515
35004 41082
84750 87048
17439 61525
49102 54097
29874 82318
26013 55409
42411 70181
49382 95907
31464 64420
73729 79068
89400 92751
18949 89357
42065 77963
19778 91539
87935 98839
47538 57029
53790 74525
38638 46389
36486 66215
55090 55622
44220 87426
34532 57300
14589 78213
50661 62084
48809 57332
95895 98605
95266 95763
74170 96822
53570 91667
34445 59457
80760 84685
26362 69028
60076 76353
86421 91393
18708 27685
41446 60372
49089 50770
38791 58060
7882 28008
42613 62132
49991 98252
63918 92711
90183 90473
295 69725
48734 51681
87948 94049
69462 80601
25564 58675
5360 41412
26641 65179
70681 99368
11294 52176
48555 72341
70300 96510
43763 79909
44442 90613
41709 51641
50244 64167
48670 54003
49236 72927
44882 59198
38180 53509
49725 66584
45355 55609
18804 63631
81755 94813
76915 98133
50000 57841
43143 87075
20536 41282
63336 95470
36797 68355
46856 52258
15859 49471
94071 99383
37527 51291
77032 93426
78564 92474
29591 69548
2685 25207
75964 97252
46073 55230
11983 14579
36605 50000
34895 51114
28945 54295
48292 82802
27135 40343
52911 73247
50693 75324
87678 95978
15642 41109
46661 51238
73331 86768
49689 52533
6329 30240
22607 97537
26504 70949
73887 92251
51713 52556
63031 78701
44873 55754
83944 84587
9319 84669
72753 81338
32290 55259
6292 35394
46755 58468
99555 99700
38169 62454
36582 63570
46697 64372
15883 23928
63941 69412
38324 62170
45674 53994
36899 92129
44744 58532
5779 86962
44331 76479
9158 16371
44182 57483
4724 91785
53457 77281
44117 68556
42884 76686
86787 99827
34050 72160
48171 81603
31440 42950
69563 73910
98157 99755
43413 70122
55176 99866
38309 64314
91892 97113
50000 66356
40918 55742
92106 98014
5785 68736
69929 71669
47673 92660
4112 52243
38635 75807
45311 50150
35936 68052
22673 80705
21939 59050
20922 50126
17842 22889
59716 88446
42009 74054
21335 37639
38175 75532
19293 55268
82292 84577
96551 97417
33591 67515
47884 55149
29222 70419
80905 91054
42537 52313
20995 61225
38318 45483
29584 53053
39463 57506
14516 65729
75974 91087
20865 98689
29989 63096
92343 97900
39491 65888
47164 50000
37564 65192
14166 54014
93837 94285
63338 86437
37002 69012
57211 58907
45607 68925
15249 57130
45581 58758
69424 94162
14885 20270
28246 33483
42466 81916
91995 93728
18458 57834
79517 98100
19227 36449
20124 45762
57805 61272
49684 71732
36910 51557
37972 72172
35606 61202
27816 81740
21034 59305
31217 57521
20948 72337
32266 63523
49193 52898
81617 88343
39421 72330
61817 73535
60035 86058
42519 58400
39459 68047
50000 96173
37915 62021
69079 75680
46983 82310
48100 61063
47390 53698
14545 56889
69897 70115
57329 86973
53387 66927
3761 40485
46858 93284
48889 75600
47585 89200
96946 99073
86738 93498
98792 99931
30188 58028
95794 95802
42466 53429
65421 76553
39535 87838
42558 87627
7867 33720
47050 50177
18517 91669
47942 76733
80166 98922
45147 69607
7866 58073
47166 79665
80247 90656
49729 52842
45468 51777
20797 60849
35926 67057
93673 94674
48693 80872
48014 53189
30856 64801
44896 89048
22168 51078
44338 77662
5183 50000
50000 54089
80196 92229
99968 99994
43725 53258
47671 55845
37436 51208
34233 99066
96143 96760
11474 17576
84833 88254
45772 72322
75771 91753
48097 56364
18720 47760
1808 66635
30694 59276
45073 50000
49468 54653
42661 78760
43667 57349
77608 78523
31271 67954
31505 76103
22531 53603
60267 99019
16568 73763
34883 67055
47117 68075
24131 69525
37147 65302
69441 96705
96843 97289
66628 68966
5632 68276
30948 72333
45549 99428
53113 61653
34856 53631
67902 92875
40800 65650
25287 66031
24988 65506
46474 59620
45907 50000
46290 56545
82078 87094
18617 73377
20677 93468
47833 81854
39125 75443
46814 70434
68271 85869
84819 93882
22944 57642
42760 72307
71076 93412
85444 90096
12813 48024
11251 24819
14518 55926
15804 59284
22984 93700
25098 58554
47194 53339
56708 75102
36861 50000
10223 80080
19980 50000
40909 50090
48854 51579
22839 57294
47038 55656
48024 50062
46250 61441
29379 44150
36270 81915
29558 73744
43538 71180
87069 92815
71497 79664
79860 91408
43048 54634
32477 59660
82616 93793
1911 27786
30787 75216
28362 51939
40059 52726
25640 62416
27738 65475
34073 51249
46585 70454
23798 95196
12898 20136
40421 54764
84661 87697
45831 78320
41860 57286
37942 98490
47704 73881
53005 91055
33966 78677
49026 78738
20157 95050
46770 74355
49890 93234
48116 73213
50000 60208
42817 57313
46934 69730
31409 62267
58345 74207
27486 51948
60107 78445
85167 97201
45931 90087
22238 68133
6373 84668
12641 98183
47603 87944
29589 79066
49746 84509
84840 96815
36111 74533
91015 98964
48783 63432
40589 67623
93865 96101
41814 54286
47006 50754
96377 97828
44476 63444
39499 53229
83509 95286
30167 52134
50000 71309
35116 98125
25218 51575
23463 62382
40003 60802
34330 59004
57124 98420
10015 11156
45148 68846
75328 75995
45900 80912
98508 99621
31838 51725
21086 66374
45342 70272
91365 99888
55169 84886
64962 98391
19226 63059
29469 45566
45944 66215
47664 74827
47987 50112
8533 94946
44038 77803
47636 61876
55553 90058
25593 53182
43356 51004
23747 57436
13044 50152
46651 80953
75695 85464
48704 67130
77826 78780
44910 57635
47194 55136
12122 94294
31774 55017
72357 84921
2475 85068
8341 70087
72568 87172
21276 79715
30418 74295
54080 96155
43026 54599
46498 56995
24247 60959
14416 54334
49853 62811
51972 71362
45281 70703
55794 85115
96437 99946
47891 50000
70750 73183
45797 52005
47394 89415
31504 50924
82258 84755
19717 48866
41832 63897
62700 75575
42800 93370
29421 55178
14215 68052
99619 99891
46520 62507
25430 74796
7858 62534
31884 53801
39819 54056
38329 46762
94507 96768
23196 59982
74422 78515
45857 51338
88410 88551
23715 61701
17980 51988
23399 98827
26123 34236
1192 94172
26911 70958
42010 75743
40582 70819
47972 54064
39863 54380
35942 62180
37093 61360
38212 53046
37985 53509
44508 55280
15366 51372
18218 60640
27857 83989
89078 96170
56110 73016
44508 50581
99723 99790
45608 65929
24083 45808
30355 66625
37399 84881
20166 64622
50000 55857
41849 83666
50000 53451
46994 50084
14807 84595
38858 61177
35819 57963
30318 63428
50000 51995
49799 69811
44214 61802
38273 71906
96472 99929
97457 98779
81925 86335
8391 18186
25608 58776
30052 64597
87219 88741
44422 57496
86200 92850
33416 42804
23888 76831
42860 50540
97033 98761
24036 82835
83323 98411
50000 62288
54833 64545
36170 84487
83301 90056
15673 86586
50512 99368
71679 90416
44114 45652
2459 32510
78095 83416
83814 90060
6675 67779
46362 88653
55803 58313
81469 89391
28566 70313
50000 61212
7558 88857
27015 53896
76970 94257
41392 51321
45446 65645
46125 92500
8541 70977
36254 51530
69826 97869
29152 49233
32425 91498
29929 53760
47917 64905
21356 54963
50000 90014
9318 84587
21760 64210
15638 95015
50000 59767
45139 45178
49065 93890
17145 41339
49309 74947
45359 85459
59282 64393
39719 68547
67707 95824
33538 50000
28699 53841
65199 98863
17004 23740
13305 60840
39052 75072
29333 61409
73543 90122
56444 98025
83302 90239
69151 74007
20816 45193
34677 52123
40584 62834
23401 90072
8201 68441
22813 68183
55509 75678
33046 70995
99619 99722
7187 52364
43361 55087
5953 37670
39817 78971
40811 69543
37423 65858
49928 54701
72790 99896
83021 92343
96232 98624
24811 62503
71811 81287
48185 69669
96785 98638
47290 54074
33269 66368
88147 91035
26542 51256
39190 72057
55829 84634
34449 53232
38957 54135
82572 96657
82522 95425
46554 47612
46680 53620
68355 69616
11722 50000
47877 65236
29235 45572
42231 71281
49659 55896
49599 73710
92325 96543
3352 14881
83756 97937
41605 63271
8741 51288
36397 63655
35925 62116
48787 50061
45541 55830
79482 90775
56708 88540
25886 54709
59080 84938
75404 88567
58493 91682
44204 50032
47110 54566
49452 50644
3970 33966
30816 50000
26833 50000
33131 73912
9617 48488
39570 66168
21847 76752
50538 66332
80676 86981
34489 72673
49676 91475
42127 58259
722 55985
50000 56266
70156 86050
30229 60097
5339 56837
25135 65782
34303 70434
31476 54989
50000 54024
47556 50000
76808 84911
9444 54018
431 14433
8267 92047
51866 70067
34065 76729
40769 62440
31902 52107
15530 60245
63316 70209
73629 92762
49476 50832
69960 96922
33718 64224
42078 59035
45106 55847
19596 78535
28701 46296
44231 68873
95820 99248
63471 98481
14465 20486
62838 96514
39039 56162
55041 71007
18190 43202
69207 94789
67499 76015
32828 68596
45854 54750
74755 90821
42601 66194
28913 53608
27613 66300
45559 79026
47955 82676
80906 82326
21902 87989
27969 32095
28988 59283
47339 79179
47945 89230
43812 52463
7778 12100
48105 55563
44165 60117
79474 88757
64448 96822
25967 38361
58857 96131
40288 50000
14581 70398
7872 58813
16351 56245
32162 82675
28268 61113
63489 73899
65895 75927
27841 77146
42643 82418
22778 89112
39949 66459
82015 84886
30486 54298
13420 57576
40624 61917
80568 89653
48560 77414
32389 75190
80079 85857
14732 50604
4926 93896
28272 85588
47060 58342
78933 83294
29275 89664
24965 67978
41602 66503
39589 50000
33442 64403
27134 97324
50000 62564
39801 70118
89503 98329
31395 95638
85301 90214
49179 56621
40044 99635
38038 57637
43596 81080
53582 65784
43226 90135
32450 51740
74318 83862
39089 57705
46145 52422
20602 59806
1058 36726
7686 50000
84387 99572
43804 54042
53364 61915
44423 53285
50196 92779
41721 51344
96637 99724
16699 31215
49138 50034
51889 67514
45578 64942
94403 98381
67699 83538
44278 82333
43700 45213
39479 60410
41190 52227
55051 86359
25187 53722
35081 89294
45516 50000
25684 58646
31696 51983
47399 87763
19389 28395
50000 61901
49494 63062
43358 52320
45434 60950
48535 74942
99962 99997
51747 63955
47394 95669
40527 72498
31279 44078
37081 39325
97811 98931
37516 54911
47644 50000
28111 71834
70751 82785
335 86114
43461 64652
44288 59265
35932 50000
50000 71195
46588 50000
46309 58109
8557 24982
63309 93609
13456 53331
25312 50665
88264 98619
50000 52681
44374 86425
43890 64824
86222 86301
53640 57610
75369 94259
27334 67215
13271 96328
36600 73032
33650 75500
95155 95402
20868 96638
6599 73647
27192 50082
85146 98793
42655 59609
50036 50640
39335 82029
8314 44786
92640 94255
38387 88026
72935 96223
73362 96619
40265 51775
44391 50000
9220 67872
41775 55558
60675 61381
43649 65318
98847 99648
58049 82131
50000 52726
11716 44021
12116 43700
65188 86944
32168 94981
26345 50000
47628 51328
47814 50000
12144 68038
83468 92189
34459 67772
89325 89492
27026 35482
23927 73873
55300 61906
40575 69051
42045 50000
92259 99907
22366 51073
47645 50000
41817 53908
52106 83520
29191 85365
49416 51869
37579 70107
39611 52653
31632 63660
74332 94321
33628 71548
45026 51060
41697 64747
94133 95765
1216 53199
46388 59119
31197 53662
46321 77504
24818 92101
33949 53704
42057 79173
74689 91681
26531 56065
29065 34423
43453 54392
67505 79679
99866 99931
45204 71502
53650 96147
45107 74852
40836 52412
46667 65661
46181 58954
49623 52390
38389 56968
75017 94161
62885 77682
47202 50038
38718 56391
37024 60799
36413 67512
5795 55835
37209 69454
48875 83419
19837 91443
38876 95904
5383 51068
27881 56532
84305 84975
57022 88263
26026 51834
14144 55388
9882 38183
78879 78980
76464 89791
49582 52095
40961 50959
40544 56248
45254 56415
33675 71106
10408 91800
3888 64574
10719 50663
41842 81785
57894 86253
48905 60219
2583 66657
84161 90976
26385 35039
47417 80157
7711 86379
40649 76676
45995 54862
94934 98202
85415 88894
41733 67216
39479 59591
74595 92100
55252 83706
75782 85597
57260 69483
78123 83169
36933 54875
82682 87557
50000 53513
48746 59822
44454 51399
17846 29035
249 68067
40006 59152
88508 94339
24020 65206
30426 94522
81717 95757
63737 91926
38759 71906
98961 99596
61398 66314
31338 59159
12567 54031
34271 55971
59360 64977
56761 86256
69190 74791
42852 76157
15550 62989
60043 85725
21100 41188
29641 50000
45539 62205
41760 50748
50000 54634
42189 56799
57521 88675
52834 98298
23261 74323
54811 96894
20942 51197
27954 82919
48341 60382
41088 64514
32987 61587
23895 82353
24430 84474
26554 71898
46605 51899
44695 46101
42097 49839
28050 87273
46209 71525
38378 69278
21680 59827
32077 54359
41055 59534
38424 51193
64055 93288
29886 62496
42285 56678
33343 40340
26889 60060
31625 38194
40124 54787
47372 69984
17398 96161
30577 90584
67357 71958
31715 92857
23991 56363
37638 55847
35810 54292
88912 93453
90517 97978
40958 56687
84754 96729
82579 97491
32645 54633
59950 61861
22936 52499
73653 97927
81232 91983
30355 76109
11539 31189
44199 63687
47029 92288
48267 52868
54032 81389
28048 56654
48490 50000
99446 99519
48505 90898
71578 96626
62475 95494
73529 74523
88148 94419
97312 98938
27388 50492
17131 97515
47078 70462
62776 68465
25802 88956
40934 57895
35167 78674
37575 51336
7651 51956
2162 28096
76387 81342
49981 55679
13975 56628
26038 48402
45742 85181
37849 77661
37741 95527
50000 60357
7934 76836
81395 89048
26044 43639
15317 31236
44174 69649
5608 94637
63471 98794
32108 70743
35042 65755
63924 64856
54849 93502
78084 81130
89657 90019
21091 53089
10073 12111
26022 78298
40781 63562
32937 47026
45330 67195
57366 73376
41543 57362
50000 58733
23216 66498
25249 68504
31427 45934
32872 58534
27931 68681
45096 86816
86467 99527
45907 70731
36679 54817
46940 56859
49309 87752
28853 67547
97479 99623
50000 73108
93807 95581
73876 79307
87586 95593
33231 52788
15671 25440
37497 55006
31186 57546
66884 74178
35677 50000
12839 75000
25923 94258
42770 52593
22812 55010
37999 73611
27196 58538
92012 99476
85407 90852
51902 65952
48632 55213
55179 66856
48814 56135
30241 74678
24081 63896
30443 88654
5067 11166
48011 60649
74434 83286
25836 68019
30543 32671
90213 92015
50000 61649
10979 54909
457 38877
4339 74696
45793 51480
63110 72288
40045 50524
45435 52703
40738 68903
48144 56324
26412 57156
64493 91865
84957 97880
10062 55477
37344 54752
37150 50000
50000 50877
60682 63402
80767 94273
58003 81132
2960 4455
79358 91139
37174 61010
46797 51797
25416 54429
2294 91551
42798 58182
32572 52563
69614 76642
46089 57778
44544 73538
26330 68328
20347 41019
80680 86066
33835 59082
24130 51698
52379 59689
42751 68543
18319 50000
20277 62066
44128 54263
28797 53635
46389 58123
43684 51039
38689 78921
25154 66999
59331 74101
31120 63149
22523 55601
14389 75512
89211 99198
17134 94993
40461 50000
49036 51631
44406 74910
69522 98225
97673 97876
18321 43770
30922 35878
56969 91811
38131 54387
27819 52144
72425 88318
30298 68633
39354 67807
50000 52913
45581 68617
321 60410
44552 86795
45378 55014
78435 82772
59146 67068
3793 59806
21073 52851
89080 90306
38891 61318
6445 13970
47593 55347
44708 55530
50245 67774
19935 56314
41558 77998
95930 98355
40069 80201
85654 92991
2532 52382
33443 62623
39268 78282
72007 82707
31515 91732
6210 64585
88926 97551
9386 63823
47869 85189
84478 95647
29124 37980
39020 66831
29674 50619
29092 62918
42484 71154
80003 90538
17852 18530
48080 79731
18709 96917
59451 70749
18919 43578
28487 66528
97556 99444
42532 50141
83444 93646
4630 57901
18213 59471
18295 51867
8253 52550
3590 93651
22073 63214
19668 53580
47201 58296
37596 59146
66296 92885
71154 83705
34318 79504
48946 53522
32740 50069
38693 73584
86438 88664
47552 65040
17211 88218
10663 54632
22443 26389
29605 62800
43881 53778
77935 85244
27074 50260
16769 51623
11202 52473
83606 84563
66407 76413
18989 60561
59453 82859
30776 64494
5920 53028
48367 52471
54649 84907
15318 57006
30884 65672
15344 72040
29963 74067
64401 83323
33903 61305
41382 50000
97147 97578
47705 60951
43265 59749
37883 60593
47729 83455
22132 27698
35878 57486
20733 54519
8229 27082
94113 95858
69528 88326
38858 50000
70612 78759
43799 59802
23970 52896
42633 50295
88261 92344
88279 88429
14385 62119
29546 51762
49991 71916
55435 91363
24542 64354
39018 78656
48899 58120
39222 73497
38637 53662
27032 58934
70835 93812
43618 60472
42569 80444
47694 88809
19576 58262
8922 84675
34556 68860
43338 54123
38619 92512
41245 75929
33588 72982
79154 95003
29643 73966
19399 52995
47932 52105
55988 96796
47034 60605
70908 88276
27419 55563
16824 29859
11057 37630
79280 89716
35391 69513
12003 74544
24815 54930
71317 94895
40565 54847
3031 93365
29384 69973
30994 66945
74879 76427
19905 40071
83949 87893
34163 70790
34592 73128
82863 85708
16424 67658
3381 67396
95853 96607
82679 93991
18954 26368
10745 41789
39614 60223
50065 94275
33748 45521
43887 69819
88390 96284
96491 97852
19255 44777
1771 41886
25125 57561
7361 31132
58770 84385
41658 54584
97266 98578
37083 54153
49337 67385
48518 50582
80518 86021
49265 50975
24103 56914
7735 96719
27530 74857
31484 62842
20453 73272
74094 78987
24253 80867
90927 99502
18609 51211
38611 63480
49891 89223
54264 72854
14728 55484
49217 59598
81846 91698
53219 68452
39630 57456
51917 87999
42628 79187
26904 60556
36863 62914
24576 26816
42915 60387
20143 55298
38804 67063
34510 50000
61132 82918
38252 51213
31232 50750
23965 49757
29062 73922
90833 96918
58514 80325
1277 42886
1753 25790
78814 95725
44367 52519
21095 60468
23438 59579
46657 62176
25939 68977
97655 98305
18804 62327
44993 52634
72273 95715
44597 50641
47262 54181
85648 91492
45315 51893
7361 71538
27938 39797
31654 59372
63486 67691
41350 56824
97509 99814
42904 62784
82012 88079
86664 97384
33755 64201
22978 66218
81102 97448
42373 83972
74963 75518
41662 62642
88858 93129
45613 70205
65960 67190
25249 56379
28041 65851
33496 74632
42227 53898
59031 83036
27599 63816
8586 18965
26421 52953
45953 76452
32164 50529
14235 56621
38370 44830
22716 72249
73094 98023
33732 60718
96075 96855
40263 75227
27564 56086
29534 61243
49202 50352
81033 87738
54508 70320
25424 91901
12815 71668
62725 63918
21763 33473
45529 85568
96367 99472
49083 51594
46057 52397
65687 75206
82840 90176
36579 59691
1749 20997
24668 61273
23988 75264
46000 78806
48421 51386
49072 55639
72056 87517
48263 65923
52461 95805
15288 80696
12119 53321
89020 89937
3908 56252
25057 35294
8491 49052
78308 93910
41379 81291
34020 63023
50000 51261
57524 75050
33977 61172
38505 52509
34584 78284
48731 52592
36793 54751
46580 65536
50000 52802
42857 65314
32571 73871
64174 66919
45245 80805
35935 72961
8649 81464
45115 54167
23219 65391
7357 50277
40774 75528
4935 57096
67866 80872
6887 85282
29518 29951
91981 98677
48307 52744
38449 47034
71617 97547
10001 11413
44082 81842
73518 99834
13725 72040
29799 65443
43987 55113
43877 50389
99826 99860
82938 93727
12543 32224
66236 73976
83632 97535
45636 52056
23625 96077
18687 67529
30236 53702
68324 71767
67055 75481
9293 20827
13113 67597
29257 60575
72392 93564
81796 99525
38763 76178
32918 70328
61686 70412
74666 86296
34433 74375
90998 94610
49350 86001
33989 36378
45784 70677
56779 91857
30489 64706
58861 98267
49305 65165
18634 25625
13750 76233
39884 80486
59835 99961
48737 58067
70723 90151
32063 52960
45553 50736
73193 82612
47810 50722
40803 55677
46710 55932
1982 77019
25698 51725
60280 68958
33411 58465
42751 71000
37097 80088
85047 91821
2144 63942
47713 50002
44336 69729
38627 53834
65525 92584
29352 89178
5402 6562
43315 58948
6900 79288
23929 58923
48584 77436
38856 68411
64637 91842
14278 27328
31079 43462
45414 55708
46038 65894
41721 67579
38425 62676
44087 86944
25640 68713
20478 64144
99317 99754
39972 51268
31498 41954
67234 95896
92986 94091
34530 71654
37011 92620
47741 50000
45581 53436
37365 76332
41024 66887
49538 61217
88678 92814
43778 54706
45169 65488
46914 69976
97567 99896
47770 53740
77584 79929
45885 79439
45220 56798
50681 90116
41082 46335
84793 92274
86360 89836
58235 63389
69369 85196
51935 73332
64587 78416
21258 50607
44367 54087
49201 50000
51801 87270
28042 76007
65947 71777
19389 67990
39876 70913
29187 50000
2034 47589
46974 50000
66553 67358
37647 71811
32611 73941
45558 57615
25876 47903
24370 69536
46623 71506
4464 97910
44311 66933
23918 59248
42478 69433
46716 55564
38312 73517
20702 37050
8511 23106
40834 64142
38721 44027
47991 54979
45581 75503
80471 82188
66522 85254
49745 64750
59551 90302
67091 98212
48424 71250
64347 66585
48527 53062
37392 92917
74990 75185
14064 53255
40829 50745
45666 87539
47743 60759
17610 60897
99790 99827
33239 42811
39312 76391
10223 49766
23693 74025
41498 51544
79786 92897
98808 99037
37312 47852
36654 49986
32458 59151
48362 51703
44370 52399
31017 70273
45787 68296
91312 92800
48443 88757
29303 42466
31051 67776
77364 91277
59354 59730
29970 45097
33366 73818
27737 52773
9943 52007
6275 56335
42640 64084
38927 74379
2135 26066
74732 96594
7058 37431
24131 97918
43120 54188
89475 93198
63724 90835
45797 64249
27316 40384
27212 52631
45479 57882
49367 52647
22561 62452
66446 96091
46335 50000
44600 57280
47056 65511
21585 63982
37484 62306
33080 65600
41861 50146
45227 51869
31108 70487
91357 98595
43077 73776
19700 70334
47267 50518
49238 92948
53095 75227
73089 76603
24021 65019
35294 70937
51435 65724
26008 58375
27659 62283
42316 62451
7799 52812
24120 55028
33906 52557
68332 98573
24422 41539
30166 68284
34957 54467
36792 59846
47501 52213
48388 62297
92108 95374
46818 64610
49244 51741
94708 98366
9212 52780
40734 67461
74755 84375
84364 99746
38120 66680
81629 97581
42762 94756
98423 99396
38948 51272
49006 51958
45831 50000
46409 65702
67592 96749
44023 76274
49078 58698
23534 58819
35437 57227
42452 58547
23963 50064
49932 78417
42634 51347
89569 95300
26492 58209
30101 63198
76135 90272
25843 80449
50000 91624
34735 79841
61356 94172
78366 81768
69116 84968
639 29977
48755 54120
62004 69986
43879 63093
17644 89308
37 24608
24088 68596
26122 76631
69532 98786
90771 91160
32267 58133
36292 80840
49697 52839
12022 56488
49335 86383
17890 95375
57080 62977
43896 65575
18711 51493
62735 71918
21963 62539
40513 52374
26989 63897
74936 92239
47873 53317
72549 86192
2170 63997
76018 95508
84672 94364
52046 65022
83637 84007
36440 52465
59525 75158
45402 50910
45281 50000
42415 65442
71370 92812
21431 86233
44055 68014
67568 77344
88639 98913
59001 68145
64601 79896
10309 98068
39357 79094
37292 70954
10883 57923
80058 92378
19857 75476
46881 52637
77191 86270
40048 50485
81670 92409
7683 16712
20023 59896
35539 62097
36210 99905
50000 54166
18682 52455
31505 58631
48716 52067
46553 48301
30842 69981
72244 96605
39769 50951
45965 50675
10599 18396
47037 55048
50011 58976
33441 51745
76840 85867
49217 70325
42192 83801
16625 28213
43754 86059
27044 50922
62949 88869
57689 75638
21336 93804
66422 90202
14265 38268
32859 64502
1685 31713
45580 71855
2181 80586
52493 62267
47764 71348
9544 45618
24642 53288
84112 97576
34303 61189
43190 90877
59513 82013
3804 20962
9288 52501
35036 53581
42434 53098
61706 75376
75735 90096
74992 96145
33122 61837
55111 91458
45891 56788
20373 46670
93954 96473
14502 55752
50000 67396
43893 77638
90135 97408
49393 89147
63247 83241
70970 84118
14882 90111
94741 98175
15835 73050
52103 94967
25403 84298
36222 62727
83727 98338
30401 70234
35377 62754
19874 51512
9912 50000
9713 51201
22849 62508
39679 73399
49147 78705
83040 93447
32936 94872
95403 98810
83003 98755
26402 55281
31696 73735
83107 98630
17526 65541
44269 77363
95654 95959
38587 66440
45060 52922
7790 50000
6313 34239
94488 96260
37907 97907
96604 97341
99752 99791
81545 93786
9647 49758
38099 57564
62431 70547
63022 69644
45545 52467
46344 69099
38122 73394
3768 79903
95472 99877
16698 17854
47505 71703
16236 94360
60448 82086
49324 50355
35236 76126
24364 59641
10272 53509
44506 55701
39508 60376
25841 92002
61668 63602
50000 52542
95688 95989
39049 58355
46794 56615
50791 90536
14593 72015
37106 80954
78207 83796
54379 83095
36211 69171
78293 98144
21880 59927
37669 55798
42559 52102
26597 54022
41222 66075
49053 51384
69328 81053
40890 57953
41322 55913
27201 65174
6157 84047
93840 97435
7443 72835
30969 66576
35179 70868
68992 92612
31606 80564
53484 99698
46277 78257
26956 70859
46762 51860
48821 70870
43897 73614
1325 36310
92269 97422
73267 91033
44914 52687
58068 62281
46592 83042
70283 85607
37223 54859
25994 86477
16666 81047
37806 61626
50000 52501
41690 68642
81856 99419
25612 39688
96500 97173
50000 55156
57057 61962
34722 63944
48641 90159
40089 53145
49469 51287
48443 55111
41081 59015
73628 94614
15124 50958
30058 75547
76645 80339
64826 75893
23018 45530
75761 85394
21578 66470
37032 82032
41207 78107
20153 23561
27244 65246
41613 59280
15425 98115
24730 56613
42399 81997
38653 55029
42855 86671
29771 68330
85471 94987
26402 98432
99257 99603
39718 72992
37849 95478
23046 43858
73922 99772
6034 77610
22481 86456
7791 12527
71928 83111
50202 88800
43441 63561
35094 56623
7960 94577
53915 96415
72478 76983
48713 63899
1094 62957
38028 46163
42507 93770
13031 96165
43192 99413
46225 59735
45131 50718
97696 97723
43409 84244
57793 92300
49386 53229
10514 54755
44891 56760
2966 25706
31424 66844
91407 92983
48924 81978
30747 56481
40425 80303
26373 65952
3313 33529
42835 52714
37263 59357
27485 49646
65032 69471
52242 79398
46278 67460
36196 60376
65271 89984
82034 97694
46074 88714
94818 98284
94065 99455
36713 84898
93876 99411
44938 68607
98230 99829
42814 71196
25799 73325
47834 59145
82429 97783
10239 65295
3738 10236
76231 77815
45160 51527
85788 93041
48021 64468
77764 99017
93205 97656
11063 73417
49962 79295
36294 85611
78350 94362
39220 64253
29182 50402
91747 93045
44663 87454
22779 51890
7254 12804
99313 99904
46241 66158
30946 49374
20340 38750
57569 67755
39996 57801
45282 81315
27734 51884
34572 62980
87450 93304
26281 38834
47416 65969
30911 67142
45527 83872
48326 51846
88638 89464
16127 55030
42572 59846
26630 60670
46691 65968
18185 23247
65648 96546
12770 50000
88341 88363
15706 96250
42612 50868
29145 68241
46010 51060
33931 61504
40060 60428
45508 93806
38664 59027
31833 60209
49069 65613
24085 73609
87874 87981
39557 63982
43281 53028
13984 15752
12195 87570
48454 53571
47866 56696
22212 66004
39282 51857
49924 51142
35165 55121
15014 52611
47733 56002
47528 51545
53797 85615
42949 63608
38482 60809
86555 91834
45037 69925
22880 58921
751 33311
28821 51470
12290 89918
24631 54760
29400 80742
90968 94905
94007 95888
44897 84360
5814 39006
98105 98157
49079 59957
44680 67208
77434 81897
40053 61451
38195 70670
16444 51943
42712 50000
97502 98354
64127 95898
45214 52099
87091 99390
44176 66712
23889 58376
33799 55235
95808 99170
2172 47680
23699 41359
48812 80365
87500 89922
13994 72390
87057 87238
8684 19720
12921 51057
81113 90572
84068 84723
49091 51914
45089 54093
17360 65840
32041 61260
49435 63958
39968 73382
38286 66205
45177 59216
68166 77700
48564 69891
69406 88048
10139 96586
35567 62395
60556 68682
48716 50770
28156 58470
48825 60890
34446 51572
26483 36964
6739 71218
79867 85865
47508 75596
45075 57504
46535 50000
32672 51658
46868 50764
30104 51162
20390 62367
43724 52461
607 45063
91933 94626
6554 19276
9712 51245
6313 28913
24512 62596
96695 99067
48077 75369
98019 98395
50000 61196
19520 53963
39081 43570
53187 85247
34541 51347
32343 56417
34284 50479
48841 53064
75711 96609
86887 95255
82609 96006
35383 48334
41160 70398
42934 80856
38448 53840
69960 73805
65939 68378
4166 73444
16022 95294
80146 82017
47601 55138
59131 67676
91865 93153
38085 75074
10944 51459
48487 82841
15556 30420
93996 97735
46245 50815
55480 85965
47988 52053
47124 52175
41023 56120
43103 51695
31785 58234
8218 33129
2063 90141
13492 51483
25147 59401
18134 91027
88792 91538
37717 66347
47057 50000
43692 87733
2533 12157
72284 88178
97104 99147
99440 99727
21977 39603
40624 60527
54164 99675
34074 61613
20481 56741
50000 51937
4328 89265
14464 37302
2680 37439
33537 57968
55297 61298
85573 88112
7445 34754
92658 95892
47357 52413
22803 69502
97207 97816
22284 77692
37008 51325
31561 62646
45406 59268
3085 17456
44910 51359
85577 98110
50000 83415
81542 93825
31137 65256
51947 76832
57338 97922
45086 53200
36556 55680
33294 96989
40073 58771
66796 88932
922 64402
39437 50999
20494 51384
41132 57050
44024 54384
36667 56053
98585 98676
95329 95477
65226 66498
47061 85308
53309 79698
85883 88024
35304 63725
36326 80240
22354 51481
80970 87640
14441 54507
46671 66724
8302 10066
37525 52492
67855 72399
25061 68015
41564 62258
49657 51277
5461 14122
50000 52585
25000 51325
17315 35443
11751 55332
90617 94171
87989 99763
73703 77821
36718 52113
83262 97547
19631 87784
45937 61194
36437 66758
36530 87305
59724 76825
30564 51472
12576 57164
44792 74582
67437 97436
47836 52112
92713 95756
15806 93919
72612 87816
42790 63428
29618 53842
47862 54792
49452 68158
38382 50000
38094 63451
30756 53707
47994 50000
28013 61054
31536 56944
45834 51027
30492 35743
75479 93358
44075 50000
18491 63167
47956 50525
38922 82135
78479 80860
24989 64746
19864 53481
11237 21204
34110 69842
79562 93456
37948 63441
50716 79718
22418 53170
7392 67000
49256 53543
40578 55827
82830 98638
22239 92260
39396 70426
97083 97668
33708 77064
43985 50613
36767 72060
41155 64616
1081 35623
1164 58116
24608 58881
9458 51691
63669 75365
19826 56176
6105 51058
81680 87186
43287 55383
47970 51570
59384 81194
1417 98486
14813 20131
43725 50000
48812 51891
51461 71003
84135 91282
29407 50000
49159 56268
68238 75068
7532 33202
28946 94584
46425 50722
50000 58836
36919 53186
92894 98496
58250 76034
10275 42540
62631 95922
6745 92603
97313 99848
59490 91448
23066 46365
41276 69689
86340 94292
75537 86435
82021 85741
49049 50941
41098 53654
49416 58946
92963 94037
81186 83353
45494 50621
2127 67574
16790 96114
49389 53004
10367 72243
59584 66326
50000 77001
1056 52206
18341 88559
50113 73678
48786 64405
14609 50705
58097 63317
27568 37996
31428 51962
20752 61515
34909 50000
15546 54398
34005 74433
78020 78933
14208 68944
26415 67966
33854 80183
50000 56414
82304 83821
37815 53358
72737 99201
81763 99506
29250 55480
95285 96346
29537 69268
50000 52478
40375 44494
67867 78108
25235 53741
68349 98687
64515 89624
43751 82562
20067 51015
90312 94449
50893 84359
59988 98562
49119 94746
8655 48868
49169 51315
16295 19449
39920 51662
72367 82158
61880 97336
82224 84135
7045 83063
26197 42137
9075 85812
38053 50000
99514 99536
54760 94390
40471 54383
74993 77419
47943 77472
45494 48610
6821 72322
18559 54164
44608 59514
1586 92525
40365 52356
22464 26567
38341 76655
97847 99479
8344 52295
38808 51367
71926 96564
49100 50207
58639 66524
45463 70245
46245 56692
11759 94365
39833 48597
40848 58188
77917 85416
62536 99663
44685 51292
94726 98828
19872 42977
50000 65507
40110 72937
52502 71321
43946 63032
41368 64744
84103 88953
71575 91710
42203 65426
67077 72846
54769 88535
24846 84113
65499 98207
41748 50000
57789 58082
43007 54234
65864 81502
94102 98652
39069 45022
38821 53481
44810 51346
49219 57118
99546 99811
48869 55201
49065 59822
10541 49231
45739 51231
81849 90265
46508 92191
45927 62788
86133 87918
44464 86047
38835 82369
50000 55715
11911 96054
9532 50000
45608 90679
33671 51471
26854 82297
15098 74396
51626 63970
49641 60749
24472 66901
84940 99986
23984 62924
19969 62863
53513 79818
99288 99406
53340 98163
49993 56029
32781 70439
48065 51588
37509 66533
42597 78283
43603 57877
32610 61491
12110 53282
15319 59418
52240 99798
43740 52321
44093 59607
26257 56409
37826 57420
79099 94831
23177 36279
35975 77264
40492 56172
90402 91947
43000 58376
83481 88590
43033 58184
65570 83892
46034 53038
11032 60297
38633 83126
51770 74750
43968 72114
46685 91557
4313 99875
40372 83186
38517 55698
38129 53059
42829 84718
31472 69474
44165 60493
44094 86057
55023 85945
11995 50089
29856 85856
40555 67919
73633 89084
44647 61112
49023 79006
46989 60380
93280 96645
47691 52855
36219 46735
21986 61473
50003 75498
62381 98390
17587 58989
31419 52819
43158 73630
91250 93464
80490 85391
47496 50303
92832 99001
45083 80111
65873 87940
40878 53392
99854 99918
29148 56869
32124 67351
44197 61909
86201 99876
92265 99328
43435 53679
11522 26689
38947 75738
42485 55110
28310 52365
34967 59395
48393 60915
35457 89818
43630 59297
31948 60660
37990 56157
43180 73287
33092 57110
47882 61482
29668 53364
95663 96143
46376 50000
55923 95711
45739 70222
43144 74147
21568 64692
41309 52617
44974 63122
61237 79799
26506 62121
44911 50665
42214 68297
7126 75731
24948 66423
29776 52391
38532 50121
40120 50000
9669 46966
86569 99835
37443 53985
51977 96718
49764 50943
6808 92712
46703 50000
36724 41552
39703 72900
13218 17050
57303 73078
8219 50320
30563 79596
25409 56788
92120 93737
55487 93087
62304 86933
41500 66705
47667 51761
73361 93873
4781 8319
48005 51198
44918 80578
42334 54317
39229 50049
46339 59728
38836 50000
89486 99502
37258 50520
96701 98561
36269 64532
59658 73888
87607 92130
29803 58634
80638 92344
49044 57221
29962 45599
33473 52332
33855 48962
97396 98782
44354 94473
91038 99078
51926 70355
75706 76451
10075 32914
48408 52240
41218 50000
49757 61396
59304 81583
88837 93757
62566 68071
57264 73378
83484 96936
15483 50000
44710 57589
43323 83907
48449 59052
29841 60902
41670 62149
30032 65349
51293 81964
50217 59840
45287 51392
58451 86916
40752 76742
76071 91926
44042 61445
61088 92923
17648 53638
87582 88842
46380 63939
13080 94906
32718 68264
70447 98823
46922 53703
94539 97738
92725 93518
65377 67618
48953 57947
34492 59639
47217 91318
70745 91176
4217 74754
41415 79744
69041 75533
28668 66263
40767 45371
43695 52464
38890 59636
35503 65637
46985 59015
50000 56788
24406 54590
22599 51033
86243 93383
23439 65963
78267 93063
63399 71136
22267 62695
67965 68069
47447 90452
41276 62344
38684 59317
19676 32734
38469 67625
83401 88954
38126 74299
37723 77887
76428 76700
40337 63243
46591 50272
43235 59557
41962 64339
52796 64241
48297 56376
43819 52607
45118 55161
21907 63461
48671 78530
50000 53564
35376 64077
85020 99729
61329 71719
46726 50000
72871 75480
46795 53918
37412 66957
16363 17622
95488 97832
69258 72678
7777 70597
72133 97872
20649 52051
48024 56603
25287 58809
23196 80739
44613 53371
48811 51221
32933 71720
46000 79355
46497 63129
45111 54165
19495 51585
48687 92780
84850 91995
49165 81839
45514 62864
32671 77420
34551 64724
32797 62653
46448 82435
50768 82945
45628 50372
13859 94787
6690 97618
48656 72561
73085 98515
11394 84662
11848 55228
3556 18482
88863 94963
41657 69984
71183 99034
43526 83872
60412 84314
1765 22781
89150 94434
43335 73515
86628 93582
8203 44746
95568 96673
10377 98078
7676 69181
30068 54847
43346 43717
34700 73710
57191 87431
13010 58815
45920 52186
42270 57591
44802 65821
55692 69869
40363 78135
50000 52990
36937 78174
24117 53482
98976 99660
27082 87337
31172 54387
42891 84794
4101 42289
20944 36043
38667 54170
26779 83878
15137 25682
47308 53162
31787 73394
6831 93341
50000 50880
29836 87071
85581 88470
23267 54508
28671 72683
92795 98525
46108 54668
49491 50789
35777 53976
19327 75167
41665 60228
45277 52701
44006 50354
42364 79761
11389 16052
30102 51123
66484 93801
24247 52940
23968 96090
20727 49320
43368 51492
37045 50553
21765 65828
11256 53928
61289 62815
49290 61149
33160 56562
44652 84699
49060 58767
23680 66811
59374 60940
40067 52877
38761 57020
88872 97672
25018 64138
2344 82597
41627 68846
39999 75466
78132 87187
98293 98485
44747 65179
34 13670
94362 94534
36691 51532
32243 56171
49352 58491
20464 49576
30433 40258
61593 76720
35463 93682
21298 57650
48948 51453
38975 62174
47911 83250
45431 76527
78928 88913
48091 65167
90625 94519
45630 78045
45401 79777
45060 63317
12491 38206
11317 87739
31442 72853
34225 90683
52180 79678
66448 74266
82432 99025
66167 92471
78674 91809
73997 81037
93335 98252
28408 71970
81500 90498
40427 56982
50000 55339
63793 79046
42763 52986
46488 51353
49199 50383
76647 89966
50000 66196
22194 52016
47844 63334
80328 89476
37599 55174
48280 54335
60862 74519
32695 93843
43932 58883
7244 52302
47898 56900
34093 71030
99781 99876
34778 73369
12650 60874
89227 90044
73027 96012
23885 55351
39866 57052
84366 97673
85704 86171
36169 91514
33524 75268
81082 81898
20576 65933
44103 50000
89054 94931
48413 50000
19193 64330
66485 73413
42206 55278
32253 57818
2412 63381
24773 53640
48043 52710
47182 52491
48696 63274
45782 51633
44469 56235
48690 80023
30049 61143
36802 37366
18364 89403
53489 96931
50729 80863
94541 99316
27575 51538
48893 79146
13406 52877
48766 84964
95515 97411
15021 61670
95951 97474
39886 58806
36441 64165
45233 64687
18576 85834
40924 57138
41884 78326
17714 82554
35884 52534
48725 89848
28812 56068
34199 62451
47667 61769
45758 79930
92986 99024
99982 99994
64033 75389
53221 64090
44154 50177
9127 16236
44433 83714
92654 99231
32880 74555
29042 35500
63439 83550
26489 53560
32130 50000
50000 56278
40918 60972
81708 90278
69794 75132
48874 67961
37759 60443
45906 63677
50000 59415
39804 54511
41415 81849
63597 81240
52269 70063
21172 61832
46487 62033
48906 62728
46904 78371
56119 63338
77512 92500
23933 65368
56512 69189
46823 81454
25856 62209
72862 96344
22789 74526
45493 63034
40471 62060
21375 31153
83825 99240
75745 89072
64416 74605
58325 92161
33644 64460
33956 50688
25649 52852
40506 62829
17151 26640
9268 86120
41381 68404
29072 64058
18612 53056
34283 96588
55392 74927
33233 47103
96120 97381
34252 69434
49251 52385
2921 89768
18953 88628
14863 29359
54582 89254
23926 50035
80806 82640
31862 54265
62042 63086
66760 85846
50000 52859
82066 84199
92488 95241
85358 96552
41817 47760
28578 95582
29831 84095
92578 98846
39860 58135
43691 57526
70786 85143
49404 66606
49370 67862
36251 60504
8846 20940
74475 81568
65263 75117
44905 50000
25096 65299
39917 98993
8922 51420
65625 69452
43754 77546
30508 62132
31532 63511
29292 62867
94205 96743
84594 89906
35822 55897
64525 92092
77612 91060
7772 53710
2244 91727
79677 94778
92811 95209
43631 89527
54032 66867
88552 92889
46860 60089
41063 50000
25786 55494
28960 68542
44632 73516
65984 96828
45755 66959
86819 91553
40200 86701
49825 63714
49449 59339
274 11829
63978 69981
28489 50475
40771 51303
69543 97922
99816 99959
396 96516
43330 76186
36965 50724
49670 60788
1023 1369
78302 87729
47257 79878
29209 73554
31202 55450
47640 68489
73826 82068
50919 95165
87581 90552
50359 86432
829 59197
87071 87227
19103 21770
61901 80695
26493 83124
44580 73561
54869 64955
45987 78198
55727 62435
89230 96391
67439 88909
48095 57155
73135 75373
35157 59598
50000 80502
20310 55958
25756 52047
27167 53297
35891 69566
50359 94396
93603 95369
97759 99800
96243 98179
11444 30172
97889 99391
27810 55071
29805 54051
27926 76466
48636 82515
78998 89542
10521 55484
47111 50000
86886 98969
43310 48451
29675 62246
93125 94513
48924 98137
48511 51289
41148 61699
48380 72977
20852 67915
82196 86556
29108 56118
1508 60198
22753 59381
47988 59204
86359 87922
21038 91711
48093 73634
44675 50000
43636 77722
15825 85039
43100 51671
6187 9096
49562 63508
19317 67414
9433 88845
96896 97365
71312 89792
48266 53982
35081 50718
79805 90864
44645 52957
23068 65557
55611 64516
28728 39570
43154 63456
47451 54605
75257 83036
38202 63885
26120 60646
74481 84374
12454 57837
47925 58340
18068 73688
29348 73621
37127 76236
52703 68019
46704 50000
50000 65201
86838 97093
48980 50000
77594 96608
45898 51593
97975 99426
31068 64172
13757 32503
23407 52293
99586 99922
50024 81453
35374 51826
31960 58582
24542 66809
47934 50979
50000 55552
15801 54056
3972 90787
92410 93528
32644 50824
51873 63145
65582 83083
40570 97647
30740 51677
33303 53740
80926 85064
19571 41910
180 78505
40526 72824
45657 50200
47461 78697
73483 75556
818 63605
31321 63096
44860 50907
44849 58706
71588 94094
32661 69080
36711 81772
41008 63688
88703 98561
26382 55974
58300 93032
36466 67871
58092 66685
32981 72109
77653 85542
62729 83727
18197 50173
95824 97240
5781 92615
23712 84081
30646 60524
34077 34299
62607 86621
50000 54707
88537 99070
26515 66543
46814 63868
55161 82823
47666 50000
13051 52306
83621 89532
28716 60919
45073 58628
92178 95531
49180 73994
43101 55702
47741 69891
66277 75819
44056 87987
23234 95105
29778 71530
50000 53702
48132 51969
40376 73769
9900 71778
37016 57200
87720 87958
46481 58133
27415 92732
45829 50000
35809 97443
52485 69954
37182 62979
34868 62224
38429 99044
90548 94855
42783 55223
78585 94303
38696 48113
34175 87475
44794 71930
40099 77813
47901 51249
5600 20200
24163 64652
48014 55031
30240 40375
45776 55943
91684 98383
75837 82390
38948 51930
22810 53848
73791 87294
45511 50000
94044 99635
31896 54162
43159 66559
31967 67346
36761 76108
2494 14001
49070 61676
34716 51061
46894 52182
26143 29871
49044 86813
35585 51321
31066 52801
29961 58699
44595 57793
30758 96426
94048 95608
57639 65510
94092 94427
24158 98381
35999 56481
41709 56282
19594 63148
92675 97598
38028 50000
59926 89734
33213 70247
96968 99593
10889 78327
27729 78825
16390 55658
46506 52011
68659 76775
88040 98992
89038 99819
55656 82585
44143 54860
87593 92233
27579 55141
46143 64212
43307 50696
50501 92785
41438 53260
42803 75420
16383 50000
52927 70612
15923 98970
15322 90885
57403 78716
63114 77273
7687 42281
43118 69766
2290 43817
45971 72571
32232 77656
74619 89835
67966 95554
34816 37072
43207 94805
26215 67869
19294 55284
35528 56045
90160 97237
38595 63570
17425 29441
30347 64773
10444 23580
63284 71210
50000 52190
49046 52220
84765 89079
21046 65269
12373 75413
48662 55872
22862 28830
55512 57499
27255 55047
47969 50015
49794 54726
45676 50314
24675 62024
92383 99130
1897 36023
15703 16356
44710 84379
35251 58283
45541 80717
13031 50675
29476 70831
18334 59040
35109 70967
42140 43218
9284 99905
47525 58723
45388 89719
47847 78652
39997 54014
5618 61731
71569 88155
38706 60536
48470 76519
42109 58413
85417 89703
48739 51461
22247 40701
25318 59252
92541 97508
48818 64593
28533 66828
44332 88294
70637 71388
49174 50805
12562 12646
39894 67686
9622 53163
5056 73947
39084 76681
19209 62738
10738 79999
48432 96956
49687 79480
14036 70504
44036 71050
98224 98369
40899 58922
45590 60218
98813 99630
71987 73521
76031 77367
36772 53470
44670 71849
74609 78305
53142 80271
41506 66740
87461 93211
56964 59565
24356 65228
92382 93955
28423 71811
24507 54636
13685 58410
48846 51436
46229 50703
3660 66512
48491 76172
53144 74626
71232 74734
3360 26323
41170 55759
34631 92830
33514 37822
81943 85434
17748 98697
27912 35883
56917 68876
39428 84034
18014 60979
47979 59486
59082 83881
33105 73097
42139 50485
60185 86430
75487 78941
12448 31565
21394 68390
43842 54670
37903 52069
23290 56828
28994 64231
39403 90861
9900 51295
27815 99069
10750 51013
40050 90542
40672 63927
45262 58352
20349 64942
46317 74075
45619 63361
44496 66215
90371 95584
29929 50000
41225 53580
39034 68468
32134 64390
74023 80893
38896 62692
33732 78882
80162 82234
39690 69271
74287 95856
26398 64717
31570 55109
7360 9312
98356 99438
28984 52294
34504 64152
39941 54799
59484 71229
50000 55226
91113 93981
83845 87808
46834 56800
24453 82764
85073 86888
76627 78850
29950 51524
29524 36781
83123 87065
25100 52143
47007 56207
16815 51748
9959 57606
9670 40578
42673 55789
21916 91768
44193 50000
39292 76440
52503 54500
19090 50000
15989 50000
48677 50498
38896 59127
26980 67693
78142 90633
45010 45930
42650 65281
36929 69349
38186 51712
20117 87667
17521 22721
49336 53097
91529 98453
17119 56950
4117 76548
6332 41893
49114 68822
69991 96805
41423 82316
54121 59648
37745 53293
40000 78767
87467 95149
42737 75252
40556 66710
17258 51790
50452 66294
48839 82816
87748 88044
40835 60419
42075 79366
58996 80977
36385 60158
11315 52446
49059 59356
71039 85124
64414 99579
6899 97656
44807 53515
53947 54252
18438 55467
30436 67135
19997 60871
71211 76079
3643 66031
91353 92744
27146 50000
47352 51070
40446 59327
33577 53911
65307 90144
43902 54000
46307 72815
35286 40663
47015 75944
99961 99986
15717 53082
46504 59306
58200 81359
21717 24218
79069 87913
72851 78888
62190 81744
42006 43352
34795 59493
50000 52092
49752 54705
46747 76396
36842 97475
37279 78662
40745 62242
33695 53207
24572 58826
99476 99873
81686 86883
95862 97198
18497 48148
38665 70097
1569 6724
49390 51480
32410 71050
24290 89766
35224 71286
55904 97586
82579 88378
4188 56124
98287 98745
73411 89221
23881 36847
85227 91244
50000 83117
40858 78239
26517 59751
49008 51220
48952 65285
22318 64884
46157 55325
89771 94046
84519 85430
68069 70717
98441 98711
30567 50000
80036 99300
60188 77169
44999 55375
28073 32961
43948 74468
23440 48308
94682 97951
50000 50834
46017 54297
48924 85779
23393 54972
45409 50000
34309 76637
4148 9007
35746 48883
54748 55818
24570 54794
34855 92317
44506 64829
31504 52435
35649 58095
99047 99175
27594 36012
56875 76834
31190 67305
51272 84899
23554 60129
16906 55957
9369 92187
32315 53820
92229 98145
48718 74589
84618 85493
43044 87346
54352 98561
39107 51465
43449 53029
25906 50752
79777 86125
34343 63346
50000 57714
50000 69023
30963 60116
46685 51651
37103 50952
47695 59532
42700 58129
65712 96973
54131 64940
42100 86733
56426 73850
46377 61513
48703 84059
89640 99289
10892 51457
39051 66726
96895 98282
42927 95392
15309 59429
97550 97627
47978 51702
41737 57222
34823 40086
47423 71817
42924 63546
70871 88715
48103 99328
34949 58217
43533 55415
50290 89492
48756 60414
61396 84543
67679 84567
32114 91825
39577 67420
32885 73271
70995 95736
48573 50000
22659 53335
18987 36067
87129 88612
85322 93027
49336 83713
45792 61998
17394 56471
34462 97952
25758 60210
47784 50000
31125 53991
49553 75641
40015 66862
60191 78543
40267 51687
9754 76999
50000 58777
27348 60212
33131 63825
39349 58576
72620 96276
37455 58542
94611 95565
20721 52271
30003 32795
73035 84171
46070 62318
2502 84707
23908 66955
33596 61195
26879 51817
1855 14579
36382 56972
45564 88904
1463 23632
53334 92412
15636 29441
62909 99060
97173 99974
42559 82564
41331 85640
37191 80716
97765 99939
49746 56129
40377 72239
94383 94666
55280 72798
32800 85917
47919 50469
60452 81236
27376 41380
21561 83173
42232 62527
48349 84387
28661 63832
1631 64551
22646 57339
69041 71102
27419 88152
25361 60905
20892 38084
50000 56315
43641 50000
68361 90848
65125 65616
52167 97053
40565 59554
45902 53249
8684 50140
50000 51008
88363 95829
58888 67515
20402 57896
63703 74994
54377 77543
34310 56172
81238 91010
90733 93789
47743 70418
74099 82838
22510 61357
46983 81731
78467 84850
84727 97332
60758 83261
34968 75940
32624 58200
24315 38672
91793 95121
69562 97415
44729 52869
65622 72515
50612 57074
84011 85075
28503 64351
48300 57212
34551 55889
44704 57099
50000 58233
44470 50000
8555 79908
86848 99071
45810 63928
46769 74207
13724 79503
37957 50326
13533 72038
3156 17636
49104 81855
41325 50000
50000 51843
48794 52957
39089 65346
38816 77383
92613 93878
26509 98241
92118 95524
42092 56577
49142 97886
99211 99614
47510 50917
48055 93186
46890 60123
36733 50000
9130 20621
9211 82896
14759 58937
47026 58507
45145 59956
67745 92351
38780 58078
74095 79744
83813 89635
14780 55935
46308 52172
74539 90846
18492 56639
18291 45803
82292 84758
40135 69917
49220 66737
72826 85888
60465 78840
49805 53386
41069 59328
31615 66472
4508 9966
49969 68556
1725 14647
9921 28774
25307 31555
86473 92443
98393 99318
34084 55465
88742 89106
48826 51207
89003 94483
42318 73883
46036 53344
56226 58959
14879 22903
41003 60084
48477 53398
42950 59915
36274 72915
47409 85834
47986 52069
65003 75697
82887 88511
11121 62133
50000 52991
87087 99799
36325 59987
48281 50083
68493 95285
22753 29197
90947 92843
99862 99883
95369 99522
27878 47817
45457 53774
23359 57069
64901 98097
42728 61963
45619 65877
38850 75773
39326 57305
20755 32959
98927 99895
40359 59232
55577 83631
67145 77888
37793 56868
43415 76167
89089 92330
96623 98856
46191 66797
85650 96555
68481 81108
2398 24235
20582 65852
60348 97560
41395 79661
28932 88757
47659 52345
29442 52934
3028 35684
32242 59239
26171 35922
21420 58481
41388 69238
19544 69627
44370 72659
28491 54367
49798 56069
37874 55356
26932 59581
46381 50000
42592 59480
41061 99440
96239 98551
3841 49107
69827 79255
71294 78113
48034 58894
15839 75669
52244 90652
45161 56529
20105 56431
81439 97493
44069 95720
47296 85070
85045 86232
95279 98694
42053 53692
62919 91855
25927 60691
74996 94154
7007 51431
45132 63471
40361 60658
83675 84801
39243 59659
48885 62596
49346 61633
34195 70563
37863 73494
97560 99748
15240 86522
49769 56149
25331 67654
69513 71192
41798 54986
44941 63999
11466 56199
21913 56566
24997 69297
40600 55575
4214 18679
46000 54510
43863 78757
32556 50000
41073 50561
49756 70822
44707 48816
42802 55710
5895 88608
5742 22114
98471 98572
47732 51873
44419 97081
40037 81683
4298 36548
50499 76288
70682 96814
70498 76415
94739 99051
44784 53897
61951 92867
72998 76355
331 6272
46000 52583
20060 62250
46253 53740
45623 54577
50000 51681
38803 80423
27892 95991
65211 73047
23077 29831
37006 57673
6279 8191
22384 53694
49448 63378
49811 89856
58426 70733
50905 59392
37695 53396
700 89174
32034 63870
10601 89440
48634 60461
31916 70894
42894 82508
42768 58210
12779 75715
34 86076
87976 97235
32609 76171
47858 61966
39355 69048
47543 56230
29381 63321
35450 54841
65059 90101
25833 47724
48216 52865
44140 59054
78368 80614
40543 99577
37054 88317
26952 93510
34357 88736
