12345
12346
12347
12348
12349
123410
12354
12356
12357
12358
12359
123510
12364
12365
12367
12368
12369
123610
12374
12375
12376
12378
12379
123710
12384
12385
12386
12387
12389
123810
12394
12395
12396
12397
12398
123910
123104
123105
123106
123107
123108
123109
12435
12436
12437
12438
12439
124310
12453
12456
12457
12458
12459
124510
12463
12465
12467
12468
12469
124610
12473
12475
12476
12478
12479
124710
12483
12485
12486
12487
12489
124810
12493
12495
12496
12497
12498
124910
124103
124105
124106
124107
124108
124109
12534
12536
12537
12538
12539
125310
12543
12546
12547
12548
12549
125410
12563
12564
12567
12568
12569
125610
12573
12574
12576
12578
12579
125710
12583
12584
12586
12587
12589
125810
12593
12594
12596
12597
12598
125910
125103
125104
125106
125107
125108
125109
12634
12635
12637
12638
12639
126310
12643
12645
12647
12648
12649
126410
12653
12654
12657
12658
12659
126510
12673
12674
12675
12678
12679
126710
12683
12684
12685
12687
12689
126810
12693
12694
12695
12697
12698
126910
126103
126104
126105
126107
126108
126109
12734
12735
12736
12738
12739
127310
12743
12745
12746
12748
12749
127410
12753
12754
12756
12758
12759
127510
12763
12764
12765
12768
12769
127610
12783
12784
12785
12786
12789
127810
12793
12794
12795
12796
12798
127910
127103
127104
127105
127106
127108
127109
12834
12835
12836
12837
12839
128310
12843
12845
12846
12847
12849
128410
12853
12854
12856
12857
12859
128510
12863
12864
12865
12867
12869
128610
12873
12874
12875
12876
12879
128710
12893
12894
12895
12896
12897
128910
128103
128104
128105
128106
128107
128109
12934
12935
12936
12937
12938
129310
12943
12945
12946
12947
12948
129410
12953
12954
12956
12957
12958
129510
12963
12964
12965
12967
12968
129610
12973
12974
12975
12976
12978
129710
12983
12984
12985
12986
12987
129810
129103
129104
129105
129106
129107
129108
121034
121035
121036
121037
121038
121039
121043
121045
121046
121047
121048
121049
121053
121054
121056
121057
121058
121059
121063
121064
121065
121067
121068
121069
121073
121074
121075
121076
121078
121079
121083
121084
121085
121086
121087
121089
121093
121094
121095
121096
121097
121098
13245
13246
13247
13248
13249
132410
13254
13256
13257
13258
13259
132510
13264
13265
13267
13268
13269
132610
13274
13275
13276
13278
13279
132710
13284
13285
13286
13287
13289
132810
13294
13295
13296
13297
13298
132910
132104
132105
132106
132107
132108
132109
13425
13426
13427
13428
13429
134210
13452
13456
13457
13458
13459
134510
13462
13465
13467
13468
13469
134610
13472
13475
13476
13478
13479
134710
13482
13485
13486
13487
13489
134810
13492
13495
13496
13497
13498
134910
134102
134105
134106
134107
134108
134109
13524
13526
13527
13528
13529
135210
13542
13546
13547
13548
13549
135410
13562
13564
13567
13568
13569
135610
13572
13574
13576
13578
13579
135710
13582
13584
13586
13587
13589
135810
13592
13594
13596
13597
13598
135910
135102
135104
135106
135107
135108
135109
13624
13625
13627
13628
13629
136210
13642
13645
13647
13648
13649
136410
13652
13654
13657
13658
13659
136510
13672
13674
13675
13678
13679
136710
13682
13684
13685
13687
13689
136810
13692
13694
13695
13697
13698
136910
136102
136104
136105
136107
136108
136109
13724
13725
13726
13728
13729
137210
13742
13745
13746
13748
13749
137410
13752
13754
13756
13758
13759
137510
13762
13764
13765
13768
13769
137610
13782
13784
13785
13786
13789
137810
13792
13794
13795
13796
13798
137910
137102
137104
137105
137106
137108
137109
13824
13825
13826
13827
13829
138210
13842
13845
13846
13847
13849
138410
13852
13854
13856
13857
13859
138510
13862
13864
13865
13867
13869
138610
13872
13874
13875
13876
13879
138710
13892
13894
13895
13896
13897
138910
138102
138104
138105
138106
138107
138109
13924
13925
13926
13927
13928
139210
13942
13945
13946
13947
13948
139410
13952
13954
13956
13957
13958
139510
13962
13964
13965
13967
13968
139610
13972
13974
13975
13976
13978
139710
13982
13984
13985
13986
13987
139810
139102
139104
139105
139106
139107
139108
131024
131025
131026
131027
131028
131029
131042
131045
131046
131047
131048
131049
131052
131054
131056
131057
131058
131059
131062
131064
131065
131067
131068
131069
131072
131074
131075
131076
131078
131079
131082
131084
131085
131086
131087
131089
131092
131094
131095
131096
131097
131098
14235
14236
14237
14238
14239
142310
14253
14256
14257
14258
14259
142510
14263
14265
14267
14268
14269
142610
14273
14275
14276
14278
14279
142710
14283
14285
14286
14287
14289
142810
14293
14295
14296
14297
14298
142910
142103
142105
142106
142107
142108
142109
14325
14326
14327
14328
14329
143210
14352
14356
14357
14358
14359
143510
14362
14365
14367
14368
14369
143610
14372
14375
14376
14378
14379
143710
14382
14385
14386
14387
14389
143810
14392
14395
14396
14397
14398
143910
143102
143105
143106
143107
143108
143109
14523
14526
14527
14528
14529
145210
14532
14536
14537
14538
14539
145310
14562
14563
14567
14568
14569
145610
14572
14573
14576
14578
14579
145710
14582
14583
14586
14587
14589
145810
14592
14593
14596
14597
14598
145910
145102
145103
145106
145107
145108
145109
14623
14625
14627
14628
14629
146210
14632
14635
14637
14638
14639
146310
14652
14653
14657
14658
14659
146510
14672
14673
14675
14678
14679
146710
14682
14683
14685
14687
14689
146810
14692
14693
14695
14697
14698
146910
146102
146103
146105
146107
146108
146109
14723
14725
14726
14728
14729
147210
14732
14735
14736
14738
14739
147310
14752
14753
14756
14758
14759
147510
14762
14763
14765
14768
14769
147610
14782
14783
14785
14786
14789
147810
14792
14793
14795
14796
14798
147910
147102
147103
147105
147106
147108
147109
14823
14825
14826
14827
14829
148210
14832
14835
14836
14837
14839
148310
14852
14853
14856
14857
14859
148510
14862
14863
14865
14867
14869
148610
14872
14873
14875
14876
14879
148710
14892
14893
14895
14896
14897
148910
148102
148103
148105
148106
148107
148109
14923
14925
14926
14927
14928
149210
14932
14935
14936
14937
14938
149310
14952
14953
14956
14957
14958
149510
14962
14963
14965
14967
14968
149610
14972
14973
14975
14976
14978
149710
14982
14983
14985
14986
14987
149810
149102
149103
149105
149106
149107
149108
141023
141025
141026
141027
141028
141029
141032
141035
141036
141037
141038
141039
141052
141053
141056
141057
141058
141059
141062
141063
141065
141067
141068
141069
141072
141073
141075
141076
141078
141079
141082
141083
141085
141086
141087
141089
141092
141093
141095
141096
141097
141098
15234
15236
15237
15238
15239
152310
15243
15246
15247
15248
15249
152410
15263
15264
15267
15268
15269
152610
15273
15274
15276
15278
15279
152710
15283
15284
15286
15287
15289
152810
15293
15294
15296
15297
15298
152910
152103
152104
152106
152107
152108
152109
15324
15326
15327
15328
15329
153210
15342
15346
15347
15348
15349
153410
15362
15364
15367
15368
15369
153610
15372
15374
15376
15378
15379
153710
15382
15384
15386
15387
15389
153810
15392
15394
15396
15397
15398
153910
153102
153104
153106
153107
153108
153109
15423
15426
15427
15428
15429
154210
15432
15436
15437
15438
15439
154310
15462
15463
15467
15468
15469
154610
15472
15473
15476
15478
15479
154710
15482
15483
15486
15487
15489
154810
15492
15493
15496
15497
15498
154910
154102
154103
154106
154107
154108
154109
15623
15624
15627
15628
15629
156210
15632
15634
15637
15638
15639
156310
15642
15643
15647
15648
15649
156410
15672
15673
15674
15678
15679
156710
15682
15683
15684
15687
15689
156810
15692
15693
15694
15697
15698
156910
156102
156103
156104
156107
156108
156109
15723
15724
15726
15728
15729
157210
15732
15734
15736
15738
15739
157310
15742
15743
15746
15748
15749
157410
15762
15763
15764
15768
15769
157610
15782
15783
15784
15786
15789
157810
15792
15793
15794
15796
15798
157910
157102
157103
157104
157106
157108
157109
15823
15824
15826
15827
15829
158210
15832
15834
15836
15837
15839
158310
15842
15843
15846
15847
15849
158410
15862
15863
15864
15867
15869
158610
15872
15873
15874
15876
15879
158710
15892
15893
15894
15896
15897
158910
158102
158103
158104
158106
158107
158109
15923
15924
15926
15927
15928
159210
15932
15934
15936
15937
15938
159310
15942
15943
15946
15947
15948
159410
15962
15963
15964
15967
15968
159610
15972
15973
15974
15976
15978
159710
15982
15983
15984
15986
15987
159810
159102
159103
159104
159106
159107
159108
151023
151024
151026
151027
151028
151029
151032
151034
151036
151037
151038
151039
151042
151043
151046
151047
151048
151049
151062
151063
151064
151067
151068
151069
151072
151073
151074
151076
151078
151079
151082
151083
151084
151086
151087
151089
151092
151093
151094
151096
151097
151098
16234
16235
16237
16238
16239
162310
16243
16245
16247
16248
16249
162410
16253
16254
16257
16258
16259
162510
16273
16274
16275
16278
16279
162710
16283
16284
16285
16287
16289
162810
16293
16294
16295
16297
16298
162910
162103
162104
162105
162107
162108
162109
16324
16325
16327
16328
16329
163210
16342
16345
16347
16348
16349
163410
16352
16354
16357
16358
16359
163510
16372
16374
16375
16378
16379
163710
16382
16384
16385
16387
16389
163810
16392
16394
16395
16397
16398
163910
163102
163104
163105
163107
163108
163109
16423
16425
16427
16428
16429
164210
16432
16435
16437
16438
16439
164310
16452
16453
16457
16458
16459
164510
16472
16473
16475
16478
16479
164710
16482
16483
16485
16487
16489
164810
16492
16493
16495
16497
16498
164910
164102
164103
164105
164107
164108
164109
16523
16524
16527
16528
16529
165210
16532
16534
16537
16538
16539
165310
16542
16543
16547
16548
16549
165410
16572
16573
16574
16578
16579
165710
16582
16583
16584
16587
16589
165810
16592
16593
16594
16597
16598
165910
165102
165103
165104
165107
165108
165109
16723
16724
16725
16728
16729
167210
16732
16734
16735
16738
16739
167310
16742
16743
16745
16748
16749
167410
16752
16753
16754
16758
16759
167510
16782
16783
16784
16785
16789
167810
16792
16793
16794
16795
16798
167910
167102
167103
167104
167105
167108
167109
16823
16824
16825
16827
16829
168210
16832
16834
16835
16837
16839
168310
16842
16843
16845
16847
16849
168410
16852
16853
16854
16857
16859
168510
16872
16873
16874
16875
16879
168710
16892
16893
16894
16895
16897
168910
168102
168103
168104
168105
168107
168109
16923
16924
16925
16927
16928
169210
16932
16934
16935
16937
16938
169310
16942
16943
16945
16947
16948
169410
16952
16953
16954
16957
16958
169510
16972
16973
16974
16975
16978
169710
16982
16983
16984
16985
16987
169810
169102
169103
169104
169105
169107
169108
161023
161024
161025
161027
161028
161029
161032
161034
161035
161037
161038
161039
161042
161043
161045
161047
161048
161049
161052
161053
161054
161057
161058
161059
161072
161073
161074
161075
161078
161079
161082
161083
161084
161085
161087
161089
161092
161093
161094
161095
161097
161098
17234
17235
17236
17238
17239
172310
17243
17245
17246
17248
17249
172410
17253
17254
17256
17258
17259
172510
17263
17264
17265
17268
17269
172610
17283
17284
17285
17286
17289
172810
17293
17294
17295
17296
17298
172910
172103
172104
172105
172106
172108
172109
17324
17325
17326
17328
17329
173210
17342
17345
17346
17348
17349
173410
17352
17354
17356
17358
17359
173510
17362
17364
17365
17368
17369
173610
17382
17384
17385
17386
17389
173810
17392
17394
17395
17396
17398
173910
173102
173104
173105
173106
173108
173109
17423
17425
17426
17428
17429
174210
17432
17435
17436
17438
17439
174310
17452
17453
17456
17458
17459
174510
17462
17463
17465
17468
17469
174610
17482
17483
17485
17486
17489
174810
17492
17493
17495
17496
17498
174910
174102
174103
174105
174106
174108
174109
17523
17524
17526
17528
17529
175210
17532
17534
17536
17538
17539
175310
17542
17543
17546
17548
17549
175410
17562
17563
17564
17568
17569
175610
17582
17583
17584
17586
17589
175810
17592
17593
17594
17596
17598
175910
175102
175103
175104
175106
175108
175109
17623
17624
17625
17628
17629
176210
17632
17634
17635
17638
17639
176310
17642
17643
17645
17648
17649
176410
17652
17653
17654
17658
17659
176510
17682
17683
17684
17685
17689
176810
17692
17693
17694
17695
17698
176910
176102
176103
176104
176105
176108
176109
17823
17824
17825
17826
17829
178210
17832
17834
17835
17836
17839
178310
17842
17843
17845
17846
17849
178410
17852
17853
17854
17856
17859
178510
17862
17863
17864
17865
17869
178610
17892
17893
17894
17895
17896
178910
178102
178103
178104
178105
178106
178109
17923
17924
17925
17926
17928
179210
17932
17934
17935
17936
17938
179310
17942
17943
17945
17946
17948
179410
17952
17953
17954
17956
17958
179510
17962
17963
17964
17965
17968
179610
17982
17983
17984
17985
17986
179810
179102
179103
179104
179105
179106
179108
171023
171024
171025
171026
171028
171029
171032
171034
171035
171036
171038
171039
171042
171043
171045
171046
171048
171049
171052
171053
171054
171056
171058
171059
171062
171063
171064
171065
171068
171069
171082
171083
171084
171085
171086
171089
171092
171093
171094
171095
171096
171098
18234
18235
18236
18237
18239
182310
18243
18245
18246
18247
18249
182410
18253
18254
18256
18257
18259
182510
18263
18264
18265
18267
18269
182610
18273
18274
18275
18276
18279
182710
18293
18294
18295
18296
18297
182910
182103
182104
182105
182106
182107
182109
18324
18325
18326
18327
18329
183210
18342
18345
18346
18347
18349
183410
18352
18354
18356
18357
18359
183510
18362
18364
18365
18367
18369
183610
18372
18374
18375
18376
18379
183710
18392
18394
18395
18396
18397
183910
183102
183104
183105
183106
183107
183109
18423
18425
18426
18427
18429
184210
18432
18435
18436
18437
18439
184310
18452
18453
18456
18457
18459
184510
18462
18463
18465
18467
18469
184610
18472
18473
18475
18476
18479
184710
18492
18493
18495
18496
18497
184910
184102
184103
184105
184106
184107
184109
18523
18524
18526
18527
18529
185210
18532
18534
18536
18537
18539
185310
18542
18543
18546
18547
18549
185410
18562
18563
18564
18567
18569
185610
18572
18573
18574
18576
18579
185710
18592
18593
18594
18596
18597
185910
185102
185103
185104
185106
185107
185109
18623
18624
18625
18627
18629
186210
18632
18634
18635
18637
18639
186310
18642
18643
18645
18647
18649
186410
18652
18653
18654
18657
18659
186510
18672
18673
18674
18675
18679
186710
18692
18693
18694
18695
18697
186910
186102
186103
186104
186105
186107
186109
18723
18724
18725
18726
18729
187210
18732
18734
18735
18736
18739
187310
18742
18743
18745
18746
18749
187410
18752
18753
18754
18756
18759
187510
18762
18763
18764
18765
18769
187610
18792
18793
18794
18795
18796
187910
187102
187103
187104
187105
187106
187109
18923
18924
18925
18926
18927
189210
18932
18934
18935
18936
18937
189310
18942
18943
18945
18946
18947
189410
18952
18953
18954
18956
18957
189510
18962
18963
18964
18965
18967
189610
18972
18973
18974
18975
18976
189710
189102
189103
189104
189105
189106
189107
181023
181024
181025
181026
181027
181029
181032
181034
181035
181036
181037
181039
181042
181043
181045
181046
181047
181049
181052
181053
181054
181056
181057
181059
181062
181063
181064
181065
181067
181069
181072
181073
181074
181075
181076
181079
181092
181093
181094
181095
181096
181097
19234
19235
19236
19237
19238
192310
19243
19245
19246
19247
19248
192410
19253
19254
19256
19257
19258
192510
19263
19264
19265
19267
19268
192610
19273
19274
19275
19276
19278
192710
19283
19284
19285
19286
19287
192810
192103
192104
192105
192106
192107
192108
19324
19325
19326
19327
19328
193210
19342
19345
19346
19347
19348
193410
19352
19354
19356
19357
19358
193510
19362
19364
19365
19367
19368
193610
19372
19374
19375
19376
19378
193710
19382
19384
19385
19386
19387
193810
193102
193104
193105
193106
193107
193108
19423
19425
19426
19427
19428
194210
19432
19435
19436
19437
19438
194310
19452
19453
19456
19457
19458
194510
19462
19463
19465
19467
19468
194610
19472
19473
19475
19476
19478
194710
19482
19483
19485
19486
19487
194810
194102
194103
194105
194106
194107
194108
19523
19524
19526
19527
19528
195210
19532
19534
19536
19537
19538
195310
19542
19543
19546
19547
19548
195410
19562
19563
19564
19567
19568
195610
19572
19573
19574
19576
19578
195710
19582
19583
19584
19586
19587
195810
195102
195103
195104
195106
195107
195108
19623
19624
19625
19627
19628
196210
19632
19634
19635
19637
19638
196310
19642
19643
19645
19647
19648
196410
19652
19653
19654
19657
19658
196510
19672
19673
19674
19675
19678
196710
19682
19683
19684
19685
19687
196810
196102
196103
196104
196105
196107
196108
19723
19724
19725
19726
19728
197210
19732
19734
19735
19736
19738
197310
19742
19743
19745
19746
19748
197410
19752
19753
19754
19756
19758
197510
19762
19763
19764
19765
19768
197610
19782
19783
19784
19785
19786
197810
197102
197103
197104
197105
197106
197108
19823
19824
19825
19826
19827
198210
19832
19834
19835
19836
19837
198310
19842
19843
19845
19846
19847
198410
19852
19853
19854
19856
19857
198510
19862
19863
19864
19865
19867
198610
19872
19873
19874
19875
19876
198710
198102
198103
198104
198105
198106
198107
191023
191024
191025
191026
191027
191028
191032
191034
191035
191036
191037
191038
191042
191043
191045
191046
191047
191048
191052
191053
191054
191056
191057
191058
191062
191063
191064
191065
191067
191068
191072
191073
191074
191075
191076
191078
191082
191083
191084
191085
191086
191087
110234
110235
110236
110237
110238
110239
110243
110245
110246
110247
110248
110249
110253
110254
110256
110257
110258
110259
110263
110264
110265
110267
110268
110269
110273
110274
110275
110276
110278
110279
110283
110284
110285
110286
110287
110289
110293
110294
110295
110296
110297
110298
110324
110325
110326
110327
110328
110329
110342
110345
110346
110347
110348
110349
110352
110354
110356
110357
110358
110359
110362
110364
110365
110367
110368
110369
110372
110374
110375
110376
110378
110379
110382
110384
110385
110386
110387
110389
110392
110394
110395
110396
110397
110398
110423
110425
110426
110427
110428
110429
110432
110435
110436
110437
110438
110439
110452
110453
110456
110457
110458
110459
110462
110463
110465
110467
110468
110469
110472
110473
110475
110476
110478
110479
110482
110483
110485
110486
110487
110489
110492
110493
110495
110496
110497
110498
110523
110524
110526
110527
110528
110529
110532
110534
110536
110537
110538
110539
110542
110543
110546
110547
110548
110549
110562
110563
110564
110567
110568
110569
110572
110573
110574
110576
110578
110579
110582
110583
110584
110586
110587
110589
110592
110593
110594
110596
110597
110598
110623
110624
110625
110627
110628
110629
110632
110634
110635
110637
110638
110639
110642
110643
110645
110647
110648
110649
110652
110653
110654
110657
110658
110659
110672
110673
110674
110675
110678
110679
110682
110683
110684
110685
110687
110689
110692
110693
110694
110695
110697
110698
110723
110724
110725
110726
110728
110729
110732
110734
110735
110736
110738
110739
110742
110743
110745
110746
110748
110749
110752
110753
110754
110756
110758
110759
110762
110763
110764
110765
110768
110769
110782
110783
110784
110785
110786
110789
110792
110793
110794
110795
110796
110798
110823
110824
110825
110826
110827
110829
110832
110834
110835
110836
110837
110839
110842
110843
110845
110846
110847
110849
110852
110853
110854
110856
110857
110859
110862
110863
110864
110865
110867
110869
110872
110873
110874
110875
110876
110879
110892
110893
110894
110895
110896
110897
110923
110924
110925
110926
110927
110928
110932
110934
110935
110936
110937
110938
110942
110943
110945
110946
110947
110948
110952
110953
110954
110956
110957
110958
110962
110963
110964
110965
110967
110968
110972
110973
110974
110975
110976
110978
110982
110983
110984
110985
110986
110987
21345
21346
21347
21348
21349
213410
21354
21356
21357
21358
21359
213510
21364
21365
21367
21368
21369
213610
21374
21375
21376
21378
21379
213710
21384
21385
21386
21387
21389
213810
21394
21395
21396
21397
21398
213910
213104
213105
213106
213107
213108
213109
21435
21436
21437
21438
21439
214310
21453
21456
21457
21458
21459
214510
21463
21465
21467
21468
21469
214610
21473
21475
21476
21478
21479
214710
21483
21485
21486
21487
21489
214810
21493
21495
21496
21497
21498
214910
214103
214105
214106
214107
214108
214109
21534
21536
21537
21538
21539
215310
21543
21546
21547
21548
21549
215410
21563
21564
21567
21568
21569
215610
21573
21574
21576
21578
21579
215710
21583
21584
21586
21587
21589
215810
21593
21594
21596
21597
21598
215910
215103
215104
215106
215107
215108
215109
21634
21635
21637
21638
21639
216310
21643
21645
21647
21648
21649
216410
21653
21654
21657
21658
21659
216510
21673
21674
21675
21678
21679
216710
21683
21684
21685
21687
21689
216810
21693
21694
21695
21697
21698
216910
216103
216104
216105
216107
216108
216109
21734
21735
21736
21738
21739
217310
21743
21745
21746
21748
21749
217410
21753
21754
21756
21758
21759
217510
21763
21764
21765
21768
21769
217610
21783
21784
21785
21786
21789
217810
21793
21794
21795
21796
21798
217910
217103
217104
217105
217106
217108
217109
21834
21835
21836
21837
21839
218310
21843
21845
21846
21847
21849
218410
21853
21854
21856
21857
21859
218510
21863
21864
21865
21867
21869
218610
21873
21874
21875
21876
21879
218710
21893
21894
21895
21896
21897
218910
218103
218104
218105
218106
218107
218109
21934
21935
21936
21937
21938
219310
21943
21945
21946
21947
21948
219410
21953
21954
21956
21957
21958
219510
21963
21964
21965
21967
21968
219610
21973
21974
21975
21976
21978
219710
21983
21984
21985
21986
21987
219810
219103
219104
219105
219106
219107
219108
211034
211035
211036
211037
211038
211039
211043
211045
211046
211047
211048
211049
211053
211054
211056
211057
211058
211059
211063
211064
211065
211067
211068
211069
211073
211074
211075
211076
211078
211079
211083
211084
211085
211086
211087
211089
211093
211094
211095
211096
211097
211098
23145
23146
23147
23148
23149
231410
23154
23156
23157
23158
23159
231510
23164
23165
23167
23168
23169
231610
23174
23175
23176
23178
23179
231710
23184
23185
23186
23187
23189
231810
23194
23195
23196
23197
23198
231910
231104
231105
231106
231107
231108
231109
23415
23416
23417
23418
23419
234110
23451
23456
23457
23458
23459
234510
23461
23465
23467
23468
23469
234610
23471
23475
23476
23478
23479
234710
23481
23485
23486
23487
23489
234810
23491
23495
23496
23497
23498
234910
234101
234105
234106
234107
234108
234109
23514
23516
23517
23518
23519
235110
23541
23546
23547
23548
23549
235410
23561
23564
23567
23568
23569
235610
23571
23574
23576
23578
23579
235710
23581
23584
23586
23587
23589
235810
23591
23594
23596
23597
23598
235910
235101
235104
235106
235107
235108
235109
23614
23615
23617
23618
23619
236110
23641
23645
23647
23648
23649
236410
23651
23654
23657
23658
23659
236510
23671
23674
23675
23678
23679
236710
23681
23684
23685
23687
23689
236810
23691
23694
23695
23697
23698
236910
236101
236104
236105
236107
236108
236109
23714
23715
23716
23718
23719
237110
23741
23745
23746
23748
23749
237410
23751
23754
23756
23758
23759
237510
23761
23764
23765
23768
23769
237610
23781
23784
23785
23786
23789
237810
23791
23794
23795
23796
23798
237910
237101
237104
237105
237106
237108
237109
23814
23815
23816
23817
23819
238110
23841
23845
23846
23847
23849
238410
23851
23854
23856
23857
23859
238510
23861
23864
23865
23867
23869
238610
23871
23874
23875
23876
23879
238710
23891
23894
23895
23896
23897
238910
238101
238104
238105
238106
238107
238109
23914
23915
23916
23917
23918
239110
23941
23945
23946
23947
23948
239410
23951
23954
23956
23957
23958
239510
23961
23964
23965
23967
23968
239610
23971
23974
23975
23976
23978
239710
23981
23984
23985
23986
23987
239810
239101
239104
239105
239106
239107
239108
231014
231015
231016
231017
231018
231019
231041
231045
231046
231047
231048
231049
231051
231054
231056
231057
231058
231059
231061
231064
231065
231067
231068
231069
231071
231074
231075
231076
231078
231079
231081
231084
231085
231086
231087
231089
231091
231094
231095
231096
231097
231098
24135
24136
24137
24138
24139
241310
24153
24156
24157
24158
24159
241510
24163
24165
24167
24168
24169
241610
24173
24175
24176
24178
24179
241710
24183
24185
24186
24187
24189
241810
24193
24195
24196
24197
24198
241910
241103
241105
241106
241107
241108
241109
24315
24316
24317
24318
24319
243110
24351
24356
24357
24358
24359
243510
24361
24365
24367
24368
24369
243610
24371
24375
24376
24378
24379
243710
24381
24385
24386
24387
24389
243810
24391
24395
24396
24397
24398
243910
243101
243105
243106
243107
243108
243109
24513
24516
24517
24518
24519
245110
24531
24536
24537
24538
24539
245310
24561
24563
24567
24568
24569
245610
24571
24573
24576
24578
24579
245710
24581
24583
24586
24587
24589
245810
24591
24593
24596
24597
24598
245910
245101
245103
245106
245107
245108
245109
24613
24615
24617
24618
24619
246110
24631
24635
24637
24638
24639
246310
24651
24653
24657
24658
24659
246510
24671
24673
24675
24678
24679
246710
24681
24683
24685
24687
24689
246810
24691
24693
24695
24697
24698
246910
246101
246103
246105
246107
246108
246109
24713
24715
24716
24718
24719
247110
24731
24735
24736
24738
24739
247310
24751
24753
24756
24758
24759
247510
24761
24763
24765
24768
24769
247610
24781
24783
24785
24786
24789
247810
24791
24793
24795
24796
24798
247910
247101
247103
247105
247106
247108
247109
24813
24815
24816
24817
24819
248110
24831
24835
24836
24837
24839
248310
24851
24853
24856
24857
24859
248510
24861
24863
24865
24867
24869
248610
24871
24873
24875
24876
24879
248710
24891
24893
24895
24896
24897
248910
248101
248103
248105
248106
248107
248109
24913
24915
24916
24917
24918
249110
24931
24935
24936
24937
24938
249310
24951
24953
24956
24957
24958
249510
24961
24963
24965
24967
24968
249610
24971
24973
24975
24976
24978
249710
24981
24983
24985
24986
24987
249810
249101
249103
249105
249106
249107
249108
241013
241015
241016
241017
241018
241019
241031
241035
241036
241037
241038
241039
241051
241053
241056
241057
241058
241059
241061
241063
241065
241067
241068
241069
241071
241073
241075
241076
241078
241079
241081
241083
241085
241086
241087
241089
241091
241093
241095
241096
241097
241098
25134
25136
25137
25138
25139
251310
25143
25146
25147
25148
25149
251410
25163
25164
25167
25168
25169
251610
25173
25174
25176
25178
25179
251710
25183
25184
25186
25187
25189
251810
25193
25194
25196
25197
25198
251910
251103
251104
251106
251107
251108
251109
25314
25316
25317
25318
25319
253110
25341
25346
25347
25348
25349
253410
25361
25364
25367
25368
25369
253610
25371
25374
25376
25378
25379
253710
25381
25384
25386
25387
25389
253810
25391
25394
25396
25397
25398
253910
253101
253104
253106
253107
253108
253109
25413
25416
25417
25418
25419
254110
25431
25436
25437
25438
25439
254310
25461
25463
25467
25468
25469
254610
25471
25473
25476
25478
25479
254710
25481
25483
25486
25487
25489
254810
25491
25493
25496
25497
25498
254910
254101
254103
254106
254107
254108
254109
25613
25614
25617
25618
25619
256110
25631
25634
25637
25638
25639
256310
25641
25643
25647
25648
25649
256410
25671
25673
25674
25678
25679
256710
25681
25683
25684
25687
25689
256810
25691
25693
25694
25697
25698
256910
256101
256103
256104
256107
256108
256109
25713
25714
25716
25718
25719
257110
25731
25734
25736
25738
25739
257310
25741
25743
25746
25748
25749
257410
25761
25763
25764
25768
25769
257610
25781
25783
25784
25786
25789
257810
25791
25793
25794
25796
25798
257910
257101
257103
257104
257106
257108
257109
25813
25814
25816
25817
25819
258110
25831
25834
25836
25837
25839
258310
25841
25843
25846
25847
25849
258410
25861
25863
25864
25867
25869
258610
25871
25873
25874
25876
25879
258710
25891
25893
25894
25896
25897
258910
258101
258103
258104
258106
258107
258109
25913
25914
25916
25917
25918
259110
25931
25934
25936
25937
25938
259310
25941
25943
25946
25947
25948
259410
25961
25963
25964
25967
25968
259610
25971
25973
25974
25976
25978
259710
25981
25983
25984
25986
25987
259810
259101
259103
259104
259106
259107
259108
251013
251014
251016
251017
251018
251019
251031
251034
251036
251037
251038
251039
251041
251043
251046
251047
251048
251049
251061
251063
251064
251067
251068
251069
251071
251073
251074
251076
251078
251079
251081
251083
251084
251086
251087
251089
251091
251093
251094
251096
251097
251098
26134
26135
26137
26138
26139
261310
26143
26145
26147
26148
26149
261410
26153
26154
26157
26158
26159
261510
26173
26174
26175
26178
26179
261710
26183
26184
26185
26187
26189
261810
26193
26194
26195
26197
26198
261910
261103
261104
261105
261107
261108
261109
26314
26315
26317
26318
26319
263110
26341
26345
26347
26348
26349
263410
26351
26354
26357
26358
26359
263510
26371
26374
26375
26378
26379
263710
26381
26384
26385
26387
26389
263810
26391
26394
26395
26397
26398
263910
263101
263104
263105
263107
263108
263109
26413
26415
26417
26418
26419
264110
26431
26435
26437
26438
26439
264310
26451
26453
26457
26458
26459
264510
26471
26473
26475
26478
26479
264710
26481
26483
26485
26487
26489
264810
26491
26493
26495
26497
26498
264910
264101
264103
264105
264107
264108
264109
26513
26514
26517
26518
26519
265110
26531
26534
26537
26538
26539
265310
26541
26543
26547
26548
26549
265410
26571
26573
26574
26578
26579
265710
26581
26583
26584
26587
26589
265810
26591
26593
26594
26597
26598
265910
265101
265103
265104
265107
265108
265109
26713
26714
26715
26718
26719
267110
26731
26734
26735
26738
26739
267310
26741
26743
26745
26748
26749
267410
26751
26753
26754
26758
26759
267510
26781
26783
26784
26785
26789
267810
26791
26793
26794
26795
26798
267910
267101
267103
267104
267105
267108
267109
26813
26814
26815
26817
26819
268110
26831
26834
26835
26837
26839
268310
26841
26843
26845
26847
26849
268410
26851
26853
26854
26857
26859
268510
26871
26873
26874
26875
26879
268710
26891
26893
26894
26895
26897
268910
268101
268103
268104
268105
268107
268109
26913
26914
26915
26917
26918
269110
26931
26934
26935
26937
26938
269310
26941
26943
26945
26947
26948
269410
26951
26953
26954
26957
26958
269510
26971
26973
26974
26975
26978
269710
26981
26983
26984
26985
26987
269810
269101
269103
269104
269105
269107
269108
261013
261014
261015
261017
261018
261019
261031
261034
261035
261037
261038
261039
261041
261043
261045
261047
261048
261049
261051
261053
261054
261057
261058
261059
261071
261073
261074
261075
261078
261079
261081
261083
261084
261085
261087
261089
261091
261093
261094
261095
261097
261098
27134
27135
27136
27138
27139
271310
27143
27145
27146
27148
27149
271410
27153
27154
27156
27158
27159
271510
27163
27164
27165
27168
27169
271610
27183
27184
27185
27186
27189
271810
27193
27194
27195
27196
27198
271910
271103
271104
271105
271106
271108
271109
27314
27315
27316
27318
27319
273110
27341
27345
27346
27348
27349
273410
27351
27354
27356
27358
27359
273510
27361
27364
27365
27368
27369
273610
27381
27384
27385
27386
27389
273810
27391
27394
27395
27396
27398
273910
273101
273104
273105
273106
273108
273109
27413
27415
27416
27418
27419
274110
27431
27435
27436
27438
27439
274310
27451
27453
27456
27458
27459
274510
27461
27463
27465
27468
27469
274610
27481
27483
27485
27486
27489
274810
27491
27493
27495
27496
27498
274910
274101
274103
274105
274106
274108
274109
27513
27514
27516
27518
27519
275110
27531
27534
27536
27538
27539
275310
27541
27543
27546
27548
27549
275410
27561
27563
27564
27568
27569
275610
27581
27583
27584
27586
27589
275810
27591
27593
27594
27596
27598
275910
275101
275103
275104
275106
275108
275109
27613
27614
27615
27618
27619
276110
27631
27634
27635
27638
27639
276310
27641
27643
27645
27648
27649
276410
27651
27653
27654
27658
27659
276510
27681
27683
27684
27685
27689
276810
27691
27693
27694
27695
27698
276910
276101
276103
276104
276105
276108
276109
27813
27814
27815
27816
27819
278110
27831
27834
27835
27836
27839
278310
27841
27843
27845
27846
27849
278410
27851
27853
27854
27856
27859
278510
27861
27863
27864
27865
27869
278610
27891
27893
27894
27895
27896
278910
278101
278103
278104
278105
278106
278109
27913
27914
27915
27916
27918
279110
27931
27934
27935
27936
27938
279310
27941
27943
27945
27946
27948
279410
27951
27953
27954
27956
27958
279510
27961
27963
27964
27965
27968
279610
27981
27983
27984
27985
27986
279810
279101
279103
279104
279105
279106
279108
271013
271014
271015
271016
271018
271019
271031
271034
271035
271036
271038
271039
271041
271043
271045
271046
271048
271049
271051
271053
271054
271056
271058
271059
271061
271063
271064
271065
271068
271069
271081
271083
271084
271085
271086
271089
271091
271093
271094
271095
271096
271098
28134
28135
28136
28137
28139
281310
28143
28145
28146
28147
28149
281410
28153
28154
28156
28157
28159
281510
28163
28164
28165
28167
28169
281610
28173
28174
28175
28176
28179
281710
28193
28194
28195
28196
28197
281910
281103
281104
281105
281106
281107
281109
28314
28315
28316
28317
28319
283110
28341
28345
28346
28347
28349
283410
28351
28354
28356
28357
28359
283510
28361
28364
28365
28367
28369
283610
28371
28374
28375
28376
28379
283710
28391
28394
28395
28396
28397
283910
283101
283104
283105
283106
283107
283109
28413
28415
28416
28417
28419
284110
28431
28435
28436
28437
28439
284310
28451
28453
28456
28457
28459
284510
28461
28463
28465
28467
28469
284610
28471
28473
28475
28476
28479
284710
28491
28493
28495
28496
28497
284910
284101
284103
284105
284106
284107
284109
28513
28514
28516
28517
28519
285110
28531
28534
28536
28537
28539
285310
28541
28543
28546
28547
28549
285410
28561
28563
28564
28567
28569
285610
28571
28573
28574
28576
28579
285710
28591
28593
28594
28596
28597
285910
285101
285103
285104
285106
285107
285109
28613
28614
28615
28617
28619
286110
28631
28634
28635
28637
28639
286310
28641
28643
28645
28647
28649
286410
28651
28653
28654
28657
28659
286510
28671
28673
28674
28675
28679
286710
28691
28693
28694
28695
28697
286910
286101
286103
286104
286105
286107
286109
28713
28714
28715
28716
28719
287110
28731
28734
28735
28736
28739
287310
28741
28743
28745
28746
28749
287410
28751
28753
28754
28756
28759
287510
28761
28763
28764
28765
28769
287610
28791
28793
28794
28795
28796
287910
287101
287103
287104
287105
287106
287109
28913
28914
28915
28916
28917
289110
28931
28934
28935
28936
28937
289310
28941
28943
28945
28946
28947
289410
28951
28953
28954
28956
28957
289510
28961
28963
28964
28965
28967
289610
28971
28973
28974
28975
28976
289710
289101
289103
289104
289105
289106
289107
281013
281014
281015
281016
281017
281019
281031
281034
281035
281036
281037
281039
281041
281043
281045
281046
281047
281049
281051
281053
281054
281056
281057
281059
281061
281063
281064
281065
281067
281069
281071
281073
281074
281075
281076
281079
281091
281093
281094
281095
281096
281097
29134
29135
29136
29137
29138
291310
29143
29145
29146
29147
29148
291410
29153
29154
29156
29157
29158
291510
29163
29164
29165
29167
29168
291610
29173
29174
29175
29176
29178
291710
29183
29184
29185
29186
29187
291810
291103
291104
291105
291106
291107
291108
29314
29315
29316
29317
29318
293110
29341
29345
29346
29347
29348
293410
29351
29354
29356
29357
29358
293510
29361
29364
29365
29367
29368
293610
29371
29374
29375
29376
29378
293710
29381
29384
29385
29386
29387
293810
293101
293104
293105
293106
293107
293108
29413
29415
29416
29417
29418
294110
29431
29435
29436
29437
29438
294310
29451
29453
29456
29457
29458
294510
29461
29463
29465
29467
29468
294610
29471
29473
29475
29476
29478
294710
29481
29483
29485
29486
29487
294810
294101
294103
294105
294106
294107
294108
29513
29514
29516
29517
29518
295110
29531
29534
29536
29537
29538
295310
29541
29543
29546
29547
29548
295410
29561
29563
29564
29567
29568
295610
29571
29573
29574
29576
29578
295710
29581
29583
29584
29586
29587
295810
295101
295103
295104
295106
295107
295108
29613
29614
29615
29617
29618
296110
29631
29634
29635
29637
29638
296310
29641
29643
29645
29647
29648
296410
29651
29653
29654
29657
29658
296510
29671
29673
29674
29675
29678
296710
29681
29683
29684
29685
29687
296810
296101
296103
296104
296105
296107
296108
29713
29714
29715
29716
29718
297110
29731
29734
29735
29736
29738
297310
29741
29743
29745
29746
29748
297410
29751
29753
29754
29756
29758
297510
29761
29763
29764
29765
29768
297610
29781
29783
29784
29785
29786
297810
297101
297103
297104
297105
297106
297108
29813
29814
29815
29816
29817
298110
29831
29834
29835
29836
29837
298310
29841
29843
29845
29846
29847
298410
29851
29853
29854
29856
29857
298510
29861
29863
29864
29865
29867
298610
29871
29873
29874
29875
29876
298710
298101
298103
298104
298105
298106
298107
291013
291014
291015
291016
291017
291018
291031
291034
291035
291036
291037
291038
291041
291043
291045
291046
291047
291048
291051
291053
291054
291056
291057
291058
291061
291063
291064
291065
291067
291068
291071
291073
291074
291075
291076
291078
291081
291083
291084
291085
291086
291087
210134
210135
210136
210137
210138
210139
210143
210145
210146
210147
210148
210149
210153
210154
210156
210157
210158
210159
210163
210164
210165
210167
210168
210169
210173
210174
210175
210176
210178
210179
210183
210184
210185
210186
210187
210189
210193
210194
210195
210196
210197
210198
210314
210315
210316
210317
210318
210319
210341
210345
210346
210347
210348
210349
210351
210354
210356
210357
210358
210359
210361
210364
210365
210367
210368
210369
210371
210374
210375
210376
210378
210379
210381
210384
210385
210386
210387
210389
210391
210394
210395
210396
210397
210398
210413
210415
210416
210417
210418
210419
210431
210435
210436
210437
210438
210439
210451
210453
210456
210457
210458
210459
210461
210463
210465
210467
210468
210469
210471
210473
210475
210476
210478
210479
210481
210483
210485
210486
210487
210489
210491
210493
210495
210496
210497
210498
210513
210514
210516
210517
210518
210519
210531
210534
210536
210537
210538
210539
210541
210543
210546
210547
210548
210549
210561
210563
210564
210567
210568
210569
210571
210573
210574
210576
210578
210579
210581
210583
210584
210586
210587
210589
210591
210593
210594
210596
210597
210598
210613
210614
210615
210617
210618
210619
210631
210634
210635
210637
210638
210639
210641
210643
210645
210647
210648
210649
210651
210653
210654
210657
210658
210659
210671
210673
210674
210675
210678
210679
210681
210683
210684
210685
210687
210689
210691
210693
210694
210695
210697
210698
210713
210714
210715
210716
210718
210719
210731
210734
210735
210736
210738
210739
210741
210743
210745
210746
210748
210749
210751
210753
210754
210756
210758
210759
210761
210763
210764
210765
210768
210769
210781
210783
210784
210785
210786
210789
210791
210793
210794
210795
210796
210798
210813
210814
210815
210816
210817
210819
210831
210834
210835
210836
210837
210839
210841
210843
210845
210846
210847
210849
210851
210853
210854
210856
210857
210859
210861
210863
210864
210865
210867
210869
210871
210873
210874
210875
210876
210879
210891
210893
210894
210895
210896
210897
210913
210914
210915
210916
210917
210918
210931
210934
210935
210936
210937
210938
210941
210943
210945
210946
210947
210948
210951
210953
210954
210956
210957
210958
210961
210963
210964
210965
210967
210968
210971
210973
210974
210975
210976
210978
210981
210983
210984
210985
210986
210987
31245
31246
31247
31248
31249
312410
31254
31256
31257
31258
31259
312510
31264
31265
31267
31268
31269
312610
31274
31275
31276
31278
31279
312710
31284
31285
31286
31287
31289
312810
31294
31295
31296
31297
31298
312910
312104
312105
312106
312107
312108
312109
31425
31426
31427
31428
31429
314210
31452
31456
31457
31458
31459
314510
31462
31465
31467
31468
31469
314610
31472
31475
31476
31478
31479
314710
31482
31485
31486
31487
31489
314810
31492
31495
31496
31497
31498
314910
314102
314105
314106
314107
314108
314109
31524
31526
31527
31528
31529
315210
31542
31546
31547
31548
31549
315410
31562
31564
31567
31568
31569
315610
31572
31574
31576
31578
31579
315710
31582
31584
31586
31587
31589
315810
31592
31594
31596
31597
31598
315910
315102
315104
315106
315107
315108
315109
31624
31625
31627
31628
31629
316210
31642
31645
31647
31648
31649
316410
31652
31654
31657
31658
31659
316510
31672
31674
31675
31678
31679
316710
31682
31684
31685
31687
31689
316810
31692
31694
31695
31697
31698
316910
316102
316104
316105
316107
316108
316109
31724
31725
31726
31728
31729
317210
31742
31745
31746
31748
31749
317410
31752
31754
31756
31758
31759
317510
31762
31764
31765
31768
31769
317610
31782
31784
31785
31786
31789
317810
31792
31794
31795
31796
31798
317910
317102
317104
317105
317106
317108
317109
31824
31825
31826
31827
31829
318210
31842
31845
31846
31847
31849
318410
31852
31854
31856
31857
31859
318510
31862
31864
31865
31867
31869
318610
31872
31874
31875
31876
31879
318710
31892
31894
31895
31896
31897
318910
318102
318104
318105
318106
318107
318109
31924
31925
31926
31927
31928
319210
31942
31945
31946
31947
31948
319410
31952
31954
31956
31957
31958
319510
31962
31964
31965
31967
31968
319610
31972
31974
31975
31976
31978
319710
31982
31984
31985
31986
31987
319810
319102
319104
319105
319106
319107
319108
311024
311025
311026
311027
311028
311029
311042
311045
311046
311047
311048
311049
311052
311054
311056
311057
311058
311059
311062
311064
311065
311067
311068
311069
311072
311074
311075
311076
311078
311079
311082
311084
311085
311086
311087
311089
311092
311094
311095
311096
311097
311098
32145
32146
32147
32148
32149
321410
32154
32156
32157
32158
32159
321510
32164
32165
32167
32168
32169
321610
32174
32175
32176
32178
32179
321710
32184
32185
32186
32187
32189
321810
32194
32195
32196
32197
32198
321910
321104
321105
321106
321107
321108
321109
32415
32416
32417
32418
32419
324110
32451
32456
32457
32458
32459
324510
32461
32465
32467
32468
32469
324610
32471
32475
32476
32478
32479
324710
32481
32485
32486
32487
32489
324810
32491
32495
32496
32497
32498
324910
324101
324105
324106
324107
324108
324109
32514
32516
32517
32518
32519
325110
32541
32546
32547
32548
32549
325410
32561
32564
32567
32568
32569
325610
32571
32574
32576
32578
32579
325710
32581
32584
32586
32587
32589
325810
32591
32594
32596
32597
32598
325910
325101
325104
325106
325107
325108
325109
32614
32615
32617
32618
32619
326110
32641
32645
32647
32648
32649
326410
32651
32654
32657
32658
32659
326510
32671
32674
32675
32678
32679
326710
32681
32684
32685
32687
32689
326810
32691
32694
32695
32697
32698
326910
326101
326104
326105
326107
326108
326109
32714
32715
32716
32718
32719
327110
32741
32745
32746
32748
32749
327410
32751
32754
32756
32758
32759
327510
32761
32764
32765
32768
32769
327610
32781
32784
32785
32786
32789
327810
32791
32794
32795
32796
32798
327910
327101
327104
327105
327106
327108
327109
32814
32815
32816
32817
32819
328110
32841
32845
32846
32847
32849
328410
32851
32854
32856
32857
32859
328510
32861
32864
32865
32867
32869
328610
32871
32874
32875
32876
32879
328710
32891
32894
32895
32896
32897
328910
328101
328104
328105
328106
328107
328109
32914
32915
32916
32917
32918
329110
32941
32945
32946
32947
32948
329410
32951
32954
32956
32957
32958
329510
32961
32964
32965
32967
32968
329610
32971
32974
32975
32976
32978
329710
32981
32984
32985
32986
32987
329810
329101
329104
329105
329106
329107
329108
321014
321015
321016
321017
321018
321019
321041
321045
321046
321047
321048
321049
321051
321054
321056
321057
321058
321059
321061
321064
321065
321067
321068
321069
321071
321074
321075
321076
321078
321079
321081
321084
321085
321086
321087
321089
321091
321094
321095
321096
321097
321098
34125
34126
34127
34128
34129
341210
34152
34156
34157
34158
34159
341510
34162
34165
34167
34168
34169
341610
34172
34175
34176
34178
34179
341710
34182
34185
34186
34187
34189
341810
34192
34195
34196
34197
34198
341910
341102
341105
341106
341107
341108
341109
34215
34216
34217
34218
34219
342110
34251
34256
34257
34258
34259
342510
34261
34265
34267
34268
34269
342610
34271
34275
34276
34278
34279
342710
34281
34285
34286
34287
34289
342810
34291
34295
34296
34297
34298
342910
342101
342105
342106
342107
342108
342109
34512
34516
34517
34518
34519
345110
34521
34526
34527
34528
34529
345210
34561
34562
34567
34568
34569
345610
34571
34572
34576
34578
34579
345710
34581
34582
34586
34587
34589
345810
34591
34592
34596
34597
34598
345910
345101
345102
345106
345107
345108
345109
34612
34615
34617
34618
34619
346110
34621
34625
34627
34628
34629
346210
34651
34652
34657
34658
34659
346510
34671
34672
34675
34678
34679
346710
34681
34682
34685
34687
34689
346810
34691
34692
34695
34697
34698
346910
346101
346102
346105
346107
346108
346109
34712
34715
34716
34718
34719
347110
34721
34725
34726
34728
34729
347210
34751
34752
34756
34758
34759
347510
34761
34762
34765
34768
34769
347610
34781
34782
34785
34786
34789
347810
34791
34792
34795
34796
34798
347910
347101
347102
347105
347106
347108
347109
34812
34815
34816
34817
34819
348110
34821
34825
34826
34827
34829
348210
34851
34852
34856
34857
34859
348510
34861
34862
34865
34867
34869
348610
34871
34872
34875
34876
34879
348710
34891
34892
34895
34896
34897
348910
348101
348102
348105
348106
348107
348109
34912
34915
34916
34917
34918
349110
34921
34925
34926
34927
34928
349210
34951
34952
34956
34957
34958
349510
34961
34962
34965
34967
34968
349610
34971
34972
34975
34976
34978
349710
34981
34982
34985
34986
34987
349810
349101
349102
349105
349106
349107
349108
341012
341015
341016
341017
341018
341019
341021
341025
341026
341027
341028
341029
341051
341052
341056
341057
341058
341059
341061
341062
341065
341067
341068
341069
341071
341072
341075
341076
341078
341079
341081
341082
341085
341086
341087
341089
341091
341092
341095
341096
341097
341098
35124
35126
35127
35128
35129
351210
35142
35146
35147
35148
35149
351410
35162
35164
35167
35168
35169
351610
35172
35174
35176
35178
35179
351710
35182
35184
35186
35187
35189
351810
35192
35194
35196
35197
35198
351910
351102
351104
351106
351107
351108
351109
35214
35216
35217
35218
35219
352110
35241
35246
35247
35248
35249
352410
35261
35264
35267
35268
35269
352610
35271
35274
35276
35278
35279
352710
35281
35284
35286
35287
35289
352810
35291
35294
35296
35297
35298
352910
352101
352104
352106
352107
352108
352109
35412
35416
35417
35418
35419
354110
35421
35426
35427
35428
35429
354210
35461
35462
35467
35468
35469
354610
35471
35472
35476
35478
35479
354710
35481
35482
35486
35487
35489
354810
35491
35492
35496
35497
35498
354910
354101
354102
354106
354107
354108
354109
35612
35614
35617
35618
35619
356110
35621
35624
35627
35628
35629
356210
35641
35642
35647
35648
35649
356410
35671
35672
35674
35678
35679
356710
35681
35682
35684
35687
35689
356810
35691
35692
35694
35697
35698
356910
356101
356102
356104
356107
356108
356109
35712
35714
35716
35718
35719
357110
35721
35724
35726
35728
35729
357210
35741
35742
35746
35748
35749
357410
35761
35762
35764
35768
35769
357610
35781
35782
35784
35786
35789
357810
35791
35792
35794
35796
35798
357910
357101
357102
357104
357106
357108
357109
35812
35814
35816
35817
35819
358110
35821
35824
35826
35827
35829
358210
35841
35842
35846
35847
35849
358410
35861
35862
35864
35867
35869
358610
35871
35872
35874
35876
35879
358710
35891
35892
35894
35896
35897
358910
358101
358102
358104
358106
358107
358109
35912
35914
35916
35917
35918
359110
35921
35924
35926
35927
35928
359210
35941
35942
35946
35947
35948
359410
35961
35962
35964
35967
35968
359610
35971
35972
35974
35976
35978
359710
35981
35982
35984
35986
35987
359810
359101
359102
359104
359106
359107
359108
351012
351014
351016
351017
351018
351019
351021
351024
351026
351027
351028
351029
351041
351042
351046
351047
351048
351049
351061
351062
351064
351067
351068
351069
351071
351072
351074
351076
351078
351079
351081
351082
351084
351086
351087
351089
351091
351092
351094
351096
351097
351098
36124
36125
36127
36128
36129
361210
36142
36145
36147
36148
36149
361410
36152
36154
36157
36158
36159
361510
36172
36174
36175
36178
36179
361710
36182
36184
36185
36187
36189
361810
36192
36194
36195
36197
36198
361910
361102
361104
361105
361107
361108
361109
36214
36215
36217
36218
36219
362110
36241
36245
36247
36248
36249
362410
36251
36254
36257
36258
36259
362510
36271
36274
36275
36278
36279
362710
36281
36284
36285
36287
36289
362810
36291
36294
36295
36297
36298
362910
362101
362104
362105
362107
362108
362109
36412
36415
36417
36418
36419
364110
36421
36425
36427
36428
36429
364210
36451
36452
36457
36458
36459
364510
36471
36472
36475
36478
36479
364710
36481
36482
36485
36487
36489
364810
36491
36492
36495
36497
36498
364910
364101
364102
364105
364107
364108
364109
36512
36514
36517
36518
36519
365110
36521
36524
36527
36528
36529
365210
36541
36542
36547
36548
36549
365410
36571
36572
36574
36578
36579
365710
36581
36582
36584
36587
36589
365810
36591
36592
36594
36597
36598
365910
365101
365102
365104
365107
365108
365109
36712
36714
36715
36718
36719
367110
36721
36724
36725
36728
36729
367210
36741
36742
36745
36748
36749
367410
36751
36752
36754
36758
36759
367510
36781
36782
36784
36785
36789
367810
36791
36792
36794
36795
36798
367910
367101
367102
367104
367105
367108
367109
36812
36814
36815
36817
36819
368110
36821
36824
36825
36827
36829
368210
36841
36842
36845
36847
36849
368410
36851
36852
36854
36857
36859
368510
36871
36872
36874
36875
36879
368710
36891
36892
36894
36895
36897
368910
368101
368102
368104
368105
368107
368109
36912
36914
36915
36917
36918
369110
36921
36924
36925
36927
36928
369210
36941
36942
36945
36947
36948
369410
36951
36952
36954
36957
36958
369510
36971
36972
36974
36975
36978
369710
36981
36982
36984
36985
36987
369810
369101
369102
369104
369105
369107
369108
361012
361014
361015
361017
361018
361019
361021
361024
361025
361027
361028
361029
361041
361042
361045
361047
361048
361049
361051
361052
361054
361057
361058
361059
361071
361072
361074
361075
361078
361079
361081
361082
361084
361085
361087
361089
361091
361092
361094
361095
361097
361098
37124
37125
37126
37128
37129
371210
37142
37145
37146
37148
37149
371410
37152
37154
37156
37158
37159
371510
37162
37164
37165
37168
37169
371610
37182
37184
37185
37186
37189
371810
37192
37194
37195
37196
37198
371910
371102
371104
371105
371106
371108
371109
37214
37215
37216
37218
37219
372110
37241
37245
37246
37248
37249
372410
37251
37254
37256
37258
37259
372510
37261
37264
37265
37268
37269
372610
37281
37284
37285
37286
37289
372810
37291
37294
37295
37296
37298
372910
372101
372104
372105
372106
372108
372109
37412
37415
37416
37418
37419
374110
37421
37425
37426
37428
37429
374210
37451
37452
37456
37458
37459
374510
37461
37462
37465
37468
37469
374610
37481
37482
37485
37486
37489
374810
37491
37492
37495
37496
37498
374910
374101
374102
374105
374106
374108
374109
37512
37514
37516
37518
37519
375110
37521
37524
37526
37528
37529
375210
37541
37542
37546
37548
37549
375410
37561
37562
37564
37568
37569
375610
37581
37582
37584
37586
37589
375810
37591
37592
37594
37596
37598
375910
375101
375102
375104
375106
375108
375109
37612
37614
37615
37618
37619
376110
37621
37624
37625
37628
37629
376210
37641
37642
37645
37648
37649
376410
37651
37652
37654
37658
37659
376510
37681
37682
37684
37685
37689
376810
37691
37692
37694
37695
37698
376910
376101
376102
376104
376105
376108
376109
37812
37814
37815
37816
37819
378110
37821
37824
37825
37826
37829
378210
37841
37842
37845
37846
37849
378410
37851
37852
37854
37856
37859
378510
37861
37862
37864
37865
37869
378610
37891
37892
37894
37895
37896
378910
378101
378102
378104
378105
378106
378109
37912
37914
37915
37916
37918
379110
37921
37924
37925
37926
37928
379210
37941
37942
37945
37946
37948
379410
37951
37952
37954
37956
37958
379510
37961
37962
37964
37965
37968
379610
37981
37982
37984
37985
37986
379810
379101
379102
379104
379105
379106
379108
371012
371014
371015
371016
371018
371019
371021
371024
371025
371026
371028
371029
371041
371042
371045
371046
371048
371049
371051
371052
371054
371056
371058
371059
371061
371062
371064
371065
371068
371069
371081
371082
371084
371085
371086
371089
371091
371092
371094
371095
371096
371098
38124
38125
38126
38127
38129
381210
38142
38145
38146
38147
38149
381410
38152
38154
38156
38157
38159
381510
38162
38164
38165
38167
38169
381610
38172
38174
38175
38176
38179
381710
38192
38194
38195
38196
38197
381910
381102
381104
381105
381106
381107
381109
38214
38215
38216
38217
38219
382110
38241
38245
38246
38247
38249
382410
38251
38254
38256
38257
38259
382510
38261
38264
38265
38267
38269
382610
38271
38274
38275
38276
38279
382710
38291
38294
38295
38296
38297
382910
382101
382104
382105
382106
382107
382109
38412
38415
38416
38417
38419
384110
38421
38425
38426
38427
38429
384210
38451
38452
38456
38457
38459
384510
38461
38462
38465
38467
38469
384610
38471
38472
38475
38476
38479
384710
38491
38492
38495
38496
38497
384910
384101
384102
384105
384106
384107
384109
38512
38514
38516
38517
38519
385110
38521
38524
38526
38527
38529
385210
38541
38542
38546
38547
38549
385410
38561
38562
38564
38567
38569
385610
38571
38572
38574
38576
38579
385710
38591
38592
38594
38596
38597
385910
385101
385102
385104
385106
385107
385109
38612
38614
38615
38617
38619
386110
38621
38624
38625
38627
38629
386210
38641
38642
38645
38647
38649
386410
38651
38652
38654
38657
38659
386510
38671
38672
38674
38675
38679
386710
38691
38692
38694
38695
38697
386910
386101
386102
386104
386105
386107
386109
38712
38714
38715
38716
38719
387110
38721
38724
38725
38726
38729
387210
38741
38742
38745
38746
38749
387410
38751
38752
38754
38756
38759
387510
38761
38762
38764
38765
38769
387610
38791
38792
38794
38795
38796
387910
387101
387102
387104
387105
387106
387109
38912
38914
38915
38916
38917
389110
38921
38924
38925
38926
38927
389210
38941
38942
38945
38946
38947
389410
38951
38952
38954
38956
38957
389510
38961
38962
38964
38965
38967
389610
38971
38972
38974
38975
38976
389710
389101
389102
389104
389105
389106
389107
381012
381014
381015
381016
381017
381019
381021
381024
381025
381026
381027
381029
381041
381042
381045
381046
381047
381049
381051
381052
381054
381056
381057
381059
381061
381062
381064
381065
381067
381069
381071
381072
381074
381075
381076
381079
381091
381092
381094
381095
381096
381097
39124
39125
39126
39127
39128
391210
39142
39145
39146
39147
39148
391410
39152
39154
39156
39157
39158
391510
39162
39164
39165
39167
39168
391610
39172
39174
39175
39176
39178
391710
39182
39184
39185
39186
39187
391810
391102
391104
391105
391106
391107
391108
39214
39215
39216
39217
39218
392110
39241
39245
39246
39247
39248
392410
39251
39254
39256
39257
39258
392510
39261
39264
39265
39267
39268
392610
39271
39274
39275
39276
39278
392710
39281
39284
39285
39286
39287
392810
392101
392104
392105
392106
392107
392108
39412
39415
39416
39417
39418
394110
39421
39425
39426
39427
39428
394210
39451
39452
39456
39457
39458
394510
39461
39462
39465
39467
39468
394610
39471
39472
39475
39476
39478
394710
39481
39482
39485
39486
39487
394810
394101
394102
394105
394106
394107
394108
39512
39514
39516
39517
39518
395110
39521
39524
39526
39527
39528
395210
39541
39542
39546
39547
39548
395410
39561
39562
39564
39567
39568
395610
39571
39572
39574
39576
39578
395710
39581
39582
39584
39586
39587
395810
395101
395102
395104
395106
395107
395108
39612
39614
39615
39617
39618
396110
39621
39624
39625
39627
39628
396210
39641
39642
39645
39647
39648
396410
39651
39652
39654
39657
39658
396510
39671
39672
39674
39675
39678
396710
39681
39682
39684
39685
39687
396810
396101
396102
396104
396105
396107
396108
39712
39714
39715
39716
39718
397110
39721
39724
39725
39726
39728
397210
39741
39742
39745
39746
39748
397410
39751
39752
39754
39756
39758
397510
39761
39762
39764
39765
39768
397610
39781
39782
39784
39785
39786
397810
397101
397102
397104
397105
397106
397108
39812
39814
39815
39816
39817
398110
39821
39824
39825
39826
39827
398210
39841
39842
39845
39846
39847
398410
39851
39852
39854
39856
39857
398510
39861
39862
39864
39865
39867
398610
39871
39872
39874
39875
39876
398710
398101
398102
398104
398105
398106
398107
391012
391014
391015
391016
391017
391018
391021
391024
391025
391026
391027
391028
391041
391042
391045
391046
391047
391048
391051
391052
391054
391056
391057
391058
391061
391062
391064
391065
391067
391068
391071
391072
391074
391075
391076
391078
391081
391082
391084
391085
391086
391087
310124
310125
310126
310127
310128
310129
310142
310145
310146
310147
310148
310149
310152
310154
310156
310157
310158
310159
310162
310164
310165
310167
310168
310169
310172
310174
310175
310176
310178
310179
310182
310184
310185
310186
310187
310189
310192
310194
310195
310196
310197
310198
310214
310215
310216
310217
310218
310219
310241
310245
310246
310247
310248
310249
310251
310254
310256
310257
310258
310259
310261
310264
310265
310267
310268
310269
310271
310274
310275
310276
310278
310279
310281
310284
310285
310286
310287
310289
310291
310294
310295
310296
310297
310298
310412
310415
310416
310417
310418
310419
310421
310425
310426
310427
310428
310429
310451
310452
310456
310457
310458
310459
310461
310462
310465
310467
310468
310469
310471
310472
310475
310476
310478
310479
310481
310482
310485
310486
310487
310489
310491
310492
310495
310496
310497
310498
310512
310514
310516
310517
310518
310519
310521
310524
310526
310527
310528
310529
310541
310542
310546
310547
310548
310549
310561
310562
310564
310567
310568
310569
310571
310572
310574
310576
310578
310579
310581
310582
310584
310586
310587
310589
310591
310592
310594
310596
310597
310598
310612
310614
310615
310617
310618
310619
310621
310624
310625
310627
310628
310629
310641
310642
310645
310647
310648
310649
310651
310652
310654
310657
310658
310659
310671
310672
310674
310675
310678
310679
310681
310682
310684
310685
310687
310689
310691
310692
310694
310695
310697
310698
310712
310714
310715
310716
310718
310719
310721
310724
310725
310726
310728
310729
310741
310742
310745
310746
310748
310749
310751
310752
310754
310756
310758
310759
310761
310762
310764
310765
310768
310769
310781
310782
310784
310785
310786
310789
310791
310792
310794
310795
310796
310798
310812
310814
310815
310816
310817
310819
310821
310824
310825
310826
310827
310829
310841
310842
310845
310846
310847
310849
310851
310852
310854
310856
310857
310859
310861
310862
310864
310865
310867
310869
310871
310872
310874
310875
310876
310879
310891
310892
310894
310895
310896
310897
310912
310914
310915
310916
310917
310918
310921
310924
310925
310926
310927
310928
310941
310942
310945
310946
310947
310948
310951
310952
310954
310956
310957
310958
310961
310962
310964
310965
310967
310968
310971
310972
310974
310975
310976
310978
310981
310982
310984
310985
310986
310987
41235
41236
41237
41238
41239
412310
41253
41256
41257
41258
41259
412510
41263
41265
41267
41268
41269
412610
41273
41275
41276
41278
41279
412710
41283
41285
41286
41287
41289
412810
41293
41295
41296
41297
41298
412910
412103
412105
412106
412107
412108
412109
41325
41326
41327
41328
41329
413210
41352
41356
41357
41358
41359
413510
41362
41365
41367
41368
41369
413610
41372
41375
41376
41378
41379
413710
41382
41385
41386
41387
41389
413810
41392
41395
41396
41397
41398
413910
413102
413105
413106
413107
413108
413109
41523
41526
41527
41528
41529
415210
41532
41536
41537
41538
41539
415310
41562
41563
41567
41568
41569
415610
41572
41573
41576
41578
41579
415710
41582
41583
41586
41587
41589
415810
41592
41593
41596
41597
41598
415910
415102
415103
415106
415107
415108
415109
41623
41625
41627
41628
41629
416210
41632
41635
41637
41638
41639
416310
41652
41653
41657
41658
41659
416510
41672
41673
41675
41678
41679
416710
41682
41683
41685
41687
41689
416810
41692
41693
41695
41697
41698
416910
416102
416103
416105
416107
416108
416109
41723
41725
41726
41728
41729
417210
41732
41735
41736
41738
41739
417310
41752
41753
41756
41758
41759
417510
41762
41763
41765
41768
41769
417610
41782
41783
41785
41786
41789
417810
41792
41793
41795
41796
41798
417910
417102
417103
417105
417106
417108
417109
41823
41825
41826
41827
41829
418210
41832
41835
41836
41837
41839
418310
41852
41853
41856
41857
41859
418510
41862
41863
41865
41867
41869
418610
41872
41873
41875
41876
41879
418710
41892
41893
41895
41896
41897
418910
418102
418103
418105
418106
418107
418109
41923
41925
41926
41927
41928
419210
41932
41935
41936
41937
41938
419310
41952
41953
41956
41957
41958
419510
41962
41963
41965
41967
41968
419610
41972
41973
41975
41976
41978
419710
41982
41983
41985
41986
41987
419810
419102
419103
419105
419106
419107
419108
411023
411025
411026
411027
411028
411029
411032
411035
411036
411037
411038
411039
411052
411053
411056
411057
411058
411059
411062
411063
411065
411067
411068
411069
411072
411073
411075
411076
411078
411079
411082
411083
411085
411086
411087
411089
411092
411093
411095
411096
411097
411098
42135
42136
42137
42138
42139
421310
42153
42156
42157
42158
42159
421510
42163
42165
42167
42168
42169
421610
42173
42175
42176
42178
42179
421710
42183
42185
42186
42187
42189
421810
42193
42195
42196
42197
42198
421910
421103
421105
421106
421107
421108
421109
42315
42316
42317
42318
42319
423110
42351
42356
42357
42358
42359
423510
42361
42365
42367
42368
42369
423610
42371
42375
42376
42378
42379
423710
42381
42385
42386
42387
42389
423810
42391
42395
42396
42397
42398
423910
423101
423105
423106
423107
423108
423109
42513
42516
42517
42518
42519
425110
42531
42536
42537
42538
42539
425310
42561
42563
42567
42568
42569
425610
42571
42573
42576
42578
42579
425710
42581
42583
42586
42587
42589
425810
42591
42593
42596
42597
42598
425910
425101
425103
425106
425107
425108
425109
42613
42615
42617
42618
42619
426110
42631
42635
42637
42638
42639
426310
42651
42653
42657
42658
42659
426510
42671
42673
42675
42678
42679
426710
42681
42683
42685
42687
42689
426810
42691
42693
42695
42697
42698
426910
426101
426103
426105
426107
426108
426109
42713
42715
42716
42718
42719
427110
42731
42735
42736
42738
42739
427310
42751
42753
42756
42758
42759
427510
42761
42763
42765
42768
42769
427610
42781
42783
42785
42786
42789
427810
42791
42793
42795
42796
42798
427910
427101
427103
427105
427106
427108
427109
42813
42815
42816
42817
42819
428110
42831
42835
42836
42837
42839
428310
42851
42853
42856
42857
42859
428510
42861
42863
42865
42867
42869
428610
42871
42873
42875
42876
42879
428710
42891
42893
42895
42896
42897
428910
428101
428103
428105
428106
428107
428109
42913
42915
42916
42917
42918
429110
42931
42935
42936
42937
42938
429310
42951
42953
42956
42957
42958
429510
42961
42963
42965
42967
42968
429610
42971
42973
42975
42976
42978
429710
42981
42983
42985
42986
42987
429810
429101
429103
429105
429106
429107
429108
421013
421015
421016
421017
421018
421019
421031
421035
421036
421037
421038
421039
421051
421053
421056
421057
421058
421059
421061
421063
421065
421067
421068
421069
421071
421073
421075
421076
421078
421079
421081
421083
421085
421086
421087
421089
421091
421093
421095
421096
421097
421098
43125
43126
43127
43128
43129
431210
43152
43156
43157
43158
43159
431510
43162
43165
43167
43168
43169
431610
43172
43175
43176
43178
43179
431710
43182
43185
43186
43187
43189
431810
43192
43195
43196
43197
43198
431910
431102
431105
431106
431107
431108
431109
43215
43216
43217
43218
43219
432110
43251
43256
43257
43258
43259
432510
43261
43265
43267
43268
43269
432610
43271
43275
43276
43278
43279
432710
43281
43285
43286
43287
43289
432810
43291
43295
43296
43297
43298
432910
432101
432105
432106
432107
432108
432109
43512
43516
43517
43518
43519
435110
43521
43526
43527
43528
43529
435210
43561
43562
43567
43568
43569
435610
43571
43572
43576
43578
43579
435710
43581
43582
43586
43587
43589
435810
43591
43592
43596
43597
43598
435910
435101
435102
435106
435107
435108
435109
43612
43615
43617
43618
43619
436110
43621
43625
43627
43628
43629
436210
43651
43652
43657
43658
43659
436510
43671
43672
43675
43678
43679
436710
43681
43682
43685
43687
43689
436810
43691
43692
43695
43697
43698
436910
436101
436102
436105
436107
436108
436109
43712
43715
43716
43718
43719
437110
43721
43725
43726
43728
43729
437210
43751
43752
43756
43758
43759
437510
43761
43762
43765
43768
43769
437610
43781
43782
43785
43786
43789
437810
43791
43792
43795
43796
43798
437910
437101
437102
437105
437106
437108
437109
43812
43815
43816
43817
43819
438110
43821
43825
43826
43827
43829
438210
43851
43852
43856
43857
43859
438510
43861
43862
43865
43867
43869
438610
43871
43872
43875
43876
43879
438710
43891
43892
43895
43896
43897
438910
438101
438102
438105
438106
438107
438109
43912
43915
43916
43917
43918
439110
43921
43925
43926
43927
43928
439210
43951
43952
43956
43957
43958
439510
43961
43962
43965
43967
43968
439610
43971
43972
43975
43976
43978
439710
43981
43982
43985
43986
43987
439810
439101
439102
439105
439106
439107
439108
431012
431015
431016
431017
431018
431019
431021
431025
431026
431027
431028
431029
431051
431052
431056
431057
431058
431059
431061
431062
431065
431067
431068
431069
431071
431072
431075
431076
431078
431079
431081
431082
431085
431086
431087
431089
431091
431092
431095
431096
431097
431098
45123
45126
45127
45128
45129
451210
45132
45136
45137
45138
45139
451310
45162
45163
45167
45168
45169
451610
45172
45173
45176
45178
45179
451710
45182
45183
45186
45187
45189
451810
45192
45193
45196
45197
45198
451910
451102
451103
451106
451107
451108
451109
45213
45216
45217
45218
45219
452110
45231
45236
45237
45238
45239
452310
45261
45263
45267
45268
45269
452610
45271
45273
45276
45278
45279
452710
45281
45283
45286
45287
45289
452810
45291
45293
45296
45297
45298
452910
452101
452103
452106
452107
452108
452109
45312
45316
45317
45318
45319
453110
45321
45326
45327
45328
45329
453210
45361
45362
45367
45368
45369
453610
45371
45372
45376
45378
45379
453710
45381
45382
45386
45387
45389
453810
45391
45392
45396
45397
45398
453910
453101
453102
453106
453107
453108
453109
45612
45613
45617
45618
45619
456110
45621
45623
45627
45628
45629
456210
45631
45632
45637
45638
45639
456310
45671
45672
45673
45678
45679
456710
45681
45682
45683
45687
45689
456810
45691
45692
45693
45697
45698
456910
456101
456102
456103
456107
456108
456109
45712
45713
45716
45718
45719
457110
45721
45723
45726
45728
45729
457210
45731
45732
45736
45738
45739
457310
45761
45762
45763
45768
45769
457610
45781
45782
45783
45786
45789
457810
45791
45792
45793
45796
45798
457910
457101
457102
457103
457106
457108
457109
45812
45813
45816
45817
45819
458110
45821
45823
45826
45827
45829
458210
45831
45832
45836
45837
45839
458310
45861
45862
45863
45867
45869
458610
45871
45872
45873
45876
45879
458710
45891
45892
45893
45896
45897
458910
458101
458102
458103
458106
458107
458109
45912
45913
45916
45917
45918
459110
45921
45923
45926
45927
45928
459210
45931
45932
45936
45937
45938
459310
45961
45962
45963
45967
45968
459610
45971
45972
45973
45976
45978
459710
45981
45982
45983
45986
45987
459810
459101
459102
459103
459106
459107
459108
451012
451013
451016
451017
451018
451019
451021
451023
451026
451027
451028
451029
451031
451032
451036
451037
451038
451039
451061
451062
451063
451067
451068
451069
451071
451072
451073
451076
451078
451079
451081
451082
451083
451086
451087
451089
451091
451092
451093
451096
451097
451098
46123
46125
46127
46128
46129
461210
46132
46135
46137
46138
46139
461310
46152
46153
46157
46158
46159
461510
46172
46173
46175
46178
46179
461710
46182
46183
46185
46187
46189
461810
46192
46193
46195
46197
46198
461910
461102
461103
461105
461107
461108
461109
46213
46215
46217
46218
46219
462110
46231
46235
46237
46238
46239
462310
46251
46253
46257
46258
46259
462510
46271
46273
46275
46278
46279
462710
46281
46283
46285
46287
46289
462810
46291
46293
46295
46297
46298
462910
462101
462103
462105
462107
462108
462109
46312
46315
46317
46318
46319
463110
46321
46325
46327
46328
46329
463210
46351
46352
46357
46358
46359
463510
46371
46372
46375
46378
46379
463710
46381
46382
46385
46387
46389
463810
46391
46392
46395
46397
46398
463910
463101
463102
463105
463107
463108
463109
46512
46513
46517
46518
46519
465110
46521
46523
46527
46528
46529
465210
46531
46532
46537
46538
46539
465310
46571
46572
46573
46578
46579
465710
46581
46582
46583
46587
46589
465810
46591
46592
46593
46597
46598
465910
465101
465102
465103
465107
465108
465109
46712
46713
46715
46718
46719
467110
46721
46723
46725
46728
46729
467210
46731
46732
46735
46738
46739
467310
46751
46752
46753
46758
46759
467510
46781
46782
46783
46785
46789
467810
46791
46792
46793
46795
46798
467910
467101
467102
467103
467105
467108
467109
46812
46813
46815
46817
46819
468110
46821
46823
46825
46827
46829
468210
46831
46832
46835
46837
46839
468310
46851
46852
46853
46857
46859
468510
46871
46872
46873
46875
46879
468710
46891
46892
46893
46895
46897
468910
468101
468102
468103
468105
468107
468109
46912
46913
46915
46917
46918
469110
46921
46923
46925
46927
46928
469210
46931
46932
46935
46937
46938
469310
46951
46952
46953
46957
46958
469510
46971
46972
46973
46975
46978
469710
46981
46982
46983
46985
46987
469810
469101
469102
469103
469105
469107
469108
461012
461013
461015
461017
461018
461019
461021
461023
461025
461027
461028
461029
461031
461032
461035
461037
461038
461039
461051
461052
461053
461057
461058
461059
461071
461072
461073
461075
461078
461079
461081
461082
461083
461085
461087
461089
461091
461092
461093
461095
461097
461098
47123
47125
47126
47128
47129
471210
47132
47135
47136
47138
47139
471310
47152
47153
47156
47158
47159
471510
47162
47163
47165
47168
47169
471610
47182
47183
47185
47186
47189
471810
47192
47193
47195
47196
47198
471910
471102
471103
471105
471106
471108
471109
47213
47215
47216
47218
47219
472110
47231
47235
47236
47238
47239
472310
47251
47253
47256
47258
47259
472510
47261
47263
47265
47268
47269
472610
47281
47283
47285
47286
47289
472810
47291
47293
47295
47296
47298
472910
472101
472103
472105
472106
472108
472109
47312
47315
47316
47318
47319
473110
47321
47325
47326
47328
47329
473210
47351
47352
47356
47358
47359
473510
47361
47362
47365
47368
47369
473610
47381
47382
47385
47386
47389
473810
47391
47392
47395
47396
47398
473910
473101
473102
473105
473106
473108
473109
47512
47513
47516
47518
47519
475110
47521
47523
47526
47528
47529
475210
47531
47532
47536
47538
47539
475310
47561
47562
47563
47568
47569
475610
47581
47582
47583
47586
47589
475810
47591
47592
47593
47596
47598
475910
475101
475102
475103
475106
475108
475109
47612
47613
47615
47618
47619
476110
47621
47623
47625
47628
47629
476210
47631
47632
47635
47638
47639
476310
47651
47652
47653
47658
47659
476510
47681
47682
47683
47685
47689
476810
47691
47692
47693
47695
47698
476910
476101
476102
476103
476105
476108
476109
47812
47813
47815
47816
47819
478110
47821
47823
47825
47826
47829
478210
47831
47832
47835
47836
47839
478310
47851
47852
47853
47856
47859
478510
47861
47862
47863
47865
47869
478610
47891
47892
47893
47895
47896
478910
478101
478102
478103
478105
478106
478109
47912
47913
47915
47916
47918
479110
47921
47923
47925
47926
47928
479210
47931
47932
47935
47936
47938
479310
47951
47952
47953
47956
47958
479510
47961
47962
47963
47965
47968
479610
47981
47982
47983
47985
47986
479810
479101
479102
479103
479105
479106
479108
471012
471013
471015
471016
471018
471019
471021
471023
471025
471026
471028
471029
471031
471032
471035
471036
471038
471039
471051
471052
471053
471056
471058
471059
471061
471062
471063
471065
471068
471069
471081
471082
471083
471085
471086
471089
471091
471092
471093
471095
471096
471098
48123
48125
48126
48127
48129
481210
48132
48135
48136
48137
48139
481310
48152
48153
48156
48157
48159
481510
48162
48163
48165
48167
48169
481610
48172
48173
48175
48176
48179
481710
48192
48193
48195
48196
48197
481910
481102
481103
481105
481106
481107
481109
48213
48215
48216
48217
48219
482110
48231
48235
48236
48237
48239
482310
48251
48253
48256
48257
48259
482510
48261
48263
48265
48267
48269
482610
48271
48273
48275
48276
48279
482710
48291
48293
48295
48296
48297
482910
482101
482103
482105
482106
482107
482109
48312
48315
48316
48317
48319
483110
48321
48325
48326
48327
48329
483210
48351
48352
48356
48357
48359
483510
48361
48362
48365
48367
48369
483610
48371
48372
48375
48376
48379
483710
48391
48392
48395
48396
48397
483910
483101
483102
483105
483106
483107
483109
48512
48513
48516
48517
48519
485110
48521
48523
48526
48527
48529
485210
48531
48532
48536
48537
48539
485310
48561
48562
48563
48567
48569
485610
48571
48572
48573
48576
48579
485710
48591
48592
48593
48596
48597
485910
485101
485102
485103
485106
485107
485109
48612
48613
48615
48617
48619
486110
48621
48623
48625
48627
48629
486210
48631
48632
48635
48637
48639
486310
48651
48652
48653
48657
48659
486510
48671
48672
48673
48675
48679
486710
48691
48692
48693
48695
48697
486910
486101
486102
486103
486105
486107
486109
48712
48713
48715
48716
48719
487110
48721
48723
48725
48726
48729
487210
48731
48732
48735
48736
48739
487310
48751
48752
48753
48756
48759
487510
48761
48762
48763
48765
48769
487610
48791
48792
48793
48795
48796
487910
487101
487102
487103
487105
487106
487109
48912
48913
48915
48916
48917
489110
48921
48923
48925
48926
48927
489210
48931
48932
48935
48936
48937
489310
48951
48952
48953
48956
48957
489510
48961
48962
48963
48965
48967
489610
48971
48972
48973
48975
48976
489710
489101
489102
489103
489105
489106
489107
481012
481013
481015
481016
481017
481019
481021
481023
481025
481026
481027
481029
481031
481032
481035
481036
481037
481039
481051
481052
481053
481056
481057
481059
481061
481062
481063
481065
481067
481069
481071
481072
481073
481075
481076
481079
481091
481092
481093
481095
481096
481097
49123
49125
49126
49127
49128
491210
49132
49135
49136
49137
49138
491310
49152
49153
49156
49157
49158
491510
49162
49163
49165
49167
49168
491610
49172
49173
49175
49176
49178
491710
49182
49183
49185
49186
49187
491810
491102
491103
491105
491106
491107
491108
49213
49215
49216
49217
49218
492110
49231
49235
49236
49237
49238
492310
49251
49253
49256
49257
49258
492510
49261
49263
49265
49267
49268
492610
49271
49273
49275
49276
49278
492710
49281
49283
49285
49286
49287
492810
492101
492103
492105
492106
492107
492108
49312
49315
49316
49317
49318
493110
49321
49325
49326
49327
49328
493210
49351
49352
49356
49357
49358
493510
49361
49362
49365
49367
49368
493610
49371
49372
49375
49376
49378
493710
49381
49382
49385
49386
49387
493810
493101
493102
493105
493106
493107
493108
49512
49513
49516
49517
49518
495110
49521
49523
49526
49527
49528
495210
49531
49532
49536
49537
49538
495310
49561
49562
49563
49567
49568
495610
49571
49572
49573
49576
49578
495710
49581
49582
49583
49586
49587
495810
495101
495102
495103
495106
495107
495108
49612
49613
49615
49617
49618
496110
49621
49623
49625
49627
49628
496210
49631
49632
49635
49637
49638
496310
49651
49652
49653
49657
49658
496510
49671
49672
49673
49675
49678
496710
49681
49682
49683
49685
49687
496810
496101
496102
496103
496105
496107
496108
49712
49713
49715
49716
49718
497110
49721
49723
49725
49726
49728
497210
49731
49732
49735
49736
49738
497310
49751
49752
49753
49756
49758
497510
49761
49762
49763
49765
49768
497610
49781
49782
49783
49785
49786
497810
497101
497102
497103
497105
497106
497108
49812
49813
49815
49816
49817
498110
49821
49823
49825
49826
49827
498210
49831
49832
49835
49836
49837
498310
49851
49852
49853
49856
49857
498510
49861
49862
49863
49865
49867
498610
49871
49872
49873
49875
49876
498710
498101
498102
498103
498105
498106
498107
491012
491013
491015
491016
491017
491018
491021
491023
491025
491026
491027
491028
491031
491032
491035
491036
491037
491038
491051
491052
491053
491056
491057
491058
491061
491062
491063
491065
491067
491068
491071
491072
491073
491075
491076
491078
491081
491082
491083
491085
491086
491087
410123
410125
410126
410127
410128
410129
410132
410135
410136
410137
410138
410139
410152
410153
410156
410157
410158
410159
410162
410163
410165
410167
410168
410169
410172
410173
410175
410176
410178
410179
410182
410183
410185
410186
410187
410189
410192
410193
410195
410196
410197
410198
410213
410215
410216
410217
410218
410219
410231
410235
410236
410237
410238
410239
410251
410253
410256
410257
410258
410259
410261
410263
410265
410267
410268
410269
410271
410273
410275
410276
410278
410279
410281
410283
410285
410286
410287
410289
410291
410293
410295
410296
410297
410298
410312
410315
410316
410317
410318
410319
410321
410325
410326
410327
410328
410329
410351
410352
410356
410357
410358
410359
410361
410362
410365
410367
410368
410369
410371
410372
410375
410376
410378
410379
410381
410382
410385
410386
410387
410389
410391
410392
410395
410396
410397
410398
410512
410513
410516
410517
410518
410519
410521
410523
410526
410527
410528
410529
410531
410532
410536
410537
410538
410539
410561
410562
410563
410567
410568
410569
410571
410572
410573
410576
410578
410579
410581
410582
410583
410586
410587
410589
410591
410592
410593
410596
410597
410598
410612
410613
410615
410617
410618
410619
410621
410623
410625
410627
410628
410629
410631
410632
410635
410637
410638
410639
410651
410652
410653
410657
410658
410659
410671
410672
410673
410675
410678
410679
410681
410682
410683
410685
410687
410689
410691
410692
410693
410695
410697
410698
410712
410713
410715
410716
410718
410719
410721
410723
410725
410726
410728
410729
410731
410732
410735
410736
410738
410739
410751
410752
410753
410756
410758
410759
410761
410762
410763
410765
410768
410769
410781
410782
410783
410785
410786
410789
410791
410792
410793
410795
410796
410798
410812
410813
410815
410816
410817
410819
410821
410823
410825
410826
410827
410829
410831
410832
410835
410836
410837
410839
410851
410852
410853
410856
410857
410859
410861
410862
410863
410865
410867
410869
410871
410872
410873
410875
410876
410879
410891
410892
410893
410895
410896
410897
410912
410913
410915
410916
410917
410918
410921
410923
410925
410926
410927
410928
410931
410932
410935
410936
410937
410938
410951
410952
410953
410956
410957
410958
410961
410962
410963
410965
410967
410968
410971
410972
410973
410975
410976
410978
410981
410982
410983
410985
410986
410987
51234
51236
51237
51238
51239
512310
51243
51246
51247
51248
51249
512410
51263
51264
51267
51268
51269
512610
51273
51274
51276
51278
51279
512710
51283
51284
51286
51287
51289
512810
51293
51294
51296
51297
51298
512910
512103
512104
512106
512107
512108
512109
51324
51326
51327
51328
51329
513210
51342
51346
51347
51348
51349
513410
51362
51364
51367
51368
51369
513610
51372
51374
51376
51378
51379
513710
51382
51384
51386
51387
51389
513810
51392
51394
51396
51397
51398
513910
513102
513104
513106
513107
513108
513109
51423
51426
51427
51428
51429
514210
51432
51436
51437
51438
51439
514310
51462
51463
51467
51468
51469
514610
51472
51473
51476
51478
51479
514710
51482
51483
51486
51487
51489
514810
51492
51493
51496
51497
51498
514910
514102
514103
514106
514107
514108
514109
51623
51624
51627
51628
51629
516210
51632
51634
51637
51638
51639
516310
51642
51643
51647
51648
51649
516410
51672
51673
51674
51678
51679
516710
51682
51683
51684
51687
51689
516810
51692
51693
51694
51697
51698
516910
516102
516103
516104
516107
516108
516109
51723
51724
51726
51728
51729
517210
51732
51734
51736
51738
51739
517310
51742
51743
51746
51748
51749
517410
51762
51763
51764
51768
51769
517610
51782
51783
51784
51786
51789
517810
51792
51793
51794
51796
51798
517910
517102
517103
517104
517106
517108
517109
51823
51824
51826
51827
51829
518210
51832
51834
51836
51837
51839
518310
51842
51843
51846
51847
51849
518410
51862
51863
51864
51867
51869
518610
51872
51873
51874
51876
51879
518710
51892
51893
51894
51896
51897
518910
518102
518103
518104
518106
518107
518109
51923
51924
51926
51927
51928
519210
51932
51934
51936
51937
51938
519310
51942
51943
51946
51947
51948
519410
51962
51963
51964
51967
51968
519610
51972
51973
51974
51976
51978
519710
51982
51983
51984
51986
51987
519810
519102
519103
519104
519106
519107
519108
511023
511024
511026
511027
511028
511029
511032
511034
511036
511037
511038
511039
511042
511043
511046
511047
511048
511049
511062
511063
511064
511067
511068
511069
511072
511073
511074
511076
511078
511079
511082
511083
511084
511086
511087
511089
511092
511093
511094
511096
511097
511098
52134
52136
52137
52138
52139
521310
52143
52146
52147
52148
52149
521410
52163
52164
52167
52168
52169
521610
52173
52174
52176
52178
52179
521710
52183
52184
52186
52187
52189
521810
52193
52194
52196
52197
52198
521910
521103
521104
521106
521107
521108
521109
52314
52316
52317
52318
52319
523110
52341
52346
52347
52348
52349
523410
52361
52364
52367
52368
52369
523610
52371
52374
52376
52378
52379
523710
52381
52384
52386
52387
52389
523810
52391
52394
52396
52397
52398
523910
523101
523104
523106
523107
523108
523109
52413
52416
52417
52418
52419
524110
52431
52436
52437
52438
52439
524310
52461
52463
52467
52468
52469
524610
52471
52473
52476
52478
52479
524710
52481
52483
52486
52487
52489
524810
52491
52493
52496
52497
52498
524910
524101
524103
524106
524107
524108
524109
52613
52614
52617
52618
52619
526110
52631
52634
52637
52638
52639
526310
52641
52643
52647
52648
52649
526410
52671
52673
52674
52678
52679
526710
52681
52683
52684
52687
52689
526810
52691
52693
52694
52697
52698
526910
526101
526103
526104
526107
526108
526109
52713
52714
52716
52718
52719
527110
52731
52734
52736
52738
52739
527310
52741
52743
52746
52748
52749
527410
52761
52763
52764
52768
52769
527610
52781
52783
52784
52786
52789
527810
52791
52793
52794
52796
52798
527910
527101
527103
527104
527106
527108
527109
52813
52814
52816
52817
52819
528110
52831
52834
52836
52837
52839
528310
52841
52843
52846
52847
52849
528410
52861
52863
52864
52867
52869
528610
52871
52873
52874
52876
52879
528710
52891
52893
52894
52896
52897
528910
528101
528103
528104
528106
528107
528109
52913
52914
52916
52917
52918
529110
52931
52934
52936
52937
52938
529310
52941
52943
52946
52947
52948
529410
52961
52963
52964
52967
52968
529610
52971
52973
52974
52976
52978
529710
52981
52983
52984
52986
52987
529810
529101
529103
529104
529106
529107
529108
521013
521014
521016
521017
521018
521019
521031
521034
521036
521037
521038
521039
521041
521043
521046
521047
521048
521049
521061
521063
521064
521067
521068
521069
521071
521073
521074
521076
521078
521079
521081
521083
521084
521086
521087
521089
521091
521093
521094
521096
521097
521098
53124
53126
53127
53128
53129
531210
53142
53146
53147
53148
53149
531410
53162
53164
53167
53168
53169
531610
53172
53174
53176
53178
53179
531710
53182
53184
53186
53187
53189
531810
53192
53194
53196
53197
53198
531910
531102
531104
531106
531107
531108
531109
53214
53216
53217
53218
53219
532110
53241
53246
53247
53248
53249
532410
53261
53264
53267
53268
53269
532610
53271
53274
53276
53278
53279
532710
53281
53284
53286
53287
53289
532810
53291
53294
53296
53297
53298
532910
532101
532104
532106
532107
532108
532109
53412
53416
53417
53418
53419
534110
53421
53426
53427
53428
53429
534210
53461
53462
53467
53468
53469
534610
53471
53472
53476
53478
53479
534710
53481
53482
53486
53487
53489
534810
53491
53492
53496
53497
53498
534910
534101
534102
534106
534107
534108
534109
53612
53614
53617
53618
53619
536110
53621
53624
53627
53628
53629
536210
53641
53642
53647
53648
53649
536410
53671
53672
53674
53678
53679
536710
53681
53682
53684
53687
53689
536810
53691
53692
53694
53697
53698
536910
536101
536102
536104
536107
536108
536109
53712
53714
53716
53718
53719
537110
53721
53724
53726
53728
53729
537210
53741
53742
53746
53748
53749
537410
53761
53762
53764
53768
53769
537610
53781
53782
53784
53786
53789
537810
53791
53792
53794
53796
53798
537910
537101
537102
537104
537106
537108
537109
53812
53814
53816
53817
53819
538110
53821
53824
53826
53827
53829
538210
53841
53842
53846
53847
53849
538410
53861
53862
53864
53867
53869
538610
53871
53872
53874
53876
53879
538710
53891
53892
53894
53896
53897
538910
538101
538102
538104
538106
538107
538109
53912
53914
53916
53917
53918
539110
53921
53924
53926
53927
53928
539210
53941
53942
53946
53947
53948
539410
53961
53962
53964
53967
53968
539610
53971
53972
53974
53976
53978
539710
53981
53982
53984
53986
53987
539810
539101
539102
539104
539106
539107
539108
531012
531014
531016
531017
531018
531019
531021
531024
531026
531027
531028
531029
531041
531042
531046
531047
531048
531049
531061
531062
531064
531067
531068
531069
531071
531072
531074
531076
531078
531079
531081
531082
531084
531086
531087
531089
531091
531092
531094
531096
531097
531098
54123
54126
54127
54128
54129
541210
54132
54136
54137
54138
54139
541310
54162
54163
54167
54168
54169
541610
54172
54173
54176
54178
54179
541710
54182
54183
54186
54187
54189
541810
54192
54193
54196
54197
54198
541910
541102
541103
541106
541107
541108
541109
54213
54216
54217
54218
54219
542110
54231
54236
54237
54238
54239
542310
54261
54263
54267
54268
54269
542610
54271
54273
54276
54278
54279
542710
54281
54283
54286
54287
54289
542810
54291
54293
54296
54297
54298
542910
542101
542103
542106
542107
542108
542109
54312
54316
54317
54318
54319
543110
54321
54326
54327
54328
54329
543210
54361
54362
54367
54368
54369
543610
54371
54372
54376
54378
54379
543710
54381
54382
54386
54387
54389
543810
54391
54392
54396
54397
54398
543910
543101
543102
543106
543107
543108
543109
54612
54613
54617
54618
54619
546110
54621
54623
54627
54628
54629
546210
54631
54632
54637
54638
54639
546310
54671
54672
54673
54678
54679
546710
54681
54682
54683
54687
54689
546810
54691
54692
54693
54697
54698
546910
546101
546102
546103
546107
546108
546109
54712
54713
54716
54718
54719
547110
54721
54723
54726
54728
54729
547210
54731
54732
54736
54738
54739
547310
54761
54762
54763
54768
54769
547610
54781
54782
54783
54786
54789
547810
54791
54792
54793
54796
54798
547910
547101
547102
547103
547106
547108
547109
54812
54813
54816
54817
54819
548110
54821
54823
54826
54827
54829
548210
54831
54832
54836
54837
54839
548310
54861
54862
54863
54867
54869
548610
54871
54872
54873
54876
54879
548710
54891
54892
54893
54896
54897
548910
548101
548102
548103
548106
548107
548109
54912
54913
54916
54917
54918
549110
54921
54923
54926
54927
54928
549210
54931
54932
54936
54937
54938
549310
54961
54962
54963
54967
54968
549610
54971
54972
54973
54976
54978
549710
54981
54982
54983
54986
54987
549810
549101
549102
549103
549106
549107
549108
541012
541013
541016
541017
541018
541019
541021
541023
541026
541027
541028
541029
541031
541032
541036
541037
541038
541039
541061
541062
541063
541067
541068
541069
541071
541072
541073
541076
541078
541079
541081
541082
541083
541086
541087
541089
541091
541092
541093
541096
541097
541098
56123
56124
56127
56128
56129
561210
56132
56134
56137
56138
56139
561310
56142
56143
56147
56148
56149
561410
56172
56173
56174
56178
56179
561710
56182
56183
56184
56187
56189
561810
56192
56193
56194
56197
56198
561910
561102
561103
561104
561107
561108
561109
56213
56214
56217
56218
56219
562110
56231
56234
56237
56238
56239
562310
56241
56243
56247
56248
56249
562410
56271
56273
56274
56278
56279
562710
56281
56283
56284
56287
56289
562810
56291
56293
56294
56297
56298
562910
562101
562103
562104
562107
562108
562109
56312
56314
56317
56318
56319
563110
56321
56324
56327
56328
56329
563210
56341
56342
56347
56348
56349
563410
56371
56372
56374
56378
56379
563710
56381
56382
56384
56387
56389
563810
56391
56392
56394
56397
56398
563910
563101
563102
563104
563107
563108
563109
56412
56413
56417
56418
56419
564110
56421
56423
56427
56428
56429
564210
56431
56432
56437
56438
56439
564310
56471
56472
56473
56478
56479
564710
56481
56482
56483
56487
56489
564810
56491
56492
56493
56497
56498
564910
564101
564102
564103
564107
564108
564109
56712
56713
56714
56718
56719
567110
56721
56723
56724
56728
56729
567210
56731
56732
56734
56738
56739
567310
56741
56742
56743
56748
56749
567410
56781
56782
56783
56784
56789
567810
56791
56792
56793
56794
56798
567910
567101
567102
567103
567104
567108
567109
56812
56813
56814
56817
56819
568110
56821
56823
56824
56827
56829
568210
56831
56832
56834
56837
56839
568310
56841
56842
56843
56847
56849
568410
56871
56872
56873
56874
56879
568710
56891
56892
56893
56894
56897
568910
568101
568102
568103
568104
568107
568109
56912
56913
56914
56917
56918
569110
56921
56923
56924
56927
56928
569210
56931
56932
56934
56937
56938
569310
56941
56942
56943
56947
56948
569410
56971
56972
56973
56974
56978
569710
56981
56982
56983
56984
56987
569810
569101
569102
569103
569104
569107
569108
561012
561013
561014
561017
561018
561019
561021
561023
561024
561027
561028
561029
561031
561032
561034
561037
561038
561039
561041
561042
561043
561047
561048
561049
561071
561072
561073
561074
561078
561079
561081
561082
561083
561084
561087
561089
561091
561092
561093
561094
561097
561098
57123
57124
57126
57128
57129
571210
57132
57134
57136
57138
57139
571310
57142
57143
57146
57148
57149
571410
57162
57163
57164
57168
57169
571610
57182
57183
57184
57186
57189
571810
57192
57193
57194
57196
57198
571910
571102
571103
571104
571106
571108
571109
57213
57214
57216
57218
57219
572110
57231
57234
57236
57238
57239
572310
57241
57243
57246
57248
57249
572410
57261
57263
57264
57268
57269
572610
57281
57283
57284
57286
57289
572810
57291
57293
57294
57296
57298
572910
572101
572103
572104
572106
572108
572109
57312
57314
57316
57318
57319
573110
57321
57324
57326
57328
57329
573210
57341
57342
57346
57348
57349
573410
57361
57362
57364
57368
57369
573610
57381
57382
57384
57386
57389
573810
57391
57392
57394
57396
57398
573910
573101
573102
573104
573106
573108
573109
57412
57413
57416
57418
57419
574110
57421
57423
57426
57428
57429
574210
57431
57432
57436
57438
57439
574310
57461
57462
57463
57468
57469
574610
57481
57482
57483
57486
57489
574810
57491
57492
57493
57496
57498
574910
574101
574102
574103
574106
574108
574109
57612
57613
57614
57618
57619
576110
57621
57623
57624
57628
57629
576210
57631
57632
57634
57638
57639
576310
57641
57642
57643
57648
57649
576410
57681
57682
57683
57684
57689
576810
57691
57692
57693
57694
57698
576910
576101
576102
576103
576104
576108
576109
57812
57813
57814
57816
57819
578110
57821
57823
57824
57826
57829
578210
57831
57832
57834
57836
57839
578310
57841
57842
57843
57846
57849
578410
57861
57862
57863
57864
57869
578610
57891
57892
57893
57894
57896
578910
578101
578102
578103
578104
578106
578109
57912
57913
57914
57916
57918
579110
57921
57923
57924
57926
57928
579210
57931
57932
57934
57936
57938
579310
57941
57942
57943
57946
57948
579410
57961
57962
57963
57964
57968
579610
57981
57982
57983
57984
57986
579810
579101
579102
579103
579104
579106
579108
571012
571013
571014
571016
571018
571019
571021
571023
571024
571026
571028
571029
571031
571032
571034
571036
571038
571039
571041
571042
571043
571046
571048
571049
571061
571062
571063
571064
571068
571069
571081
571082
571083
571084
571086
571089
571091
571092
571093
571094
571096
571098
58123
58124
58126
58127
58129
581210
58132
58134
58136
58137
58139
581310
58142
58143
58146
58147
58149
581410
58162
58163
58164
58167
58169
581610
58172
58173
58174
58176
58179
581710
58192
58193
58194
58196
58197
581910
581102
581103
581104
581106
581107
581109
58213
58214
58216
58217
58219
582110
58231
58234
58236
58237
58239
582310
58241
58243
58246
58247
58249
582410
58261
58263
58264
58267
58269
582610
58271
58273
58274
58276
58279
582710
58291
58293
58294
58296
58297
582910
582101
582103
582104
582106
582107
582109
58312
58314
58316
58317
58319
583110
58321
58324
58326
58327
58329
583210
58341
58342
58346
58347
58349
583410
58361
58362
58364
58367
58369
583610
58371
58372
58374
58376
58379
583710
58391
58392
58394
58396
58397
583910
583101
583102
583104
583106
583107
583109
58412
58413
58416
58417
58419
584110
58421
58423
58426
58427
58429
584210
58431
58432
58436
58437
58439
584310
58461
58462
58463
58467
58469
584610
58471
58472
58473
58476
58479
584710
58491
58492
58493
58496
58497
584910
584101
584102
584103
584106
584107
584109
58612
58613
58614
58617
58619
586110
58621
58623
58624
58627
58629
586210
58631
58632
58634
58637
58639
586310
58641
58642
58643
58647
58649
586410
58671
58672
58673
58674
58679
586710
58691
58692
58693
58694
58697
586910
586101
586102
586103
586104
586107
586109
58712
58713
58714
58716
58719
587110
58721
58723
58724
58726
58729
587210
58731
58732
58734
58736
58739
587310
58741
58742
58743
58746
58749
587410
58761
58762
58763
58764
58769
587610
58791
58792
58793
58794
58796
587910
587101
587102
587103
587104
587106
587109
58912
58913
58914
58916
58917
589110
58921
58923
58924
58926
58927
589210
58931
58932
58934
58936
58937
589310
58941
58942
58943
58946
58947
589410
58961
58962
58963
58964
58967
589610
58971
58972
58973
58974
58976
589710
589101
589102
589103
589104
589106
589107
581012
581013
581014
581016
581017
581019
581021
581023
581024
581026
581027
581029
581031
581032
581034
581036
581037
581039
581041
581042
581043
581046
581047
581049
581061
581062
581063
581064
581067
581069
581071
581072
581073
581074
581076
581079
581091
581092
581093
581094
581096
581097
59123
59124
59126
59127
59128
591210
59132
59134
59136
59137
59138
591310
59142
59143
59146
59147
59148
591410
59162
59163
59164
59167
59168
591610
59172
59173
59174
59176
59178
591710
59182
59183
59184
59186
59187
591810
591102
591103
591104
591106
591107
591108
59213
59214
59216
59217
59218
592110
59231
59234
59236
59237
59238
592310
59241
59243
59246
59247
59248
592410
59261
59263
59264
59267
59268
592610
59271
59273
59274
59276
59278
592710
59281
59283
59284
59286
59287
592810
592101
592103
592104
592106
592107
592108
59312
59314
59316
59317
59318
593110
59321
59324
59326
59327
59328
593210
59341
59342
59346
59347
59348
593410
59361
59362
59364
59367
59368
593610
59371
59372
59374
59376
59378
593710
59381
59382
59384
59386
59387
593810
593101
593102
593104
593106
593107
593108
59412
59413
59416
59417
59418
594110
59421
59423
59426
59427
59428
594210
59431
59432
59436
59437
59438
594310
59461
59462
59463
59467
59468
594610
59471
59472
59473
59476
59478
594710
59481
59482
59483
59486
59487
594810
594101
594102
594103
594106
594107
594108
59612
59613
59614
59617
59618
596110
59621
59623
59624
59627
59628
596210
59631
59632
59634
59637
59638
596310
59641
59642
59643
59647
59648
596410
59671
59672
59673
59674
59678
596710
59681
59682
59683
59684
59687
596810
596101
596102
596103
596104
596107
596108
59712
59713
59714
59716
59718
597110
59721
59723
59724
59726
59728
597210
59731
59732
59734
59736
59738
597310
59741
59742
59743
59746
59748
597410
59761
59762
59763
59764
59768
597610
59781
59782
59783
59784
59786
597810
597101
597102
597103
597104
597106
597108
59812
59813
59814
59816
59817
598110
59821
59823
59824
59826
59827
598210
59831
59832
59834
59836
59837
598310
59841
59842
59843
59846
59847
598410
59861
59862
59863
59864
59867
598610
59871
59872
59873
59874
59876
598710
598101
598102
598103
598104
598106
598107
591012
591013
591014
591016
591017
591018
591021
591023
591024
591026
591027
591028
591031
591032
591034
591036
591037
591038
591041
591042
591043
591046
591047
591048
591061
591062
591063
591064
591067
591068
591071
591072
591073
591074
591076
591078
591081
591082
591083
591084
591086
591087
510123
510124
510126
510127
510128
510129
510132
510134
510136
510137
510138
510139
510142
510143
510146
510147
510148
510149
510162
510163
510164
510167
510168
510169
510172
510173
510174
510176
510178
510179
510182
510183
510184
510186
510187
510189
510192
510193
510194
510196
510197
510198
510213
510214
510216
510217
510218
510219
510231
510234
510236
510237
510238
510239
510241
510243
510246
510247
510248
510249
510261
510263
510264
510267
510268
510269
510271
510273
510274
510276
510278
510279
510281
510283
510284
510286
510287
510289
510291
510293
510294
510296
510297
510298
510312
510314
510316
510317
510318
510319
510321
510324
510326
510327
510328
510329
510341
510342
510346
510347
510348
510349
510361
510362
510364
510367
510368
510369
510371
510372
510374
510376
510378
510379
510381
510382
510384
510386
510387
510389
510391
510392
510394
510396
510397
510398
510412
510413
510416
510417
510418
510419
510421
510423
510426
510427
510428
510429
510431
510432
510436
510437
510438
510439
510461
510462
510463
510467
510468
510469
510471
510472
510473
510476
510478
510479
510481
510482
510483
510486
510487
510489
510491
510492
510493
510496
510497
510498
510612
510613
510614
510617
510618
510619
510621
510623
510624
510627
510628
510629
510631
510632
510634
510637
510638
510639
510641
510642
510643
510647
510648
510649
510671
510672
510673
510674
510678
510679
510681
510682
510683
510684
510687
510689
510691
510692
510693
510694
510697
510698
510712
510713
510714
510716
510718
510719
510721
510723
510724
510726
510728
510729
510731
510732
510734
510736
510738
510739
510741
510742
510743
510746
510748
510749
510761
510762
510763
510764
510768
510769
510781
510782
510783
510784
510786
510789
510791
510792
510793
510794
510796
510798
510812
510813
510814
510816
510817
510819
510821
510823
510824
510826
510827
510829
510831
510832
510834
510836
510837
510839
510841
510842
510843
510846
510847
510849
510861
510862
510863
510864
510867
510869
510871
510872
510873
510874
510876
510879
510891
510892
510893
510894
510896
510897
510912
510913
510914
510916
510917
510918
510921
510923
510924
510926
510927
510928
510931
510932
510934
510936
510937
510938
510941
510942
510943
510946
510947
510948
510961
510962
510963
510964
510967
510968
510971
510972
510973
510974
510976
510978
510981
510982
510983
510984
510986
510987
61234
61235
61237
61238
61239
612310
61243
61245
61247
61248
61249
612410
61253
61254
61257
61258
61259
612510
61273
61274
61275
61278
61279
612710
61283
61284
61285
61287
61289
612810
61293
61294
61295
61297
61298
612910
612103
612104
612105
612107
612108
612109
61324
61325
61327
61328
61329
613210
61342
61345
61347
61348
61349
613410
61352
61354
61357
61358
61359
613510
61372
61374
61375
61378
61379
613710
61382
61384
61385
61387
61389
613810
61392
61394
61395
61397
61398
613910
613102
613104
613105
613107
613108
613109
61423
61425
61427
61428
61429
614210
61432
61435
61437
61438
61439
614310
61452
61453
61457
61458
61459
614510
61472
61473
61475
61478
61479
614710
61482
61483
61485
61487
61489
614810
61492
61493
61495
61497
61498
614910
614102
614103
614105
614107
614108
614109
61523
61524
61527
61528
61529
615210
61532
61534
61537
61538
61539
615310
61542
61543
61547
61548
61549
615410
61572
61573
61574
61578
61579
615710
61582
61583
61584
61587
61589
615810
61592
61593
61594
61597
61598
615910
615102
615103
615104
615107
615108
615109
61723
61724
61725
61728
61729
617210
61732
61734
61735
61738
61739
617310
61742
61743
61745
61748
61749
617410
61752
61753
61754
61758
61759
617510
61782
61783
61784
61785
61789
617810
61792
61793
61794
61795
61798
617910
617102
617103
617104
617105
617108
617109
61823
61824
61825
61827
61829
618210
61832
61834
61835
61837
61839
618310
61842
61843
61845
61847
61849
618410
61852
61853
61854
61857
61859
618510
61872
61873
61874
61875
61879
618710
61892
61893
61894
61895
61897
618910
618102
618103
618104
618105
618107
618109
61923
61924
61925
61927
61928
619210
61932
61934
61935
61937
61938
619310
61942
61943
61945
61947
61948
619410
61952
61953
61954
61957
61958
619510
61972
61973
61974
61975
61978
619710
61982
61983
61984
61985
61987
619810
619102
619103
619104
619105
619107
619108
611023
611024
611025
611027
611028
611029
611032
611034
611035
611037
611038
611039
611042
611043
611045
611047
611048
611049
611052
611053
611054
611057
611058
611059
611072
611073
611074
611075
611078
611079
611082
611083
611084
611085
611087
611089
611092
611093
611094
611095
611097
611098
62134
62135
62137
62138
62139
621310
62143
62145
62147
62148
62149
621410
62153
62154
62157
62158
62159
621510
62173
62174
62175
62178
62179
621710
62183
62184
62185
62187
62189
621810
62193
62194
62195
62197
62198
621910
621103
621104
621105
621107
621108
621109
62314
62315
62317
62318
62319
623110
62341
62345
62347
62348
62349
623410
62351
62354
62357
62358
62359
623510
62371
62374
62375
62378
62379
623710
62381
62384
62385
62387
62389
623810
62391
62394
62395
62397
62398
623910
623101
623104
623105
623107
623108
623109
62413
62415
62417
62418
62419
624110
62431
62435
62437
62438
62439
624310
62451
62453
62457
62458
62459
624510
62471
62473
62475
62478
62479
624710
62481
62483
62485
62487
62489
624810
62491
62493
62495
62497
62498
624910
624101
624103
624105
624107
624108
624109
62513
62514
62517
62518
62519
625110
62531
62534
62537
62538
62539
625310
62541
62543
62547
62548
62549
625410
62571
62573
62574
62578
62579
625710
62581
62583
62584
62587
62589
625810
62591
62593
62594
62597
62598
625910
625101
625103
625104
625107
625108
625109
62713
62714
62715
62718
62719
627110
62731
62734
62735
62738
62739
627310
62741
62743
62745
62748
62749
627410
62751
62753
62754
62758
62759
627510
62781
62783
62784
62785
62789
627810
62791
62793
62794
62795
62798
627910
627101
627103
627104
627105
627108
627109
62813
62814
62815
62817
62819
628110
62831
62834
62835
62837
62839
628310
62841
62843
62845
62847
62849
628410
62851
62853
62854
62857
62859
628510
62871
62873
62874
62875
62879
628710
62891
62893
62894
62895
62897
628910
628101
628103
628104
628105
628107
628109
62913
62914
62915
62917
62918
629110
62931
62934
62935
62937
62938
629310
62941
62943
62945
62947
62948
629410
62951
62953
62954
62957
62958
629510
62971
62973
62974
62975
62978
629710
62981
62983
62984
62985
62987
629810
629101
629103
629104
629105
629107
629108
621013
621014
621015
621017
621018
621019
621031
621034
621035
621037
621038
621039
621041
621043
621045
621047
621048
621049
621051
621053
621054
621057
621058
621059
621071
621073
621074
621075
621078
621079
621081
621083
621084
621085
621087
621089
621091
621093
621094
621095
621097
621098
63124
63125
63127
63128
63129
631210
63142
63145
63147
63148
63149
631410
63152
63154
63157
63158
63159
631510
63172
63174
63175
63178
63179
631710
63182
63184
63185
63187
63189
631810
63192
63194
63195
63197
63198
631910
631102
631104
631105
631107
631108
631109
63214
63215
63217
63218
63219
632110
63241
63245
63247
63248
63249
632410
63251
63254
63257
63258
63259
632510
63271
63274
63275
63278
63279
632710
63281
63284
63285
63287
63289
632810
63291
63294
63295
63297
63298
632910
632101
632104
632105
632107
632108
632109
63412
63415
63417
63418
63419
634110
63421
63425
63427
63428
63429
634210
63451
63452
63457
63458
63459
634510
63471
63472
63475
63478
63479
634710
63481
63482
63485
63487
63489
634810
63491
63492
63495
63497
63498
634910
634101
634102
634105
634107
634108
634109
63512
63514
63517
63518
63519
635110
63521
63524
63527
63528
63529
635210
63541
63542
63547
63548
63549
635410
63571
63572
63574
63578
63579
635710
63581
63582
63584
63587
63589
635810
63591
63592
63594
63597
63598
635910
635101
635102
635104
635107
635108
635109
63712
63714
63715
63718
63719
637110
63721
63724
63725
63728
63729
637210
63741
63742
63745
63748
63749
637410
63751
63752
63754
63758
63759
637510
63781
63782
63784
63785
63789
637810
63791
63792
63794
63795
63798
637910
637101
637102
637104
637105
637108
637109
63812
63814
63815
63817
63819
638110
63821
63824
63825
63827
63829
638210
63841
63842
63845
63847
63849
638410
63851
63852
63854
63857
63859
638510
63871
63872
63874
63875
63879
638710
63891
63892
63894
63895
63897
638910
638101
638102
638104
638105
638107
638109
63912
63914
63915
63917
63918
639110
63921
63924
63925
63927
63928
639210
63941
63942
63945
63947
63948
639410
63951
63952
63954
63957
63958
639510
63971
63972
63974
63975
63978
639710
63981
63982
63984
63985
63987
639810
639101
639102
639104
639105
639107
639108
631012
631014
631015
631017
631018
631019
631021
631024
631025
631027
631028
631029
631041
631042
631045
631047
631048
631049
631051
631052
631054
631057
631058
631059
631071
631072
631074
631075
631078
631079
631081
631082
631084
631085
631087
631089
631091
631092
631094
631095
631097
631098
64123
64125
64127
64128
64129
641210
64132
64135
64137
64138
64139
641310
64152
64153
64157
64158
64159
641510
64172
64173
64175
64178
64179
641710
64182
64183
64185
64187
64189
641810
64192
64193
64195
64197
64198
641910
641102
641103
641105
641107
641108
641109
64213
64215
64217
64218
64219
642110
64231
64235
64237
64238
64239
642310
64251
64253
64257
64258
64259
642510
64271
64273
64275
64278
64279
642710
64281
64283
64285
64287
64289
642810
64291
64293
64295
64297
64298
642910
642101
642103
642105
642107
642108
642109
64312
64315
64317
64318
64319
643110
64321
64325
64327
64328
64329
643210
64351
64352
64357
64358
64359
643510
64371
64372
64375
64378
64379
643710
64381
64382
64385
64387
64389
643810
64391
64392
64395
64397
64398
643910
643101
643102
643105
643107
643108
643109
64512
64513
64517
64518
64519
645110
64521
64523
64527
64528
64529
645210
64531
64532
64537
64538
64539
645310
64571
64572
64573
64578
64579
645710
64581
64582
64583
64587
64589
645810
64591
64592
64593
64597
64598
645910
645101
645102
645103
645107
645108
645109
64712
64713
64715
64718
64719
647110
64721
64723
64725
64728
64729
647210
64731
64732
64735
64738
64739
647310
64751
64752
64753
64758
64759
647510
64781
64782
64783
64785
64789
647810
64791
64792
64793
64795
64798
647910
647101
647102
647103
647105
647108
647109
64812
64813
64815
64817
64819
648110
64821
64823
64825
64827
64829
648210
64831
64832
64835
64837
64839
648310
64851
64852
64853
64857
64859
648510
64871
64872
64873
64875
64879
648710
64891
64892
64893
64895
64897
648910
648101
648102
648103
648105
648107
648109
64912
64913
64915
64917
64918
649110
64921
64923
64925
64927
64928
649210
64931
64932
64935
64937
64938
649310
64951
64952
64953
64957
64958
649510
64971
64972
64973
64975
64978
649710
64981
64982
64983
64985
64987
649810
649101
649102
649103
649105
649107
649108
641012
641013
641015
641017
641018
641019
641021
641023
641025
641027
641028
641029
641031
641032
641035
641037
641038
641039
641051
641052
641053
641057
641058
641059
641071
641072
641073
641075
641078
641079
641081
641082
641083
641085
641087
641089
641091
641092
641093
641095
641097
641098
65123
65124
65127
65128
65129
651210
65132
65134
65137
65138
65139
651310
65142
65143
65147
65148
65149
651410
65172
65173
65174
65178
65179
651710
65182
65183
65184
65187
65189
651810
65192
65193
65194
65197
65198
651910
651102
651103
651104
651107
651108
651109
65213
65214
65217
65218
65219
652110
65231
65234
65237
65238
65239
652310
65241
65243
65247
65248
65249
652410
65271
65273
65274
65278
65279
652710
65281
65283
65284
65287
65289
652810
65291
65293
65294
65297
65298
652910
652101
652103
652104
652107
652108
652109
65312
65314
65317
65318
65319
653110
65321
65324
65327
65328
65329
653210
65341
65342
65347
65348
65349
653410
65371
65372
65374
65378
65379
653710
65381
65382
65384
65387
65389
653810
65391
65392
65394
65397
65398
653910
653101
653102
653104
653107
653108
653109
65412
65413
65417
65418
65419
654110
65421
65423
65427
65428
65429
654210
65431
65432
65437
65438
65439
654310
65471
65472
65473
65478
65479
654710
65481
65482
65483
65487
65489
654810
65491
65492
65493
65497
65498
654910
654101
654102
654103
654107
654108
654109
65712
65713
65714
65718
65719
657110
65721
65723
65724
65728
65729
657210
65731
65732
65734
65738
65739
657310
65741
65742
65743
65748
65749
657410
65781
65782
65783
65784
65789
657810
65791
65792
65793
65794
65798
657910
657101
657102
657103
657104
657108
657109
65812
65813
65814
65817
65819
658110
65821
65823
65824
65827
65829
658210
65831
65832
65834
65837
65839
658310
65841
65842
65843
65847
65849
658410
65871
65872
65873
65874
65879
658710
65891
65892
65893
65894
65897
658910
658101
658102
658103
658104
658107
658109
65912
65913
65914
65917
65918
659110
65921
65923
65924
65927
65928
659210
65931
65932
65934
65937
65938
659310
65941
65942
65943
65947
65948
659410
65971
65972
65973
65974
65978
659710
65981
65982
65983
65984
65987
659810
659101
659102
659103
659104
659107
659108
651012
651013
651014
651017
651018
651019
651021
651023
651024
651027
651028
651029
651031
651032
651034
651037
651038
651039
651041
651042
651043
651047
651048
651049
651071
651072
651073
651074
651078
651079
651081
651082
651083
651084
651087
651089
651091
651092
651093
651094
651097
651098
67123
67124
67125
67128
67129
671210
67132
67134
67135
67138
67139
671310
67142
67143
67145
67148
67149
671410
67152
67153
67154
67158
67159
671510
67182
67183
67184
67185
67189
671810
67192
67193
67194
67195
67198
671910
671102
671103
671104
671105
671108
671109
67213
67214
67215
67218
67219
672110
67231
67234
67235
67238
67239
672310
67241
67243
67245
67248
67249
672410
67251
67253
67254
67258
67259
672510
67281
67283
67284
67285
67289
672810
67291
67293
67294
67295
67298
672910
672101
672103
672104
672105
672108
672109
67312
67314
67315
67318
67319
673110
67321
67324
67325
67328
67329
673210
67341
67342
67345
67348
67349
673410
67351
67352
67354
67358
67359
673510
67381
67382
67384
67385
67389
673810
67391
67392
67394
67395
67398
673910
673101
673102
673104
673105
673108
673109
67412
67413
67415
67418
67419
674110
67421
67423
67425
67428
67429
674210
67431
67432
67435
67438
67439
674310
67451
67452
67453
67458
67459
674510
67481
67482
67483
67485
67489
674810
67491
67492
67493
67495
67498
674910
674101
674102
674103
674105
674108
674109
67512
67513
67514
67518
67519
675110
67521
67523
67524
67528
67529
675210
67531
67532
67534
67538
67539
675310
67541
67542
67543
67548
67549
675410
67581
67582
67583
67584
67589
675810
67591
67592
67593
67594
67598
675910
675101
675102
675103
675104
675108
675109
67812
67813
67814
67815
67819
678110
67821
67823
67824
67825
67829
678210
67831
67832
67834
67835
67839
678310
67841
67842
67843
67845
67849
678410
67851
67852
67853
67854
67859
678510
67891
67892
67893
67894
67895
678910
678101
678102
678103
678104
678105
678109
67912
67913
67914
67915
67918
679110
67921
67923
67924
67925
67928
679210
67931
67932
67934
67935
67938
679310
67941
67942
67943
67945
67948
679410
67951
67952
67953
67954
67958
679510
67981
67982
67983
67984
67985
679810
679101
679102
679103
679104
679105
679108
671012
671013
671014
671015
671018
671019
671021
671023
671024
671025
671028
671029
671031
671032
671034
671035
671038
671039
671041
671042
671043
671045
671048
671049
671051
671052
671053
671054
671058
671059
671081
671082
671083
671084
671085
671089
671091
671092
671093
671094
671095
671098
68123
68124
68125
68127
68129
681210
68132
68134
68135
68137
68139
681310
68142
68143
68145
68147
68149
681410
68152
68153
68154
68157
68159
681510
68172
68173
68174
68175
68179
681710
68192
68193
68194
68195
68197
681910
681102
681103
681104
681105
681107
681109
68213
68214
68215
68217
68219
682110
68231
68234
68235
68237
68239
682310
68241
68243
68245
68247
68249
682410
68251
68253
68254
68257
68259
682510
68271
68273
68274
68275
68279
682710
68291
68293
68294
68295
68297
682910
682101
682103
682104
682105
682107
682109
68312
68314
68315
68317
68319
683110
68321
68324
68325
68327
68329
683210
68341
68342
68345
68347
68349
683410
68351
68352
68354
68357
68359
683510
68371
68372
68374
68375
68379
683710
68391
68392
68394
68395
68397
683910
683101
683102
683104
683105
683107
683109
68412
68413
68415
68417
68419
684110
68421
68423
68425
68427
68429
684210
68431
68432
68435
68437
68439
684310
68451
68452
68453
68457
68459
684510
68471
68472
68473
68475
68479
684710
68491
68492
68493
68495
68497
684910
684101
684102
684103
684105
684107
684109
68512
68513
68514
68517
68519
685110
68521
68523
68524
68527
68529
685210
68531
68532
68534
68537
68539
685310
68541
68542
68543
68547
68549
685410
68571
68572
68573
68574
68579
685710
68591
68592
68593
68594
68597
685910
685101
685102
685103
685104
685107
685109
68712
68713
68714
68715
68719
687110
68721
68723
68724
68725
68729
687210
68731
68732
68734
68735
68739
687310
68741
68742
68743
68745
68749
687410
68751
68752
68753
68754
68759
687510
68791
68792
68793
68794
68795
687910
687101
687102
687103
687104
687105
687109
68912
68913
68914
68915
68917
689110
68921
68923
68924
68925
68927
689210
68931
68932
68934
68935
68937
689310
68941
68942
68943
68945
68947
689410
68951
68952
68953
68954
68957
689510
68971
68972
68973
68974
68975
689710
689101
689102
689103
689104
689105
689107
681012
681013
681014
681015
681017
681019
681021
681023
681024
681025
681027
681029
681031
681032
681034
681035
681037
681039
681041
681042
681043
681045
681047
681049
681051
681052
681053
681054
681057
681059
681071
681072
681073
681074
681075
681079
681091
681092
681093
681094
681095
681097
69123
69124
69125
69127
69128
691210
69132
69134
69135
69137
69138
691310
69142
69143
69145
69147
69148
691410
69152
69153
69154
69157
69158
691510
69172
69173
69174
69175
69178
691710
69182
69183
69184
69185
69187
691810
691102
691103
691104
691105
691107
691108
69213
69214
69215
69217
69218
692110
69231
69234
69235
69237
69238
692310
69241
69243
69245
69247
69248
692410
69251
69253
69254
69257
69258
692510
69271
69273
69274
69275
69278
692710
69281
69283
69284
69285
69287
692810
692101
692103
692104
692105
692107
692108
69312
69314
69315
69317
69318
693110
69321
69324
69325
69327
69328
693210
69341
69342
69345
69347
69348
693410
69351
69352
69354
69357
69358
693510
69371
69372
69374
69375
69378
693710
69381
69382
69384
69385
69387
693810
693101
693102
693104
693105
693107
693108
69412
69413
69415
69417
69418
694110
69421
69423
69425
69427
69428
694210
69431
69432
69435
69437
69438
694310
69451
69452
69453
69457
69458
694510
69471
69472
69473
69475
69478
694710
69481
69482
69483
69485
69487
694810
694101
694102
694103
694105
694107
694108
69512
69513
69514
69517
69518
695110
69521
69523
69524
69527
69528
695210
69531
69532
69534
69537
69538
695310
69541
69542
69543
69547
69548
695410
69571
69572
69573
69574
69578
695710
69581
69582
69583
69584
69587
695810
695101
695102
695103
695104
695107
695108
69712
69713
69714
69715
69718
697110
69721
69723
69724
69725
69728
697210
69731
69732
69734
69735
69738
697310
69741
69742
69743
69745
69748
697410
69751
69752
69753
69754
69758
697510
69781
69782
69783
69784
69785
697810
697101
697102
697103
697104
697105
697108
69812
69813
69814
69815
69817
698110
69821
69823
69824
69825
69827
698210
69831
69832
69834
69835
69837
698310
69841
69842
69843
69845
69847
698410
69851
69852
69853
69854
69857
698510
69871
69872
69873
69874
69875
698710
698101
698102
698103
698104
698105
698107
691012
691013
691014
691015
691017
691018
691021
691023
691024
691025
691027
691028
691031
691032
691034
691035
691037
691038
691041
691042
691043
691045
691047
691048
691051
691052
691053
691054
691057
691058
691071
691072
691073
691074
691075
691078
691081
691082
691083
691084
691085
691087
610123
610124
610125
610127
610128
610129
610132
610134
610135
610137
610138
610139
610142
610143
610145
610147
610148
610149
610152
610153
610154
610157
610158
610159
610172
610173
610174
610175
610178
610179
610182
610183
610184
610185
610187
610189
610192
610193
610194
610195
610197
610198
610213
610214
610215
610217
610218
610219
610231
610234
610235
610237
610238
610239
610241
610243
610245
610247
610248
610249
610251
610253
610254
610257
610258
610259
610271
610273
610274
610275
610278
610279
610281
610283
610284
610285
610287
610289
610291
610293
610294
610295
610297
610298
610312
610314
610315
610317
610318
610319
610321
610324
610325
610327
610328
610329
610341
610342
610345
610347
610348
610349
610351
610352
610354
610357
610358
610359
610371
610372
610374
610375
610378
610379
610381
610382
610384
610385
610387
610389
610391
610392
610394
610395
610397
610398
610412
610413
610415
610417
610418
610419
610421
610423
610425
610427
610428
610429
610431
610432
610435
610437
610438
610439
610451
610452
610453
610457
610458
610459
610471
610472
610473
610475
610478
610479
610481
610482
610483
610485
610487
610489
610491
610492
610493
610495
610497
610498
610512
610513
610514
610517
610518
610519
610521
610523
610524
610527
610528
610529
610531
610532
610534
610537
610538
610539
610541
610542
610543
610547
610548
610549
610571
610572
610573
610574
610578
610579
610581
610582
610583
610584
610587
610589
610591
610592
610593
610594
610597
610598
610712
610713
610714
610715
610718
610719
610721
610723
610724
610725
610728
610729
610731
610732
610734
610735
610738
610739
610741
610742
610743
610745
610748
610749
610751
610752
610753
610754
610758
610759
610781
610782
610783
610784
610785
610789
610791
610792
610793
610794
610795
610798
610812
610813
610814
610815
610817
610819
610821
610823
610824
610825
610827
610829
610831
610832
610834
610835
610837
610839
610841
610842
610843
610845
610847
610849
610851
610852
610853
610854
610857
610859
610871
610872
610873
610874
610875
610879
610891
610892
610893
610894
610895
610897
610912
610913
610914
610915
610917
610918
610921
610923
610924
610925
610927
610928
610931
610932
610934
610935
610937
610938
610941
610942
610943
610945
610947
610948
610951
610952
610953
610954
610957
610958
610971
610972
610973
610974
610975
610978
610981
610982
610983
610984
610985
610987
71234
71235
71236
71238
71239
712310
71243
71245
71246
71248
71249
712410
71253
71254
71256
71258
71259
712510
71263
71264
71265
71268
71269
712610
71283
71284
71285
71286
71289
712810
71293
71294
71295
71296
71298
712910
712103
712104
712105
712106
712108
712109
71324
71325
71326
71328
71329
713210
71342
71345
71346
71348
71349
713410
71352
71354
71356
71358
71359
713510
71362
71364
71365
71368
71369
713610
71382
71384
71385
71386
71389
713810
71392
71394
71395
71396
71398
713910
713102
713104
713105
713106
713108
713109
71423
71425
71426
71428
71429
714210
71432
71435
71436
71438
71439
714310
71452
71453
71456
71458
71459
714510
71462
71463
71465
71468
71469
714610
71482
71483
71485
71486
71489
714810
71492
71493
71495
71496
71498
714910
714102
714103
714105
714106
714108
714109
71523
71524
71526
71528
71529
715210
71532
71534
71536
71538
71539
715310
71542
71543
71546
71548
71549
715410
71562
71563
71564
71568
71569
715610
71582
71583
71584
71586
71589
715810
71592
71593
71594
71596
71598
715910
715102
715103
715104
715106
715108
715109
71623
71624
71625
71628
71629
716210
71632
71634
71635
71638
71639
716310
71642
71643
71645
71648
71649
716410
71652
71653
71654
71658
71659
716510
71682
71683
71684
71685
71689
716810
71692
71693
71694
71695
71698
716910
716102
716103
716104
716105
716108
716109
71823
71824
71825
71826
71829
718210
71832
71834
71835
71836
71839
718310
71842
71843
71845
71846
71849
718410
71852
71853
71854
71856
71859
718510
71862
71863
71864
71865
71869
718610
71892
71893
71894
71895
71896
718910
718102
718103
718104
718105
718106
718109
71923
71924
71925
71926
71928
719210
71932
71934
71935
71936
71938
719310
71942
71943
71945
71946
71948
719410
71952
71953
71954
71956
71958
719510
71962
71963
71964
71965
71968
719610
71982
71983
71984
71985
71986
719810
719102
719103
719104
719105
719106
719108
711023
711024
711025
711026
711028
711029
711032
711034
711035
711036
711038
711039
711042
711043
711045
711046
711048
711049
711052
711053
711054
711056
711058
711059
711062
711063
711064
711065
711068
711069
711082
711083
711084
711085
711086
711089
711092
711093
711094
711095
711096
711098
72134
72135
72136
72138
72139
721310
72143
72145
72146
72148
72149
721410
72153
72154
72156
72158
72159
721510
72163
72164
72165
72168
72169
721610
72183
72184
72185
72186
72189
721810
72193
72194
72195
72196
72198
721910
721103
721104
721105
721106
721108
721109
72314
72315
72316
72318
72319
723110
72341
72345
72346
72348
72349
723410
72351
72354
72356
72358
72359
723510
72361
72364
72365
72368
72369
723610
72381
72384
72385
72386
72389
723810
72391
72394
72395
72396
72398
723910
723101
723104
723105
723106
723108
723109
72413
72415
72416
72418
72419
724110
72431
72435
72436
72438
72439
724310
72451
72453
72456
72458
72459
724510
72461
72463
72465
72468
72469
724610
72481
72483
72485
72486
72489
724810
72491
72493
72495
72496
72498
724910
724101
724103
724105
724106
724108
724109
72513
72514
72516
72518
72519
725110
72531
72534
72536
72538
72539
725310
72541
72543
72546
72548
72549
725410
72561
72563
72564
72568
72569
725610
72581
72583
72584
72586
72589
725810
72591
72593
72594
72596
72598
725910
725101
725103
725104
725106
725108
725109
72613
72614
72615
72618
72619
726110
72631
72634
72635
72638
72639
726310
72641
72643
72645
72648
72649
726410
72651
72653
72654
72658
72659
726510
72681
72683
72684
72685
72689
726810
72691
72693
72694
72695
72698
726910
726101
726103
726104
726105
726108
726109
72813
72814
72815
72816
72819
728110
72831
72834
72835
72836
72839
728310
72841
72843
72845
72846
72849
728410
72851
72853
72854
72856
72859
728510
72861
72863
72864
72865
72869
728610
72891
72893
72894
72895
72896
728910
728101
728103
728104
728105
728106
728109
72913
72914
72915
72916
72918
729110
72931
72934
72935
72936
72938
729310
72941
72943
72945
72946
72948
729410
72951
72953
72954
72956
72958
729510
72961
72963
72964
72965
72968
729610
72981
72983
72984
72985
72986
729810
729101
729103
729104
729105
729106
729108
721013
721014
721015
721016
721018
721019
721031
721034
721035
721036
721038
721039
721041
721043
721045
721046
721048
721049
721051
721053
721054
721056
721058
721059
721061
721063
721064
721065
721068
721069
721081
721083
721084
721085
721086
721089
721091
721093
721094
721095
721096
721098
73124
73125
73126
73128
73129
731210
73142
73145
73146
73148
73149
731410
73152
73154
73156
73158
73159
731510
73162
73164
73165
73168
73169
731610
73182
73184
73185
73186
73189
731810
73192
73194
73195
73196
73198
731910
731102
731104
731105
731106
731108
731109
73214
73215
73216
73218
73219
732110
73241
73245
73246
73248
73249
732410
73251
73254
73256
73258
73259
732510
73261
73264
73265
73268
73269
732610
73281
73284
73285
73286
73289
732810
73291
73294
73295
73296
73298
732910
732101
732104
732105
732106
732108
732109
73412
73415
73416
73418
73419
734110
73421
73425
73426
73428
73429
734210
73451
73452
73456
73458
73459
734510
73461
73462
73465
73468
73469
734610
73481
73482
73485
73486
73489
734810
73491
73492
73495
73496
73498
734910
734101
734102
734105
734106
734108
734109
73512
73514
73516
73518
73519
735110
73521
73524
73526
73528
73529
735210
73541
73542
73546
73548
73549
735410
73561
73562
73564
73568
73569
735610
73581
73582
73584
73586
73589
735810
73591
73592
73594
73596
73598
735910
735101
735102
735104
735106
735108
735109
73612
73614
73615
73618
73619
736110
73621
73624
73625
73628
73629
736210
73641
73642
73645
73648
73649
736410
73651
73652
73654
73658
73659
736510
73681
73682
73684
73685
73689
736810
73691
73692
73694
73695
73698
736910
736101
736102
736104
736105
736108
736109
73812
73814
73815
73816
73819
738110
73821
73824
73825
73826
73829
738210
73841
73842
73845
73846
73849
738410
73851
73852
73854
73856
73859
738510
73861
73862
73864
73865
73869
738610
73891
73892
73894
73895
73896
738910
738101
738102
738104
738105
738106
738109
73912
73914
73915
73916
73918
739110
73921
73924
73925
73926
73928
739210
73941
73942
73945
73946
73948
739410
73951
73952
73954
73956
73958
739510
73961
73962
73964
73965
73968
739610
73981
73982
73984
73985
73986
739810
739101
739102
739104
739105
739106
739108
731012
731014
731015
731016
731018
731019
731021
731024
731025
731026
731028
731029
731041
731042
731045
731046
731048
731049
731051
731052
731054
731056
731058
731059
731061
731062
731064
731065
731068
731069
731081
731082
731084
731085
731086
731089
731091
731092
731094
731095
731096
731098
74123
74125
74126
74128
74129
741210
74132
74135
74136
74138
74139
741310
74152
74153
74156
74158
74159
741510
74162
74163
74165
74168
74169
741610
74182
74183
74185
74186
74189
741810
74192
74193
74195
74196
74198
741910
741102
741103
741105
741106
741108
741109
74213
74215
74216
74218
74219
742110
74231
74235
74236
74238
74239
742310
74251
74253
74256
74258
74259
742510
74261
74263
74265
74268
74269
742610
74281
74283
74285
74286
74289
742810
74291
74293
74295
74296
74298
742910
742101
742103
742105
742106
742108
742109
74312
74315
74316
74318
74319
743110
74321
74325
74326
74328
74329
743210
74351
74352
74356
74358
74359
743510
74361
74362
74365
74368
74369
743610
74381
74382
74385
74386
74389
743810
74391
74392
74395
74396
74398
743910
743101
743102
743105
743106
743108
743109
74512
74513
74516
74518
74519
745110
74521
74523
74526
74528
74529
745210
74531
74532
74536
74538
74539
745310
74561
74562
74563
74568
74569
745610
74581
74582
74583
74586
74589
745810
74591
74592
74593
74596
74598
745910
745101
745102
745103
745106
745108
745109
74612
74613
74615
74618
74619
746110
74621
74623
74625
74628
74629
746210
74631
74632
74635
74638
74639
746310
74651
74652
74653
74658
74659
746510
74681
74682
74683
74685
74689
746810
74691
74692
74693
74695
74698
746910
746101
746102
746103
746105
746108
746109
74812
74813
74815
74816
74819
748110
74821
74823
74825
74826
74829
748210
74831
74832
74835
74836
74839
748310
74851
74852
74853
74856
74859
748510
74861
74862
74863
74865
74869
748610
74891
74892
74893
74895
74896
748910
748101
748102
748103
748105
748106
748109
74912
74913
74915
74916
74918
749110
74921
74923
74925
74926
74928
749210
74931
74932
74935
74936
74938
749310
74951
74952
74953
74956
74958
749510
74961
74962
74963
74965
74968
749610
74981
74982
74983
74985
74986
749810
749101
749102
749103
749105
749106
749108
741012
741013
741015
741016
741018
741019
741021
741023
741025
741026
741028
741029
741031
741032
741035
741036
741038
741039
741051
741052
741053
741056
741058
741059
741061
741062
741063
741065
741068
741069
741081
741082
741083
741085
741086
741089
741091
741092
741093
741095
741096
741098
75123
75124
75126
75128
75129
751210
75132
75134
75136
75138
75139
751310
75142
75143
75146
75148
75149
751410
75162
75163
75164
75168
75169
751610
75182
75183
75184
75186
75189
751810
75192
75193
75194
75196
75198
751910
751102
751103
751104
751106
751108
751109
75213
75214
75216
75218
75219
752110
75231
75234
75236
75238
75239
752310
75241
75243
75246
75248
75249
752410
75261
75263
75264
75268
75269
752610
75281
75283
75284
75286
75289
752810
75291
75293
75294
75296
75298
752910
752101
752103
752104
752106
752108
752109
75312
75314
75316
75318
75319
753110
75321
75324
75326
75328
75329
753210
75341
75342
75346
75348
75349
753410
75361
75362
75364
75368
75369
753610
75381
75382
75384
75386
75389
753810
75391
75392
75394
75396
75398
753910
753101
753102
753104
753106
753108
753109
75412
75413
75416
75418
75419
754110
75421
75423
75426
75428
75429
754210
75431
75432
75436
75438
75439
754310
75461
75462
75463
75468
75469
754610
75481
75482
75483
75486
75489
754810
75491
75492
75493
75496
75498
754910
754101
754102
754103
754106
754108
754109
75612
75613
75614
75618
75619
756110
75621
75623
75624
75628
75629
756210
75631
75632
75634
75638
75639
756310
75641
75642
75643
75648
75649
756410
75681
75682
75683
75684
75689
756810
75691
75692
75693
75694
75698
756910
756101
756102
756103
756104
756108
756109
75812
75813
75814
75816
75819
758110
75821
75823
75824
75826
75829
758210
75831
75832
75834
75836
75839
758310
75841
75842
75843
75846
75849
758410
75861
75862
75863
75864
75869
758610
75891
75892
75893
75894
75896
758910
758101
758102
758103
758104
758106
758109
75912
75913
75914
75916
75918
759110
75921
75923
75924
75926
75928
759210
75931
75932
75934
75936
75938
759310
75941
75942
75943
75946
75948
759410
75961
75962
75963
75964
75968
759610
75981
75982
75983
75984
75986
759810
759101
759102
759103
759104
759106
759108
751012
751013
751014
751016
751018
751019
751021
751023
751024
751026
751028
751029
751031
751032
751034
751036
751038
751039
751041
751042
751043
751046
751048
751049
751061
751062
751063
751064
751068
751069
751081
751082
751083
751084
751086
751089
751091
751092
751093
751094
751096
751098
76123
76124
76125
76128
76129
761210
76132
76134
76135
76138
76139
761310
76142
76143
76145
76148
76149
761410
76152
76153
76154
76158
76159
761510
76182
76183
76184
76185
76189
761810
76192
76193
76194
76195
76198
761910
761102
761103
761104
761105
761108
761109
76213
76214
76215
76218
76219
762110
76231
76234
76235
76238
76239
762310
76241
76243
76245
76248
76249
762410
76251
76253
76254
76258
76259
762510
76281
76283
76284
76285
76289
762810
76291
76293
76294
76295
76298
762910
762101
762103
762104
762105
762108
762109
76312
76314
76315
76318
76319
763110
76321
76324
76325
76328
76329
763210
76341
76342
76345
76348
76349
763410
76351
76352
76354
76358
76359
763510
76381
76382
76384
76385
76389
763810
76391
76392
76394
76395
76398
763910
763101
763102
763104
763105
763108
763109
76412
76413
76415
76418
76419
764110
76421
76423
76425
76428
76429
764210
76431
76432
76435
76438
76439
764310
76451
76452
76453
76458
76459
764510
76481
76482
76483
76485
76489
764810
76491
76492
76493
76495
76498
764910
764101
764102
764103
764105
764108
764109
76512
76513
76514
76518
76519
765110
76521
76523
76524
76528
76529
765210
76531
76532
76534
76538
76539
765310
76541
76542
76543
76548
76549
765410
76581
76582
76583
76584
76589
765810
76591
76592
76593
76594
76598
765910
765101
765102
765103
765104
765108
765109
76812
76813
76814
76815
76819
768110
76821
76823
76824
76825
76829
768210
76831
76832
76834
76835
76839
768310
76841
76842
76843
76845
76849
768410
76851
76852
76853
76854
76859
768510
76891
76892
76893
76894
76895
768910
768101
768102
768103
768104
768105
768109
76912
76913
76914
76915
76918
769110
76921
76923
76924
76925
76928
769210
76931
76932
76934
76935
76938
769310
76941
76942
76943
76945
76948
769410
76951
76952
76953
76954
76958
769510
76981
76982
76983
76984
76985
769810
769101
769102
769103
769104
769105
769108
761012
761013
761014
761015
761018
761019
761021
761023
761024
761025
761028
761029
761031
761032
761034
761035
761038
761039
761041
761042
761043
761045
761048
761049
761051
761052
761053
761054
761058
761059
761081
761082
761083
761084
761085
761089
761091
761092
761093
761094
761095
761098
78123
78124
78125
78126
78129
781210
78132
78134
78135
78136
78139
781310
78142
78143
78145
78146
78149
781410
78152
78153
78154
78156
78159
781510
78162
78163
78164
78165
78169
781610
78192
78193
78194
78195
78196
781910
781102
781103
781104
781105
781106
781109
78213
78214
78215
78216
78219
782110
78231
78234
78235
78236
78239
782310
78241
78243
78245
78246
78249
782410
78251
78253
78254
78256
78259
782510
78261
78263
78264
78265
78269
782610
78291
78293
78294
78295
78296
782910
782101
782103
782104
782105
782106
782109
78312
78314
78315
78316
78319
783110
78321
78324
78325
78326
78329
783210
78341
78342
78345
78346
78349
783410
78351
78352
78354
78356
78359
783510
78361
78362
78364
78365
78369
783610
78391
78392
78394
78395
78396
783910
783101
783102
783104
783105
783106
783109
78412
78413
78415
78416
78419
784110
78421
78423
78425
78426
78429
784210
78431
78432
78435
78436
78439
784310
78451
78452
78453
78456
78459
784510
78461
78462
78463
78465
78469
784610
78491
78492
78493
78495
78496
784910
784101
784102
784103
784105
784106
784109
78512
78513
78514
78516
78519
785110
78521
78523
78524
78526
78529
785210
78531
78532
78534
78536
78539
785310
78541
78542
78543
78546
78549
785410
78561
78562
78563
78564
78569
785610
78591
78592
78593
78594
78596
785910
785101
785102
785103
785104
785106
785109
78612
78613
78614
78615
78619
786110
78621
78623
78624
78625
78629
786210
78631
78632
78634
78635
78639
786310
78641
78642
78643
78645
78649
786410
78651
78652
78653
78654
78659
786510
78691
78692
78693
78694
78695
786910
786101
786102
786103
786104
786105
786109
78912
78913
78914
78915
78916
789110
78921
78923
78924
78925
78926
789210
78931
78932
78934
78935
78936
789310
78941
78942
78943
78945
78946
789410
78951
78952
78953
78954
78956
789510
78961
78962
78963
78964
78965
789610
789101
789102
789103
789104
789105
789106
781012
781013
781014
781015
781016
781019
781021
781023
781024
781025
781026
781029
781031
781032
781034
781035
781036
781039
781041
781042
781043
781045
781046
781049
781051
781052
781053
781054
781056
781059
781061
781062
781063
781064
781065
781069
781091
781092
781093
781094
781095
781096
79123
79124
79125
79126
79128
791210
79132
79134
79135
79136
79138
791310
79142
79143
79145
79146
79148
791410
79152
79153
79154
79156
79158
791510
79162
79163
79164
79165
79168
791610
79182
79183
79184
79185
79186
791810
791102
791103
791104
791105
791106
791108
79213
79214
79215
79216
79218
792110
79231
79234
79235
79236
79238
792310
79241
79243
79245
79246
79248
792410
79251
79253
79254
79256
79258
792510
79261
79263
79264
79265
79268
792610
79281
79283
79284
79285
79286
792810
792101
792103
792104
792105
792106
792108
79312
79314
79315
79316
79318
793110
79321
79324
79325
79326
79328
793210
79341
79342
79345
79346
79348
793410
79351
79352
79354
79356
79358
793510
79361
79362
79364
79365
79368
793610
79381
79382
79384
79385
79386
793810
793101
793102
793104
793105
793106
793108
79412
79413
79415
79416
79418
794110
79421
79423
79425
79426
79428
794210
79431
79432
79435
79436
79438
794310
79451
79452
79453
79456
79458
794510
79461
79462
79463
79465
79468
794610
79481
79482
79483
79485
79486
794810
794101
794102
794103
794105
794106
794108
79512
79513
79514
79516
79518
795110
79521
79523
79524
79526
79528
795210
79531
79532
79534
79536
79538
795310
79541
79542
79543
79546
79548
795410
79561
79562
79563
79564
79568
795610
79581
79582
79583
79584
79586
795810
795101
795102
795103
795104
795106
795108
79612
79613
79614
79615
79618
796110
79621
79623
79624
79625
79628
796210
79631
79632
79634
79635
79638
796310
79641
79642
79643
79645
79648
796410
79651
79652
79653
79654
79658
796510
79681
79682
79683
79684
79685
796810
796101
796102
796103
796104
796105
796108
79812
79813
79814
79815
79816
798110
79821
79823
79824
79825
79826
798210
79831
79832
79834
79835
79836
798310
79841
79842
79843
79845
79846
798410
79851
79852
79853
79854
79856
798510
79861
79862
79863
79864
79865
798610
798101
798102
798103
798104
798105
798106
791012
791013
791014
791015
791016
791018
791021
791023
791024
791025
791026
791028
791031
791032
791034
791035
791036
791038
791041
791042
791043
791045
791046
791048
791051
791052
791053
791054
791056
791058
791061
791062
791063
791064
791065
791068
791081
791082
791083
791084
791085
791086
710123
710124
710125
710126
710128
710129
710132
710134
710135
710136
710138
710139
710142
710143
710145
710146
710148
710149
710152
710153
710154
710156
710158
710159
710162
710163
710164
710165
710168
710169
710182
710183
710184
710185
710186
710189
710192
710193
710194
710195
710196
710198
710213
710214
710215
710216
710218
710219
710231
710234
710235
710236
710238
710239
710241
710243
710245
710246
710248
710249
710251
710253
710254
710256
710258
710259
710261
710263
710264
710265
710268
710269
710281
710283
710284
710285
710286
710289
710291
710293
710294
710295
710296
710298
710312
710314
710315
710316
710318
710319
710321
710324
710325
710326
710328
710329
710341
710342
710345
710346
710348
710349
710351
710352
710354
710356
710358
710359
710361
710362
710364
710365
710368
710369
710381
710382
710384
710385
710386
710389
710391
710392
710394
710395
710396
710398
710412
710413
710415
710416
710418
710419
710421
710423
710425
710426
710428
710429
710431
710432
710435
710436
710438
710439
710451
710452
710453
710456
710458
710459
710461
710462
710463
710465
710468
710469
710481
710482
710483
710485
710486
710489
710491
710492
710493
710495
710496
710498
710512
710513
710514
710516
710518
710519
710521
710523
710524
710526
710528
710529
710531
710532
710534
710536
710538
710539
710541
710542
710543
710546
710548
710549
710561
710562
710563
710564
710568
710569
710581
710582
710583
710584
710586
710589
710591
710592
710593
710594
710596
710598
710612
710613
710614
710615
710618
710619
710621
710623
710624
710625
710628
710629
710631
710632
710634
710635
710638
710639
710641
710642
710643
710645
710648
710649
710651
710652
710653
710654
710658
710659
710681
710682
710683
710684
710685
710689
710691
710692
710693
710694
710695
710698
710812
710813
710814
710815
710816
710819
710821
710823
710824
710825
710826
710829
710831
710832
710834
710835
710836
710839
710841
710842
710843
710845
710846
710849
710851
710852
710853
710854
710856
710859
710861
710862
710863
710864
710865
710869
710891
710892
710893
710894
710895
710896
710912
710913
710914
710915
710916
710918
710921
710923
710924
710925
710926
710928
710931
710932
710934
710935
710936
710938
710941
710942
710943
710945
710946
710948
710951
710952
710953
710954
710956
710958
710961
710962
710963
710964
710965
710968
710981
710982
710983
710984
710985
710986
81234
81235
81236
81237
81239
812310
81243
81245
81246
81247
81249
812410
81253
81254
81256
81257
81259
812510
81263
81264
81265
81267
81269
812610
81273
81274
81275
81276
81279
812710
81293
81294
81295
81296
81297
812910
812103
812104
812105
812106
812107
812109
81324
81325
81326
81327
81329
813210
81342
81345
81346
81347
81349
813410
81352
81354
81356
81357
81359
813510
81362
81364
81365
81367
81369
813610
81372
81374
81375
81376
81379
813710
81392
81394
81395
81396
81397
813910
813102
813104
813105
813106
813107
813109
81423
81425
81426
81427
81429
814210
81432
81435
81436
81437
81439
814310
81452
81453
81456
81457
81459
814510
81462
81463
81465
81467
81469
814610
81472
81473
81475
81476
81479
814710
81492
81493
81495
81496
81497
814910
814102
814103
814105
814106
814107
814109
81523
81524
81526
81527
81529
815210
81532
81534
81536
81537
81539
815310
81542
81543
81546
81547
81549
815410
81562
81563
81564
81567
81569
815610
81572
81573
81574
81576
81579
815710
81592
81593
81594
81596
81597
815910
815102
815103
815104
815106
815107
815109
81623
81624
81625
81627
81629
816210
81632
81634
81635
81637
81639
816310
81642
81643
81645
81647
81649
816410
81652
81653
81654
81657
81659
816510
81672
81673
81674
81675
81679
816710
81692
81693
81694
81695
81697
816910
816102
816103
816104
816105
816107
816109
81723
81724
81725
81726
81729
817210
81732
81734
81735
81736
81739
817310
81742
81743
81745
81746
81749
817410
81752
81753
81754
81756
81759
817510
81762
81763
81764
81765
81769
817610
81792
81793
81794
81795
81796
817910
817102
817103
817104
817105
817106
817109
81923
81924
81925
81926
81927
819210
81932
81934
81935
81936
81937
819310
81942
81943
81945
81946
81947
819410
81952
81953
81954
81956
81957
819510
81962
81963
81964
81965
81967
819610
81972
81973
81974
81975
81976
819710
819102
819103
819104
819105
819106
819107
811023
811024
811025
811026
811027
811029
811032
811034
811035
811036
811037
811039
811042
811043
811045
811046
811047
811049
811052
811053
811054
811056
811057
811059
811062
811063
811064
811065
811067
811069
811072
811073
811074
811075
811076
811079
811092
811093
811094
811095
811096
811097
82134
82135
82136
82137
82139
821310
82143
82145
82146
82147
82149
821410
82153
82154
82156
82157
82159
821510
82163
82164
82165
82167
82169
821610
82173
82174
82175
82176
82179
821710
82193
82194
82195
82196
82197
821910
821103
821104
821105
821106
821107
821109
82314
82315
82316
82317
82319
823110
82341
82345
82346
82347
82349
823410
82351
82354
82356
82357
82359
823510
82361
82364
82365
82367
82369
823610
82371
82374
82375
82376
82379
823710
82391
82394
82395
82396
82397
823910
823101
823104
823105
823106
823107
823109
82413
82415
82416
82417
82419
824110
82431
82435
82436
82437
82439
824310
82451
82453
82456
82457
82459
824510
82461
82463
82465
82467
82469
824610
82471
82473
82475
82476
82479
824710
82491
82493
82495
82496
82497
824910
824101
824103
824105
824106
824107
824109
82513
82514
82516
82517
82519
825110
82531
82534
82536
82537
82539
825310
82541
82543
82546
82547
82549
825410
82561
82563
82564
82567
82569
825610
82571
82573
82574
82576
82579
825710
82591
82593
82594
82596
82597
825910
825101
825103
825104
825106
825107
825109
82613
82614
82615
82617
82619
826110
82631
82634
82635
82637
82639
826310
82641
82643
82645
82647
82649
826410
82651
82653
82654
82657
82659
826510
82671
82673
82674
82675
82679
826710
82691
82693
82694
82695
82697
826910
826101
826103
826104
826105
826107
826109
82713
82714
82715
82716
82719
827110
82731
82734
82735
82736
82739
827310
82741
82743
82745
82746
82749
827410
82751
82753
82754
82756
82759
827510
82761
82763
82764
82765
82769
827610
82791
82793
82794
82795
82796
827910
827101
827103
827104
827105
827106
827109
82913
82914
82915
82916
82917
829110
82931
82934
82935
82936
82937
829310
82941
82943
82945
82946
82947
829410
82951
82953
82954
82956
82957
829510
82961
82963
82964
82965
82967
829610
82971
82973
82974
82975
82976
829710
829101
829103
829104
829105
829106
829107
821013
821014
821015
821016
821017
821019
821031
821034
821035
821036
821037
821039
821041
821043
821045
821046
821047
821049
821051
821053
821054
821056
821057
821059
821061
821063
821064
821065
821067
821069
821071
821073
821074
821075
821076
821079
821091
821093
821094
821095
821096
821097
83124
83125
83126
83127
83129
831210
83142
83145
83146
83147
83149
831410
83152
83154
83156
83157
83159
831510
83162
83164
83165
83167
83169
831610
83172
83174
83175
83176
83179
831710
83192
83194
83195
83196
83197
831910
831102
831104
831105
831106
831107
831109
83214
83215
83216
83217
83219
832110
83241
83245
83246
83247
83249
832410
83251
83254
83256
83257
83259
832510
83261
83264
83265
83267
83269
832610
83271
83274
83275
83276
83279
832710
83291
83294
83295
83296
83297
832910
832101
832104
832105
832106
832107
832109
83412
83415
83416
83417
83419
834110
83421
83425
83426
83427
83429
834210
83451
83452
83456
83457
83459
834510
83461
83462
83465
83467
83469
834610
83471
83472
83475
83476
83479
834710
83491
83492
83495
83496
83497
834910
834101
834102
834105
834106
834107
834109
83512
83514
83516
83517
83519
835110
83521
83524
83526
83527
83529
835210
83541
83542
83546
83547
83549
835410
83561
83562
83564
83567
83569
835610
83571
83572
83574
83576
83579
835710
83591
83592
83594
83596
83597
835910
835101
835102
835104
835106
835107
835109
83612
83614
83615
83617
83619
836110
83621
83624
83625
83627
83629
836210
83641
83642
83645
83647
83649
836410
83651
83652
83654
83657
83659
836510
83671
83672
83674
83675
83679
836710
83691
83692
83694
83695
83697
836910
836101
836102
836104
836105
836107
836109
83712
83714
83715
83716
83719
837110
83721
83724
83725
83726
83729
837210
83741
83742
83745
83746
83749
837410
83751
83752
83754
83756
83759
837510
83761
83762
83764
83765
83769
837610
83791
83792
83794
83795
83796
837910
837101
837102
837104
837105
837106
837109
83912
83914
83915
83916
83917
839110
83921
83924
83925
83926
83927
839210
83941
83942
83945
83946
83947
839410
83951
83952
83954
83956
83957
839510
83961
83962
83964
83965
83967
839610
83971
83972
83974
83975
83976
839710
839101
839102
839104
839105
839106
839107
831012
831014
831015
831016
831017
831019
831021
831024
831025
831026
831027
831029
831041
831042
831045
831046
831047
831049
831051
831052
831054
831056
831057
831059
831061
831062
831064
831065
831067
831069
831071
831072
831074
831075
831076
831079
831091
831092
831094
831095
831096
831097
84123
84125
84126
84127
84129
841210
84132
84135
84136
84137
84139
841310
84152
84153
84156
84157
84159
841510
84162
84163
84165
84167
84169
841610
84172
84173
84175
84176
84179
841710
84192
84193
84195
84196
84197
841910
841102
841103
841105
841106
841107
841109
84213
84215
84216
84217
84219
842110
84231
84235
84236
84237
84239
842310
84251
84253
84256
84257
84259
842510
84261
84263
84265
84267
84269
842610
84271
84273
84275
84276
84279
842710
84291
84293
84295
84296
84297
842910
842101
842103
842105
842106
842107
842109
84312
84315
84316
84317
84319
843110
84321
84325
84326
84327
84329
843210
84351
84352
84356
84357
84359
843510
84361
84362
84365
84367
84369
843610
84371
84372
84375
84376
84379
843710
84391
84392
84395
84396
84397
843910
843101
843102
843105
843106
843107
843109
84512
84513
84516
84517
84519
845110
84521
84523
84526
84527
84529
845210
84531
84532
84536
84537
84539
845310
84561
84562
84563
84567
84569
845610
84571
84572
84573
84576
84579
845710
84591
84592
84593
84596
84597
845910
845101
845102
845103
845106
845107
845109
84612
84613
84615
84617
84619
846110
84621
84623
84625
84627
84629
846210
84631
84632
84635
84637
84639
846310
84651
84652
84653
84657
84659
846510
84671
84672
84673
84675
84679
846710
84691
84692
84693
84695
84697
846910
846101
846102
846103
846105
846107
846109
84712
84713
84715
84716
84719
847110
84721
84723
84725
84726
84729
847210
84731
84732
84735
84736
84739
847310
84751
84752
84753
84756
84759
847510
84761
84762
84763
84765
84769
847610
84791
84792
84793
84795
84796
847910
847101
847102
847103
847105
847106
847109
84912
84913
84915
84916
84917
849110
84921
84923
84925
84926
84927
849210
84931
84932
84935
84936
84937
849310
84951
84952
84953
84956
84957
849510
84961
84962
84963
84965
84967
849610
84971
84972
84973
84975
84976
849710
849101
849102
849103
849105
849106
849107
841012
841013
841015
841016
841017
841019
841021
841023
841025
841026
841027
841029
841031
841032
841035
841036
841037
841039
841051
841052
841053
841056
841057
841059
841061
841062
841063
841065
841067
841069
841071
841072
841073
841075
841076
841079
841091
841092
841093
841095
841096
841097
85123
85124
85126
85127
85129
851210
85132
85134
85136
85137
85139
851310
85142
85143
85146
85147
85149
851410
85162
85163
85164
85167
85169
851610
85172
85173
85174
85176
85179
851710
85192
85193
85194
85196
85197
851910
851102
851103
851104
851106
851107
851109
85213
85214
85216
85217
85219
852110
85231
85234
85236
85237
85239
852310
85241
85243
85246
85247
85249
852410
85261
85263
85264
85267
85269
852610
85271
85273
85274
85276
85279
852710
85291
85293
85294
85296
85297
852910
852101
852103
852104
852106
852107
852109
85312
85314
85316
85317
85319
853110
85321
85324
85326
85327
85329
853210
85341
85342
85346
85347
85349
853410
85361
85362
85364
85367
85369
853610
85371
85372
85374
85376
85379
853710
85391
85392
85394
85396
85397
853910
853101
853102
853104
853106
853107
853109
85412
85413
85416
85417
85419
854110
85421
85423
85426
85427
85429
854210
85431
85432
85436
85437
85439
854310
85461
85462
85463
85467
85469
854610
85471
85472
85473
85476
85479
854710
85491
85492
85493
85496
85497
854910
854101
854102
854103
854106
854107
854109
85612
85613
85614
85617
85619
856110
85621
85623
85624
85627
85629
856210
85631
85632
85634
85637
85639
856310
85641
85642
85643
85647
85649
856410
85671
85672
85673
85674
85679
856710
85691
85692
85693
85694
85697
856910
856101
856102
856103
856104
856107
856109
85712
85713
85714
85716
85719
857110
85721
85723
85724
85726
85729
857210
85731
85732
85734
85736
85739
857310
85741
85742
85743
85746
85749
857410
85761
85762
85763
85764
85769
857610
85791
85792
85793
85794
85796
857910
857101
857102
857103
857104
857106
857109
85912
85913
85914
85916
85917
859110
85921
85923
85924
85926
85927
859210
85931
85932
85934
85936
85937
859310
85941
85942
85943
85946
85947
859410
85961
85962
85963
85964
85967
859610
85971
85972
85973
85974
85976
859710
859101
859102
859103
859104
859106
859107
851012
851013
851014
851016
851017
851019
851021
851023
851024
851026
851027
851029
851031
851032
851034
851036
851037
851039
851041
851042
851043
851046
851047
851049
851061
851062
851063
851064
851067
851069
851071
851072
851073
851074
851076
851079
851091
851092
851093
851094
851096
851097
86123
86124
86125
86127
86129
861210
86132
86134
86135
86137
86139
861310
86142
86143
86145
86147
86149
861410
86152
86153
86154
86157
86159
861510
86172
86173
86174
86175
86179
861710
86192
86193
86194
86195
86197
861910
861102
861103
861104
861105
861107
861109
86213
86214
86215
86217
86219
862110
86231
86234
86235
86237
86239
862310
86241
86243
86245
86247
86249
862410
86251
86253
86254
86257
86259
862510
86271
86273
86274
86275
86279
862710
86291
86293
86294
86295
86297
862910
862101
862103
862104
862105
862107
862109
86312
86314
86315
86317
86319
863110
86321
86324
86325
86327
86329
863210
86341
86342
86345
86347
86349
863410
86351
86352
86354
86357
86359
863510
86371
86372
86374
86375
86379
863710
86391
86392
86394
86395
86397
863910
863101
863102
863104
863105
863107
863109
86412
86413
86415
86417
86419
864110
86421
86423
86425
86427
86429
864210
86431
86432
86435
86437
86439
864310
86451
86452
86453
86457
86459
864510
86471
86472
86473
86475
86479
864710
86491
86492
86493
86495
86497
864910
864101
864102
864103
864105
864107
864109
86512
86513
86514
86517
86519
865110
86521
86523
86524
86527
86529
865210
86531
86532
86534
86537
86539
865310
86541
86542
86543
86547
86549
865410
86571
86572
86573
86574
86579
865710
86591
86592
86593
86594
86597
865910
865101
865102
865103
865104
865107
865109
86712
86713
86714
86715
86719
867110
86721
86723
86724
86725
86729
867210
86731
86732
86734
86735
86739
867310
86741
86742
86743
86745
86749
867410
86751
86752
86753
86754
86759
867510
86791
86792
86793
86794
86795
867910
867101
867102
867103
867104
867105
867109
86912
86913
86914
86915
86917
869110
86921
86923
86924
86925
86927
869210
86931
86932
86934
86935
86937
869310
86941
86942
86943
86945
86947
869410
86951
86952
86953
86954
86957
869510
86971
86972
86973
86974
86975
869710
869101
869102
869103
869104
869105
869107
861012
861013
861014
861015
861017
861019
861021
861023
861024
861025
861027
861029
861031
861032
861034
861035
861037
861039
861041
861042
861043
861045
861047
861049
861051
861052
861053
861054
861057
861059
861071
861072
861073
861074
861075
861079
861091
861092
861093
861094
861095
861097
87123
87124
87125
87126
87129
871210
87132
87134
87135
87136
87139
871310
87142
87143
87145
87146
87149
871410
87152
87153
87154
87156
87159
871510
87162
87163
87164
87165
87169
871610
87192
87193
87194
87195
87196
871910
871102
871103
871104
871105
871106
871109
87213
87214
87215
87216
87219
872110
87231
87234
87235
87236
87239
872310
87241
87243
87245
87246
87249
872410
87251
87253
87254
87256
87259
872510
87261
87263
87264
87265
87269
872610
87291
87293
87294
87295
87296
872910
872101
872103
872104
872105
872106
872109
87312
87314
87315
87316
87319
873110
87321
87324
87325
87326
87329
873210
87341
87342
87345
87346
87349
873410
87351
87352
87354
87356
87359
873510
87361
87362
87364
87365
87369
873610
87391
87392
87394
87395
87396
873910
873101
873102
873104
873105
873106
873109
87412
87413
87415
87416
87419
874110
87421
87423
87425
87426
87429
874210
87431
87432
87435
87436
87439
874310
87451
87452
87453
87456
87459
874510
87461
87462
87463
87465
87469
874610
87491
87492
87493
87495
87496
874910
874101
874102
874103
874105
874106
874109
87512
87513
87514
87516
87519
875110
87521
87523
87524
87526
87529
875210
87531
87532
87534
87536
87539
875310
87541
87542
87543
87546
87549
875410
87561
87562
87563
87564
87569
875610
87591
87592
87593
87594
87596
875910
875101
875102
875103
875104
875106
875109
87612
87613
87614
87615
87619
876110
87621
87623
87624
87625
87629
876210
87631
87632
87634
87635
87639
876310
87641
87642
87643
87645
87649
876410
87651
87652
87653
87654
87659
876510
87691
87692
87693
87694
87695
876910
876101
876102
876103
876104
876105
876109
87912
87913
87914
87915
87916
879110
87921
87923
87924
87925
87926
879210
87931
87932
87934
87935
87936
879310
87941
87942
87943
87945
87946
879410
87951
87952
87953
87954
87956
879510
87961
87962
87963
87964
87965
879610
879101
879102
879103
879104
879105
879106
871012
871013
871014
871015
871016
871019
871021
871023
871024
871025
871026
871029
871031
871032
871034
871035
871036
871039
871041
871042
871043
871045
871046
871049
871051
871052
871053
871054
871056
871059
871061
871062
871063
871064
871065
871069
871091
871092
871093
871094
871095
871096
89123
89124
89125
89126
89127
891210
89132
89134
89135
89136
89137
891310
89142
89143
89145
89146
89147
891410
89152
89153
89154
89156
89157
891510
89162
89163
89164
89165
89167
891610
89172
89173
89174
89175
89176
891710
891102
891103
891104
891105
891106
891107
89213
89214
89215
89216
89217
892110
89231
89234
89235
89236
89237
892310
89241
89243
89245
89246
89247
892410
89251
89253
89254
89256
89257
892510
89261
89263
89264
89265
89267
892610
89271
89273
89274
89275
89276
892710
892101
892103
892104
892105
892106
892107
89312
89314
89315
89316
89317
893110
89321
89324
89325
89326
89327
893210
89341
89342
89345
89346
89347
893410
89351
89352
89354
89356
89357
893510
89361
89362
89364
89365
89367
893610
89371
89372
89374
89375
89376
893710
893101
893102
893104
893105
893106
893107
89412
89413
89415
89416
89417
894110
89421
89423
89425
89426
89427
894210
89431
89432
89435
89436
89437
894310
89451
89452
89453
89456
89457
894510
89461
89462
89463
89465
89467
894610
89471
89472
89473
89475
89476
894710
894101
894102
894103
894105
894106
894107
89512
89513
89514
89516
89517
895110
89521
89523
89524
89526
89527
895210
89531
89532
89534
89536
89537
895310
89541
89542
89543
89546
89547
895410
89561
89562
89563
89564
89567
895610
89571
89572
89573
89574
89576
895710
895101
895102
895103
895104
895106
895107
89612
89613
89614
89615
89617
896110
89621
89623
89624
89625
89627
896210
89631
89632
89634
89635
89637
896310
89641
89642
89643
89645
89647
896410
89651
89652
89653
89654
89657
896510
89671
89672
89673
89674
89675
896710
896101
896102
896103
896104
896105
896107
89712
89713
89714
89715
89716
897110
89721
89723
89724
89725
89726
897210
89731
89732
89734
89735
89736
897310
89741
89742
89743
89745
89746
897410
89751
89752
89753
89754
89756
897510
89761
89762
89763
89764
89765
897610
897101
897102
897103
897104
897105
897106
891012
891013
891014
891015
891016
891017
891021
891023
891024
891025
891026
891027
891031
891032
891034
891035
891036
891037
891041
891042
891043
891045
891046
891047
891051
891052
891053
891054
891056
891057
891061
891062
891063
891064
891065
891067
891071
891072
891073
891074
891075
891076
810123
810124
810125
810126
810127
810129
810132
810134
810135
810136
810137
810139
810142
810143
810145
810146
810147
810149
810152
810153
810154
810156
810157
810159
810162
810163
810164
810165
810167
810169
810172
810173
810174
810175
810176
810179
810192
810193
810194
810195
810196
810197
810213
810214
810215
810216
810217
810219
810231
810234
810235
810236
810237
810239
810241
810243
810245
810246
810247
810249
810251
810253
810254
810256
810257
810259
810261
810263
810264
810265
810267
810269
810271
810273
810274
810275
810276
810279
810291
810293
810294
810295
810296
810297
810312
810314
810315
810316
810317
810319
810321
810324
810325
810326
810327
810329
810341
810342
810345
810346
810347
810349
810351
810352
810354
810356
810357
810359
810361
810362
810364
810365
810367
810369
810371
810372
810374
810375
810376
810379
810391
810392
810394
810395
810396
810397
810412
810413
810415
810416
810417
810419
810421
810423
810425
810426
810427
810429
810431
810432
810435
810436
810437
810439
810451
810452
810453
810456
810457
810459
810461
810462
810463
810465
810467
810469
810471
810472
810473
810475
810476
810479
810491
810492
810493
810495
810496
810497
810512
810513
810514
810516
810517
810519
810521
810523
810524
810526
810527
810529
810531
810532
810534
810536
810537
810539
810541
810542
810543
810546
810547
810549
810561
810562
810563
810564
810567
810569
810571
810572
810573
810574
810576
810579
810591
810592
810593
810594
810596
810597
810612
810613
810614
810615
810617
810619
810621
810623
810624
810625
810627
810629
810631
810632
810634
810635
810637
810639
810641
810642
810643
810645
810647
810649
810651
810652
810653
810654
810657
810659
810671
810672
810673
810674
810675
810679
810691
810692
810693
810694
810695
810697
810712
810713
810714
810715
810716
810719
810721
810723
810724
810725
810726
810729
810731
810732
810734
810735
810736
810739
810741
810742
810743
810745
810746
810749
810751
810752
810753
810754
810756
810759
810761
810762
810763
810764
810765
810769
810791
810792
810793
810794
810795
810796
810912
810913
810914
810915
810916
810917
810921
810923
810924
810925
810926
810927
810931
810932
810934
810935
810936
810937
810941
810942
810943
810945
810946
810947
810951
810952
810953
810954
810956
810957
810961
810962
810963
810964
810965
810967
810971
810972
810973
810974
810975
810976
91234
91235
91236
91237
91238
912310
91243
91245
91246
91247
91248
912410
91253
91254
91256
91257
91258
912510
91263
91264
91265
91267
91268
912610
91273
91274
91275
91276
91278
912710
91283
91284
91285
91286
91287
912810
912103
912104
912105
912106
912107
912108
91324
91325
91326
91327
91328
913210
91342
91345
91346
91347
91348
913410
91352
91354
91356
91357
91358
913510
91362
91364
91365
91367
91368
913610
91372
91374
91375
91376
91378
913710
91382
91384
91385
91386
91387
913810
913102
913104
913105
913106
913107
913108
91423
91425
91426
91427
91428
914210
91432
91435
91436
91437
91438
914310
91452
91453
91456
91457
91458
914510
91462
91463
91465
91467
91468
914610
91472
91473
91475
91476
91478
914710
91482
91483
91485
91486
91487
914810
914102
914103
914105
914106
914107
914108
91523
91524
91526
91527
91528
915210
91532
91534
91536
91537
91538
915310
91542
91543
91546
91547
91548
915410
91562
91563
91564
91567
91568
915610
91572
91573
91574
91576
91578
915710
91582
91583
91584
91586
91587
915810
915102
915103
915104
915106
915107
915108
91623
91624
91625
91627
91628
916210
91632
91634
91635
91637
91638
916310
91642
91643
91645
91647
91648
916410
91652
91653
91654
91657
91658
916510
91672
91673
91674
91675
91678
916710
91682
91683
91684
91685
91687
916810
916102
916103
916104
916105
916107
916108
91723
91724
91725
91726
91728
917210
91732
91734
91735
91736
91738
917310
91742
91743
91745
91746
91748
917410
91752
91753
91754
91756
91758
917510
91762
91763
91764
91765
91768
917610
91782
91783
91784
91785
91786
917810
917102
917103
917104
917105
917106
917108
91823
91824
91825
91826
91827
918210
91832
91834
91835
91836
91837
918310
91842
91843
91845
91846
91847
918410
91852
91853
91854
91856
91857
918510
91862
91863
91864
91865
91867
918610
91872
91873
91874
91875
91876
918710
918102
918103
918104
918105
918106
918107
911023
911024
911025
911026
911027
911028
911032
911034
911035
911036
911037
911038
911042
911043
911045
911046
911047
911048
911052
911053
911054
911056
911057
911058
911062
911063
911064
911065
911067
911068
911072
911073
911074
911075
911076
911078
911082
911083
911084
911085
911086
911087
92134
92135
92136
92137
92138
921310
92143
92145
92146
92147
92148
921410
92153
92154
92156
92157
92158
921510
92163
92164
92165
92167
92168
921610
92173
92174
92175
92176
92178
921710
92183
92184
92185
92186
92187
921810
921103
921104
921105
921106
921107
921108
92314
92315
92316
92317
92318
923110
92341
92345
92346
92347
92348
923410
92351
92354
92356
92357
92358
923510
92361
92364
92365
92367
92368
923610
92371
92374
92375
92376
92378
923710
92381
92384
92385
92386
92387
923810
923101
923104
923105
923106
923107
923108
92413
92415
92416
92417
92418
924110
92431
92435
92436
92437
92438
924310
92451
92453
92456
92457
92458
924510
92461
92463
92465
92467
92468
924610
92471
92473
92475
92476
92478
924710
92481
92483
92485
92486
92487
924810
924101
924103
924105
924106
924107
924108
92513
92514
92516
92517
92518
925110
92531
92534
92536
92537
92538
925310
92541
92543
92546
92547
92548
925410
92561
92563
92564
92567
92568
925610
92571
92573
92574
92576
92578
925710
92581
92583
92584
92586
92587
925810
925101
925103
925104
925106
925107
925108
92613
92614
92615
92617
92618
926110
92631
92634
92635
92637
92638
926310
92641
92643
92645
92647
92648
926410
92651
92653
92654
92657
92658
926510
92671
92673
92674
92675
92678
926710
92681
92683
92684
92685
92687
926810
926101
926103
926104
926105
926107
926108
92713
92714
92715
92716
92718
927110
92731
92734
92735
92736
92738
927310
92741
92743
92745
92746
92748
927410
92751
92753
92754
92756
92758
927510
92761
92763
92764
92765
92768
927610
92781
92783
92784
92785
92786
927810
927101
927103
927104
927105
927106
927108
92813
92814
92815
92816
92817
928110
92831
92834
92835
92836
92837
928310
92841
92843
92845
92846
92847
928410
92851
92853
92854
92856
92857
928510
92861
92863
92864
92865
92867
928610
92871
92873
92874
92875
92876
928710
928101
928103
928104
928105
928106
928107
921013
921014
921015
921016
921017
921018
921031
921034
921035
921036
921037
921038
921041
921043
921045
921046
921047
921048
921051
921053
921054
921056
921057
921058
921061
921063
921064
921065
921067
921068
921071
921073
921074
921075
921076
921078
921081
921083
921084
921085
921086
921087
93124
93125
93126
93127
93128
931210
93142
93145
93146
93147
93148
931410
93152
93154
93156
93157
93158
931510
93162
93164
93165
93167
93168
931610
93172
93174
93175
93176
93178
931710
93182
93184
93185
93186
93187
931810
931102
931104
931105
931106
931107
931108
93214
93215
93216
93217
93218
932110
93241
93245
93246
93247
93248
932410
93251
93254
93256
93257
93258
932510
93261
93264
93265
93267
93268
932610
93271
93274
93275
93276
93278
932710
93281
93284
93285
93286
93287
932810
932101
932104
932105
932106
932107
932108
93412
93415
93416
93417
93418
934110
93421
93425
93426
93427
93428
934210
93451
93452
93456
93457
93458
934510
93461
93462
93465
93467
93468
934610
93471
93472
93475
93476
93478
934710
93481
93482
93485
93486
93487
934810
934101
934102
934105
934106
934107
934108
93512
93514
93516
93517
93518
935110
93521
93524
93526
93527
93528
935210
93541
93542
93546
93547
93548
935410
93561
93562
93564
93567
93568
935610
93571
93572
93574
93576
93578
935710
93581
93582
93584
93586
93587
935810
935101
935102
935104
935106
935107
935108
93612
93614
93615
93617
93618
936110
93621
93624
93625
93627
93628
936210
93641
93642
93645
93647
93648
936410
93651
93652
93654
93657
93658
936510
93671
93672
93674
93675
93678
936710
93681
93682
93684
93685
93687
936810
936101
936102
936104
936105
936107
936108
93712
93714
93715
93716
93718
937110
93721
93724
93725
93726
93728
937210
93741
93742
93745
93746
93748
937410
93751
93752
93754
93756
93758
937510
93761
93762
93764
93765
93768
937610
93781
93782
93784
93785
93786
937810
937101
937102
937104
937105
937106
937108
93812
93814
93815
93816
93817
938110
93821
93824
93825
93826
93827
938210
93841
93842
93845
93846
93847
938410
93851
93852
93854
93856
93857
938510
93861
93862
93864
93865
93867
938610
93871
93872
93874
93875
93876
938710
938101
938102
938104
938105
938106
938107
931012
931014
931015
931016
931017
931018
931021
931024
931025
931026
931027
931028
931041
931042
931045
931046
931047
931048
931051
931052
931054
931056
931057
931058
931061
931062
931064
931065
931067
931068
931071
931072
931074
931075
931076
931078
931081
931082
931084
931085
931086
931087
94123
94125
94126
94127
94128
941210
94132
94135
94136
94137
94138
941310
94152
94153
94156
94157
94158
941510
94162
94163
94165
94167
94168
941610
94172
94173
94175
94176
94178
941710
94182
94183
94185
94186
94187
941810
941102
941103
941105
941106
941107
941108
94213
94215
94216
94217
94218
942110
94231
94235
94236
94237
94238
942310
94251
94253
94256
94257
94258
942510
94261
94263
94265
94267
94268
942610
94271
94273
94275
94276
94278
942710
94281
94283
94285
94286
94287
942810
942101
942103
942105
942106
942107
942108
94312
94315
94316
94317
94318
943110
94321
94325
94326
94327
94328
943210
94351
94352
94356
94357
94358
943510
94361
94362
94365
94367
94368
943610
94371
94372
94375
94376
94378
943710
94381
94382
94385
94386
94387
943810
943101
943102
943105
943106
943107
943108
94512
94513
94516
94517
94518
945110
94521
94523
94526
94527
94528
945210
94531
94532
94536
94537
94538
945310
94561
94562
94563
94567
94568
945610
94571
94572
94573
94576
94578
945710
94581
94582
94583
94586
94587
945810
945101
945102
945103
945106
945107
945108
94612
94613
94615
94617
94618
946110
94621
94623
94625
94627
94628
946210
94631
94632
94635
94637
94638
946310
94651
94652
94653
94657
94658
946510
94671
94672
94673
94675
94678
946710
94681
94682
94683
94685
94687
946810
946101
946102
946103
946105
946107
946108
94712
94713
94715
94716
94718
947110
94721
94723
94725
94726
94728
947210
94731
94732
94735
94736
94738
947310
94751
94752
94753
94756
94758
947510
94761
94762
94763
94765
94768
947610
94781
94782
94783
94785
94786
947810
947101
947102
947103
947105
947106
947108
94812
94813
94815
94816
94817
948110
94821
94823
94825
94826
94827
948210
94831
94832
94835
94836
94837
948310
94851
94852
94853
94856
94857
948510
94861
94862
94863
94865
94867
948610
94871
94872
94873
94875
94876
948710
948101
948102
948103
948105
948106
948107
941012
941013
941015
941016
941017
941018
941021
941023
941025
941026
941027
941028
941031
941032
941035
941036
941037
941038
941051
941052
941053
941056
941057
941058
941061
941062
941063
941065
941067
941068
941071
941072
941073
941075
941076
941078
941081
941082
941083
941085
941086
941087
95123
95124
95126
95127
95128
951210
95132
95134
95136
95137
95138
951310
95142
95143
95146
95147
95148
951410
95162
95163
95164
95167
95168
951610
95172
95173
95174
95176
95178
951710
95182
95183
95184
95186
95187
951810
951102
951103
951104
951106
951107
951108
95213
95214
95216
95217
95218
952110
95231
95234
95236
95237
95238
952310
95241
95243
95246
95247
95248
952410
95261
95263
95264
95267
95268
952610
95271
95273
95274
95276
95278
952710
95281
95283
95284
95286
95287
952810
952101
952103
952104
952106
952107
952108
95312
95314
95316
95317
95318
953110
95321
95324
95326
95327
95328
953210
95341
95342
95346
95347
95348
953410
95361
95362
95364
95367
95368
953610
95371
95372
95374
95376
95378
953710
95381
95382
95384
95386
95387
953810
953101
953102
953104
953106
953107
953108
95412
95413
95416
95417
95418
954110
95421
95423
95426
95427
95428
954210
95431
95432
95436
95437
95438
954310
95461
95462
95463
95467
95468
954610
95471
95472
95473
95476
95478
954710
95481
95482
95483
95486
95487
954810
954101
954102
954103
954106
954107
954108
95612
95613
95614
95617
95618
956110
95621
95623
95624
95627
95628
956210
95631
95632
95634
95637
95638
956310
95641
95642
95643
95647
95648
956410
95671
95672
95673
95674
95678
956710
95681
95682
95683
95684
95687
956810
956101
956102
956103
956104
956107
956108
95712
95713
95714
95716
95718
957110
95721
95723
95724
95726
95728
957210
95731
95732
95734
95736
95738
957310
95741
95742
95743
95746
95748
957410
95761
95762
95763
95764
95768
957610
95781
95782
95783
95784
95786
957810
957101
957102
957103
957104
957106
957108
95812
95813
95814
95816
95817
958110
95821
95823
95824
95826
95827
958210
95831
95832
95834
95836
95837
958310
95841
95842
95843
95846
95847
958410
95861
95862
95863
95864
95867
958610
95871
95872
95873
95874
95876
958710
958101
958102
958103
958104
958106
958107
951012
951013
951014
951016
951017
951018
951021
951023
951024
951026
951027
951028
951031
951032
951034
951036
951037
951038
951041
951042
951043
951046
951047
951048
951061
951062
951063
951064
951067
951068
951071
951072
951073
951074
951076
951078
951081
951082
951083
951084
951086
951087
96123
96124
96125
96127
96128
961210
96132
96134
96135
96137
96138
961310
96142
96143
96145
96147
96148
961410
96152
96153
96154
96157
96158
961510
96172
96173
96174
96175
96178
961710
96182
96183
96184
96185
96187
961810
961102
961103
961104
961105
961107
961108
96213
96214
96215
96217
96218
962110
96231
96234
96235
96237
96238
962310
96241
96243
96245
96247
96248
962410
96251
96253
96254
96257
96258
962510
96271
96273
96274
96275
96278
962710
96281
96283
96284
96285
96287
962810
962101
962103
962104
962105
962107
962108
96312
96314
96315
96317
96318
963110
96321
96324
96325
96327
96328
963210
96341
96342
96345
96347
96348
963410
96351
96352
96354
96357
96358
963510
96371
96372
96374
96375
96378
963710
96381
96382
96384
96385
96387
963810
963101
963102
963104
963105
963107
963108
96412
96413
96415
96417
96418
964110
96421
96423
96425
96427
96428
964210
96431
96432
96435
96437
96438
964310
96451
96452
96453
96457
96458
964510
96471
96472
96473
96475
96478
964710
96481
96482
96483
96485
96487
964810
964101
964102
964103
964105
964107
964108
96512
96513
96514
96517
96518
965110
96521
96523
96524
96527
96528
965210
96531
96532
96534
96537
96538
965310
96541
96542
96543
96547
96548
965410
96571
96572
96573
96574
96578
965710
96581
96582
96583
96584
96587
965810
965101
965102
965103
965104
965107
965108
96712
96713
96714
96715
96718
967110
96721
96723
96724
96725
96728
967210
96731
96732
96734
96735
96738
967310
96741
96742
96743
96745
96748
967410
96751
96752
96753
96754
96758
967510
96781
96782
96783
96784
96785
967810
967101
967102
967103
967104
967105
967108
96812
96813
96814
96815
96817
968110
96821
96823
96824
96825
96827
968210
96831
96832
96834
96835
96837
968310
96841
96842
96843
96845
96847
968410
96851
96852
96853
96854
96857
968510
96871
96872
96873
96874
96875
968710
968101
968102
968103
968104
968105
968107
961012
961013
961014
961015
961017
961018
961021
961023
961024
961025
961027
961028
961031
961032
961034
961035
961037
961038
961041
961042
961043
961045
961047
961048
961051
961052
961053
961054
961057
961058
961071
961072
961073
961074
961075
961078
961081
961082
961083
961084
961085
961087
97123
97124
97125
97126
97128
971210
97132
97134
97135
97136
97138
971310
97142
97143
97145
97146
97148
971410
97152
97153
97154
97156
97158
971510
97162
97163
97164
97165
97168
971610
97182
97183
97184
97185
97186
971810
971102
971103
971104
971105
971106
971108
97213
97214
97215
97216
97218
972110
97231
97234
97235
97236
97238
972310
97241
97243
97245
97246
97248
972410
97251
97253
97254
97256
97258
972510
97261
97263
97264
97265
97268
972610
97281
97283
97284
97285
97286
972810
972101
972103
972104
972105
972106
972108
97312
97314
97315
97316
97318
973110
97321
97324
97325
97326
97328
973210
97341
97342
97345
97346
97348
973410
97351
97352
97354
97356
97358
973510
97361
97362
97364
97365
97368
973610
97381
97382
97384
97385
97386
973810
973101
973102
973104
973105
973106
973108
97412
97413
97415
97416
97418
974110
97421
97423
97425
97426
97428
974210
97431
97432
97435
97436
97438
974310
97451
97452
97453
97456
97458
974510
97461
97462
97463
97465
97468
974610
97481
97482
97483
97485
97486
974810
974101
974102
974103
974105
974106
974108
97512
97513
97514
97516
97518
975110
97521
97523
97524
97526
97528
975210
97531
97532
97534
97536
97538
975310
97541
97542
97543
97546
97548
975410
97561
97562
97563
97564
97568
975610
97581
97582
97583
97584
97586
975810
975101
975102
975103
975104
975106
975108
97612
97613
97614
97615
97618
976110
97621
97623
97624
97625
97628
976210
97631
97632
97634
97635
97638
976310
97641
97642
97643
97645
97648
976410
97651
97652
97653
97654
97658
976510
97681
97682
97683
97684
97685
976810
976101
976102
976103
976104
976105
976108
97812
97813
97814
97815
97816
978110
97821
97823
97824
97825
97826
978210
97831
97832
97834
97835
97836
978310
97841
97842
97843
97845
97846
978410
97851
97852
97853
97854
97856
978510
97861
97862
97863
97864
97865
978610
978101
978102
978103
978104
978105
978106
971012
971013
971014
971015
971016
971018
971021
971023
971024
971025
971026
971028
971031
971032
971034
971035
971036
971038
971041
971042
971043
971045
971046
971048
971051
971052
971053
971054
971056
971058
971061
971062
971063
971064
971065
971068
971081
971082
971083
971084
971085
971086
98123
98124
98125
98126
98127
981210
98132
98134
98135
98136
98137
981310
98142
98143
98145
98146
98147
981410
98152
98153
98154
98156
98157
981510
98162
98163
98164
98165
98167
981610
98172
98173
98174
98175
98176
981710
981102
981103
981104
981105
981106
981107
98213
98214
98215
98216
98217
982110
98231
98234
98235
98236
98237
982310
98241
98243
98245
98246
98247
982410
98251
98253
98254
98256
98257
982510
98261
98263
98264
98265
98267
982610
98271
98273
98274
98275
98276
982710
982101
982103
982104
982105
982106
982107
98312
98314
98315
98316
98317
983110
98321
98324
98325
98326
98327
983210
98341
98342
98345
98346
98347
983410
98351
98352
98354
98356
98357
983510
98361
98362
98364
98365
98367
983610
98371
98372
98374
98375
98376
983710
983101
983102
983104
983105
983106
983107
98412
98413
98415
98416
98417
984110
98421
98423
98425
98426
98427
984210
98431
98432
98435
98436
98437
984310
98451
98452
98453
98456
98457
984510
98461
98462
98463
98465
98467
984610
98471
98472
98473
98475
98476
984710
984101
984102
984103
984105
984106
984107
98512
98513
98514
98516
98517
985110
98521
98523
98524
98526
98527
985210
98531
98532
98534
98536
98537
985310
98541
98542
98543
98546
98547
985410
98561
98562
98563
98564
98567
985610
98571
98572
98573
98574
98576
985710
985101
985102
985103
985104
985106
985107
98612
98613
98614
98615
98617
986110
98621
98623
98624
98625
98627
986210
98631
98632
98634
98635
98637
986310
98641
98642
98643
98645
98647
986410
98651
98652
98653
98654
98657
986510
98671
98672
98673
98674
98675
986710
986101
986102
986103
986104
986105
986107
98712
98713
98714
98715
98716
987110
98721
98723
98724
98725
98726
987210
98731
98732
98734
98735
98736
987310
98741
98742
98743
98745
98746
987410
98751
98752
98753
98754
98756
987510
98761
98762
98763
98764
98765
987610
987101
987102
987103
987104
987105
987106
981012
981013
981014
981015
981016
981017
981021
981023
981024
981025
981026
981027
981031
981032
981034
981035
981036
981037
981041
981042
981043
981045
981046
981047
981051
981052
981053
981054
981056
981057
981061
981062
981063
981064
981065
981067
981071
981072
981073
981074
981075
981076
910123
910124
910125
910126
910127
910128
910132
910134
910135
910136
910137
910138
910142
910143
910145
910146
910147
910148
910152
910153
910154
910156
910157
910158
910162
910163
910164
910165
910167
910168
910172
910173
910174
910175
910176
910178
910182
910183
910184
910185
910186
910187
910213
910214
910215
910216
910217
910218
910231
910234
910235
910236
910237
910238
910241
910243
910245
910246
910247
910248
910251
910253
910254
910256
910257
910258
910261
910263
910264
910265
910267
910268
910271
910273
910274
910275
910276
910278
910281
910283
910284
910285
910286
910287
910312
910314
910315
910316
910317
910318
910321
910324
910325
910326
910327
910328
910341
910342
910345
910346
910347
910348
910351
910352
910354
910356
910357
910358
910361
910362
910364
910365
910367
910368
910371
910372
910374
910375
910376
910378
910381
910382
910384
910385
910386
910387
910412
910413
910415
910416
910417
910418
910421
910423
910425
910426
910427
910428
910431
910432
910435
910436
910437
910438
910451
910452
910453
910456
910457
910458
910461
910462
910463
910465
910467
910468
910471
910472
910473
910475
910476
910478
910481
910482
910483
910485
910486
910487
910512
910513
910514
910516
910517
910518
910521
910523
910524
910526
910527
910528
910531
910532
910534
910536
910537
910538
910541
910542
910543
910546
910547
910548
910561
910562
910563
910564
910567
910568
910571
910572
910573
910574
910576
910578
910581
910582
910583
910584
910586
910587
910612
910613
910614
910615
910617
910618
910621
910623
910624
910625
910627
910628
910631
910632
910634
910635
910637
910638
910641
910642
910643
910645
910647
910648
910651
910652
910653
910654
910657
910658
910671
910672
910673
910674
910675
910678
910681
910682
910683
910684
910685
910687
910712
910713
910714
910715
910716
910718
910721
910723
910724
910725
910726
910728
910731
910732
910734
910735
910736
910738
910741
910742
910743
910745
910746
910748
910751
910752
910753
910754
910756
910758
910761
910762
910763
910764
910765
910768
910781
910782
910783
910784
910785
910786
910812
910813
910814
910815
910816
910817
910821
910823
910824
910825
910826
910827
910831
910832
910834
910835
910836
910837
910841
910842
910843
910845
910846
910847
910851
910852
910853
910854
910856
910857
910861
910862
910863
910864
910865
910867
910871
910872
910873
910874
910875
910876
101234
101235
101236
101237
101238
101239
101243
101245
101246
101247
101248
101249
101253
101254
101256
101257
101258
101259
101263
101264
101265
101267
101268
101269
101273
101274
101275
101276
101278
101279
101283
101284
101285
101286
101287
101289
101293
101294
101295
101296
101297
101298
101324
101325
101326
101327
101328
101329
101342
101345
101346
101347
101348
101349
101352
101354
101356
101357
101358
101359
101362
101364
101365
101367
101368
101369
101372
101374
101375
101376
101378
101379
101382
101384
101385
101386
101387
101389
101392
101394
101395
101396
101397
101398
101423
101425
101426
101427
101428
101429
101432
101435
101436
101437
101438
101439
101452
101453
101456
101457
101458
101459
101462
101463
101465
101467
101468
101469
101472
101473
101475
101476
101478
101479
101482
101483
101485
101486
101487
101489
101492
101493
101495
101496
101497
101498
101523
101524
101526
101527
101528
101529
101532
101534
101536
101537
101538
101539
101542
101543
101546
101547
101548
101549
101562
101563
101564
101567
101568
101569
101572
101573
101574
101576
101578
101579
101582
101583
101584
101586
101587
101589
101592
101593
101594
101596
101597
101598
101623
101624
101625
101627
101628
101629
101632
101634
101635
101637
101638
101639
101642
101643
101645
101647
101648
101649
101652
101653
101654
101657
101658
101659
101672
101673
101674
101675
101678
101679
101682
101683
101684
101685
101687
101689
101692
101693
101694
101695
101697
101698
101723
101724
101725
101726
101728
101729
101732
101734
101735
101736
101738
101739
101742
101743
101745
101746
101748
101749
101752
101753
101754
101756
101758
101759
101762
101763
101764
101765
101768
101769
101782
101783
101784
101785
101786
101789
101792
101793
101794
101795
101796
101798
101823
101824
101825
101826
101827
101829
101832
101834
101835
101836
101837
101839
101842
101843
101845
101846
101847
101849
101852
101853
101854
101856
101857
101859
101862
101863
101864
101865
101867
101869
101872
101873
101874
101875
101876
101879
101892
101893
101894
101895
101896
101897
101923
101924
101925
101926
101927
101928
101932
101934
101935
101936
101937
101938
101942
101943
101945
101946
101947
101948
101952
101953
101954
101956
101957
101958
101962
101963
101964
101965
101967
101968
101972
101973
101974
101975
101976
101978
101982
101983
101984
101985
101986
101987
102134
102135
102136
102137
102138
102139
102143
102145
102146
102147
102148
102149
102153
102154
102156
102157
102158
102159
102163
102164
102165
102167
102168
102169
102173
102174
102175
102176
102178
102179
102183
102184
102185
102186
102187
102189
102193
102194
102195
102196
102197
102198
102314
102315
102316
102317
102318
102319
102341
102345
102346
102347
102348
102349
102351
102354
102356
102357
102358
102359
102361
102364
102365
102367
102368
102369
102371
102374
102375
102376
102378
102379
102381
102384
102385
102386
102387
102389
102391
102394
102395
102396
102397
102398
102413
102415
102416
102417
102418
102419
102431
102435
102436
102437
102438
102439
102451
102453
102456
102457
102458
102459
102461
102463
102465
102467
102468
102469
102471
102473
102475
102476
102478
102479
102481
102483
102485
102486
102487
102489
102491
102493
102495
102496
102497
102498
102513
102514
102516
102517
102518
102519
102531
102534
102536
102537
102538
102539
102541
102543
102546
102547
102548
102549
102561
102563
102564
102567
102568
102569
102571
102573
102574
102576
102578
102579
102581
102583
102584
102586
102587
102589
102591
102593
102594
102596
102597
102598
102613
102614
102615
102617
102618
102619
102631
102634
102635
102637
102638
102639
102641
102643
102645
102647
102648
102649
102651
102653
102654
102657
102658
102659
102671
102673
102674
102675
102678
102679
102681
102683
102684
102685
102687
102689
102691
102693
102694
102695
102697
102698
102713
102714
102715
102716
102718
102719
102731
102734
102735
102736
102738
102739
102741
102743
102745
102746
102748
102749
102751
102753
102754
102756
102758
102759
102761
102763
102764
102765
102768
102769
102781
102783
102784
102785
102786
102789
102791
102793
102794
102795
102796
102798
102813
102814
102815
102816
102817
102819
102831
102834
102835
102836
102837
102839
102841
102843
102845
102846
102847
102849
102851
102853
102854
102856
102857
102859
102861
102863
102864
102865
102867
102869
102871
102873
102874
102875
102876
102879
102891
102893
102894
102895
102896
102897
102913
102914
102915
102916
102917
102918
102931
102934
102935
102936
102937
102938
102941
102943
102945
102946
102947
102948
102951
102953
102954
102956
102957
102958
102961
102963
102964
102965
102967
102968
102971
102973
102974
102975
102976
102978
102981
102983
102984
102985
102986
102987
103124
103125
103126
103127
103128
103129
103142
103145
103146
103147
103148
103149
103152
103154
103156
103157
103158
103159
103162
103164
103165
103167
103168
103169
103172
103174
103175
103176
103178
103179
103182
103184
103185
103186
103187
103189
103192
103194
103195
103196
103197
103198
103214
103215
103216
103217
103218
103219
103241
103245
103246
103247
103248
103249
103251
103254
103256
103257
103258
103259
103261
103264
103265
103267
103268
103269
103271
103274
103275
103276
103278
103279
103281
103284
103285
103286
103287
103289
103291
103294
103295
103296
103297
103298
103412
103415
103416
103417
103418
103419
103421
103425
103426
103427
103428
103429
103451
103452
103456
103457
103458
103459
103461
103462
103465
103467
103468
103469
103471
103472
103475
103476
103478
103479
103481
103482
103485
103486
103487
103489
103491
103492
103495
103496
103497
103498
103512
103514
103516
103517
103518
103519
103521
103524
103526
103527
103528
103529
103541
103542
103546
103547
103548
103549
103561
103562
103564
103567
103568
103569
103571
103572
103574
103576
103578
103579
103581
103582
103584
103586
103587
103589
103591
103592
103594
103596
103597
103598
103612
103614
103615
103617
103618
103619
103621
103624
103625
103627
103628
103629
103641
103642
103645
103647
103648
103649
103651
103652
103654
103657
103658
103659
103671
103672
103674
103675
103678
103679
103681
103682
103684
103685
103687
103689
103691
103692
103694
103695
103697
103698
103712
103714
103715
103716
103718
103719
103721
103724
103725
103726
103728
103729
103741
103742
103745
103746
103748
103749
103751
103752
103754
103756
103758
103759
103761
103762
103764
103765
103768
103769
103781
103782
103784
103785
103786
103789
103791
103792
103794
103795
103796
103798
103812
103814
103815
103816
103817
103819
103821
103824
103825
103826
103827
103829
103841
103842
103845
103846
103847
103849
103851
103852
103854
103856
103857
103859
103861
103862
103864
103865
103867
103869
103871
103872
103874
103875
103876
103879
103891
103892
103894
103895
103896
103897
103912
103914
103915
103916
103917
103918
103921
103924
103925
103926
103927
103928
103941
103942
103945
103946
103947
103948
103951
103952
103954
103956
103957
103958
103961
103962
103964
103965
103967
103968
103971
103972
103974
103975
103976
103978
103981
103982
103984
103985
103986
103987
104123
104125
104126
104127
104128
104129
104132
104135
104136
104137
104138
104139
104152
104153
104156
104157
104158
104159
104162
104163
104165
104167
104168
104169
104172
104173
104175
104176
104178
104179
104182
104183
104185
104186
104187
104189
104192
104193
104195
104196
104197
104198
104213
104215
104216
104217
104218
104219
104231
104235
104236
104237
104238
104239
104251
104253
104256
104257
104258
104259
104261
104263
104265
104267
104268
104269
104271
104273
104275
104276
104278
104279
104281
104283
104285
104286
104287
104289
104291
104293
104295
104296
104297
104298
104312
104315
104316
104317
104318
104319
104321
104325
104326
104327
104328
104329
104351
104352
104356
104357
104358
104359
104361
104362
104365
104367
104368
104369
104371
104372
104375
104376
104378
104379
104381
104382
104385
104386
104387
104389
104391
104392
104395
104396
104397
104398
104512
104513
104516
104517
104518
104519
104521
104523
104526
104527
104528
104529
104531
104532
104536
104537
104538
104539
104561
104562
104563
104567
104568
104569
104571
104572
104573
104576
104578
104579
104581
104582
104583
104586
104587
104589
104591
104592
104593
104596
104597
104598
104612
104613
104615
104617
104618
104619
104621
104623
104625
104627
104628
104629
104631
104632
104635
104637
104638
104639
104651
104652
104653
104657
104658
104659
104671
104672
104673
104675
104678
104679
104681
104682
104683
104685
104687
104689
104691
104692
104693
104695
104697
104698
104712
104713
104715
104716
104718
104719
104721
104723
104725
104726
104728
104729
104731
104732
104735
104736
104738
104739
104751
104752
104753
104756
104758
104759
104761
104762
104763
104765
104768
104769
104781
104782
104783
104785
104786
104789
104791
104792
104793
104795
104796
104798
104812
104813
104815
104816
104817
104819
104821
104823
104825
104826
104827
104829
104831
104832
104835
104836
104837
104839
104851
104852
104853
104856
104857
104859
104861
104862
104863
104865
104867
104869
104871
104872
104873
104875
104876
104879
104891
104892
104893
104895
104896
104897
104912
104913
104915
104916
104917
104918
104921
104923
104925
104926
104927
104928
104931
104932
104935
104936
104937
104938
104951
104952
104953
104956
104957
104958
104961
104962
104963
104965
104967
104968
104971
104972
104973
104975
104976
104978
104981
104982
104983
104985
104986
104987
105123
105124
105126
105127
105128
105129
105132
105134
105136
105137
105138
105139
105142
105143
105146
105147
105148
105149
105162
105163
105164
105167
105168
105169
105172
105173
105174
105176
105178
105179
105182
105183
105184
105186
105187
105189
105192
105193
105194
105196
105197
105198
105213
105214
105216
105217
105218
105219
105231
105234
105236
105237
105238
105239
105241
105243
105246
105247
105248
105249
105261
105263
105264
105267
105268
105269
105271
105273
105274
105276
105278
105279
105281
105283
105284
105286
105287
105289
105291
105293
105294
105296
105297
105298
105312
105314
105316
105317
105318
105319
105321
105324
105326
105327
105328
105329
105341
105342
105346
105347
105348
105349
105361
105362
105364
105367
105368
105369
105371
105372
105374
105376
105378
105379
105381
105382
105384
105386
105387
105389
105391
105392
105394
105396
105397
105398
105412
105413
105416
105417
105418
105419
105421
105423
105426
105427
105428
105429
105431
105432
105436
105437
105438
105439
105461
105462
105463
105467
105468
105469
105471
105472
105473
105476
105478
105479
105481
105482
105483
105486
105487
105489
105491
105492
105493
105496
105497
105498
105612
105613
105614
105617
105618
105619
105621
105623
105624
105627
105628
105629
105631
105632
105634
105637
105638
105639
105641
105642
105643
105647
105648
105649
105671
105672
105673
105674
105678
105679
105681
105682
105683
105684
105687
105689
105691
105692
105693
105694
105697
105698
105712
105713
105714
105716
105718
105719
105721
105723
105724
105726
105728
105729
105731
105732
105734
105736
105738
105739
105741
105742
105743
105746
105748
105749
105761
105762
105763
105764
105768
105769
105781
105782
105783
105784
105786
105789
105791
105792
105793
105794
105796
105798
105812
105813
105814
105816
105817
105819
105821
105823
105824
105826
105827
105829
105831
105832
105834
105836
105837
105839
105841
105842
105843
105846
105847
105849
105861
105862
105863
105864
105867
105869
105871
105872
105873
105874
105876
105879
105891
105892
105893
105894
105896
105897
105912
105913
105914
105916
105917
105918
105921
105923
105924
105926
105927
105928
105931
105932
105934
105936
105937
105938
105941
105942
105943
105946
105947
105948
105961
105962
105963
105964
105967
105968
105971
105972
105973
105974
105976
105978
105981
105982
105983
105984
105986
105987
106123
106124
106125
106127
106128
106129
106132
106134
106135
106137
106138
106139
106142
106143
106145
106147
106148
106149
106152
106153
106154
106157
106158
106159
106172
106173
106174
106175
106178
106179
106182
106183
106184
106185
106187
106189
106192
106193
106194
106195
106197
106198
106213
106214
106215
106217
106218
106219
106231
106234
106235
106237
106238
106239
106241
106243
106245
106247
106248
106249
106251
106253
106254
106257
106258
106259
106271
106273
106274
106275
106278
106279
106281
106283
106284
106285
106287
106289
106291
106293
106294
106295
106297
106298
106312
106314
106315
106317
106318
106319
106321
106324
106325
106327
106328
106329
106341
106342
106345
106347
106348
106349
106351
106352
106354
106357
106358
106359
106371
106372
106374
106375
106378
106379
106381
106382
106384
106385
106387
106389
106391
106392
106394
106395
106397
106398
106412
106413
106415
106417
106418
106419
106421
106423
106425
106427
106428
106429
106431
106432
106435
106437
106438
106439
106451
106452
106453
106457
106458
106459
106471
106472
106473
106475
106478
106479
106481
106482
106483
106485
106487
106489
106491
106492
106493
106495
106497
106498
106512
106513
106514
106517
106518
106519
106521
106523
106524
106527
106528
106529
106531
106532
106534
106537
106538
106539
106541
106542
106543
106547
106548
106549
106571
106572
106573
106574
106578
106579
106581
106582
106583
106584
106587
106589
106591
106592
106593
106594
106597
106598
106712
106713
106714
106715
106718
106719
106721
106723
106724
106725
106728
106729
106731
106732
106734
106735
106738
106739
106741
106742
106743
106745
106748
106749
106751
106752
106753
106754
106758
106759
106781
106782
106783
106784
106785
106789
106791
106792
106793
106794
106795
106798
106812
106813
106814
106815
106817
106819
106821
106823
106824
106825
106827
106829
106831
106832
106834
106835
106837
106839
106841
106842
106843
106845
106847
106849
106851
106852
106853
106854
106857
106859
106871
106872
106873
106874
106875
106879
106891
106892
106893
106894
106895
106897
106912
106913
106914
106915
106917
106918
106921
106923
106924
106925
106927
106928
106931
106932
106934
106935
106937
106938
106941
106942
106943
106945
106947
106948
106951
106952
106953
106954
106957
106958
106971
106972
106973
106974
106975
106978
106981
106982
106983
106984
106985
106987
107123
107124
107125
107126
107128
107129
107132
107134
107135
107136
107138
107139
107142
107143
107145
107146
107148
107149
107152
107153
107154
107156
107158
107159
107162
107163
107164
107165
107168
107169
107182
107183
107184
107185
107186
107189
107192
107193
107194
107195
107196
107198
107213
107214
107215
107216
107218
107219
107231
107234
107235
107236
107238
107239
107241
107243
107245
107246
107248
107249
107251
107253
107254
107256
107258
107259
107261
107263
107264
107265
107268
107269
107281
107283
107284
107285
107286
107289
107291
107293
107294
107295
107296
107298
107312
107314
107315
107316
107318
107319
107321
107324
107325
107326
107328
107329
107341
107342
107345
107346
107348
107349
107351
107352
107354
107356
107358
107359
107361
107362
107364
107365
107368
107369
107381
107382
107384
107385
107386
107389
107391
107392
107394
107395
107396
107398
107412
107413
107415
107416
107418
107419
107421
107423
107425
107426
107428
107429
107431
107432
107435
107436
107438
107439
107451
107452
107453
107456
107458
107459
107461
107462
107463
107465
107468
107469
107481
107482
107483
107485
107486
107489
107491
107492
107493
107495
107496
107498
107512
107513
107514
107516
107518
107519
107521
107523
107524
107526
107528
107529
107531
107532
107534
107536
107538
107539
107541
107542
107543
107546
107548
107549
107561
107562
107563
107564
107568
107569
107581
107582
107583
107584
107586
107589
107591
107592
107593
107594
107596
107598
107612
107613
107614
107615
107618
107619
107621
107623
107624
107625
107628
107629
107631
107632
107634
107635
107638
107639
107641
107642
107643
107645
107648
107649
107651
107652
107653
107654
107658
107659
107681
107682
107683
107684
107685
107689
107691
107692
107693
107694
107695
107698
107812
107813
107814
107815
107816
107819
107821
107823
107824
107825
107826
107829
107831
107832
107834
107835
107836
107839
107841
107842
107843
107845
107846
107849
107851
107852
107853
107854
107856
107859
107861
107862
107863
107864
107865
107869
107891
107892
107893
107894
107895
107896
107912
107913
107914
107915
107916
107918
107921
107923
107924
107925
107926
107928
107931
107932
107934
107935
107936
107938
107941
107942
107943
107945
107946
107948
107951
107952
107953
107954
107956
107958
107961
107962
107963
107964
107965
107968
107981
107982
107983
107984
107985
107986
108123
108124
108125
108126
108127
108129
108132
108134
108135
108136
108137
108139
108142
108143
108145
108146
108147
108149
108152
108153
108154
108156
108157
108159
108162
108163
108164
108165
108167
108169
108172
108173
108174
108175
108176
108179
108192
108193
108194
108195
108196
108197
108213
108214
108215
108216
108217
108219
108231
108234
108235
108236
108237
108239
108241
108243
108245
108246
108247
108249
108251
108253
108254
108256
108257
108259
108261
108263
108264
108265
108267
108269
108271
108273
108274
108275
108276
108279
108291
108293
108294
108295
108296
108297
108312
108314
108315
108316
108317
108319
108321
108324
108325
108326
108327
108329
108341
108342
108345
108346
108347
108349
108351
108352
108354
108356
108357
108359
108361
108362
108364
108365
108367
108369
108371
108372
108374
108375
108376
108379
108391
108392
108394
108395
108396
108397
108412
108413
108415
108416
108417
108419
108421
108423
108425
108426
108427
108429
108431
108432
108435
108436
108437
108439
108451
108452
108453
108456
108457
108459
108461
108462
108463
108465
108467
108469
108471
108472
108473
108475
108476
108479
108491
108492
108493
108495
108496
108497
108512
108513
108514
108516
108517
108519
108521
108523
108524
108526
108527
108529
108531
108532
108534
108536
108537
108539
108541
108542
108543
108546
108547
108549
108561
108562
108563
108564
108567
108569
108571
108572
108573
108574
108576
108579
108591
108592
108593
108594
108596
108597
108612
108613
108614
108615
108617
108619
108621
108623
108624
108625
108627
108629
108631
108632
108634
108635
108637
108639
108641
108642
108643
108645
108647
108649
108651
108652
108653
108654
108657
108659
108671
108672
108673
108674
108675
108679
108691
108692
108693
108694
108695
108697
108712
108713
108714
108715
108716
108719
108721
108723
108724
108725
108726
108729
108731
108732
108734
108735
108736
108739
108741
108742
108743
108745
108746
108749
108751
108752
108753
108754
108756
108759
108761
108762
108763
108764
108765
108769
108791
108792
108793
108794
108795
108796
108912
108913
108914
108915
108916
108917
108921
108923
108924
108925
108926
108927
108931
108932
108934
108935
108936
108937
108941
108942
108943
108945
108946
108947
108951
108952
108953
108954
108956
108957
108961
108962
108963
108964
108965
108967
108971
108972
108973
108974
108975
108976
109123
109124
109125
109126
109127
109128
109132
109134
109135
109136
109137
109138
109142
109143
109145
109146
109147
109148
109152
109153
109154
109156
109157
109158
109162
109163
109164
109165
109167
109168
109172
109173
109174
109175
109176
109178
109182
109183
109184
109185
109186
109187
109213
109214
109215
109216
109217
109218
109231
109234
109235
109236
109237
109238
109241
109243
109245
109246
109247
109248
109251
109253
109254
109256
109257
109258
109261
109263
109264
109265
109267
109268
109271
109273
109274
109275
109276
109278
109281
109283
109284
109285
109286
109287
109312
109314
109315
109316
109317
109318
109321
109324
109325
109326
109327
109328
109341
109342
109345
109346
109347
109348
109351
109352
109354
109356
109357
109358
109361
109362
109364
109365
109367
109368
109371
109372
109374
109375
109376
109378
109381
109382
109384
109385
109386
109387
109412
109413
109415
109416
109417
109418
109421
109423
109425
109426
109427
109428
109431
109432
109435
109436
109437
109438
109451
109452
109453
109456
109457
109458
109461
109462
109463
109465
109467
109468
109471
109472
109473
109475
109476
109478
109481
109482
109483
109485
109486
109487
109512
109513
109514
109516
109517
109518
109521
109523
109524
109526
109527
109528
109531
109532
109534
109536
109537
109538
109541
109542
109543
109546
109547
109548
109561
109562
109563
109564
109567
109568
109571
109572
109573
109574
109576
109578
109581
109582
109583
109584
109586
109587
109612
109613
109614
109615
109617
109618
109621
109623
109624
109625
109627
109628
109631
109632
109634
109635
109637
109638
109641
109642
109643
109645
109647
109648
109651
109652
109653
109654
109657
109658
109671
109672
109673
109674
109675
109678
109681
109682
109683
109684
109685
109687
109712
109713
109714
109715
109716
109718
109721
109723
109724
109725
109726
109728
109731
109732
109734
109735
109736
109738
109741
109742
109743
109745
109746
109748
109751
109752
109753
109754
109756
109758
109761
109762
109763
109764
109765
109768
109781
109782
109783
109784
109785
109786
109812
109813
109814
109815
109816
109817
109821
109823
109824
109825
109826
109827
109831
109832
109834
109835
109836
109837
109841
109842
109843
109845
109846
109847
109851
109852
109853
109854
109856
109857
109861
109862
109863
109864
109865
109867
109871
109872
109873
109874
109875
109876
